01-06-2023,71.751081,741.2586709,813.0097519,158.2868437,971.2965956,169.2368437,0,0,454.6512211,454.6512211,0,454.6512211,100,0,0,0,0,0,0,0,0,0,0,0,73.6272,73.6272,48.76840991,122.3956099,30.76840991,0,30.76840991,30.76840991,0,0,0,0,0,0,0,0,0,0,0,30.982019,40.769062,74.98541167,146.7364927,9.518433795,156.2549265,38.4684338,0,0,317.2817011,0,0,0,0,0,0,0,0,0,0,50,87.99483813,137.9948381,100,237.9948381,0,0,0,66.24723938,71.74759875,146.7364927,137.36952,0,0,73.6272,73.6272,0,73.6272,0,24300,49.3272,24.3,0,0,0,0,0,0,0,0,0,0,0,0,0,0,0,0,0,0,0,0,0,0,0,0,0,0,0,0,0,0,0,0,0,0,0,0,0,0,0,0,0,0,0,0,0,0,0,0,0,0,0,0,0,0,0,0,0,0,0,0,0,0,0,0,0,96,65.49366667,0,39.95113667,271667.7293,24,17.755,0,0,0,48,38.32666667,0,20.55891785,63732.64533,96,83.965,0,40.7625854,97830.20496,816,681.3547692,0,517.8296246,350247.6385,312,262.7927059,0,199.7224565,105034.7617,288,242.426087,0,176.9710435,72269.80527,304.0916968,234.1357611,0,170.9191056,93867.42552,96,87.83104167,43.90788333,43.90788333,2069.184783,72,65.93725,37.583245,37.583245,1490.41349,24,0,0,0,0,24,21.84733333,0,13.32687333,90622.73867,24,0,0,0,0,24,21.75066667,0,13.26790667,90221.76533,24,21.89566667,0,13.35635667,90823.22533,24,19.07066667,0,11.4424,54923.52,24,17.755,0,0,0,0,0,0,0,0,24,20.89133333,0,11.69914667,36267.35467,24,18.0925,0,10.1318,31408.58,24,20.23416667,0,10.42711785,32324.06533,24,19.6225,0,10.2037,24488.88,24,19.6225,0,6.410085398,15384.20496,24,22.36,0,12.5216,30051.84,24,22.36,0,11.6272,27905.28,0,0,0,0,0,0,0,0,0,0,0,0,0,0,0,24,20.708,0,5.79824,17974.544,72,62.30733333,0,27.85138667,81881.32644,24,13.98333333,0,6.992820434,15384.20496,0,0,0,0,0,24,21.81333333,11.34293333,11.34293333,419.6885333,24,22.25395833,10.6819,10.6819,619.5502,24,21.8525,10.4892,10.4892,608.3736,24,21.91125,11.39385,11.39385,421.57245,24,22.024,12.77392,12.77392,472.63504,24,21.90125,12.702725,12.702725,533.51445,24,22.012,12.1066,12.1066,484.264,24,0,0,0,0,24,0,0,0,0,24,17.28,8.64,8.64,319.68,24,17.28,8.64,8.64,319.68,24,17.28,8.64,8.64,319.68,24,0,0,0,0,105.8723829,89.11884553,0,65.05675724,48768.40991,395.9913868,333.3286194,0,243.3298921,99368.82087,72,51.84,25.92,25.92,959.04,48,0,0,0,0,0,0,0,0,0,24,0,0,0,0,24,20.708,0,10.354,27639.42778,24,19.07066667,0,11.4424,54923.52,0,0,0,0,0,0,0,0,0,0,0,0,0,0,0,0,0,0,0,0,70,35.95,63.5,20,69,33.2,60.5,19,69,35,63,20,0,0,0,17,0,346.4041,346.4041,346.4041,0,291,291,291,0,216.43652,216.43652,216.96041,0,0,0,216.43652,0,212246.9394,0,100000,0,105034.7617,0,0,0,0,0,0,0,0,0,30768.40991,0,0,0,0,0,100,100,0,0,0,0,0,0,0,0,0,0,205.5746902,172.6827397,0,129.5120548,49327.2,0,29.8,0,0,23.8,0,0,31.8,0,0,63,0,0,0,0,0,34.5,0,0,346.4041,0,0,291,0,0,216.43652,0,0,224.23723,0,348.76897,348.76897,0,348.76897,0,380.11364,0,38000.69913,0,0,0,0,0,99368.82087,0,0,0,0,0,0,0,0,0,0,64.28739802,54.11438313,54.11438313,39.50349969,18000,28.5,216.43652,18000
02-06-2023,77.786585,721.6546782,799.4412632,102.2284338,901.669697,158.4684338,0,0,437.2303258,437.2303258,0,437.2303258,120,0,0,0,0,0,0,0,0,0,0,0,73.6272,73.6272,18,91.6272,0,0,0,0,0,0,0,0,0,0,0,0,0,0,0,36.203813,41.582772,68.94990767,146.7364927,4.228433795,150.9649265,38.4684338,0,0,311.1376558,0,0,0,0,0,0,0,0,0,0,50.000001,91.84724373,141.8472447,80,221.8472447,40,0,0,65.69800535,76.14923938,146.7364927,126.09267,0,0,73.6272,73.6272,0,73.6272,0,24300,49.3272,24.3,0,0,0,0,0,0,0,0,0,0,0,0,0,0,0,0,0,0,0,0,0,0,0,0,0,0,0,0,0,0,0,0,0,0,0,0,0,0,0,0,0,0,0,0,0,0,0,0,0,0,0,0,0,0,0,0,0,0,0,0,0,0,0,0,0,96,58.68366667,0,36.97071,251400.828,24,17.755,0,4.6163,15233.79,48,36.0975,0,14.10730495,43732.64533,96,67.28,0,23.3064,55935.36,816,707.5086154,0,537.7065477,313779.9644,312,260.1162353,0,197.6883388,88051.99989,288,241.3826087,0,176.2093043,71958.73325,302.9887746,232.1095829,0,169.4399955,79439.62827,96,87.83104167,43.90788333,43.90788333,2069.184783,72,64.6335,36.84667,36.84667,1460.196007,24,0,0,0,0,24,15.03733333,0,9.47352,64419.936,24,0,0,0,0,24,21.75066667,0,13.70292,93179.856,24,21.89566667,0,13.79427,93801.036,24,19.07066667,0,11.4424,54923.52,24,17.755,0,4.6163,15233.79,0,0,0,0,0,24,20.89133333,0,11.69914667,36267.35467,24,18.0925,0,10.1318,31408.58,24,18.005,0,3.975504946,12324.06533,24,22.46,0,11.6792,28030.08,24,22.46,0,0,0,24,0,0,0,0,24,22.36,0,11.6272,27905.28,0,0,0,0,0,0,0,0,0,0,0,0,0,0,0,24,20.708,0,10.354,32097.4,72,62.30733333,0,32.40714667,96004.18244,24,13.98333333,0,0,0,0,0,0,0,0,24,21.81333333,11.34293333,11.34293333,419.6885333,24,22.25395833,10.6819,10.6819,619.5502,24,21.8525,10.4892,10.4892,608.3736,24,21.91125,11.39385,11.39385,421.57245,24,22.024,12.77392,12.77392,472.63504,24,21.25083333,12.32548333,12.32548333,517.6703,24,21.35866667,11.74726667,11.74726667,469.8906667,24,0,0,0,0,24,0,0,0,0,24,17.28,8.64,8.64,319.68,24,17.28,8.64,8.64,319.68,24,17.28,8.64,8.64,319.68,24,0,0,0,0,38.51263953,32.27875485,0,23.56349104,18000,461.8581598,387.0990536,0,282.5823092,115398.3615,72,51.84,25.92,25.92,959.04,48,0,0,0,0,0,0,0,0,0,24,0,0,0,0,24,20.708,0,10.354,27639.42778,24,19.07066667,0,11.4424,54923.52,0,0,0,0,0,0,0,0,0,0,0,0,0,0,0,0,0,0,0,0,70,41.4,63.5,20,69,39.2,60.5,19,69,35,63,20,0,0,0,17,0,346.4041,346.4041,346.4041,0,291,291,291,0,216.43652,216.43652,216.96041,0,0,0,216.43652,0,223085.6559,0,80000,0,88051.99989,0,0,0,0,0,0,0,0,0,0,0,0,0,0,0,120,120,0,0,0,0,0,0,0,0,0,0,205.5746902,172.6827397,0,129.5120548,49327.2,0,31.8,0,0,23.8,0,0,31.8,0,0,63,0,0,0,0,0,34.5,0,0,346.4041,0,0,291,0,0,216.43652,0,0,224.23723,0,348.76897,348.76897,0,348.76897,0,380.11364,0,10694.30847,0,0,0,0,0,115398.3615,0,0,0,0,0,0,0,0,0,0,64.56530744,54.11438313,54.11438313,39.50349969,18000,28.5,216.43652,18000
03-06-2023,59.111785,761.4410817,820.5528667,82.3484338,902.9013005,158.4684338,0,0,460.6103078,460.6103078,0,460.6103078,120,0,0,0,0,0,0,0,0,0,0,0,76.8672,76.8672,18,94.8672,0,0,0,0,0,0,0,0,0,0,0,0,0,0,0,37.278666,21.833119,87.62470767,146.7364927,4.348433795,151.0849265,38.4684338,0,0,325.4784878,0,0,0,0,0,0,0,0,0,0,63.500001,72.83886525,136.3388663,60,196.3388663,60,0,0,64.2612675,72.07759875,146.7364927,135.13182,0,0,76.8672,76.8672,0,76.8672,0,27540,49.3272,27.54,0,0,0,0,0,0,0,0,0,0,0,0,0,0,0,0,0,0,0,0,0,0,0,0,0,0,0,0,0,0,0,0,0,0,0,0,0,0,0,0,0,0,0,0,0,0,0,0,0,0,0,0,0,0,0,0,0,0,0,0,0,0,0,0,0,96,65.49366667,0,39.2962,267214.16,24,17.755,0,9.2326,30467.58,48,23.0975,0,7.655692043,23732.64533,96,61.605,0,22.7253,54540.72,816,697.0470769,0,529.7557785,300290.5662,312,260.4985882,0,197.9789271,104117.8333,288,242.426087,0,176.9710435,72269.80527,303.64716,233.761569,0,170.6459454,79932.10296,96,87.36354167,43.68348333,43.68348333,2056.169583,72,43.27191667,25.09771167,25.09771167,992.1289567,24,0,0,0,0,24,21.84733333,0,13.1084,89137.12,24,0,0,0,0,24,21.75066667,0,13.0504,88742.72,24,21.89566667,0,13.1374,89334.32,24,17.404,0,10.4424,50123.52,24,17.755,0,9.2326,30467.58,0,0,0,0,0,24,20.89133333,0,11.69914667,36267.35467,24,2.863333333,0,0,0,24,20.23416667,0,7.655692043,23732.64533,24,19.6225,0,10.2037,24488.88,24,19.6225,0,0,0,24,22.36,0,12.5216,30051.84,24,0,0,0,0,0,0,0,0,0,0,0,0,0,0,0,0,0,0,0,24,19.758,0,9.879,30624.9,72,61.35733333,0,31.93214667,94531.68244,24,13.98333333,0,0,0,0,0,0,0,0,24,21.81333333,11.34293333,11.34293333,419.6885333,24,22.25395833,10.6819,10.6819,619.5502,24,21.385,10.2648,10.2648,595.3584,24,21.91125,11.39385,11.39385,421.57245,24,21.37066667,12.39498667,12.39498667,458.6145067,24,21.90125,12.702725,12.702725,533.51445,24,0,0,0,0,24,0,0,0,0,24,0,0,0,0,24,17.28,8.64,8.64,319.68,24,17.28,8.64,8.64,319.68,24,17.28,8.64,8.64,319.68,24,0,0,0,0,38.34686899,32.27875485,0,23.56349104,18000,463.072364,389.794518,0,284.5499981,116201.9082,72,51.84,25.92,25.92,959.04,48,0,0,0,0,0,0,0,0,0,24,0,0,0,0,24,20.708,0,10.354,27639.42778,24,17.404,0,10.4424,50123.52,0,0,0,0,0,0,0,0,0,0,0,0,0,0,0,0,0,0,0,0,70,41.6,63.5,20,69,33.2,60.5,19,69,35,63,20,0,0,0,17,0,346.4041,346.4041,346.4041,0,291,291,291,0,216.43652,216.43652,216.96041,0,0,0,216.43652,0,221360.6545,0,60000,0,104117.8333,0,0,0,0,0,0,0,0,0,0,0,0,0,0,0,120,120,0,0,0,0,0,0,0,0,0,0,205.5746902,172.6827397,0,129.5120548,49327.2,0,31.8,0,0,23.8,0,0,31.8,0,0,63,0,0,0,0,0,34.5,0,0,346.4041,0,0,291,0,0,216.43652,0,0,224.23723,0,348.76897,348.76897,0,348.76897,0,380.11364,0,18929.91177,0,0,0,0,0,116201.9082,0,0,0,0,0,0,0,0,0,0,64.28739802,54.11438313,54.11438313,39.50349969,18000,28.5,216.43652,18000
04-06-2023,130.0195717,728.8701377,858.8897093,43.70447337,902.5941827,181.3344734,76.12625667,0,397.984318,474.1105747,0,474.1105747,120,0,0,0,0,0,0,0,76.12733333,0,0,0,76.8672,76.8672,40.86603958,117.7332396,22.86603958,0,22.86603958,22.86603958,0,0,0,0,0,0,0,0,0,0,0,46.277208,7.616107,92.84317767,146.7364927,2.838433795,149.5749265,38.4684338,0,0,258.3070213,0,0,0,0,0,0,0,0,0,0,83.869571,77.305871,161.175442,0,161.175442,60,0,0,80.946199,80.229243,146.7364927,139.67622,0,0,76.8672,76.8672,0,76.8672,0,27540,49.3272,27.54,0,0,0,0,0,0,0,0,0,0,0,0,0,0,0,0,0,0,0,0,0,0,0,0,0,0,0,0,0,0,0,0,0,0,0,0,0,0,0,0,0,0,0,0,0,0,0,0,0,0,0,0,0,0,0,0,0,0,0,0,0,0,0,0,0,96,87.24433333,0,50.1667,334434.3547,24,17.755,0,9.2326,30467.58,48,24.45166667,0,0,0,96,64.455,0,27.38255824,65718.13979,816,699.6624615,0,531.7434708,304317.9123,312,260.4985882,0,197.9789271,57135.73664,288,247.1217391,0,180.3988696,78613.89975,300.0765828,235.6485627,0,172.0234508,92909.06559,96,87.355,43.67938333,43.67938333,2055.931783,72,43.92525,25.476645,25.476645,1006.14949,24,0,0,0,0,24,21.84733333,0,12.67145333,86165.88267,24,21.75066667,0,12.18037333,76127.33333,24,21.75066667,0,12.61538667,85784.62933,24,21.89566667,0,12.69948667,86356.50933,24,19.07066667,0,11.4424,54923.52,24,17.755,0,9.2326,30467.58,0,0,0,0,0,24,20.89133333,0,0,0,24,6.446666667,0,0,0,24,18.005,0,0,0,24,22.46,0,11.6792,28030.08,24,22.46,0,4.763758245,11433.01979,24,19.535,0,10.9396,26255.04,24,0,0,0,0,0,0,0,0,0,0,0,0,0,0,0,0,0,0,0,24,7.408,0,0,0,72,49.00733333,0,0,0,24,13.98333333,0,5.196827176,11433.01979,0,0,0,0,0,24,21.81333333,11.34293333,11.34293333,419.6885333,24,21.77791667,10.4534,10.4534,606.2972,24,21.8525,10.4892,10.4892,608.3736,24,21.91125,11.39385,11.39385,421.57245,24,22.024,12.77392,12.77392,472.63504,24,21.90125,12.702725,12.702725,533.51445,24,0,0,0,0,24,0,0,0,0,24,0,0,0,0,24,17.28,8.64,8.64,319.68,24,17.28,8.64,8.64,319.68,24,17.28,8.64,8.64,319.68,24,0,0,0,0,86.84735988,74.52038407,0,54.39988037,40866.03958,412.7157503,354.1355347,0,258.5189403,112656.9258,72,51.84,25.92,25.92,959.04,48,0,0,0,0,0,0,0,0,0,24,0,0,0,0,24,20.708,0,0,0,24,19.07066667,0,11.4424,54923.52,0,0,0,0,0,0,0,0,0,0,0,0,0,0,0,0,0,0,0,0,70,35,63.5,20,69,33.2,60.5,19,69,35,63,20,0,0,0,17,0,346.4041,346.4041,346.4041,0,291,291,291,0,216.43652,216.43652,216.96041,0,0,0,216.43652,0,258307.0213,18991.5967,0,0,0,57135.73664,0,0,0,0,0,0,0,0,22866.03958,0,0,0,0,0,120,60,0,0,0,0,0,0,0,0,0,0,205.5746902,172.6827397,0,129.5120548,49327.2,0,29.8,0,0,23.8,0,0,29.8,0,0,63,0,0,0,0,0,34.5,0,0,346.4041,0,0,291,0,0,216.43652,0,0,224.23723,0,348.76897,348.76897,0,348.76897,0,380.11364,0,27019.29424,0,0,0,0,0,112656.9258,0,0,0,0,0,0,0,0,0,0,63.06584923,54.11438313,54.11438313,39.50349969,18000,28.5,216.43652,18000
05-06-2023,119.9635279,711.8799101,831.8434381,98.58280991,930.426248,188.4395705,76.12948194,0,385.9466335,462.0761155,0,462.0761155,120,0,0,0,0,0,0,0,76.12733333,0,0,0,75.3372,75.3372,38.58280991,113.9200099,30.76840991,0,30.76840991,30.76840991,0,0,0,0,0,0,0,0,0,0,0,41.006098,2.827948,90.68258323,134.5166292,0,134.5166292,37.67116056,0,0,243.9714021,0,0,0,0,0,0,0,0,0,0,76.121968,83.79152539,159.9134934,60,219.9134934,60,0,0,83.37325039,76.540243,134.5166292,141.97738,0,0,75.3372,75.3372,0,75.3372,0,26010,49.3272,26.01,0,0,0,0,0,0,0,0,0,0,0,0,0,0,0,0,0,0,0,0,0,0,0,0,0,0,0,0,0,0,0,0,0,0,0,0,0,0,0,0,0,0,0,0,0,0,0,0,0,0,0,0,0,0,0,0,0,0,0,0,0,0,0,0,0,96,80.41933333,0,46.2082,307516.5547,24,17.755,0,9.2326,30467.58,48,38.32666667,0,19.35483871,60000,96,81.1275,0,23.0238708,55257.28991,816,697.0470769,0,529.7557785,323872.2394,312,255.528,0,194.20128,56045.52643,288,239.2956522,0,174.6858261,95334.89819,266.4080334,211.875579,0,154.6691727,93220.66141,96,87.83104167,43.90788333,43.90788333,2069.184783,72,64.6335,36.84667,36.84667,1396.326407,24,0,0,0,0,24,21.84733333,0,12.67145333,86165.88267,24,21.75066667,0,12.18037333,76127.33333,24,21.75066667,0,12.61538667,85784.62933,24,15.07066667,0,8.740986667,59438.70933,24,19.07066667,0,11.4424,54923.52,24,17.755,0,9.2326,30467.58,0,0,0,0,0,24,20.89133333,0,0,0,24,18.0925,0,10.1318,31408.58,24,20.23416667,0,9.22303871,28591.42,24,19.6225,0,10.2037,24488.88,24,16.785,0,6.410085398,15384.20496,24,22.36,0,0,0,24,22.36,0,6.410085398,15384.20496,0,0,0,0,0,0,0,0,0,0,0,0,0,0,0,24,20.708,0,5.79824,12582.1808,72,62.30733333,0,16.15224,44679.5808,24,0,0,0,0,0,0,0,0,0,24,21.81333333,11.34293333,11.34293333,419.6885333,24,22.25395833,10.6819,10.6819,619.5502,24,21.8525,10.4892,10.4892,608.3736,24,21.91125,11.39385,11.39385,421.57245,24,22.024,12.77392,12.77392,408.76544,24,21.25083333,12.32548333,12.32548333,517.6703,24,21.35866667,11.74726667,11.74726667,469.8906667,24,0,0,0,0,24,0,0,0,0,24,17.28,8.64,8.64,319.68,24,17.28,8.64,8.64,319.68,24,17.28,8.64,8.64,319.68,24,0,0,0,0,85.27431051,70.85337412,0,51.72296311,38582.80991,429.4503428,356.8249995,0,260.4822496,142158.3497,72,51.84,25.92,25.92,959.04,48,0,0,0,0,0,0,0,0,0,24,0,0,0,0,24,20.708,0,10.354,32097.4,24,19.07066667,0,11.4424,54923.52,0,0,0,0,0,0,0,0,0,0,0,0,0,0,0,0,0,0,0,0,70,35,63.5,20,69,33.2,60.5,19,69,35,63,20,0,0,0,17,0,346.4041,346.4041,346.4041,0,291,291,291,0,216.43652,216.43652,216.96041,0,0,0,216.43652,0,243971.4021,20081.80691,59819.03031,0,0,56045.52643,0,0,0,0,180.9696894,0,0,0,30768.40991,0,0,0,0,0,120,120,0,0,0,0,0,0,0,0,0,0,205.5746902,172.6827397,0,129.5120548,49327.2,0,23.8,0,0,23.8,0,0,23.8,0,0,63,0,0,0,0,0,34.5,0,0,346.4041,0,0,291,0,0,216.43652,0,0,224.23723,0,348.76897,348.76897,0,348.76897,0,380.11364,0,0,0,0,0,0,0,141977.38,0,0,0,0,0,0,0,0,0,0,28.27440828,23.49285753,23.49285753,17.149786,7814.4,28.5,216.43652,7814.4
06-06-2023,109.5048356,788.2272351,897.7320707,30.76840991,928.5004806,109.7879704,76.12776956,0,434.6856414,510.813411,0,510.813411,60,0,0,0,0,0,0,0,76.12733333,0,0,0,117.26532,117.26532,30.76840991,148.0337299,30.76840991,0,30.76840991,30.76840991,0,0,0,0,0,0,0,0,0,0,0,28.632677,4.744389,101.1395632,134.5166292,0,134.5166292,19.01956052,0,0,261.9820635,0,0,0,0,0,0,0,0,0,0,87.351311,47.7853995,135.1367105,0,135.1367105,60,0,0,95.6401425,39.496568,134.5166292,172.7040142,0,0,117.26532,117.26532,0,117.26532,0,26010,91.25532,26.01,0,0,0,0,0,0,0,0,0,0,0,0,0,0,0,0,0,0,0,0,0,0,0,0,0,0,0,0,0,0,0,0,0,0,0,0,0,0,0,0,0,0,0,0,0,0,0,0,0,0,0,0,0,0,0,0,0,0,0,0,0,0,0,0,0,96,87.24433333,0,48.85682667,325527.216,24,17.755,0,9.2326,30467.58,48,38.33708333,0,7.726191667,23951.19417,96,83.99,0,19.4368854,46648.52496,816,691.8163077,0,525.7803938,303353.2581,312,258.2044706,0,196.2353976,56632.56269,288,237.7304348,0,173.5432174,94691.82363,239.5931403,197.7728521,0,144.374182,86904.17646,96,87.83104167,43.90788333,43.90788333,2069.184783,72,65.28391667,37.20431167,37.20431167,1414.418023,24,0,0,0,0,24,21.84733333,0,12.23450667,83194.64533,24,21.75066667,0,12.18037333,76127.33333,24,21.75066667,0,12.18037333,82826.53867,24,21.89566667,0,12.26157333,83378.69867,24,19.07066667,0,11.4424,54923.52,24,17.755,0,9.2326,30467.58,0,0,0,0,0,24,20.89133333,0,0,0,24,20.33208333,0,7.726191667,23951.19417,24,18.005,0,0,0,24,22.46,0,13.0268,31264.32,24,22.46,0,6.410085398,15384.20496,24,19.535,0,0,0,24,19.535,0,0,0,0,0,0,0,0,0,0,0,0,0,0,0,0,0,0,24,20.708,0,5.79824,12582.1808,72,62.30733333,0,16.15224,44679.5808,24,13.98333333,0,6.992820434,15384.20496,0,0,0,0,0,24,21.81333333,11.34293333,11.34293333,419.6885333,24,22.25395833,10.6819,10.6819,619.5502,24,21.8525,10.4892,10.4892,608.3736,24,21.91125,11.39385,11.39385,421.57245,24,21.37066667,12.39498667,12.39498667,396.6395733,24,21.90125,12.702725,12.702725,533.51445,24,22.012,12.1066,12.1066,484.264,24,0,0,0,0,24,0,0,0,0,24,17.28,8.64,8.64,319.68,24,17.28,8.64,8.64,319.68,24,17.28,8.64,8.64,319.68,24,0,0,0,0,68.85927808,56.84009068,0,41.4932662,30768.40991,458.7338622,378.6631962,0,276.4241332,150827.5902,72,51.84,25.92,25.92,959.04,48,0,0,0,0,0,0,0,0,0,24,0,0,0,0,24,20.708,0,10.354,32097.4,24,19.07066667,0,11.4424,54923.52,0,0,0,0,0,0,0,0,0,0,0,0,0,0,0,0,0,0,0,0,70,35,63.5,20,69,33.2,60.5,19,69,35,63,20,0,0,0,17,0,346.4041,346.4041,346.4041,0,291,291,291,0,216.43652,216.43652,216.96041,0,0,0,216.43652,0,261982.0635,19494.77064,0,0,0,56632.56269,0,0,0,0,0,0,0,0,30768.40991,0,0,0,0,0,60,60,0,0,0,0,0,0,0,0,0,0,380.3131768,319.4630685,0,239.5973014,91255.32,0,23.8,0,0,23.8,0,0,23.8,0,0,63,0,0,0,0,0,34.5,0,0,346.4041,0,0,291,0,0,216.43652,0,0,224.23723,0,348.76897,348.76897,0,348.76897,0,380.11364,0,21876.42398,0,0,0,0,0,150827.5902,0,0,0,0,0,0,0,0,0,0,0,0,0,0,0,28.5,216.43652,0
07-06-2023,105.0285772,793.8214444,898.8500216,48.30679498,947.1568166,63.90280999,76.1269402,0,415.1256166,491.2525568,0,491.2525568,0,0,0,0,0,0,0,0,76.12733333,0,0,0,117.26532,117.26532,30.76840991,148.0337299,30.76840991,0,30.76840991,30.76840991,0,0,0,0,0,0,0,0,0,0,0,16.226774,12.674863,100.75574,129.657377,17.53838507,147.1957621,33.13440007,0,0,261.9820635,0,0,0,0,0,0,0,0,0,10.599522,25.196605,124.8786408,160.6747678,0,160.6747678,0,0,0,95.710704,64.96406375,129.657377,153.14316,0,0,117.26532,117.26532,0,117.26532,0,26010,91.25532,26.01,0,0,0,0,0,0,0,0,0,0,0,0,0,0,0,0,0,0,0,0,0,0,0,0,0,0,0,0,0,0,0,0,0,0,0,0,0,0,0,0,0,0,0,0,0,0,0,0,0,0,0,0,0,0,0,0,0,0,0,0,0,0,0,0,0,96,87.24433333,0,48.85682667,325527.216,24,17.755,0,9.2326,30467.58,48,38.32666667,0,10.1318,31408.58,96,86.8025,0,31.0640854,74553.80496,816,681.3547692,0,517.8296246,296549.8375,312,258.5868235,0,196.5259859,56716.42502,288,240.3391304,0,175.4475652,86631.01245,238.8396522,199.3142858,0,145.4994286,82123.69172,96,86.895625,43.42146667,43.42146667,2051.187367,72,65.93725,37.583245,37.583245,1426.54389,24,0,0,0,0,24,21.84733333,0,12.23450667,83194.64533,24,21.75066667,0,12.18037333,76127.33333,24,21.75066667,0,12.18037333,82826.53867,24,21.89566667,0,12.26157333,83378.69867,24,0,0,0,0,24,17.755,0,9.2326,30467.58,0,0,0,0,0,24,19.933,0,0,0,24,18.0925,0,10.1318,31408.58,24,20.23416667,0,0,0,24,22.46,0,13.0268,31264.32,24,19.6225,0,6.410085398,15384.20496,24,22.36,0,0,0,24,22.36,0,11.6272,27905.28,0,0,0,0,0,0,0,0,0,0,0,0,0,0,0,24,20.708,0,5.79824,12582.1808,72,61.349,0,16.15224,44679.5808,24,13.98333333,0,6.992820434,15384.20496,0,0,0,0,0,24,21.34666667,11.10026667,11.10026667,410.7098667,24,22.25395833,10.6819,10.6819,619.5502,24,21.8525,10.4892,10.4892,608.3736,24,21.4425,11.1501,11.1501,412.5537,24,22.024,12.77392,12.77392,408.76544,24,21.90125,12.702725,12.702725,533.51445,24,22.012,12.1066,12.1066,484.264,24,0,0,0,0,24,0,0,0,0,24,17.28,8.64,8.64,319.68,24,17.28,8.64,8.64,319.68,24,17.28,8.64,8.64,319.68,24,0,0,0,0,68.11186379,56.84009068,0,41.4932662,30768.40991,458.7277884,382.8133256,0,279.4537277,137986.2943,72,51.84,25.92,25.92,959.04,48,0,0,0,0,0,0,0,0,0,24,0,0,0,0,24,20.708,0,10.354,32097.4,24,0,0,0,0,0,0,0,0,0,0,0,0,0,0,0,0,0,0,0,0,0,0,0,0,70,35,63.5,20,69,33.2,60.5,19,69,35,63,20,0,0,0,17,0,346.4041,346.4041,346.4041,0,291,291,291,0,216.43652,216.43652,216.96041,0,0,0,216.43652,0,261982.0635,19410.90832,0,0,0,56716.42502,0,0,0,0,0,0,0,0,30768.40991,0,0,0,0,0,0,0,0,0,0,0,0,0,0,0,0,0,380.3131768,319.4630685,0,239.5973014,91255.32,0,23.8,0,0,23.8,0,0,26.3,0,0,63,0,0,0,0,0,34.5,0,0,346.4041,0,0,291,0,0,216.43652,0,0,224.23723,0,348.76897,348.76897,0,348.76897,0,380.11364,0,15156.86574,0,0,0,0,0,137986.2943,0,0,0,0,0,0,0,0,0,0,0,0,0,0,0,28.5,216.43652,0
08-06-2023,116.7102004,774.5671941,891.2773945,72.76840991,964.0458044,93.23684371,74.32001245,0,398.5505222,472.8705347,0,472.8705347,24,0,0,0,0,0,0,0,76.12733333,0,0,0,117.26532,117.26532,48.76840991,166.0337299,30.76840991,0,30.76840991,30.76840991,0,0,0,0,0,0,0,0,0,0,0,40.553511,1.836677,104.3463047,146.7364927,0,146.7364927,38.4684338,0,0,258.3070213,0,0,0,0,0,0,0,0,0,0,43.09713,111.3079172,154.4050472,24,178.4050472,0,0,0,78.16220944,76.24283775,146.7364927,138.43618,0,0,117.26532,117.26532,0,117.26532,0,26010,91.25532,26.01,0,0,0,0,0,0,0,0,0,0,0,0,0,0,0,0,0,0,0,0,0,0,0,0,0,0,0,0,0,0,0,0,0,0,0,0,0,0,0,0,0,0,0,0,0,0,0,0,0,0,0,0,0,0,0,0,0,0,0,0,0,0,0,0,0,96,87.24433333,0,50.1667,334434.3547,24,17.755,0,9.2326,30467.58,48,38.33708333,0,7.741935484,24000,96,78.315,0,15.1382854,36331.88496,816,694.4316923,0,527.7680862,310930.2256,312,258.9691765,0,196.8165741,56800.28734,288,243.9913043,0,178.1136522,97185.62783,289.5360032,223.4569657,0,163.123585,98722.80383,96,87.83104167,43.90788333,43.90788333,2069.184783,72,64.6335,36.84667,36.84667,1396.326407,24,0,0,0,0,24,21.84733333,0,12.67145333,86165.88267,24,21.75066667,0,12.18037333,76127.33333,24,21.75066667,0,12.61538667,85784.62933,24,21.89566667,0,12.69948667,86356.50933,24,19.07066667,0,11.4424,54923.52,24,17.755,0,9.2326,30467.58,0,0,0,0,0,24,0,0,0,0,24,20.33208333,0,7.741935484,24000,24,18.005,0,0,0,24,16.785,0,8.7282,20947.68,24,22.46,0,6.410085398,15384.20496,24,19.535,0,0,0,24,19.535,0,0,0,0,0,0,0,0,0,0,0,0,0,0,0,0,0,0,24,20.708,0,0,0,72,41.416,0,10.354,32097.4,24,13.98333333,0,6.992820434,15384.20496,0,0,0,0,0,24,21.81333333,11.34293333,11.34293333,419.6885333,24,22.25395833,10.6819,10.6819,619.5502,24,21.8525,10.4892,10.4892,608.3736,24,21.91125,11.39385,11.39385,421.57245,24,22.024,12.77392,12.77392,408.76544,24,21.25083333,12.32548333,12.32548333,517.6703,24,21.35866667,11.74726667,11.74726667,469.8906667,24,0,0,0,0,24,0,0,0,0,24,17.28,8.64,8.64,319.68,24,17.28,8.64,8.64,319.68,24,17.28,8.64,8.64,319.68,24,0,0,0,0,105.1932059,89.11884553,0,65.05675724,48768.40991,382.6936873,324.2150414,0,236.6769802,129140.0217,72,51.84,25.92,25.92,959.04,48,0,0,0,0,0,0,0,0,0,24,0,0,0,0,24,20.708,0,10.354,32097.4,24,19.07066667,0,11.4424,54923.52,0,0,0,0,0,0,0,0,0,0,0,0,0,0,0,0,0,0,0,0,70,35,63.5,20,69,33.2,60.5,19,69,35,63,20,0,0,0,17,0,346.4041,346.4041,346.4041,0,291,291,291,0,216.43652,216.43652,216.96041,0,0,0,216.43652,0,258307.0213,19327.04599,24000,0,0,56800.28734,0,0,0,0,0,0,0,0,30768.40991,0,0,0,0,0,24,24,0,0,0,0,0,0,0,0,0,0,380.3131768,319.4630685,0,239.5973014,91255.32,0,23.8,0,0,23.8,0,0,23.8,0,0,63,0,0,0,0,0,16,0,0,346.4041,0,0,291,0,0,216.43652,0,0,224.23723,0,348.76897,348.76897,0,348.76897,0,380.11364,0,9296.15825,0,0,0,0,0,129140.0217,0,0,0,0,0,0,0,0,0,0,63.87499089,54.11438313,54.11438313,39.50349969,18000,28.5,216.43652,18000
09-06-2023,117.4583529,778.686518,896.144871,70.29284371,966.4377147,189.2368437,73.59182793,0,408.2010967,481.7929247,0,481.7929247,120,0,0,0,0,0,0,0,76.12733333,0,0,0,117.26532,117.26532,37.10440991,154.3697299,30.76840991,0,30.76840991,30.76840991,0,0,0,0,0,0,0,0,0,0,0,37.548933,6.317592,102.8699677,146.7364927,3.188433795,149.9249265,38.4684338,0,0,258.3070213,0,0,0,0,0,0,0,0,0,0,39.420854,110.9292796,150.3501336,30,180.3501336,60,0,0,78.60968438,71.74044925,146.7364927,147.35857,0,0,117.26532,117.26532,0,117.26532,0,26010,91.25532,26.01,0,0,0,0,0,0,0,0,0,0,0,0,0,0,0,0,0,0,0,0,0,0,0,0,0,0,0,0,0,0,0,0,0,0,0,0,0,0,0,0,0,0,0,0,0,0,0,0,0,0,0,0,0,0,0,0,0,0,0,0,0,0,0,0,0,96,87.24433333,0,50.1667,334434.3547,24,16.9425,0,8.8101,29073.33,48,38.32666667,0,9.677419355,30000,96,86.8025,0,19.4368854,46648.52496,816,691.8163077,0,525.7803938,309732.7176,312,257.8221176,0,195.9448094,56548.70037,288,240.8608696,0,175.8284348,95938.72573,262.3300864,211.706403,0,154.5456742,93013.19082,96,87.83104167,43.90788333,43.90788333,2069.184783,72,65.28391667,37.20431167,37.20431167,1414.418023,24,0,0,0,0,24,21.84733333,0,12.67145333,86165.88267,24,21.75066667,0,12.18037333,76127.33333,24,21.75066667,0,12.61538667,85784.62933,24,21.89566667,0,12.69948667,86356.50933,24,19.07066667,0,11.4424,54923.52,24,16.9425,0,8.8101,29073.33,0,0,0,0,0,24,20.89133333,0,0,0,24,18.0925,0,9.677419355,30000,24,20.23416667,0,0,0,24,22.46,0,13.0268,31264.32,24,19.6225,0,6.410085398,15384.20496,24,22.36,0,0,0,24,22.36,0,0,0,0,0,0,0,0,0,0,0,0,0,0,0,0,0,0,24,20.708,0,0,0,72,62.30733333,0,10.354,32097.4,24,13.98333333,0,6.992820434,15384.20496,0,0,0,0,0,24,21.81333333,11.34293333,11.34293333,419.6885333,24,22.25395833,10.6819,10.6819,619.5502,24,21.8525,10.4892,10.4892,608.3736,24,21.91125,11.39385,11.39385,421.57245,24,21.37066667,12.39498667,12.39498667,396.6395733,24,21.90125,12.702725,12.702725,533.51445,24,22.012,12.1066,12.1066,484.264,24,0,0,0,0,24,0,0,0,0,24,17.28,8.64,8.64,319.68,24,17.28,8.64,8.64,319.68,24,17.28,8.64,8.64,319.68,24,0,0,0,0,81.55013807,68.20221239,0,49.78761504,37104.40991,436.8133264,365.3167973,0,266.681262,145511.5066,72,51.84,25.92,25.92,959.04,48,0,0,0,0,0,0,0,0,0,24,0,0,0,0,24,20.708,0,10.354,32097.4,24,19.07066667,0,11.4424,54923.52,0,0,0,0,0,0,0,0,0,0,0,0,0,0,0,0,0,0,0,0,70,35,63.5,20,69,33.2,60.5,19,69,35,63,20,0,0,0,17,0,346.4041,346.4041,346.4041,0,291,291,291,0,216.43652,216.43652,216.96041,0,0,0,216.43652,0,258307.0213,19578.63296,30000,0,0,56548.70037,0,0,0,0,0,0,0,0,30768.40991,0,0,0,0,0,120,90,0,0,0,0,0,0,0,0,0,0,380.3131768,319.4630685,0,239.5973014,91255.32,0,23.8,0,0,23.8,0,0,23.8,0,0,63,0,0,0,0,0,16,0,0,346.4041,0,0,291,0,0,216.43652,0,0,224.23723,0,348.76897,348.76897,0,348.76897,0,380.11364,0,1847.063352,0,0,0,0,0,145511.5066,0,0,0,0,0,0,0,0,0,0,22.77621813,19.04826286,19.04826286,13.90523189,6336,28.5,216.43652,6336
10-06-2023,113.8111044,695.8579073,809.6690117,57.91684371,867.5858554,189.2368437,76.1297695,0,397.8691073,473.9988768,0,473.9988768,120,0,0,0,0,0,0,0,76.12733333,0,0,0,67.93812,67.93812,48.76840991,116.7065299,30.76840991,0,30.76840991,30.76840991,0,0,0,0,0,0,0,0,0,0,0,31.59834146,6.082993397,105.5158826,143.1972175,9.148433795,152.3456513,38.4684338,0,0,261.9820635,0,0,0,0,0,0,0,0,0,0,56.668027,67.86677038,124.5347974,0,124.5347974,60,0,0,85.03822938,39.496568,143.1972175,135.88948,0,0,67.93812,67.93812,0,67.93812,0,26010,41.92812,26.01,0,0,0,0,0,0,0,0,0,0,0,0,0,0,0,0,0,0,0,0,0,0,0,0,0,0,0,0,0,0,0,0,0,0,0,0,0,0,0,0,0,0,0,0,0,0,0,0,0,0,0,0,0,0,0,0,0,0,0,0,0,0,0,0,0,96,87.24433333,0,48.85682667,325527.216,24,0,0,0,0,48,38.33708333,0,0,0,96,83.9775,0,26.7719854,64252.76496,816,697.0470769,0,529.7557785,310237.0006,312,261.6456471,0,198.8506918,57387.32361,288,239.2956522,0,174.6858261,78494.93209,300.9567403,228.2256198,0,166.6047025,94648.03042,96,65.97854167,33.41868333,33.41868333,1460.811183,72,65.93725,37.583245,37.583245,1363.030265,24,0,0,0,0,24,21.84733333,0,12.23450667,83194.64533,24,21.75066667,0,12.18037333,76127.33333,24,21.75066667,0,12.18037333,82826.53867,24,21.89566667,0,12.26157333,83378.69867,24,19.07066667,0,11.4424,54923.52,24,0,0,0,0,0,0,0,0,0,24,20.89133333,0,0,0,24,20.33208333,0,0,0,24,18.005,0,0,0,24,19.6225,0,10.2037,24488.88,24,22.46,0,6.410085398,15384.20496,24,22.36,0,0,0,24,19.535,0,10.1582,24379.68,0,0,0,0,0,0,0,0,0,0,0,0,0,0,0,24,20.708,0,5.79824,12582.1808,72,62.30733333,0,16.15224,44679.5808,24,13.98333333,0,6.992820434,15384.20496,0,0,0,0,0,24,21.81333333,11.34293333,11.34293333,419.6885333,24,22.25395833,10.6819,10.6819,619.5502,24,0,0,0,0,24,21.91125,11.39385,11.39385,421.57245,24,22.024,12.77392,12.77392,408.76544,24,21.90125,12.702725,12.702725,470.000825,24,22.012,12.1066,12.1066,484.264,24,0,0,0,0,24,0,0,0,0,24,17.28,8.64,8.64,319.68,24,17.28,8.64,8.64,319.68,24,17.28,8.64,8.64,319.68,24,0,0,0,0,107.2573918,89.11884553,0,65.05675724,48768.40991,390.2910714,324.2880433,0,236.7302716,106374.5526,72,51.84,25.92,25.92,959.04,48,0,0,0,0,0,0,0,0,0,24,0,0,0,0,24,20.708,0,10.354,32097.4,24,19.07066667,0,11.4424,54923.52,0,0,0,0,0,0,0,0,0,0,0,0,0,0,0,0,0,0,0,0,70,34.8044,63.5,20,69,33.2,60.5,19,69,35,63,20,0,0,0,17,0,346.4041,346.4041,346.4041,0,291,291,291,0,216.43652,216.43652,216.96041,0,0,0,216.43652,0,261982.0635,18740.00973,0,0,0,57387.32361,0,0,0,0,0,0,0,0,30768.40991,0,0,0,0,0,120,60,0,0,0,0,0,0,0,0,0,0,174.7384866,146.7803288,0,110.0852466,41928.12,0,23.8,0,0,23.8,0,0,28.9,0,0,63,0,0,0,0,0,16,0,0,346.4041,0,0,291,0,0,216.43652,0,0,224.23723,0,348.76897,348.76897,0,348.76897,0,380.11364,0,29514.9274,0,0,0,0,0,106374.5526,0,0,0,0,0,0,0,0,0,0,65.12839745,54.11438313,54.11438313,39.50349969,18000,28.5,216.43652,18000
11-06-2023,110.8676317,759.8015682,870.6691999,72.98684371,943.6560436,189.2368437,76.12898968,0,414.3190071,490.4479968,0,490.4479968,120,0,0,0,0,0,0,0,76.12733333,0,0,0,93.72168,93.72168,48.76840991,142.4900899,30.76840991,0,30.76840991,30.76840991,0,0,0,0,0,0,0,0,0,0,0,16.55217797,18.18646409,111.9978506,146.7364927,24.2184338,170.9549265,38.4684338,0,0,261.9820635,0,0,0,0,0,0,0,0,0,0,63.000005,76.76302548,139.7630305,0,139.7630305,45,0,0,91.29550438,48.4675261,146.7364927,152.3386,0,0,93.72168,93.72168,0,93.72168,0,0,93.72168,0,0,0,0,0,0,0,0,0,0,0,0,0,0,0,0,0,0,0,0,0,0,0,0,0,0,0,0,0,0,0,0,0,0,0,0,0,0,0,0,0,0,0,0,0,0,0,0,0,0,0,0,0,0,0,0,0,0,0,0,0,0,0,0,0,0,96,87.24433333,0,48.85682667,325527.216,24,6.38,0,3.3176,10948.08,48,38.32666667,0,0,0,96,81.1525,0,31.0640854,74553.80496,816,697.0470769,0,529.7557785,306964.8004,312,258.5868235,0,196.5259859,56716.42502,288,241.9043478,0,176.5901739,92469.10333,303.3451926,232.9578473,0,170.0592286,101066.078,96,65.5025,33.19018333,33.19018333,1447.558183,72,64.6335,36.84667,36.84667,1334.69899,24,0,0,0,0,24,21.84733333,0,12.23450667,83194.64533,24,21.75066667,0,12.18037333,76127.33333,24,21.75066667,0,12.18037333,82826.53867,24,21.89566667,0,12.26157333,83378.69867,24,17.404,0,10.4424,50123.52,24,6.38,0,3.3176,10948.08,0,0,0,0,0,24,20.89133333,0,0,0,24,18.0925,0,0,0,24,20.23416667,0,0,0,24,22.46,0,13.0268,31264.32,24,19.6225,0,6.410085398,15384.20496,24,16.71,0,0,0,24,22.36,0,11.6272,27905.28,0,0,0,0,0,0,0,0,0,0,0,0,0,0,0,24,20.708,0,5.79824,12582.1808,72,62.30733333,0,16.15224,44679.5808,24,13.98333333,0,6.992820434,15384.20496,0,0,0,0,0,24,21.81333333,11.34293333,11.34293333,419.6885333,24,21.77791667,10.4534,10.4534,606.2972,24,0,0,0,0,24,21.91125,11.39385,11.39385,421.57245,24,22.024,12.77392,12.77392,408.76544,24,21.25083333,12.32548333,12.32548333,456.0428833,24,21.35866667,11.74726667,11.74726667,469.8906667,24,0,0,0,0,24,0,0,0,0,24,17.28,8.64,8.64,319.68,24,17.28,8.64,8.64,319.68,24,17.28,8.64,8.64,319.68,24,0,0,0,0,106.1007284,89.11884553,0,65.05675724,48768.40991,394.8219336,331.6289665,0,242.0891455,126766.7714,72,51.84,25.92,25.92,959.04,48,0,0,0,0,0,0,0,0,0,24,0,0,0,0,24,20.708,0,10.354,32097.4,24,17.404,0,10.4424,50123.52,0,0,0,0,0,0,0,0,0,0,0,0,0,0,0,0,0,0,0,0,70,35,63.5,20,69,33.2,60.5,19,69,35,63,20,0,0,0,17,0,346.4041,346.4041,346.4041,0,291,291,291,0,216.43652,216.43652,216.96041,0,0,0,216.43652,0,261982.0635,19410.90832,0,0,0,56716.42502,0,0,0,0,0,0,0,0,30768.40991,0,0,0,0,0,120,45,0,0,0,0,0,0,0,0,0,0,390.5919113,328.0972055,0,246.0729041,93721.68,0,23.8,0,0,23.8,0,0,24.8,0,0,63,0,0,0,0,0,16,0,0,346.4041,0,0,291,0,0,216.43652,0,0,224.23723,0,348.76897,348.76897,0,348.76897,0,380.11364,0,25571.82857,0,0,0,0,0,126766.7714,0,0,0,0,0,0,0,0,0,0,64.42605303,54.11438313,54.11438313,39.50349969,18000,28.5,216.43652,18000
12-06-2023,113.4743745,741.3168007,854.7911753,87.23684371,942.028019,189.2368437,78.8473758,0,386.8596858,465.7070616,0,465.7070616,120,0,0,0,0,0,0,0,78.84616667,0,0,0,119.73168,119.73168,48.76840991,168.5000899,30.76840991,0,30.76840991,30.76840991,0,0,0,0,0,0,0,0,0,0,0,0,34.62699872,112.1094939,146.7364927,38.4684338,185.2049265,38.4684338,0,0,224.0294349,0,0,0,0,0,0,0,0,0,15.013736,66.431007,41.171198,122.615941,0,122.615941,45,0,0,82.0981095,40.5178315,146.7364927,162.83146,0,0,119.73168,119.73168,0,119.73168,0,26010,93.72168,26.01,0,0,0,0,0,0,0,0,0,0,0,0,0,0,0,0,0,0,0,0,0,0,0,0,0,0,0,0,0,0,0,0,0,0,0,0,0,0,0,0,0,0,0,0,0,0,0,0,0,0,0,0,0,0,0,0,0,0,0,0,0,0,0,0,0,96,65.49366667,0,38.948576,257911.8541,24,17.755,0,9.2326,30467.58,48,38.33708333,0,0,0,96,81.1525,0,25.3029854,60727.16496,816,676.124,0,513.85424,303579.1465,312,258.5868235,0,196.5259859,56716.42502,288,240.8608696,0,175.8284348,76622.20377,303.5860398,232.0601965,0,169.4039434,95557.6962,96,87.83104167,43.90788333,43.90788333,2069.184783,72,65.28391667,37.20431167,37.20431167,1350.904398,24,0,0,0,0,24,21.84733333,0,13.19578933,89731.36747,24,21.75066667,0,12.61538667,78846.16667,24,0,0,0,0,24,21.89566667,0,13.1374,89334.32,24,19.07066667,0,11.4424,54923.52,24,17.755,0,9.2326,30467.58,0,0,0,0,0,24,20.89133333,0,10.44566667,32381.56667,24,20.33208333,0,0,0,24,18.005,0,0,0,24,19.6225,0,10.2037,24488.88,24,22.46,0,6.410085398,15384.20496,24,22.36,0,0,0,24,16.71,0,8.6892,20854.08,0,0,0,0,0,0,0,0,0,0,0,0,0,0,0,24,20.708,0,5.79824,12582.1808,72,62.30733333,0,26.59790667,77061.14747,24,13.98333333,0,6.992820434,15384.20496,0,0,0,0,0,24,21.81333333,11.34293333,11.34293333,419.6885333,24,22.25395833,10.6819,10.6819,619.5502,24,21.8525,10.4892,10.4892,608.3736,24,21.91125,11.39385,11.39385,421.57245,24,21.37066667,12.39498667,12.39498667,396.6395733,24,21.90125,12.702725,12.702725,470.000825,24,22.012,12.1066,12.1066,484.264,24,0,0,0,0,24,0,0,0,0,24,17.28,8.64,8.64,319.68,24,17.28,8.64,8.64,319.68,24,17.28,8.64,8.64,319.68,24,0,0,0,0,104.5614365,87.44707816,0,63.83636706,48768.40991,396.2103365,331.3596048,0,241.8925115,105411.4901,72,51.84,25.92,25.92,959.04,48,0,0,0,0,0,0,0,0,0,24,0,0,0,0,24,20.708,0,10.354,32097.4,24,19.07066667,0,11.4424,54923.52,0,0,0,0,0,0,0,0,0,0,0,0,0,0,0,0,0,0,0,0,70,35.3,63.5,20,69,33.2,60.5,19,69,35,63,20,0,0,0,16.5,0,346.4041,346.4041,346.4041,0,291,291,291,0,216.43652,216.43652,216.96041,0,0,0,216.43652,0,224029.4349,22129.74165,0,0,0,56716.42502,0,0,0,0,0,0,0,0,30768.40991,0,0,0,0,0,120,45,0,0,0,0,0,0,0,0,0,0,390.5919113,328.0972055,0,246.0729041,93721.68,0,23.8,0,0,23.8,0,0,29.8,0,0,63,0,0,0,0,0,16,0,0,346.4041,0,0,291,0,0,216.43652,0,0,224.23723,0,348.76897,348.76897,0,348.76897,0,380.11364,0,57419.96993,0,0,0,0,0,105411.4901,0,0,0,0,0,0,0,0,0,0,64.70516514,54.11438313,54.11438313,39.50349969,18000,28.5,216.43652,18000
13-06-2023,117.6621041,753.0602713,870.7223754,96.25547822,966.9778537,171.6054782,78.8447091,0,370.716965,449.5616741,0,449.5616741,120,0,0,0,0,0,0,0,78.84616667,0,0,0,121.26168,121.26168,48.76840991,170.0300899,30.76840991,0,30.76840991,30.76840991,0,0,0,0,0,0,0,0,0,0,0,18.659766,20.157629,101.6727518,140.4901468,2.487068306,142.9772151,20.83706831,0,0,223.4351875,0,0,0,0,0,0,0,0,0,0,102.296712,57.1121625,159.4088745,45,204.4088745,0,0,0,110.5381095,48.870765,140.4901468,147.28032,0,0,121.26168,121.26168,0,121.26168,0,27540,93.72168,27.54,0,0,0,0,0,0,0,0,0,0,0,0,0,0,0,0,0,0,0,0,0,0,0,0,0,0,0,0,0,0,0,0,0,0,0,0,0,0,0,0,0,0,0,0,0,0,0,0,0,0,0,0,0,0,0,0,0,0,0,0,0,0,0,0,0,96,65.49366667,0,38.86118667,257317.6067,24,17.755,0,9.2326,30467.58,48,38.32666667,0,14.51612903,45000,96,64.355,0,19.4368854,46648.52496,816,681.3547692,0,517.8296246,315225.9811,312,258.9691765,0,196.8165741,56800.28734,288,242.426087,0,176.9710435,89076.73672,304.2777873,234.2924041,0,171.033455,100227.0789,96,87.83104167,43.90788333,43.90788333,2069.184783,72,44.036,24.88052,24.88052,893.02944,24,0,0,0,0,24,21.84733333,0,13.1084,89137.12,24,21.75066667,0,12.61538667,78846.16667,24,0,0,0,0,24,21.89566667,0,13.1374,89334.32,24,19.07066667,0,11.4424,54923.52,24,17.755,0,9.2326,30467.58,0,0,0,0,0,24,20.89133333,0,10.44566667,32381.56667,24,18.0925,0,7.258064516,22500,24,20.23416667,0,7.258064516,22500,24,22.46,0,13.0268,31264.32,24,0,0,0,0,24,19.535,0,6.410085398,15384.20496,24,22.36,0,0,0,0,0,0,0,0,0,0,0,0,0,0,0,0,0,0,24,20.708,0,5.79824,12582.1808,72,61.35733333,0,26.12290667,75588.64747,24,13.98333333,0,6.992820434,15384.20496,0,0,0,0,0,24,21.81333333,11.34293333,11.34293333,419.6885333,24,22.25395833,10.6819,10.6819,619.5502,24,21.8525,10.4892,10.4892,608.3736,24,21.91125,11.39385,11.39385,421.57245,24,22.024,12.77392,12.77392,408.76544,24,0,0,0,0,24,22.012,12.1066,12.1066,484.264,24,0,0,0,0,24,0,0,0,0,24,17.28,8.64,8.64,319.68,24,17.28,8.64,8.64,319.68,24,17.28,8.64,8.64,319.68,24,0,0,0,0,105.8723829,89.11884553,0,65.05675724,48768.40991,396.1774773,333.4852623,0,243.4442415,122535.4057,72,51.84,25.92,25.92,959.04,48,0,0,0,0,0,0,0,0,0,24,0,0,0,0,24,19.758,0,9.879,30624.9,24,19.07066667,0,11.4424,54923.52,0,0,0,0,0,0,0,0,0,0,0,0,0,0,0,0,0,0,0,0,70,35.24,63.5,20,69,33.2,60.5,19,69,35,63,20,0,0,0,17,0,346.4041,346.4041,346.4041,0,291,291,291,0,216.43652,216.43652,216.96041,0,0,0,216.43652,0,223435.1875,22045.87933,45000,0,0,56800.28734,0,0,0,0,0,0,0,0,30768.40991,0,0,0,0,0,120,45,0,0,0,0,0,0,0,0,0,0,390.5919113,328.0972055,0,246.0729041,93721.68,0,23.8,0,0,23.8,0,0,25.8,0,0,63,0,0,0,0,0,16,0,0,346.4041,0,0,291,0,0,216.43652,0,0,224.23723,0,348.76897,348.76897,0,348.76897,0,380.11364,0,24744.91431,0,0,0,0,0,122535.4057,0,0,0,0,0,0,0,0,0,0,64.28739802,54.11438313,54.11438313,39.50349969,18000,28.5,216.43652,18000
14-06-2023,31.766485,833.694103,865.460588,115.6510926,981.1116806,167.6510926,0,0,437.5130848,437.5130848,0,437.5130848,120,0,0,0,0,0,0,0,0,0,0,0,121.26168,121.26168,27.97993206,149.2416121,9.979932061,0,9.97993206,9.97993206,0,0,0,0,0,0,0,0,0,0,0,10.674054,21.092431,110.5710621,142.3375471,27.67116056,170.0087077,37.67116056,0,0,284.1371728,0,0,0,0,0,0,0,0,0,0,84.652479,79.69579703,164.348276,60,224.348276,60,0,0,101.959706,62.38857,142.3375471,153.375912,0,0,121.26168,121.26168,0,121.26168,0,27540,93.72168,27.54,0,0,0,0,0,0,0,0,0,0,0,0,0,0,0,0,0,0,0,0,0,0,0,0,0,0,0,0,0,0,0,0,0,0,0,0,0,0,0,0,0,0,0,0,0,0,0,0,0,0,0,0,0,0,0,0,0,0,0,0,0,0,0,0,0,96,76.69766667,0,34.61661,236772.375,24,17.755,0,9.9428,32811.24,48,38.33708333,0,19.35483871,60000,96,64.355,0,23.69120502,56858.89206,816,681.3547692,0,517.8296246,298517.3758,312,260.8809412,0,198.2695153,88310.86064,288,242.426087,0,176.9710435,72269.80527,303.5636438,233.6912686,0,170.5946261,84394.97518,96,86.895625,43.42146667,43.42146667,2051.187367,72,44.036,24.88052,24.88052,893.02944,24,0,0,0,0,24,21.84733333,0,13.76382,93593.976,24,21.75066667,0,0,0,24,11.204,0,7.05852,47997.936,24,21.89566667,0,13.79427,95180.463,24,19.07066667,0,11.4424,54923.52,24,17.755,0,9.9428,32811.24,0,0,0,0,0,24,20.89133333,0,10.44566667,32381.56667,24,20.33208333,0,9.677419355,30000,24,18.005,0,9.677419355,30000,24,22.46,0,8.984,21561.6,24,0,0,0,0,24,22.36,0,4.158305025,9979.93206,24,19.535,0,10.5489,25317.36,0,0,0,0,0,0,0,0,0,0,0,0,0,0,0,24,20.708,0,5.79824,14983.23117,72,52.80733333,0,22.29622667,66126.98984,24,0,0,0,0,0,0,0,0,0,24,21.34666667,11.10026667,11.10026667,410.7098667,24,22.25395833,10.6819,10.6819,619.5502,24,21.8525,10.4892,10.4892,608.3736,24,21.4425,11.1501,11.1501,412.5537,24,22.024,12.77392,12.77392,408.76544,24,0,0,0,0,24,22.012,12.1066,12.1066,484.264,24,0,0,0,0,24,0,0,0,0,24,17.28,8.64,8.64,319.68,24,17.28,8.64,8.64,319.68,24,17.28,8.64,8.64,319.68,24,0,0,0,0,60.24920465,50.7152046,0,37.02209936,27979.93206,441.0865121,371.2877678,0,271.0400705,110684.8484,72,51.84,25.92,25.92,959.04,48,0,0,0,0,0,0,0,0,0,24,0,0,0,0,24,11.208,0,6.05232,18762.192,24,19.07066667,0,11.4424,54923.52,0,0,0,0,0,0,0,0,0,0,0,0,0,0,0,0,0,0,0,0,70,41.9,63.5,20,69,39.2,60.5,19,69,35,63,20,0,0,0,17,0,346.4041,346.4041,346.4041,0,291,291,291,0,216.43652,216.43652,216.96041,0,0,0,216.43652,0,195826.3122,0,60000,0,88310.86064,0,0,0,0,0,0,0,0,0,9979.93206,0,0,0,0,0,120,120,0,0,0,0,0,0,0,0,0,0,390.5919113,328.0972055,0,246.0729041,93721.68,0,31.8,0,0,23.8,0,0,31.8,0,0,63,0,0,0,0,0,16,0,0,346.4041,0,0,291,0,0,216.43652,0,0,224.23723,0,348.76897,348.76897,0,348.76897,0,380.11364,0,42691.06361,0,0,0,0,0,110684.8484,0,0,0,0,0,0,0,0,0,0,64.28739802,54.11438313,54.11438313,39.50349969,18000,28.5,216.43652,18000
15-06-2023,50.223509,832.0302921,882.2538011,123.15281,1005.406611,183.90281,0,0,460.630207,460.630207,30,490.630207,120,0,0,0,0,0,0,0,0,0,0,0,119.73168,119.73168,48.76840991,168.5000899,30.76840991,0,30.76840991,30.76840991,0,0,0,0,0,0,0,0,0,0,0,19.807305,30.416204,92.11403811,142.3375471,14.38440007,156.7219472,33.13440007,0,0,314.051695,0,0,0,0,0,0,0,0,0,0,101.232726,58.321641,159.554367,30,189.554367,60,0,0,118.9218788,40.63248825,142.3375471,146.578512,0,0,119.73168,119.73168,0,119.73168,0,26010,93.72168,26.01,0,0,0,0,0,0,0,0,0,0,0,0,0,0,0,0,0,0,0,0,0,0,0,0,0,0,0,0,0,0,0,0,0,0,0,0,0,0,0,0,0,0,0,0,0,0,0,0,0,0,0,0,0,0,0,0,0,0,0,0,0,0,0,0,0,96,87.24433333,0,41.26101,281954.295,24,17.755,0,9.9428,32811.24,48,18.0925,0,11.29032258,35000,96,64.355,0,35.31123746,84746.96991,816,707.5086154,0,537.7065477,328176.546,312,260.1162353,0,197.6883388,95349.12696,288,236.6869565,0,172.7814783,70558.9092,305.1380657,228.9358998,0,167.1232068,93314.03476,96,87.83104167,43.90788333,43.90788333,2069.184783,72,64.63058333,36.84497833,36.84497833,1336.531065,24,0,0,0,0,24,21.84733333,0,13.76382,93593.976,24,21.75066667,0,0,0,24,21.75066667,0,13.70292,93179.856,24,21.89566667,0,13.79427,95180.463,24,17.404,0,10.4424,50123.52,24,17.755,0,9.9428,32811.24,0,0,0,0,0,24,20.89133333,0,0,0,24,18.0925,0,11.29032258,35000,24,0,0,0,0,24,0,0,0,0,24,22.46,0,12.8201708,30768.40991,24,19.535,0,10.41666667,25000,24,22.36,0,12.0744,28978.56,0,0,0,0,0,0,0,0,0,0,0,0,0,0,0,24,20.708,0,10.354,32097.4,72,62.30733333,0,21.53632,66762.592,24,0,0,0,0,0,0,0,0,0,24,21.81333333,11.34293333,11.34293333,419.6885333,24,22.25395833,10.6819,10.6819,619.5502,24,21.8525,10.4892,10.4892,608.3736,24,21.91125,11.39385,11.39385,421.57245,24,21.37066667,12.39498667,12.39498667,396.6395733,24,21.90125,12.702725,12.702725,470.000825,24,21.35866667,11.74726667,11.74726667,469.8906667,24,0,0,0,0,24,0,0,0,0,24,17.28,8.64,8.64,319.68,24,17.28,8.64,8.64,319.68,24,17.28,8.64,8.64,319.68,24,0,0,0,0,104.3711486,85.77531079,0,62.61597687,48768.40991,396.3511642,325.7331624,0,237.7852085,97104.53405,72,51.84,25.92,25.92,959.04,48,0,0,0,0,0,0,0,0,0,24,0,0,0,0,24,20.708,0,11.18232,34665.192,24,17.404,0,10.4424,50123.52,0,0,0,0,0,0,0,0,0,0,0,0,0,0,0,0,0,0,0,0,70,38.42,63.5,20,69,36.2,60.5,19,69,35,63,20,0,0,0,16,0,346.4041,346.4041,346.4041,0,291,291,291,0,216.43652,216.43652,216.96041,0,0,0,216.43652,0,218702.568,0,60000,0,95349.12696,0,0,0,0,0,0,0,0,0,30768.40991,0,0,0,0,0,150,90,0,0,0,0,0,0,0,0,0,0,390.5919113,328.0972055,0,246.0729041,93721.68,0,31.8,0,0,23.8,0,0,31.8,0,0,63,0,0,0,0,0,16,0,0,346.4041,0,0,291,0,0,216.43652,0,0,224.23723,0,348.76897,348.76897,0,348.76897,0,380.11364,0,49473.97795,0,0,0,0,0,97104.53405,0,0,0,0,0,0,0,0,0,0,65.84622394,54.11438313,54.11438313,39.50349969,18000,28.5,216.43652,18000
16-06-2023,66.989914,821.1229673,888.1128813,109.0945705,997.2074518,168.4395705,0,0,460.38958,460.38958,0,460.38958,100,0,0,0,0,0,0,0,0,0,0,0,117.1778652,117.1778652,48.76840991,165.9462751,30.76840991,0,30.76840991,30.76840991,0,0,0,0,0,0,0,0,0,0,0,18.768218,48.221696,75.34763311,142.3375471,20.32616056,162.6637077,37.67116056,0,0,312.672268,0,0,0,0,0,0,0,0,0,0,52.090632,116.117257,168.207889,40,208.207889,60,0,0,80.0453325,88.1625565,142.3375471,147.717312,0,0,117.1778652,117.1778652,0,117.1778652,0,23456.1852,93.72168,23.4561852,0,0,0,0,0,0,0,0,0,0,0,0,0,0,0,0,0,0,0,0,0,0,0,0,0,0,0,0,0,0,0,0,0,0,0,0,0,0,0,0,0,0,0,0,0,0,0,0,0,0,0,0,0,0,0,0,0,0,0,0,0,0,0,0,0,96,87.24433333,0,41.26101,280574.868,24,17.755,0,9.9428,32811.24,48,20.33208333,0,6.451612903,20000,96,61.5175,0,25.29231873,60701.56496,816,704.8932308,0,535.7188554,311270.9047,312,259.7338824,0,197.3977506,87922.56952,288,243.9913043,0,178.1136522,72736.41328,303.5819277,235.356561,0,171.8102895,95228.10243,96,87.83104167,43.90788333,43.90788333,2069.184783,72,65.93725,37.583245,37.583245,1363.030265,24,0,0,0,0,24,21.84733333,0,13.76382,93593.976,24,21.75066667,0,0,0,24,21.75066667,0,13.70292,93179.856,24,21.89566667,0,13.79427,93801.036,24,19.07066667,0,11.4424,54923.52,24,17.755,0,9.9428,32811.24,0,0,0,0,0,24,20.89133333,0,0,0,24,20.33208333,0,6.451612903,20000,24,0,0,0,0,24,0,0,0,0,24,19.6225,0,6.410085398,15384.20496,24,22.36,0,8.333333333,20000,24,19.535,0,10.5489,25317.36,0,0,0,0,0,0,0,0,0,0,0,0,0,0,0,24,20.708,0,10.354,32097.4,72,62.30733333,0,21.53632,66762.592,24,13.98333333,0,6.992820434,15384.20496,0,0,0,0,0,24,21.81333333,11.34293333,11.34293333,419.6885333,24,22.25395833,10.6819,10.6819,619.5502,24,21.8525,10.4892,10.4892,608.3736,24,21.91125,11.39385,11.39385,421.57245,24,22.024,12.77392,12.77392,408.76544,24,21.90125,12.702725,12.702725,470.000825,24,22.012,12.1066,12.1066,484.264,24,0,0,0,0,24,0,0,0,0,24,17.28,8.64,8.64,319.68,24,17.28,8.64,8.64,319.68,24,17.28,8.64,8.64,319.68,24,0,0,0,0,101.246598,85.77531079,0,62.61597687,48768.40991,400.6862197,339.4581714,0,247.8044651,101196.1058,72,51.84,25.92,25.92,959.04,48,0,0,0,0,0,0,0,0,0,24,0,0,0,0,24,20.708,0,11.18232,34665.192,24,19.07066667,0,11.4424,54923.52,0,0,0,0,0,0,0,0,0,0,0,0,0,0,0,0,0,0,0,0,70,39.4,63.5,20,69,39.2,60.5,19,69,35,63,20,0,0,0,16,0,346.4041,346.4041,346.4041,0,291,291,291,0,216.43652,216.43652,216.96041,0,0,0,216.43652,0,224749.6985,0,40000,0,87922.56952,0,0,0,0,0,0,0,0,0,30768.40991,0,0,0,0,0,100,100,0,0,0,0,0,0,0,0,0,0,390.5919113,328.0972055,0,246.0729041,93721.68,0,31.8,0,0,23.8,0,0,31.8,0,0,63,0,0,0,0,0,16,0,0,346.4041,0,0,291,0,0,216.43652,0,0,224.23723,0,348.76897,348.76897,0,348.76897,0,380.11364,0,46521.2062,0,0,0,0,0,101196.1058,0,0,0,0,0,0,0,0,0,0,63.87499089,54.11438313,54.11438313,39.50349969,18000,28.5,216.43652,18000
17-06-2023,126.6715932,665.6693141,792.3409073,94.60484371,886.945751,189.2368437,76.12799054,0,391.6619895,467.78998,30,497.78998,120,0,0,0,0,0,0,0,76.12733333,0,0,0,76.8672,76.8672,30.76840991,107.6356099,30.76840991,0,30.76840991,30.76840991,0,0,0,0,0,0,0,0,0,0,0,22.30948751,28.23411511,89.55596791,140.0995705,18.8364338,158.9360043,38.4684338,0,0,281.4972827,0,0,0,0,0,0,0,0,0,0,0,107.5841568,107.5841568,15,122.5841568,0,0,0,0,107.5841568,140.0995705,110.165364,0,0,76.8672,76.8672,0,76.8672,0,27540,49.3272,27.54,0,0,0,0,0,0,0,0,0,0,0,0,0,0,0,0,0,0,0,0,0,0,0,0,0,0,0,0,0,0,0,0,0,0,0,0,0,0,0,0,0,0,0,0,0,0,0,0,0,0,0,0,0,0,0,0,0,0,0,0,0,0,0,0,0,96,87.24433333,0,48.85682667,325527.216,24,17.755,0,9.2326,30467.58,48,38.32666667,0,14.51612903,45000,96,64.355,0,6.410085398,15384.20496,816,691.8163077,0,525.7803938,294736.8444,312,262.4103529,0,199.4318682,57555.04825,288,242.9478261,0,177.351913,99731.95541,238.8937576,201.5233301,0,147.112031,91534.54181,96,87.83104167,43.90788333,43.90788333,2069.184783,72,65.28683333,37.20600333,37.20600333,1349.072323,24,0,0,0,0,24,21.84733333,0,12.23450667,83194.64533,24,21.75066667,0,12.18037333,76127.33333,24,21.75066667,0,12.18037333,82826.53867,24,21.89566667,0,12.26157333,83378.69867,24,19.07066667,0,9.916746667,47600.384,24,17.755,0,9.2326,30467.58,0,0,0,0,0,24,20.89133333,0,0,0,24,18.0925,0,7.258064516,22500,24,20.23416667,0,7.258064516,22500,24,0,0,0,0,24,22.46,0,6.410085398,15384.20496,24,19.535,0,0,0,24,22.36,0,0,0,0,0,0,0,0,0,0,0,0,0,0,0,0,0,0,24,20.708,0,10.354,32097.4,72,62.30733333,0,20.708,64194.8,24,13.98333333,0,6.992820434,15384.20496,0,0,0,0,0,24,21.81333333,11.34293333,11.34293333,419.6885333,24,22.25395833,10.6819,10.6819,619.5502,24,21.8525,10.4892,10.4892,608.3736,24,21.91125,11.39385,11.39385,421.57245,24,22.024,12.77392,12.77392,408.76544,24,21.25083333,12.32548333,12.32548333,456.0428833,24,22.012,12.1066,12.1066,484.264,24,0,0,0,0,24,0,0,0,0,24,17.28,8.64,8.64,319.68,24,17.28,8.64,8.64,319.68,24,17.28,8.64,8.64,319.68,24,0,0,0,0,63.41694164,53.49655594,0,39.05248583,30768.40991,463.476816,390.9746003,0,285.4114582,160498.0873,72,51.84,25.92,25.92,959.04,48,0,0,0,0,0,0,0,0,0,24,0,0,0,0,24,20.708,0,10.354,32097.4,24,19.07066667,0,9.916746667,47600.384,0,0,0,0,0,0,0,0,0,0,0,0,0,0,0,0,0,0,0,0,70,35.3,63.5,20,69,33.2,60.5,19,69,35,63,20,0,0,0,16,0,346.4041,346.4041,346.4041,0,291,291,291,0,216.43652,216.43652,216.96041,0,0,0,216.43652,0,276164.5594,18572.28508,0,0,0,57555.04825,0,0,5332.723314,0,45000,0,0,0,30768.40991,0,0,0,0,0,150,15,0,0,0,0,0,0,0,0,0,0,205.5746902,172.6827397,0,129.5120548,49327.2,0,23.8,0,0,23.8,0,0,23.8,0,0,63,0,0,0,0,0,16,0,0,346.4041,0,0,291,0,0,216.43652,0,0,224.23723,0,348.76897,348.76897,0,348.76897,0,380.11364,0,0,0,0,0,0,0,110165.364,0,0,0,0,0,0,0,0,0,0,0,0,0,0,0,28.5,216.43652,0
18-06-2023,114.6991893,708.5795145,823.2787038,99.85684371,923.1355475,189.2368437,76.12914627,0,379.4687505,455.5978968,45,500.5978968,120,0,0,0,0,0,0,0,76.12733333,0,0,0,117.1778652,117.1778652,30.76840991,147.9462751,30.76840991,0,30.76840991,30.76840991,0,0,0,0,0,0,0,0,0,0,0,15.31114465,23.25889836,101.5295275,140.0995705,24.0884338,164.1880043,38.4684338,0,0,261.9820635,0,0,0,0,0,0,0,0,0,0,0,110.4033713,110.4033713,0,110.4033713,0,0,0,0,110.4033713,140.0995705,117.4885,0,0,117.1778652,117.1778652,0,117.1778652,0,23456.1852,93.72168,23.4561852,0,0,0,0,0,0,0,0,0,0,0,0,0,0,0,0,0,0,0,0,0,0,0,0,0,0,0,0,0,0,0,0,0,0,0,0,0,0,0,0,0,0,0,0,0,0,0,0,0,0,0,0,0,0,0,0,0,0,0,0,0,0,0,0,0,96,87.24433333,0,48.85682667,325527.216,24,17.755,0,9.2326,30467.58,48,38.33708333,0,14.51612903,45000,96,61.5175,0,6.410085398,15384.20496,816,681.3547692,0,517.8296246,300706.4459,312,261.2632941,0,198.5601035,57303.46128,288,234.6,0,171.258,91302.19647,236.477487,192.6306196,0,140.6203523,82054.20306,96,86.8875,43.45498333,43.45498333,2042.916583,72,64.63058333,36.84497833,36.84497833,1336.531065,24,0,0,0,0,24,21.84733333,0,12.23450667,83194.64533,24,21.75066667,0,12.18037333,76127.33333,24,21.75066667,0,12.18037333,82826.53867,24,21.89566667,0,12.26157333,83378.69867,24,19.07066667,0,11.4424,54923.52,24,17.755,0,9.2326,30467.58,0,0,0,0,0,24,20.89133333,0,0,0,24,20.33208333,0,7.258064516,22500,24,18.005,0,7.258064516,22500,24,0,0,0,0,24,19.6225,0,6.410085398,15384.20496,24,22.36,0,0,0,24,19.535,0,0,0,0,0,0,0,0,0,0,0,0,0,0,0,0,0,0,24,20.708,0,5.79824,12582.1808,72,62.30733333,0,16.15224,44679.5808,24,13.98333333,0,6.992820434,15384.20496,0,0,0,0,0,24,21.81333333,11.34293333,11.34293333,419.6885333,24,21.77791667,10.4534,10.4534,606.2972,24,21.385,10.2648,10.2648,595.3584,24,21.91125,11.39385,11.39385,421.57245,24,21.37066667,12.39498667,12.39498667,396.6395733,24,21.90125,12.702725,12.702725,470.000825,24,21.35866667,11.74726667,11.74726667,469.8906667,24,0,0,0,0,24,0,0,0,0,24,17.28,8.64,8.64,319.68,24,17.28,8.64,8.64,319.68,24,17.28,8.64,8.64,319.68,24,0,0,0,0,74.70363054,60.85233238,0,44.42220263,30768.40991,449.7738565,366.3782873,0,267.4561497,142587.9896,72,51.84,25.92,25.92,959.04,48,0,0,0,0,0,0,0,0,0,24,0,0,0,0,24,20.708,0,10.354,32097.4,24,19.07066667,0,11.4424,54923.52,0,0,0,0,0,0,0,0,0,0,0,0,0,0,0,0,0,0,0,0,69.5,35,63.5,20,69,33.2,60.5,19,69,35,63,20,0,0,0,18.2,0,346.4041,346.4041,346.4041,0,291,291,291,0,216.43652,216.43652,216.96041,0,0,0,216.43652,0,261982.0635,18823.87205,19900.51038,0,0,57303.46128,0,0,0,0,25099.48962,0,0,0,30768.40991,0,0,0,0,0,165,0,0,0,0,0,0,0,0,0,0,0,390.5919113,328.0972055,0,246.0729041,93721.68,0,23.8,0,0,23.8,0,0,25.3,0,0,63,0,0,0,0,0,16,0,0,346.4041,0,0,291,0,0,216.43652,0,0,224.23723,0,348.76897,348.76897,0,348.76897,0,380.11364,0,0,0,0,0,0,0,117488.5,0,0,0,0,0,0,0,0,0,0,0,0,0,0,0,28.5,216.43652,0
19-06-2023,111.6979036,779.9762002,891.6741038,78.74684371,970.4209475,189.2368437,76.12908058,0,402.5740962,478.7031768,0,478.7031768,120,0,0,0,0,0,0,0,76.12733333,0,0,0,117.1778652,117.1778652,48.76840991,165.9462751,30.76840991,0,30.76840991,30.76840991,0,0,0,0,0,0,0,0,0,0,0,8.58762,26.981203,104.5307475,140.0995705,29.9784338,170.0780043,38.4684338,0,0,261.9820635,0,0,0,0,0,0,0,0,0,0,66.296367,89.39712425,155.6934913,0,155.6934913,45,0,0,89.940441,65.75305025,140.0995705,140.59378,0,0,117.1778652,117.1778652,0,117.1778652,0,23456.1852,93.72168,23.4561852,0,0,0,0,0,0,0,0,0,0,0,0,0,0,0,0,0,0,0,0,0,0,0,0,0,0,0,0,0,0,0,0,0,0,0,0,0,0,0,0,0,0,0,0,0,0,0,0,0,0,0,0,0,0,0,0,0,0,0,0,0,0,0,0,0,96,87.24433333,0,48.85682667,325527.216,24,17.755,0,9.2326,30467.58,48,38.32666667,0,0,0,96,64.355,0,18.0372854,43289.48496,816,681.3547692,0,517.8296246,297808.8295,312,262.028,0,199.14128,57471.18593,288,239.2956522,0,174.6858261,90740.1415,302.3982571,229.4233583,0,167.4790516,99451.42981,96,87.83104167,43.90788333,43.90788333,2069.184783,72,65.93725,37.583245,37.583245,1426.54389,24,0,0,0,0,24,21.84733333,0,12.23450667,83194.64533,24,21.75066667,0,12.18037333,76127.33333,24,21.75066667,0,12.18037333,82826.53867,24,21.89566667,0,12.26157333,83378.69867,24,17.404,0,10.4424,50123.52,24,17.755,0,9.2326,30467.58,0,0,0,0,0,24,20.89133333,0,0,0,24,18.0925,0,0,0,24,20.23416667,0,0,0,24,0,0,0,0,24,22.46,0,6.410085398,15384.20496,24,19.535,0,0,0,24,22.36,0,11.6272,27905.28,0,0,0,0,0,0,0,0,0,0,0,0,0,0,0,24,20.708,0,5.79824,12582.1808,72,62.30733333,0,16.15224,44679.5808,24,13.98333333,0,6.992820434,15384.20496,0,0,0,0,0,24,21.81333333,11.34293333,11.34293333,419.6885333,24,22.25395833,10.6819,10.6819,619.5502,24,21.8525,10.4892,10.4892,608.3736,24,21.91125,11.39385,11.39385,421.57245,24,22.024,12.77392,12.77392,408.76544,24,21.90125,12.702725,12.702725,533.51445,24,22.012,12.1066,12.1066,484.264,24,0,0,0,0,24,0,0,0,0,24,17.28,8.64,8.64,319.68,24,17.28,8.64,8.64,319.68,24,17.28,8.64,8.64,319.68,24,0,0,0,0,107.2573918,89.11884553,0,65.05675724,48768.40991,391.7325882,325.4857818,0,237.6046207,123423.1614,72,51.84,25.92,25.92,959.04,48,0,0,0,0,0,0,0,0,0,24,0,0,0,0,24,20.708,0,10.354,32097.4,24,17.404,0,10.4424,50123.52,0,0,0,0,0,0,0,0,0,0,0,0,0,0,0,0,0,0,0,0,69.5,35,63.5,20,69,33.2,60.5,19,69,35,63,20,0,0,0,17,0,346.4041,346.4041,346.4041,0,291,291,291,0,216.43652,216.43652,216.96041,0,0,0,216.43652,0,261982.0635,18656.1474,0,0,0,57471.18593,0,0,0,0,0,0,0,0,30768.40991,0,0,0,0,0,120,45,0,0,0,0,0,0,0,0,0,0,390.5919113,328.0972055,0,246.0729041,93721.68,0,23.8,0,0,23.8,0,0,25,0,0,63,0,0,0,0,0,16,0,0,346.4041,0,0,291,0,0,216.43652,0,0,224.23723,0,348.76897,348.76897,0,348.76897,0,380.11364,0,17170.6186,0,0,0,0,0,123423.1614,0,0,0,0,0,0,0,0,0,0,65.12839745,54.11438313,54.11438313,39.50349969,18000,28.5,216.43652,18000
20-06-2023,89.71115416,801.9150204,891.6261745,87.23684371,978.8630182,189.2368437,76.12790873,0,406.9228481,483.0507568,0,483.0507568,120,0,0,0,0,0,0,0,76.12733333,0,0,0,109.7787852,109.7787852,48.76840991,158.5471951,30.76840991,0,30.76840991,30.76840991,0,0,0,0,0,0,0,0,0,0,0,1.402577002,12.18066844,126.5163251,140.0995705,38.4684338,178.5680043,38.4684338,0,0,261.4048435,0,0,0,0,0,0,0,0,0,0,95.298034,63.399028,158.697062,0,158.697062,45,0,0,95.7174845,62.9795775,140.0995705,145.51858,0,0,109.7787852,109.7787852,0,109.7787852,0,23456.1852,86.3226,23.4561852,0,0,0,0,0,0,0,0,0,0,0,0,0,0,0,0,0,0,0,0,0,0,0,0,0,0,0,0,0,0,0,0,0,0,0,0,0,0,0,0,0,0,0,0,0,0,0,0,0,0,0,0,0,0,0,0,0,0,0,0,0,0,0,0,0,96,87.24433333,0,48.85682667,325527.216,24,17.755,0,9.2326,30467.58,48,38.33708333,0,0,0,96,83.9775,0,18.0892854,43414.28496,816,702.2778462,0,533.7311631,311267.6395,312,260.1162353,0,197.6883388,57051.87431,288,239.2956522,0,174.6858261,84645.65438,301.0294531,228.286036,0,166.6488063,96853.99846,96,87.83104167,43.90788333,43.90788333,2069.184783,72,65.28683333,37.20600333,37.20600333,1410.69974,24,0,0,0,0,24,21.84733333,0,12.23450667,83194.64533,24,21.75066667,0,12.18037333,76127.33333,24,21.75066667,0,12.18037333,82826.53867,24,21.89566667,0,12.26157333,83378.69867,24,19.07066667,0,11.4424,54923.52,24,17.755,0,9.2326,30467.58,0,0,0,0,0,24,20.89133333,0,0,0,24,20.33208333,0,0,0,24,18.005,0,0,0,24,22.46,0,11.6792,28030.08,24,19.6225,0,6.410085398,15384.20496,24,22.36,0,0,0,24,19.535,0,0,0,0,0,0,0,0,0,0,0,0,0,0,0,0,0,0,24,19.758,0,5.53224,12004.9608,72,61.35733333,0,15.88624,44102.3608,24,13.98333333,0,6.992820434,15384.20496,0,0,0,0,0,24,21.81333333,11.34293333,11.34293333,419.6885333,24,22.25395833,10.6819,10.6819,619.5502,24,21.8525,10.4892,10.4892,608.3736,24,21.91125,11.39385,11.39385,421.57245,24,22.024,12.77392,12.77392,408.76544,24,21.25083333,12.32548333,12.32548333,517.6703,24,22.012,12.1066,12.1066,484.264,24,0,0,0,0,24,0,0,0,0,24,17.28,8.64,8.64,319.68,24,17.28,8.64,8.64,319.68,24,17.28,8.64,8.64,319.68,24,0,0,0,0,107.2573918,89.11884553,0,65.05675724,48768.40991,390.3637843,324.3484595,0,236.7743754,114731.2429,72,51.84,25.92,25.92,959.04,48,0,0,0,0,0,0,0,0,0,24,0,0,0,0,24,20.708,0,10.354,32097.4,24,19.07066667,0,11.4424,54923.52,0,0,0,0,0,0,0,0,0,0,0,0,0,0,0,0,0,0,0,0,70,35,63.5,20,69,33.2,60.5,19,69,35,63,20,0,0,0,17,0,346.4041,346.4041,346.4041,0,291,291,291,0,216.43652,216.43652,216.96041,0,0,0,216.43652,0,261404.8435,19075.45902,0,0,0,57051.87431,0,0,0,0,0,0,0,0,30768.40991,0,0,0,0,0,120,45,0,0,0,0,0,0,0,0,0,0,359.7557078,302.1947945,0,226.6460959,86322.6,0,23.8,0,0,23.8,0,0,26.8,0,0,63,0,0,0,0,0,16,0,0,346.4041,0,0,291,0,0,216.43652,0,0,224.23723,0,348.76897,348.76897,0,348.76897,0,380.11364,0,30787.33706,0,0,0,0,0,114731.2429,0,0,0,0,0,0,0,0,0,0,65.12839745,54.11438313,54.11438313,39.50349969,18000,28.5,216.43652,18000
21-06-2023,104.7584535,781.2024699,885.9609234,75.3832882,961.3442116,177.3832882,76.12681846,0,404.0713517,480.1981701,0,480.1981701,120,0,0,0,0,0,0,0,76.12733333,0,0,0,109.7787852,109.7787852,36.91485441,146.6936396,18.91485441,0,18.91485441,18.91485441,0,0,0,0,0,0,0,0,0,0,0,0,28.631635,107.4412327,136.0728677,38.4684338,174.5413015,38.4684338,0,0,262.0934568,0,0,0,0,0,0,0,0,0,0,116.200013,43.71108738,159.9111004,0,159.9111004,60,0,0,116.8121682,43.09893221,136.0728677,141.97738,0,0,109.7787852,109.7787852,0,109.7787852,0,23456.1852,86.3226,23.4561852,0,0,0,0,0,0,0,0,0,0,0,0,0,0,0,0,0,0,0,0,0,0,0,0,0,0,0,0,0,0,0,0,0,0,0,0,0,0,0,0,0,0,0,0,0,0,0,0,0,0,0,0,0,0,0,0,0,0,0,0,0,0,0,0,0,96,87.24433333,0,48.85682667,325527.216,24,17.755,0,9.2326,30467.58,48,38.32666667,0,0,0,96,64.4425,0,14.14429467,33946.3072,816,702.2778462,0,533.7311631,310244.1462,312,258.2044706,0,196.2353976,56632.56269,288,242.9478261,0,177.351913,77286.10243,304.0034425,234.6122033,0,171.2669084,90950.21317,96,87.36229167,43.66413333,43.66413333,2060.166033,72,43.25991667,24.44999167,24.44999167,1003.405117,24,0,0,0,0,24,21.84733333,0,12.23450667,83194.64533,24,21.75066667,0,12.18037333,76127.33333,24,21.75066667,0,12.18037333,82826.53867,24,21.89566667,0,12.26157333,83378.69867,24,19.07066667,0,11.4424,54923.52,24,17.755,0,9.2326,30467.58,0,0,0,0,0,24,20.89133333,0,5.849573333,12693.57413,24,18.0925,0,0,0,24,20.23416667,0,0,0,24,19.6225,0,10.2037,24488.88,24,22.46,0,3.940594668,9457.427204,24,0,0,0,0,24,22.36,0,0,0,0,0,0,0,0,0,0,0,0,0,0,0,0,0,0,24,0,0,0,0,72,41.59933333,0,16.20357333,44790.97413,24,13.98333333,0,4.298830547,9457.427204,0,0,0,0,0,24,21.81333333,11.34293333,11.34293333,419.6885333,24,22.25395833,10.6819,10.6819,619.5502,24,21.8525,10.4892,10.4892,608.3736,24,21.4425,11.1501,11.1501,412.5537,24,0,0,0,0,24,21.90125,12.702725,12.702725,533.51445,24,21.35866667,11.74726667,11.74726667,469.8906667,24,0,0,0,0,24,0,0,0,0,24,17.28,8.64,8.64,319.68,24,17.28,8.64,8.64,319.68,24,17.28,8.64,8.64,319.68,24,0,0,0,0,79.68662438,67.22115333,0,49.07144193,36914.85441,422.2826588,356.2244929,0,260.0438798,113321.4612,72,51.84,25.92,25.92,959.04,48,0,0,0,0,0,0,0,0,0,24,0,0,0,0,24,20.708,0,10.354,32097.4,24,19.07066667,0,11.4424,54923.52,0,0,0,0,0,0,0,0,0,0,0,0,0,0,0,0,0,0,0,0,70,35,63.5,20,69,33.2,60.5,19,69,35,63,20,0,0,0,17,0,346.4041,346.4041,346.4041,0,291,291,291,0,216.43652,216.43652,216.96041,0,0,0,216.43652,0,262093.4568,19494.77064,0,0,0,56632.56269,0,0,0,0,0,0,0,0,18914.85441,0,0,0,0,0,120,60,0,0,0,0,0,0,0,0,0,0,359.7557078,302.1947945,0,226.6460959,86322.6,0,23.8,0,0,23.8,0,0,29.8,0,0,63,0,0,0,0,0,16,0,0,346.4041,0,0,291,0,0,216.43652,0,0,224.23723,0,348.76897,348.76897,0,348.76897,0,380.11364,0,28655.91881,0,0,0,0,0,113321.4612,0,0,0,0,0,0,0,0,0,0,64.14933854,54.11438313,54.11438313,39.50349969,18000,26.7,216.43652,18000
22-06-2023,105.7142127,813.2117515,918.9259643,89.23684371,1008.162808,189.2368437,76.12785071,0,433.6860154,509.8138661,0,509.8138661,120,0,0,0,0,0,0,0,76.12733333,0,0,0,109.7787852,109.7787852,30.76840991,140.5471951,30.76840991,0,30.76840991,30.76840991,0,0,0,0,0,0,0,0,0,0,0,0,29.586362,108.6658082,138.2521702,38.4684338,176.720604,38.4684338,0,0,262.0934568,0,0,0,0,0,0,0,0,0,0,121.000009,40.0811337,161.0811427,20,181.0811427,40,0,0,121.7380066,39.34313612,138.2521702,171.593076,0,0,109.7787852,109.7787852,0,109.7787852,0,23456.1852,86.3226,23.4561852,0,0,0,0,0,0,0,0,0,0,0,0,0,0,0,0,0,0,0,0,0,0,0,0,0,0,0,0,0,0,0,0,0,0,0,0,0,0,0,0,0,0,0,0,0,0,0,0,0,0,0,0,0,0,0,0,0,0,0,0,0,0,0,0,0,96,87.24433333,0,48.85682667,325527.216,24,17.755,0,9.2326,30467.58,48,38.33708333,0,6.451612903,20000,96,64.4425,0,29.7164854,71319.56496,816,712.7393846,0,541.6819323,320660.5081,312,258.9691765,0,196.8165741,56800.28734,288,237.2086957,0,173.1623478,94484.00662,239.3142663,197.1091144,0,143.8896535,88637.47399,96,87.83104167,43.90788333,43.90788333,2069.184783,72,43.91325,24.809325,24.809325,1017.77845,24,0,0,0,0,24,21.84733333,0,12.23450667,83194.64533,24,21.75066667,0,12.18037333,76127.33333,24,21.75066667,0,12.18037333,82826.53867,24,21.89566667,0,12.26157333,83378.69867,24,19.07066667,0,11.06098667,53092.736,24,17.755,0,9.2326,30467.58,0,0,0,0,0,24,20.89133333,0,5.849573333,12693.57413,24,20.33208333,0,6.451612903,20000,24,18.005,0,0,0,24,22.46,0,11.6792,28030.08,24,19.6225,0,6.410085398,15384.20496,24,0,0,0,0,24,22.36,0,11.6272,27905.28,0,0,0,0,0,0,0,0,0,0,0,0,0,0,0,24,0,0,0,0,72,41.59933333,0,16.20357333,44790.97413,24,13.98333333,0,6.992820434,15384.20496,0,0,0,0,0,24,21.81333333,11.34293333,11.34293333,419.6885333,24,22.25395833,10.6819,10.6819,619.5502,24,21.8525,10.4892,10.4892,608.3736,24,21.91125,11.39385,11.39385,421.57245,24,0,0,0,0,24,21.90125,12.702725,12.702725,533.51445,24,22.012,12.1066,12.1066,484.264,24,0,0,0,0,24,0,0,0,0,24,17.28,8.64,8.64,319.68,24,17.28,8.64,8.64,319.68,24,17.28,8.64,8.64,319.68,24,0,0,0,0,62.92155127,51.82478856,0,37.83209565,30768.40991,464.392715,382.4930215,0,279.2199057,152353.0707,72,51.84,25.92,25.92,959.04,48,0,0,0,0,0,0,0,0,0,24,0,0,0,0,24,20.708,0,10.354,32097.4,24,19.07066667,0,11.06098667,53092.736,0,0,0,0,0,0,0,0,0,0,0,0,0,0,0,0,0,0,0,0,70,35,63.5,20,69,33.2,60.5,19,69,35,63,20,0,0,0,15.5,0,346.4041,346.4041,346.4041,0,291,291,291,0,216.43652,216.43652,216.96041,0,0,0,216.43652,0,262093.4568,19327.04599,20000,0,0,56800.28734,0,0,0,0,0,0,0,0,30768.40991,0,0,0,0,0,120,60,0,0,0,0,0,0,0,0,0,0,359.7557078,302.1947945,0,226.6460959,86322.6,0,23.8,0,0,23.8,0,0,23.8,0,0,63,0,0,0,0,0,16,0,0,346.4041,0,0,291,0,0,216.43652,0,0,224.23723,0,348.76897,348.76897,0,348.76897,0,380.11364,0,19240.00531,0,0,0,0,0,152353.0707,0,0,0,0,0,0,0,0,0,0,0,0,0,0,0,28.5,216.43652,0
23-06-2023,90.02393002,797.167029,887.190959,78.74406713,965.9350261,160.7440671,76.12906402,0,402.1868261,478.3158901,0,478.3158901,100,0,0,0,0,0,0,0,76.12733333,0,0,0,112.2451452,112.2451452,48.76840991,161.0135551,30.76840991,0,30.76840991,30.76840991,0,0,0,0,0,0,0,0,0,0,0,0,13.894866,124.3573042,138.2521702,29.97565722,168.2278274,29.97565722,0,0,261.9820635,0,0,0,0,0,0,0,0,0,0,123.422203,34.95555046,158.3777535,0,158.3777535,40,0,0,125.1306038,33.24714971,138.2521702,140.2064933,0,0,112.2451452,112.2451452,0,112.2451452,0,23456.1852,88.78896,23.4561852,0,0,0,0,0,0,0,0,0,0,0,0,0,0,0,0,0,0,0,0,0,0,0,0,0,0,0,0,0,0,0,0,0,0,0,0,0,0,0,0,0,0,0,0,0,0,0,0,0,0,0,0,0,0,0,0,0,0,0,0,0,0,0,0,0,96,87.24433333,0,48.85682667,325527.216,24,17.755,0,9.2326,30467.58,48,38.32666667,0,11.33113333,35126.51333,96,42.0825,0,23.0238708,55257.28991,816,697.0470769,0,529.7557785,307944.0163,312,261.2632941,0,198.5601035,57303.46128,288,236.1652174,0,172.4006087,86776.25068,288.5595783,214.7884534,0,156.795571,93060.57177,96,87.83104167,43.90788333,43.90788333,2069.184783,72,43.26283333,24.43208333,24.43208333,1001.9343,24,0,0,0,0,24,21.84733333,0,12.23450667,83194.64533,24,21.75066667,0,12.18037333,76127.33333,24,21.75066667,0,12.18037333,82826.53867,24,21.89566667,0,12.26157333,83378.69867,24,17.404,0,10.4424,50123.52,24,17.755,0,9.2326,30467.58,0,0,0,0,0,24,11.308,0,0,0,24,18.0925,0,0,0,24,20.23416667,0,11.33113333,35126.51333,24,19.6225,0,10.2037,24488.88,24,22.46,0,12.8201708,30768.40991,24,0,0,0,0,24,0,0,0,0,0,0,0,0,0,0,0,0,0,0,0,0,0,0,0,24,20.708,0,5.79824,12582.1808,72,52.724,0,5.79824,12582.1808,24,13.98333333,0,0,0,0,0,0,0,0,24,21.81333333,11.34293333,11.34293333,419.6885333,24,22.25395833,10.6819,10.6819,619.5502,24,21.8525,10.4892,10.4892,608.3736,24,21.91125,11.39385,11.39385,421.57245,24,0,0,0,0,24,21.25083333,12.32548333,12.32548333,517.6703,24,22.012,12.1066,12.1066,484.264,24,0,0,0,0,24,0,0,0,0,24,17.28,8.64,8.64,319.68,24,17.28,8.64,8.64,319.68,24,17.28,8.64,8.64,319.68,24,0,0,0,0,108.6791179,89.11884553,0,65.05675724,48768.40991,375.2605414,307.7204421,0,224.6359228,113068.4125,72,51.84,25.92,25.92,959.04,48,0,0,0,0,0,0,0,0,0,24,0,0,0,0,24,20.708,0,0,0,24,17.404,0,10.4424,50123.52,0,0,0,0,0,0,0,0,0,0,0,0,0,0,0,0,0,0,0,0,70,35,63.5,20,69,33.2,60.5,19,69,35,63,20,0,0,0,17,0,346.4041,346.4041,346.4041,0,291,291,291,0,216.43652,216.43652,216.96041,0,0,0,216.43652,0,261982.0635,18823.87205,0,0,0,57303.46128,0,0,0,0,0,0,0,0,30768.40991,0,0,0,0,0,100,40,0,0,0,0,0,0,0,0,0,0,370.0344423,310.8289315,0,233.1216986,88788.96,0,23.8,0,0,23.8,0,0,25.8,0,0,63,0,0,0,0,0,16,0,0,346.4041,0,0,291,0,0,216.43652,0,0,224.23723,0,348.76897,348.76897,0,348.76897,0,380.11364,0,27138.0808,0,0,0,0,0,113068.4125,0,0,0,0,0,0,0,0,0,0,65.99169223,54.11438313,54.11438313,39.50349969,18000,28.5,216.43652,18000
24-06-2023,120.9941531,716.2860754,837.2802286,86.47076371,923.7509923,189.2368437,101.4298101,0,359.26708,460.6968901,0,460.6968901,120,0,0,0,0,0,0,0,101.9562947,0,0,0,71.93448,71.93448,48.00232991,119.9368099,30.76840991,0,30.76840991,30.76840991,0,0,0,0,0,0,0,0,0,0,0,0,19.564343,124.9341731,144.4985161,38.4684338,182.9669499,38.4684338,0,0,214.0627355,0,0,0,0,0,0,0,0,0,0,99.346304,60.80403837,160.1503424,0,160.1503424,60,0,0,125.0728763,35.07746612,144.4985161,144.67786,0,0,71.93448,71.93448,0,71.93448,0,27540,44.39448,27.54,0,0,0,0,0,0,0,0,0,0,0,0,0,0,0,0,0,0,0,0,0,0,0,0,0,0,0,0,0,0,0,0,0,0,0,0,0,0,0,0,0,0,0,0,0,0,0,0,0,0,0,0,0,0,0,0,0,0,0,0,0,0,0,0,0,96,72.836,0,42.24488,280326.7213,24,17.755,0,9.2326,30467.58,48,38.33708333,0,10.0828,31256.68,96,61.605,0,24.4993708,58798.48991,816,681.3547692,0,517.8296246,276015.6656,312,258.5868235,0,196.5259859,56716.42502,288,234.6,0,171.258,93444.92153,303.3786654,226.2209006,0,165.1412574,99756.12787,96,87.83104167,43.90788333,43.90788333,2069.184783,72,43.25991667,24.44999167,24.44999167,1003.405117,24,0,0,0,0,24,21.84733333,0,12.67145333,86165.88267,24,21.75066667,0,12.61538667,78846.16667,24,21.75066667,0,12.61538667,85784.62933,24,7.487333333,0,4.342653333,29530.04267,24,19.07066667,0,11.4424,54923.52,24,17.755,0,9.2326,30467.58,0,0,0,0,0,24,0,0,0,0,24,20.33208333,0,0,0,24,18.005,0,10.0828,31256.68,24,22.46,0,11.6792,28030.08,24,16.785,0,12.8201708,30768.40991,24,0,0,0,0,24,22.36,0,0,0,0,0,0,0,0,0,0,0,0,0,0,0,0,0,0,24,20.708,0,5.79824,12582.1808,72,41.416,0,13.25312,35692.3088,24,0,0,0,0,0,0,0,0,0,24,21.81333333,11.34293333,11.34293333,419.6885333,24,22.25395833,10.6819,10.6819,619.5502,24,21.8525,10.4892,10.4892,608.3736,24,21.91125,11.39385,11.39385,421.57245,24,0,0,0,0,24,21.90125,12.702725,12.702725,533.51445,24,21.35866667,11.74726667,11.74726667,469.8906667,24,0,0,0,0,24,0,0,0,0,24,17.28,8.64,8.64,319.68,24,17.28,8.64,8.64,319.68,24,17.28,8.64,8.64,319.68,24,0,0,0,0,107.7177228,87.74506173,0,64.05389506,48002.32991,394.3912804,321.2645639,0,234.5231316,127964.7995,72,51.84,25.92,25.92,959.04,48,0,0,0,0,0,0,0,0,0,24,0,0,0,0,24,20.708,0,7.45488,23110.128,24,19.07066667,0,11.4424,54923.52,0,0,0,0,0,0,0,0,0,0,0,0,0,0,0,0,0,0,0,0,70,35,63.5,20,69,33.2,60.5,19,69,35,63,20,0,0,0,17,0,346.4041,346.4041,346.4041,0,291,291,291,0,216.43652,216.43652,216.96041,0,0,0,216.43652,0,214062.7355,45239.86965,0,0,0,56716.42502,0,0,0,0,0,0,0,0,30768.40991,0,0,0,0,0,120,60,0,0,0,0,0,0,0,0,0,0,185.0172211,155.4144658,0,116.5608493,44394.48,0,23.8,0,0,23.8,0,0,23.8,0,0,63,0,0,0,0,0,16,0,0,346.4041,0,0,291,0,0,216.43652,0,0,224.23723,0,348.76897,348.76897,0,348.76897,0,380.11364,0,16713.0605,0,0,0,0,0,127964.7995,0,0,0,0,0,0,0,0,0,0,63.60463425,51.81127499,51.81127499,37.82223074,17233.92,28.5,216.43652,17233.92
25-06-2023,120.7827641,687.9053556,808.6881197,87.23684371,895.9249634,189.2368437,100.4838871,0,361.3206017,461.8044888,0,461.8044888,120,0,0,0,0,0,0,0,101.9562947,0,0,0,44.39448,44.39448,48.76840991,93.16288991,30.76840991,0,30.76840991,30.76840991,0,0,0,0,0,0,0,0,0,0,0,2.504287,17.79459,126.4376157,146.7364927,38.4684338,185.2049265,38.4684338,0,0,190.4620208,0,0,0,0,0,0,0,0,0,0,119.582098,36.17056021,155.7526582,0,155.7526582,45,0,0,121.731726,34.02093221,146.7364927,169.3861733,0,0,44.39448,44.39448,0,44.39448,0,0,44.39448,0,0,0,0,0,0,0,0,0,0,0,0,0,0,0,0,0,0,0,0,0,0,0,0,0,0,0,0,0,0,0,0,0,0,0,0,0,0,0,0,0,0,0,0,0,0,0,0,0,0,0,0,0,0,0,0,0,0,0,0,0,0,0,0,0,0,96,65.34866667,0,38.77418667,256726.0067,24,17.755,0,9.2326,30467.58,48,38.32666667,0,11.33113333,35126.51333,96,61.6175,0,33.1820708,79636.96991,816,697.0470769,0,529.7557785,297396.9591,312,258.2044706,0,196.2353976,56632.56269,288,234.6,0,171.258,79428.1833,305.4251598,226.9586165,0,165.67979,95115.19359,96,65.55020833,32.34055,32.34055,1636.48105,72,65.93725,37.583245,37.583245,1426.54389,24,0,0,0,0,24,21.84733333,0,13.1084,89137.12,24,21.75066667,0,12.61538667,78846.16667,24,21.75066667,0,13.0504,88742.72,24,0,0,0,0,24,19.07066667,0,11.4424,54923.52,24,17.755,0,9.2326,30467.58,0,0,0,0,0,24,0,0,0,0,24,18.0925,0,0,0,24,20.23416667,0,11.33113333,35126.51333,24,19.6225,0,10.2037,24488.88,24,22.46,0,12.8201708,30768.40991,24,0,0,0,0,24,19.535,0,10.1582,24379.68,0,0,0,0,0,0,0,0,0,0,0,0,0,0,0,24,20.708,0,5.79824,12582.1808,72,41.416,0,13.25312,35692.3088,24,13.98333333,0,0,0,0,0,0,0,0,24,0,0,0,0,24,22.25395833,10.6819,10.6819,619.5502,24,21.385,10.2648,10.2648,595.3584,24,21.91125,11.39385,11.39385,421.57245,24,22.024,12.77392,12.77392,408.76544,24,21.90125,12.702725,12.702725,533.51445,24,22.012,12.1066,12.1066,484.264,24,0,0,0,0,24,0,0,0,0,24,17.28,8.64,8.64,319.68,24,17.28,8.64,8.64,319.68,24,17.28,8.64,8.64,319.68,24,0,0,0,0,109.4042093,89.11884553,0,65.05675724,48768.40991,390.7830848,318.3253878,0,232.3775331,107774.967,72,51.84,25.92,25.92,959.04,48,0,0,0,0,0,0,0,0,0,24,0,0,0,0,24,20.708,0,7.45488,23110.128,24,19.07066667,0,11.4424,54923.52,0,0,0,0,0,0,0,0,0,0,0,0,0,0,0,0,0,0,0,0,70,35,63.5,20,69,33.2,60.5,19,69,35,63,20,0,0,0,17,0,346.4041,346.4041,346.4041,0,291,291,291,0,216.43652,216.43652,216.96041,0,0,0,216.43652,0,190462.0208,45323.73197,0,0,0,56632.56269,0,0,0,0,0,0,0,0,30768.40991,0,0,0,0,0,120,45,0,0,0,0,0,0,0,0,0,0,185.0172211,155.4144658,0,116.5608493,44394.48,0,23.8,0,0,23.8,0,0,28,0,0,63,0,0,0,0,0,16,0,0,346.4041,0,0,291,0,0,216.43652,0,0,224.23723,0,348.76897,348.76897,0,348.76897,0,380.11364,0,61611.20635,0,0,0,0,0,107774.967,0,0,0,0,0,0,0,0,0,0,66.43197929,54.11438313,54.11438313,39.50349969,18000,28.5,216.43652,18000
26-06-2023,141.719281,747.8951652,889.6144462,68.43957047,958.0540167,188.4395705,99.23894797,0,372.5005735,471.7395215,0,471.7395215,120,0,0,0,0,0,0,0,99.23746133,0,0,0,116.32896,116.32896,30.76840991,147.0973699,30.76840991,0,30.76840991,30.76840991,0,0,0,0,0,0,0,0,0,0,0,13.180529,29.299804,99.85721411,142.3375471,37.67116056,180.0087077,37.67116056,0,0,244.1488821,0,0,0,0,0,0,0,0,0,0,119.729416,39.47900162,159.2084176,0,159.2084176,45,0,0,120.5278984,38.68051924,142.3375471,128.353178,0,0,116.32896,116.32896,0,116.32896,0,27540,88.78896,27.54,0,0,0,0,0,0,0,0,0,0,0,0,0,0,0,0,0,0,0,0,0,0,0,0,0,0,0,0,0,0,0,0,0,0,0,0,0,0,0,0,0,0,0,0,0,0,0,0,0,0,0,0,0,0,0,0,0,0,0,0,0,0,0,0,0,96,80.46433333,0,46.2343,254676.8293,24,16.9425,0,8.8101,29073.33,48,38.33708333,0,10.0828,31256.68,96,64.4425,0,18.6597708,44783.44991,816,681.3547692,0,517.8296246,273017.9692,312,259.3515294,0,197.1071624,56884.14966,288,234.6,0,171.258,89443.40516,238.4822399,194.2636579,0,141.8124703,83162.40737,96,66.01770833,21.88305,21.88305,1029.94605,72,65.28683333,37.20600333,37.20600333,1410.69974,24,0,0,0,0,24,21.84733333,0,12.67145333,86165.88267,24,21.75066667,0,12.18037333,76127.33333,24,14.97066667,0,8.682986667,59044.30933,24,21.89566667,0,12.69948667,86356.50933,24,19.07066667,0,11.25169333,54008.128,24,16.9425,0,8.8101,29073.33,0,0,0,0,0,24,20.89133333,0,0,0,24,20.33208333,0,0,0,24,18.005,0,10.0828,31256.68,24,22.46,0,5.8396,14015.04,24,19.6225,0,12.8201708,30768.40991,24,0,0,0,0,24,22.36,0,0,0,0,0,0,0,0,0,0,0,0,0,0,0,0,0,0,24,20.708,0,5.79824,12582.1808,72,62.30733333,0,13.25312,35692.3088,24,13.98333333,0,0,0,0,0,0,0,0,24,0,0,0,0,24,22.25395833,0,0,0,24,21.8525,10.4892,10.4892,608.3736,24,21.91125,11.39385,11.39385,421.57245,24,22.024,12.77392,12.77392,408.76544,24,21.25083333,12.32548333,12.32548333,517.6703,24,22.012,12.1066,12.1066,484.264,24,0,0,0,0,24,0,0,0,0,24,17.28,8.64,8.64,319.68,24,17.28,8.64,8.64,319.68,24,17.28,8.64,8.64,319.68,24,0,0,0,0,69.77811644,56.84009068,0,41.4932662,30768.40991,456.7041235,372.0235673,0,271.5772041,141837.4026,72,51.84,25.92,25.92,959.04,48,0,0,0,0,0,0,0,0,0,24,0,0,0,0,24,20.708,0,7.45488,23110.128,24,19.07066667,0,11.25169333,54008.128,0,0,0,0,0,0,0,0,0,0,0,0,0,0,0,0,0,0,0,0,70,35,63.5,20,69,33.2,60.5,19,69,35,63,20,0,0,0,17,0,346.4041,346.4041,346.4041,0,291,291,291,0,216.43652,216.43652,216.96041,0,0,0,216.43652,0,230664.6575,42353.31167,0,0,0,56884.14966,0,0,13484.22462,0,0,0,0,0,30768.40991,0,0,0,0,0,120,45,0,0,0,0,0,0,0,0,0,0,370.0344423,310.8289315,0,233.1216986,88788.96,0,23.8,0,0,23.8,0,0,23.8,0,0,63,0,0,0,0,0,16,0,0,346.4041,0,0,291,0,0,216.43652,0,0,224.23723,0,348.76897,348.76897,0,348.76897,0,380.11364,0,0,0,0,0,0,0,128353.178,0,0,0,0,0,0,0,0,0,0,0,0,0,0,0,28.5,216.43652,0
27-06-2023,147.2510986,741.1435017,888.3946003,30.76840991,919.1630102,150.7684099,99.2387506,0,380.9256275,480.1643781,0,480.1643781,120,0,0,0,0,0,0,0,99.23746133,0,0,0,121.26168,121.26168,30.76840991,152.0300899,30.76840991,0,30.76840991,30.76840991,0,0,0,0,0,0,0,0,0,0,0,18.428432,29.583916,82.48093678,130.4932848,0,130.4932848,0,0,0,261.9820635,0,0,0,0,0,0,0,0,0,0,118.297003,38.17825438,156.4752574,0,156.4752574,45,0,0,122.7166759,33.7585815,130.4932848,118.9448533,0,0,121.26168,121.26168,0,121.26168,0,27540,93.72168,27.54,0,0,0,0,0,0,0,0,0,0,0,0,0,0,0,0,0,0,0,0,0,0,0,0,0,0,0,0,0,0,0,0,0,0,0,0,0,0,0,0,0,0,0,0,0,0,0,0,0,0,0,0,0,0,0,0,0,0,0,0,0,0,0,0,0,96,87.24433333,0,48.85682667,272510.0107,24,0,0,0,0,48,38.32666667,0,21.46293333,66535.09333,96,64.455,0,34.6575708,83178.16991,816,707.5086154,0,537.7065477,284889.8816,312,259.7338824,0,197.3977506,56968.01199,288,234.6,0,171.258,87669.43377,236.1242418,192.3428719,0,140.4102965,81405.46066,96,65.57708333,33.22598333,33.22598333,1449.634583,72,64.63058333,36.84497833,36.84497833,1400.04469,24,0,0,0,0,24,21.84733333,0,12.23450667,83194.64533,24,21.75066667,0,12.18037333,76127.33333,24,21.75066667,0,12.18037333,82826.53867,24,21.89566667,0,12.26157333,83378.69867,24,0,0,0,0,24,0,0,0,0,0,0,0,0,0,24,20.89133333,0,0,0,24,18.0925,0,10.1318,31408.58,24,20.23416667,0,11.33113333,35126.51333,24,22.46,0,11.6792,28030.08,24,22.46,0,12.8201708,30768.40991,24,0,0,0,0,24,19.535,0,10.1582,24379.68,0,0,0,0,0,0,0,0,0,0,0,0,0,0,0,24,20.708,0,5.79824,12582.1808,72,62.30733333,0,13.25312,35692.3088,24,13.98333333,0,0,0,0,0,0,0,0,24,21.81333333,11.34293333,11.34293333,419.6885333,24,0,0,0,0,24,21.8525,10.4892,10.4892,608.3736,24,21.91125,11.39385,11.39385,421.57245,24,21.37066667,12.39498667,12.39498667,396.6395733,24,21.90125,12.702725,12.702725,533.51445,24,21.35866667,11.74726667,11.74726667,469.8906667,24,0,0,0,0,24,0,0,0,0,24,17.28,8.64,8.64,319.68,24,17.28,8.64,8.64,319.68,24,17.28,8.64,8.64,319.68,24,0,0,0,0,69.77811644,56.84009068,0,41.4932662,30768.40991,454.3461253,370.1027812,0,270.1750303,138306.4845,72,51.84,25.92,25.92,959.04,48,0,0,0,0,0,0,0,0,0,24,0,0,0,0,24,20.708,0,7.45488,23110.128,24,0,0,0,0,0,0,0,0,0,0,0,0,0,0,0,0,0,0,0,0,0,0,0,0,70,35,63.5,20,69,33.2,60.5,19,69,35,63,20,0,0,0,17,0,346.4041,346.4041,346.4041,0,291,291,291,0,216.43652,216.43652,216.96041,0,0,0,216.43652,0,242620.4323,42269.44935,0,0,0,56968.01199,0,0,19361.63119,0,0,0,0,0,30768.40991,0,0,0,0,0,120,45,0,0,0,0,0,0,0,0,0,0,390.5919113,328.0972055,0,246.0729041,93721.68,0,23.8,0,0,23.8,0,0,23.8,0,0,63,0,0,0,0,0,16,0,0,346.4041,0,0,291,0,0,216.43652,0,0,224.23723,0,348.76897,348.76897,0,348.76897,0,380.11364,0,0,0,0,0,0,0,118944.8533,0,0,0,0,0,0,0,0,0,0,0,0,0,0,0,28.5,216.43652,0
28-06-2023,145.2329012,702.2569956,847.4898968,81.91485441,929.4047512,138.9148544,98.1801502,0,338.7374146,436.9175648,0,436.9175648,120,0,0,0,0,0,0,0,98.17726133,0,0,0,121.26168,121.26168,36.91485441,158.1765344,18.91485441,0,18.91485441,18.91485441,0,0,0,0,0,0,0,0,0,0,0,17.286672,29.766079,89.31127853,136.3640295,0,136.3640295,0,0,0,261.9820635,0,0,0,0,0,0,0,0,0,0,0,152.9466225,152.9466225,45,197.9466225,0,0,0,0,152.9466225,136.3640295,76.75824,0,0,121.26168,121.26168,0,121.26168,0,27540,93.72168,27.54,0,0,0,0,0,0,0,0,0,0,0,0,0,0,0,0,0,0,0,0,0,0,0,0,0,0,0,0,0,0,0,0,0,0,0,0,0,0,0,0,0,0,0,0,0,0,0,0,0,0,0,0,0,0,0,0,0,0,0,0,0,0,0,0,0,96,87.24433333,0,48.85682667,325527.216,24,0,0,0,0,48,38.33708333,0,14.51612903,45000,96,81.1275,0,39.86378934,95673.09441,816,712.7393846,0,541.6819323,287567.6091,312,256.6750588,0,195.0730447,56297.1134,288,240.8608696,0,175.8284348,95667.17462,298.7907231,228.0497654,0,166.4763287,97300.52208,96,65.57708333,33.22598333,33.22598333,1449.634583,72,65.93725,37.583245,37.583245,1426.54389,24,0,0,0,0,24,21.84733333,0,12.23450667,83194.64533,24,21.75066667,0,12.18037333,76127.33333,24,21.75066667,0,12.18037333,82826.53867,24,21.89566667,0,12.26157333,83378.69867,24,0,0,0,0,24,0,0,0,0,0,0,0,0,0,24,20.89133333,0,0,0,24,20.33208333,0,7.258064516,22500,24,18.005,0,7.258064516,22500,24,16.785,0,8.7282,20947.68,24,19.6225,0,7.881189337,18914.85441,24,22.36,0,11.6272,27905.28,24,22.36,0,11.6272,27905.28,0,0,0,0,0,0,0,0,0,0,0,0,0,0,0,24,20.708,0,5.79824,12582.1808,72,61.35733333,0,12.91112,34632.1088,24,13.98333333,0,0,0,0,0,0,0,0,24,21.81333333,11.34293333,11.34293333,419.6885333,24,0,0,0,0,24,21.8525,10.4892,10.4892,608.3736,24,21.91125,11.39385,11.39385,421.57245,24,22.024,12.77392,12.77392,408.76544,24,21.90125,12.702725,12.702725,533.51445,24,22.012,12.1066,12.1066,484.264,24,0,0,0,0,24,0,0,0,0,24,17.28,8.64,8.64,319.68,24,17.28,8.64,8.64,319.68,24,17.28,8.64,8.64,319.68,24,0,0,0,0,80.37707493,67.22115333,0,49.07144193,36914.85441,415.5993813,347.5750985,0,253.7298219,138052.8423,72,51.84,25.92,25.92,959.04,48,0,0,0,0,0,0,0,0,0,24,0,0,0,0,24,19.758,0,7.11288,22049.928,24,0,0,0,0,0,0,0,0,0,0,0,0,0,0,0,0,0,0,0,0,0,0,0,0,70,35,63.5,20,69,33.2,60.5,19,69,35,63,20,0,0,0,17,0,346.4041,346.4041,346.4041,0,291,291,291,0,216.43652,216.43652,216.96041,0,0,0,216.43652,0,245687.4612,41880.14794,0,0,0,56297.1134,0,0,16294.6023,0,45000,0,0,0,18914.85441,0,0,0,0,0,120,45,0,0,0,0,0,0,0,0,0,0,390.5919113,328.0972055,0,246.0729041,93721.68,0,23.8,0,0,23.8,0,0,23.8,0,0,63,0,0,0,0,0,16,0,0,346.4041,0,0,291,0,0,216.43652,0,0,224.23723,0,348.76897,348.76897,0,348.76897,0,380.11364,0,0,0,0,0,0,0,76758.24,0,0,0,0,0,0,0,0,0,0,64.70516514,54.11438313,54.11438313,39.50349969,18000,28.5,216.43652,18000
29-06-2023,116.4899591,741.1783359,857.668295,85.39912991,943.0674249,150.7684099,76.1289331,0,399.2899224,475.4188555,0,475.4188555,120,0,0,0,0,0,0,0,76.12733333,0,0,0,93.72168,93.72168,40.39912991,134.1208099,30.76840991,0,30.76840991,30.76840991,0,0,0,0,0,0,0,0,0,0,0,11.824663,28.536363,96.00300353,136.3640295,0,136.3640295,0,0,0,261.4906621,0,0,0,0,0,0,0,0,0,0,0,152.16373,152.16373,45,197.16373,0,0,0,0,152.16373,136.3640295,137.80086,0,0,93.72168,93.72168,0,93.72168,0,0,93.72168,0,0,0,0,0,0,0,0,0,0,0,0,0,0,0,0,0,0,0,0,0,0,0,0,0,0,0,0,0,0,0,0,0,0,0,0,0,0,0,0,0,0,0,0,0,0,0,0,0,0,0,0,0,0,0,0,0,0,0,0,0,0,0,0,0,0,96,76.651,0,44.02256667,292654.248,24,17.755,0,9.2326,30467.58,48,38.32666667,0,14.51612903,45000,96,83.99,0,34.6575708,83178.16991,816,712.7393846,0,541.6819323,322944.1996,312,255.1456471,0,193.9106918,55961.6641,288,239.8173913,0,175.0666957,95929.97762,274.6498804,217.0178218,0,158.4230099,95612.86409,96,65.453125,32.27136667,32.27136667,1638.633667,72,65.28683333,37.20600333,37.20600333,1410.69974,24,0,0,0,0,24,11.254,0,6.52732,44385.776,24,21.75066667,0,12.18037333,76127.33333,24,21.75066667,0,12.61538667,85784.62933,24,21.89566667,0,12.69948667,86356.50933,24,19.07066667,0,11.4424,54923.52,24,17.755,0,9.2326,30467.58,0,0,0,0,0,24,20.89133333,0,10.44566667,32381.56667,24,18.0925,0,7.258064516,22500,24,20.23416667,0,7.258064516,22500,24,22.46,0,11.6792,28030.08,24,22.46,0,12.8201708,30768.40991,24,19.535,0,10.1582,24379.68,24,19.535,0,0,0,0,0,0,0,0,0,0,0,0,0,0,0,0,0,0,24,20.708,0,5.79824,12582.1808,72,41.59933333,0,16.24390667,44963.74747,24,13.98333333,0,0,0,0,0,0,0,0,24,21.34666667,11.10026667,11.10026667,410.7098667,24,22.25395833,10.6819,10.6819,619.5502,24,21.8525,10.4892,10.4892,608.3736,24,0,0,0,0,24,22.024,12.77392,12.77392,408.76544,24,21.25083333,12.32548333,12.32548333,517.6703,24,22.012,12.1066,12.1066,484.264,24,0,0,0,0,24,0,0,0,0,24,0,0,0,0,24,0,0,0,0,24,0,0,0,0,24,0,0,0,0,89.00033646,74.11051568,0,54.10067644,40399.12991,424.8488601,353.7713379,0,258.2530767,141512.9918,72,0,0,0,0,48,0,0,0,0,0,0,0,0,0,24,0,0,0,0,24,0,0,0,0,24,19.07066667,0,11.4424,54923.52,0,0,0,0,0,0,0,0,0,0,0,0,0,0,0,0,0,0,0,0,70,35,63.5,20,69,33.2,60.5,19,69,35,63,20,0,0,0,17,0,346.4041,346.4041,346.4041,0,291,291,291,0,216.43652,216.43652,216.96041,0,0,0,216.43652,0,261490.6621,20165.66923,41287.8682,0,0,55961.6641,0,0,0,0,3712.131799,0,0,0,30768.40991,0,0,0,0,0,120,45,0,0,0,0,0,0,0,0,0,0,390.5919113,328.0972055,0,246.0729041,93721.68,0,23.8,0,0,23.8,0,0,23.8,0,0,63,0,0,0,0,0,16,0,0,346.4041,0,0,291,0,0,216.43652,0,0,224.23723,0,348.76897,348.76897,0,348.76897,0,380.11364,0,0,0,0,0,0,0,137800.86,0,0,0,0,0,0,0,0,0,0,34.77048727,28.95335955,28.95335955,21.13595247,9630.72,28.5,216.43652,9630.72
30-06-2023,129.191617,703.6222348,832.8138518,98.88251695,931.6963687,155.8825169,92.05173496,0,352.3263773,444.3781122,0,444.3781122,100,0,0,0,0,0,0,0,92.04919067,0,0,0,93.72168,93.72168,48.76840991,142.4900899,30.76840991,0,30.76840991,30.76840991,0,0,0,0,0,0,0,0,0,0,0,18.255846,18.884036,103.4237014,140.5635834,25.11410704,165.6776905,25.11410704,0,0,217.1048861,0,0,0,0,0,0,0,0,0,0,0,154.1504761,154.1504761,25,179.1504761,0,0,0,0,154.1504761,140.5635834,135.2240354,0,0,93.72168,93.72168,0,93.72168,0,0,93.72168,0,0,0,0,0,0,0,0,0,0,0,0,0,0,0,0,0,0,0,0,0,0,0,0,0,0,0,0,0,0,0,0,0,0,0,0,0,0,0,0,0,0,0,0,0,0,0,0,0,0,0,0,0,0,0,0,0,0,0,0,0,0,0,0,0,0,96,65.397,0,37.93026,250987.3053,24,17.755,0,8.456471348,27906.35545,48,38.33708333,0,8.064516129,25000,96,83.965,0,34.6510708,83162.56991,816,681.3547692,0,517.8296246,293982.2735,312,255.528,0,194.20128,56045.52643,288,241.3826087,0,176.2093043,88693.32238,296.4957009,226.6675167,0,165.4672872,97425.39986,96,65.91979167,32.51403333,32.51403333,1647.612333,72,64.63058333,36.84497833,36.84497833,1400.04469,24,0,0,0,0,24,0,0,0,0,24,21.75066667,0,12.61538667,78846.16667,24,21.75066667,0,12.61538667,85784.62933,24,21.89566667,0,12.69948667,86356.50933,24,19.07066667,0,11.4424,54923.52,24,17.755,0,8.456471348,27906.35545,0,0,0,0,0,24,20.89133333,0,10.44566667,32381.56667,24,20.33208333,0,8.064516129,25000,24,18.005,0,0,0,24,19.6225,0,10.2037,24488.88,24,19.6225,0,12.8201708,30768.40991,24,22.36,0,11.6272,27905.28,24,22.36,0,0,0,0,0,0,0,0,0,0,0,0,0,0,0,0,0,0,24,20.708,0,5.79824,12582.1808,72,52.80733333,0,20.50294667,58166.77147,24,13.98333333,0,0,0,0,0,0,0,0,24,21.81333333,11.34293333,11.34293333,419.6885333,24,22.25395833,10.6819,10.6819,619.5502,24,21.8525,10.4892,10.4892,608.3736,24,0,0,0,0,24,21.37066667,12.39498667,12.39498667,396.6395733,24,21.90125,12.702725,12.702725,533.51445,24,21.35866667,11.74726667,11.74726667,469.8906667,24,0,0,0,0,24,0,0,0,0,24,0,0,0,0,24,0,0,0,0,24,0,0,0,0,24,0,0,0,0,106.330061,89.11884553,0,65.05675724,48768.40991,387.5476646,324.8168968,0,237.1163346,119350.3123,72,0,0,0,0,48,0,0,0,0,0,0,0,0,0,24,0,0,0,0,24,11.208,0,4.25904,13203.024,24,19.07066667,0,11.4424,54923.52,0,0,0,0,0,0,0,0,0,0,0,0,0,0,0,0,0,0,0,0,70,35,63.5,20,69,33.2,60.5,19,69,35,63,20,0,0,0,17,0,346.4041,346.4041,346.4041,0,291,291,291,0,216.43652,216.43652,216.96041,0,0,0,216.43652,0,217104.8861,36003.66424,25000,0,0,56045.52643,0,0,0,0,0,0,0,0,30768.40991,0,0,0,0,0,100,25,0,0,0,0,0,0,0,0,0,0,390.5919113,328.0972055,0,246.0729041,93721.68,0,23.8,0,0,23.8,0,0,25.8,0,0,63,0,0,0,0,0,16,0,0,346.4041,0,0,291,0,0,216.43652,0,0,224.23723,0,348.76897,348.76897,0,348.76897,0,380.11364,0,15873.72312,0,0,0,0,0,119350.3123,0,0,0,0,0,0,0,0,0,0,64.56530744,54.11438313,54.11438313,39.50349969,18000,28.5,216.43652,18000
,,,,,,,,,,,,,,,,,,,,,,,,,,,,,,,,,,,,,,,,,,,,,,,,,,,,,,,,,,,,,,,,,,,,,,,,,,,,,,,,,,,,,,,,,,,,,,,,,,,,,,,,,,,,,,,,,,,,,,,,,,,,,,,,,,,,,,,,,,,,,,,,,,,,,,,,,,,,,,,,,,,,,,,,,,,,,,,,,,,,,,,,,,,,,,,,,,,,,,,,,,,,,,,,,,,,,,,,,,,,,,,,,,,,,,,,,,,,,,,,,,,,,,,,,,,,,,,,,,,,,,,,,,,,,,,,,,,,,,,,,,,,,,,,,,,,,,,,,,,,,,,,,,,,,,,,,,,,,,,,,,,,,,,,,,,,,,,,,,,,,,,,,,,,,,,,,,,,,,,,,,,,,,,,,,,,,,,,,,,,,,,,,,,,,,,,,,,,,,,,,,,,,,,,,,,,,,,,,,,,,,,,,,,,,,,,,,,,,,,,,,,,,,,,,,,,,,,,,,,,,,,,,,,,,,,,,,,,,,,,,,,,,,,,,,,,,,,,,,,,,,,,,,,,,,,,,,,,,,,,,,,,,,,,,,,,,,,,,,,,,,,,,,,,,,,,,,,,,,,,,,,,,,,
