Fecha;Carguio;Camión;Flota;Material;Origen;Zona;Destino;Tonelaje;Ciclos;Rajo
01-06-2023;CF2;C08;CAT 797 B;Lastre Oxidado;ESP/F07/2120/705;FASE 7;BOT_2380_INT;1385,619995;4;ESPERANZA
01-06-2023;CF2;C08;CAT 797 B;Lastre Sulfurado;ESP/F07/2120/727;FASE 7;BOT_2380_INT;692,8079834;2;ESPERANZA
01-06-2023;CF2;C10;CAT 797 B;Lastre Oxidado;ESP/F07/2120/705;FASE 7;BOT_2380_INT;346,4039917;1;ESPERANZA
01-06-2023;CF2;C10;CAT 797 B;Lastre Sulfurado;ESP/F07/2120/727;FASE 7;BOT_2380_INT;692,8079834;2;ESPERANZA
01-06-2023;CF2;C11;CAT 797 B;Lastre Oxidado;ESP/F07/2120/705;FASE 7;BOT_2380_INT;692,8079834;2;ESPERANZA
01-06-2023;CF2;C11;CAT 797 B;Lastre Sulfurado;ESP/F07/2120/727;FASE 7;BOT_2380_INT;1039,209961;3;ESPERANZA
01-06-2023;CF2;C12;CAT 797 B;Lastre Oxidado;ESP/F07/2120/705;FASE 7;BOT_2380_INT;1039,209961;3;ESPERANZA
01-06-2023;CF2;C12;CAT 797 B;Lastre Oxidado;ESP/F07/2120/705;FASE 7;BOT_INT_RB;346,4039917;1;ESPERANZA
01-06-2023;CF2;C12;CAT 797 B;Lastre Sulfurado;ESP/F07/2120/727;FASE 7;BOT_2380_INT;692,8079834;2;ESPERANZA
01-06-2023;CF2;C13;CAT 797 B;Lastre Sulfurado;ESP/F07/2120/727;FASE 7;BOT_2380_INT;692,8079834;2;ESPERANZA
01-06-2023;CF2;C14;CAT 797 B;Lastre Sulfurado;ESP/F07/2120/727;FASE 7;BOT_2380_INT;346,4039917;1;ESPERANZA
01-06-2023;CF2;C15;CAT 797 B;Lastre Oxidado;ESP/F07/2120/705;FASE 7;BOT_2380_INT;692,8079834;2;ESPERANZA
01-06-2023;CF2;C15;CAT 797 B;Lastre Sulfurado;ESP/F07/2120/727;FASE 7;BOT_2380_INT;346,4039917;1;ESPERANZA
01-06-2023;CF2;C152;CAT 793 F;Lastre Sulfurado;ESP/F07/2120/727;FASE 7;BOT_2380_INT;216,4360046;1;ESPERANZA
01-06-2023;CF2;C16;CAT 797 B;Lastre Oxidado;ESP/F07/2120/705;FASE 7;BOT_2380_INT;692,8079834;2;ESPERANZA
01-06-2023;CF2;C17;CAT 797 F;Lastre Oxidado;ESP/F07/2120/705;FASE 7;BOT_2380_INT;346,4039917;1;ESPERANZA
01-06-2023;CF2;C17;CAT 797 F;Lastre Oxidado;ESP/F07/2120/705;FASE 7;BOT_INT_RB;346,4039917;1;ESPERANZA
01-06-2023;CF2;C18;CAT 797 F;Lastre Oxidado;ESP/F07/2120/705;FASE 7;BOT_2380_INT;692,8079834;2;ESPERANZA
01-06-2023;CF2;C18;CAT 797 F;Lastre Sulfurado;ESP/F07/2120/727;FASE 7;BOT_2380_INT;346,4039917;1;ESPERANZA
01-06-2023;CF2;C19;CAT 797 F;Lastre Sulfurado;ESP/F07/2120/727;FASE 7;BOT_2380_INT;346,4039917;1;ESPERANZA
01-06-2023;CF2;C20;CAT 797 F;Lastre Oxidado;ESP/F07/2120/705;FASE 7;BOT_2380_INT;346,4039917;1;ESPERANZA
01-06-2023;CF2;C21;CAT 797 F;Lastre Oxidado;ESP/F07/2120/705;FASE 7;BOT_2380_INT;1385,619995;4;ESPERANZA
01-06-2023;CF2;C23;CAT 797 F;Lastre Sulfurado;ESP/F07/2120/727;FASE 7;BOT_2380_INT;346,4039917;1;ESPERANZA
01-06-2023;CF2;C24;CAT 797 F;Lastre Sulfurado;ESP/F07/2120/727;FASE 7;BOT_2380_INT;346,4039917;1;ESPERANZA
01-06-2023;CF2;C25;CAT 797 F;Lastre Sulfurado;ESP/F07/2120/727;FASE 7;BOT_INT_RB;346,4039917;1;ESPERANZA
01-06-2023;CF2;C32;CAT 797 F;Lastre Oxidado;ESP/F07/2120/705;FASE 7;BOT_2380_INT;692,8079834;2;ESPERANZA
01-06-2023;CF2;C34;CAT 797 F;Lastre Oxidado;ESP/F07/2120/705;FASE 7;BOT_2380_INT;346,4039917;1;ESPERANZA
01-06-2023;CF2;C34;CAT 797 F;Lastre Oxidado;ESP/F07/2120/705;FASE 7;BOT_INT_RB;346,4039917;1;ESPERANZA
01-06-2023;CF2;C34;CAT 797 F;Lastre Sulfurado;ESP/F07/2120/727;FASE 7;BOT_2380_INT;346,4039917;1;ESPERANZA
01-06-2023;CF2;C36;CAT 797 F;Lastre Oxidado;ESP/F07/2120/705;FASE 7;BOT_2380_INT;692,8079834;2;ESPERANZA
01-06-2023;CF2;C37;CAT 797 F;Lastre Oxidado;ESP/F07/2120/705;FASE 7;BOT_2380_INT;1039,211975;3;ESPERANZA
01-06-2023;CF2;C39;CAT 797 F;Lastre Sulfurado;ESP/F07/2120/727;FASE 7;BOT_2380_INT;346,4039917;1;ESPERANZA
01-06-2023;CF2;C40;CAT 797 F;Lastre Oxidado;ESP/F07/2120/705;FASE 7;BOT_2380_INT;1039,209961;3;ESPERANZA
01-06-2023;CF2;C40;CAT 797 F;Lastre Sulfurado;ESP/F07/2120/727;FASE 7;BOT_2380_INT;346,4039917;1;ESPERANZA
01-06-2023;CF2;C41;CAT 797 F;Lastre Oxidado;ESP/F07/2120/705;FASE 7;BOT_2380_INT;346,4039917;1;ESPERANZA
01-06-2023;CF2;C41;CAT 797 F;Lastre Sulfurado;ESP/F07/2120/727;FASE 7;BOT_2380_INT;346,4039917;1;ESPERANZA
01-06-2023;CF2;C42;CAT 797 F;Lastre Oxidado;ESP/F07/2120/705;FASE 7;BOT_2380_INT;1385,619995;4;ESPERANZA
01-06-2023;CF2;C43;CAT 797 F;Lastre Oxidado;ESP/F07/2120/705;FASE 7;BOT_2380_INT;692,8079834;2;ESPERANZA
01-06-2023;CF2;C43;CAT 797 F;Lastre Sulfurado;ESP/F07/2120/727;FASE 7;BOT_2380_INT;1039,211975;3;ESPERANZA
01-06-2023;CF2;C44;CAT 797 F;Lastre Oxidado;ESP/F07/2120/705;FASE 7;BOT_2380_INT;1039,209961;3;ESPERANZA
01-06-2023;CF2;C44;CAT 797 F;Lastre Sulfurado;ESP/F07/2120/727;FASE 7;BOT_2380_INT;346,4039917;1;ESPERANZA
01-06-2023;CF2;C45;CAT 797 F;Lastre Oxidado;ESP/F07/2120/705;FASE 7;BOT_2380_INT;346,4039917;1;ESPERANZA
01-06-2023;CF2;C45;CAT 797 F;Lastre Sulfurado;ESP/F07/2120/727;FASE 7;BOT_2380_INT;346,4039917;1;ESPERANZA
01-06-2023;CF2;C46;CAT 797 F;Lastre Oxidado;ESP/F07/2120/705;FASE 7;BOT_2380_INT;692,8079834;2;ESPERANZA
01-06-2023;CF2;C46;CAT 797 F;Lastre Sulfurado;ESP/F07/2120/727;FASE 7;BOT_2380_INT;346,4039917;1;ESPERANZA
01-06-2023;CF2;C47;CAT 797 F;Lastre Oxidado;ESP/F07/2120/705;FASE 7;BOT_2380_INT;346,4039917;1;ESPERANZA
01-06-2023;CF2;C47;CAT 797 F;Lastre Oxidado;ESP/F07/2120/705;FASE 7;BOT_INT_RB;346,4039917;1;ESPERANZA
01-06-2023;CF2;C47;CAT 797 F;Lastre Sulfurado;ESP/F07/2120/727;FASE 7;BOT_2380_INT;346,4039917;1;ESPERANZA
01-06-2023;CF2;C49;KOM 930 E;Lastre Oxidado;ESP/F07/2120/705;FASE 7;BOT_2380_INT;291;1;ESPERANZA
01-06-2023;CF2;C49;KOM 930 E;Lastre Sulfurado;ESP/F07/2120/727;FASE 7;BOT_INT_RB;291;1;ESPERANZA
01-06-2023;CF2;C50;KOM 930 E;Lastre Oxidado;ESP/F07/2120/705;FASE 7;BOT_2380_INT;582;2;ESPERANZA
01-06-2023;CF2;C50;KOM 930 E;Lastre Sulfurado;ESP/F07/2120/727;FASE 7;BOT_INT_RB;291;1;ESPERANZA
01-06-2023;CF2;C51;KOM 930 E;Lastre Sulfurado;ESP/F07/2120/727;FASE 7;BOT_2380_INT;582;2;ESPERANZA
01-06-2023;CF2;C53;KOM 930 E;Lastre Oxidado;ESP/F07/2120/705;FASE 7;BOT_2380_INT;291;1;ESPERANZA
01-06-2023;CF2;C54;KOM 930 E;Lastre Oxidado;ESP/F07/2120/705;FASE 7;BOT_2380_INT;291;1;ESPERANZA
01-06-2023;CF2;C54;KOM 930 E;Lastre Sulfurado;ESP/F07/2120/727;FASE 7;BOT_2380_INT;1164;4;ESPERANZA
01-06-2023;CF2;C56;KOM 930 E;Lastre Sulfurado;ESP/F07/2120/727;FASE 7;BOT_2380_INT;582;2;ESPERANZA
01-06-2023;CF2;C57;KOM 930 E;Lastre Sulfurado;ESP/F07/2120/727;FASE 7;BOT_2380_INT;291;1;ESPERANZA
01-06-2023;CF2;C58;KOM 930 E;Lastre Sulfurado;ESP/F07/2120/727;FASE 7;BOT_2380_INT;291;1;ESPERANZA
01-06-2023;CF2;C59;KOM 930 E;Lastre Sulfurado;ESP/F07/2120/727;FASE 7;BOT_2380_INT;291;1;ESPERANZA
01-06-2023;CF2;C60;KOM 930 E;Lastre Sulfurado;ESP/F07/2120/727;FASE 7;BOT_2380_INT;291;1;ESPERANZA
01-06-2023;CF231;C122;CAT 793 C;Lastre Oxidado;ESP/F10/2296/1031;FASE 10;BOT_MIJO;216,4360046;1;ESPERANZA
01-06-2023;CF231;C122;CAT 793 C;Lastre Oxidado;ESP/F10/2296/1031;FASE 10;BOT_RAMPA_SUPERIOR;432,8729858;2;ESPERANZA
01-06-2023;CF231;C123;CAT 793 C;Lastre Oxidado;ESP/F10/2296/1031;FASE 10;BOT_MIJO;432,8729858;2;ESPERANZA
01-06-2023;CF231;C123;CAT 793 C;Lastre Oxidado;ESP/F10/2296/1031;FASE 10;BOT_RAMPA_SUPERIOR;649,309021;3;ESPERANZA
01-06-2023;CF231;C123;CAT 793 C;Lastre Sulfurado;ESP/F10/2296/1040;FASE 10;BOT_RAMPA_SUPERIOR;649,309021;3;ESPERANZA
01-06-2023;CF231;C125;CAT 793 C;Lastre Oxidado;ESP/F10/2296/1031;FASE 10;BOT_RAMPA_SUPERIOR;649,309021;3;ESPERANZA
01-06-2023;CF231;C128;CAT 793 C;Lastre Sulfurado;ESP/F10/2296/1040;FASE 10;BOT_RAMPA_SUPERIOR;649,309021;3;ESPERANZA
01-06-2023;CF231;C129;CAT 793 C;Lastre Oxidado;ESP/F10/2296/1031;FASE 10;BOT_MIJO;216,4360046;1;ESPERANZA
01-06-2023;CF231;C129;CAT 793 C;Lastre Oxidado;ESP/F10/2296/1031;FASE 10;BOT_RAMPA_SUPERIOR;432,8729858;2;ESPERANZA
01-06-2023;CF231;C129;CAT 793 C;Lastre Sulfurado;ESP/F10/2296/1040;FASE 10;BOT_RAMPA_SUPERIOR;649,3089905;3;ESPERANZA
01-06-2023;CF231;C131;CAT 793 C;Lastre Oxidado;ESP/F10/2296/1031;FASE 10;BOT_MIJO;649,309021;3;ESPERANZA
01-06-2023;CF231;C131;CAT 793 C;Lastre Oxidado;ESP/F10/2296/1031;FASE 10;BOT_RAMPA_SUPERIOR;432,8729858;2;ESPERANZA
01-06-2023;CF231;C132;CAT 793 C;Lastre Oxidado;ESP/F10/2296/1031;FASE 10;BOT_MIJO;1082,180054;5;ESPERANZA
01-06-2023;CF231;C132;CAT 793 C;Lastre Oxidado;ESP/F10/2296/1031;FASE 10;BOT_RAMPA_SUPERIOR;865,7459717;4;ESPERANZA
01-06-2023;CF231;C134;CAT 793 C;Lastre Oxidado;ESP/F10/2296/1031;FASE 10;BOT_MIJO;216,4360046;1;ESPERANZA
01-06-2023;CF231;C134;CAT 793 C;Lastre Sulfurado;ESP/F10/2296/1040;FASE 10;BOT_RAMPA_SUPERIOR;649,309021;3;ESPERANZA
01-06-2023;CF231;C135;CAT 793 C;Lastre Sulfurado;ESP/F10/2296/1040;FASE 10;BOT_RAMPA_SUPERIOR;432,8729858;2;ESPERANZA
01-06-2023;CF231;C151;CAT 793 F;Lastre Sulfurado;ESP/F10/2296/1040;FASE 10;BOT_RAMPA_SUPERIOR;216,4360046;1;ESPERANZA
01-06-2023;CF231;C152;CAT 793 F;Lastre Oxidado;ESP/F10/2296/1031;FASE 10;BOT_MIJO;432,8729858;2;ESPERANZA
01-06-2023;CF231;C152;CAT 793 F;Lastre Oxidado;ESP/F10/2296/1031;FASE 10;BOT_RAMPA_SUPERIOR;865,7459717;4;ESPERANZA
01-06-2023;CF231;C152;CAT 793 F;Lastre Sulfurado;ESP/F10/2296/1040;FASE 10;BOT_RAMPA_SUPERIOR;216,4360046;1;ESPERANZA
01-06-2023;CF231;C153;CAT 793 F;Lastre Oxidado;ESP/F10/2296/1031;FASE 10;BOT_MIJO;216,4360046;1;ESPERANZA
01-06-2023;CF231;C153;CAT 793 F;Lastre Oxidado;ESP/F10/2296/1031;FASE 10;BOT_RAMPA_SUPERIOR;216,4360046;1;ESPERANZA
01-06-2023;CF231;C153;CAT 793 F;Lastre Sulfurado;ESP/F10/2296/1040;FASE 10;BOT_RAMPA_SUPERIOR;216,4360046;1;ESPERANZA
01-06-2023;CF231;C154;CAT 793 F;Lastre Oxidado;ESP/F10/2296/1031;FASE 10;BOT_MIJO;649,309021;3;ESPERANZA
01-06-2023;CF231;C154;CAT 793 F;Lastre Oxidado;ESP/F10/2296/1031;FASE 10;BOT_RAMPA_SUPERIOR;1298,619995;6;ESPERANZA
01-06-2023;CF231;C155;CAT 793 F;Lastre Oxidado;ESP/F10/2296/1031;FASE 10;BOT_MIJO;432,8729858;2;ESPERANZA
01-06-2023;CF231;C156;CAT 793 F;Lastre Oxidado;ESP/F10/2296/1031;FASE 10;BOT_MIJO;216,4360046;1;ESPERANZA
01-06-2023;CF231;C156;CAT 793 F;Lastre Oxidado;ESP/F10/2296/1031;FASE 10;BOT_RAMPA_SUPERIOR;1515,060059;7;ESPERANZA
01-06-2023;CF231;C156;CAT 793 F;Lastre Sulfurado;ESP/F10/2296/1040;FASE 10;BOT_RAMPA_SUPERIOR;432,8729858;2;ESPERANZA
01-06-2023;CF231;C159;CAT 793 F;Lastre Sulfurado;ESP/F10/2296/1040;FASE 10;BOT_RAMPA_SUPERIOR;865,7459717;4;ESPERANZA
01-06-2023;CF231;C160;CAT 793 F;Lastre Oxidado;ESP/F10/2296/1031;FASE 10;BOT_RAMPA_SUPERIOR;216,4360046;1;ESPERANZA
01-06-2023;CF231;C161;CAT 793 F;Lastre Oxidado;ESP/F10/2296/1031;FASE 10;BOT_MIJO;432,8729858;2;ESPERANZA
01-06-2023;CF231;C161;CAT 793 F;Lastre Sulfurado;ESP/F10/2296/1040;FASE 10;BOT_RAMPA_SUPERIOR;865,7459717;4;ESPERANZA
01-06-2023;CF231;C162;CAT 793 F;Lastre Oxidado;ESP/F10/2296/1031;FASE 10;BOT_MIJO;649,309021;3;ESPERANZA
01-06-2023;CF231;C162;CAT 793 F;Lastre Sulfurado;ESP/F10/2296/1040;FASE 10;BOT_RAMPA_SUPERIOR;865,7459717;4;ESPERANZA
01-06-2023;CF231;C164;CAT 793 F;Lastre Sulfurado;ESP/F10/2296/1040;FASE 10;BOT_RAMPA_SUPERIOR;649,309021;3;ESPERANZA
01-06-2023;CF232;C123;CAT 793 C;Sulfuro Baja Ley;STOCK_SBL_ESS;ESPERANZA_SUR;CHANCADO-SULFURO;433,92099;2;ESPERANZA_SUR
01-06-2023;CF232;C125;CAT 793 C;Sulfuro Baja Ley;STOCK_SBL_ESS;ESPERANZA_SUR;CHANCADO-SULFURO;1301,76001;6;ESPERANZA_SUR
01-06-2023;CF232;C128;CAT 793 C;Sulfuro Baja Ley;STOCK_SBL_ESS;ESPERANZA_SUR;CHANCADO-SULFURO;216,9600067;1;ESPERANZA_SUR
01-06-2023;CF232;C129;CAT 793 C;Sulfuro Baja Ley;STOCK_SBL_ESS;ESPERANZA_SUR;CHANCADO-SULFURO;433,9200134;2;ESPERANZA_SUR
01-06-2023;CF232;C131;CAT 793 C;Sulfuro Baja Ley;STOCK_SBL_ESS;ESPERANZA_SUR;CHANCADO-SULFURO;216,9600067;1;ESPERANZA_SUR
01-06-2023;CF232;C134;CAT 793 C;Sulfuro Baja Ley;STOCK_SBL_ESS;ESPERANZA_SUR;CHANCADO-SULFURO;867,8409882;4;ESPERANZA_SUR
01-06-2023;CF232;C151;CAT 793 F;Sulfuro Baja Ley;STOCK_SBL_ESS;ESPERANZA_SUR;CHANCADO-SULFURO;216,9600067;1;ESPERANZA_SUR
01-06-2023;CF232;C156;CAT 793 F;Sulfuro Baja Ley;STOCK_SBL_ESS;ESPERANZA_SUR;CHANCADO-SULFURO;433,9200134;2;ESPERANZA_SUR
01-06-2023;CF232;C159;CAT 793 F;Sulfuro Baja Ley;STOCK_SBL_ESS;ESPERANZA_SUR;CHANCADO-SULFURO;433,92099;2;ESPERANZA_SUR
01-06-2023;CF232;C160;CAT 793 F;Sulfuro Baja Ley;STOCK_SBL_ESS;ESPERANZA_SUR;CHANCADO-SULFURO;433,92099;2;ESPERANZA_SUR
01-06-2023;CF232;C161;CAT 793 F;Sulfuro Baja Ley;STOCK_SBL_ESS;ESPERANZA_SUR;CHANCADO-SULFURO;433,92099;2;ESPERANZA_SUR
01-06-2023;CF232;C164;CAT 793 F;Sulfuro Baja Ley;STOCK_SBL_ESS;ESPERANZA_SUR;CHANCADO-SULFURO;1735,681;8;ESPERANZA_SUR
01-06-2023;CF233;C122;CAT 793 C;Sulfuro de Media;STOCK_SME;ESPERANZA;CHANCADO-SULFURO;433,9200134;2;ESPERANZA
01-06-2023;CF233;C123;CAT 793 C;Sulfuro de Media;STOCK_SME;ESPERANZA;CHANCADO-SULFURO;650,8809814;3;ESPERANZA
01-06-2023;CF233;C128;CAT 793 C;Sulfuro de Media;STOCK_SME;ESPERANZA;CHANCADO-SULFURO;650,8809814;3;ESPERANZA
01-06-2023;CF233;C131;CAT 793 C;Sulfuro de Media;STOCK_SME;ESPERANZA;CHANCADO-SULFURO;2386,560059;11;ESPERANZA
01-06-2023;CF233;C134;CAT 793 C;Sulfuro de Media;STOCK_SME;ESPERANZA;CHANCADO-SULFURO;650,8809814;3;ESPERANZA
01-06-2023;CF233;C135;CAT 793 C;Sulfuro de Media;STOCK_SME;ESPERANZA;CHANCADO-SULFURO;1518,719971;7;ESPERANZA
01-06-2023;CF233;C152;CAT 793 F;Sulfuro de Media;STOCK_SME;ESPERANZA;CHANCADO-SULFURO;2820,48999;13;ESPERANZA
01-06-2023;CF233;C153;CAT 793 F;Sulfuro de Media;STOCK_SME;ESPERANZA;CHANCADO-SULFURO;433,92099;2;ESPERANZA
01-06-2023;CF233;C155;CAT 793 F;Sulfuro de Media;STOCK_SME;ESPERANZA;CHANCADO-SULFURO;3254,409912;15;ESPERANZA
01-06-2023;CF233;C156;CAT 793 F;Sulfuro de Media;STOCK_SME;ESPERANZA;CHANCADO-SULFURO;216,9600067;1;ESPERANZA
01-06-2023;CF233;C159;CAT 793 F;Sulfuro de Media;STOCK_SME;ESPERANZA;CHANCADO-SULFURO;867,84198;4;ESPERANZA
01-06-2023;CF233;C160;CAT 793 F;Sulfuro de Media;STOCK_SME;ESPERANZA;CHANCADO-SULFURO;3254,409912;15;ESPERANZA
01-06-2023;CF233;C161;CAT 793 F;Sulfuro de Media;STOCK_SME;ESPERANZA;CHANCADO-SULFURO;433,92099;2;ESPERANZA
01-06-2023;CF234;C122;CAT 793 C;Lastre Oxidado;ESP/F10/2312/1160;FASE 10;BOT_RAMPA_SUPERIOR;432,8720093;2;ESPERANZA
01-06-2023;CF234;C123;CAT 793 C;Lastre Oxidado;ESP/F10/2312/1160;FASE 10;BOT_RAMPA_SUPERIOR;865,7459717;4;ESPERANZA
01-06-2023;CF234;C125;CAT 793 C;Lastre Oxidado;ESP/F10/2312/1160;FASE 10;BOT_RAMPA_SUPERIOR;216,4360046;1;ESPERANZA
01-06-2023;CF234;C128;CAT 793 C;Lastre Oxidado;ESP/F10/2312/1160;FASE 10;BOT_RAMPA_SUPERIOR;649,309021;3;ESPERANZA
01-06-2023;CF234;C129;CAT 793 C;Lastre Oxidado;ESP/F10/2312/1160;FASE 10;BOT_RAMPA_SUPERIOR;1298,617981;6;ESPERANZA
01-06-2023;CF234;C131;CAT 793 C;Lastre Oxidado;ESP/F10/2312/1160;FASE 10;BOT_RAMPA_SUPERIOR;649,3080139;3;ESPERANZA
01-06-2023;CF234;C134;CAT 793 C;Lastre Oxidado;ESP/F10/2312/1160;FASE 10;BOT_RAMPA_SUPERIOR;1298,618958;6;ESPERANZA
01-06-2023;CF234;C135;CAT 793 C;Lastre Oxidado;ESP/F10/2312/1160;FASE 10;BOT_RAMPA_SUPERIOR;216,4360046;1;ESPERANZA
01-06-2023;CF234;C151;CAT 793 F;Lastre Oxidado;ESP/F10/2312/1160;FASE 10;BOT_RAMPA_SUPERIOR;432,8729858;2;ESPERANZA
01-06-2023;CF234;C152;CAT 793 F;Lastre Oxidado;ESP/F10/2312/1160;FASE 10;BOT_RAMPA_SUPERIOR;432,8729858;2;ESPERANZA
01-06-2023;CF234;C153;CAT 793 F;Lastre Oxidado;ESP/F10/2312/1160;FASE 10;BOT_RAMPA_SUPERIOR;1298,619995;6;ESPERANZA
01-06-2023;CF234;C154;CAT 793 F;Lastre Oxidado;ESP/F10/2312/1160;FASE 10;BOT_RAMPA_SUPERIOR;1298,616058;6;ESPERANZA
01-06-2023;CF234;C155;CAT 793 F;Lastre Oxidado;ESP/F10/2312/1160;FASE 10;BOT_RAMPA_SUPERIOR;1515,054993;7;ESPERANZA
01-06-2023;CF234;C156;CAT 793 F;Lastre Oxidado;ESP/F10/2312/1160;FASE 10;BOT_RAMPA_SUPERIOR;1515,054962;7;ESPERANZA
01-06-2023;CF234;C159;CAT 793 F;Lastre Oxidado;ESP/F10/2312/1160;FASE 10;BOT_RAMPA_SUPERIOR;649,309021;3;ESPERANZA
01-06-2023;CF234;C160;CAT 793 F;Lastre Oxidado;ESP/F10/2312/1160;FASE 10;BOT_RAMPA_SUPERIOR;649,309021;3;ESPERANZA
01-06-2023;CF234;C161;CAT 793 F;Lastre Oxidado;ESP/F10/2312/1160;FASE 10;BOT_RAMPA_SUPERIOR;1082,182007;5;ESPERANZA
01-06-2023;CF234;C162;CAT 793 F;Lastre Oxidado;ESP/F10/2312/1160;FASE 10;BOT_RAMPA_SUPERIOR;1731,48999;8;ESPERANZA
01-06-2023;CF234;C164;CAT 793 F;Lastre Oxidado;ESP/F10/2312/1160;FASE 10;BOT_RAMPA_SUPERIOR;432,8729858;2;ESPERANZA
01-06-2023;CF3;C122;CAT 793 C;Sulfuro Baja Ley;STOCK_SBL_ESS;ESPERANZA_SUR;CHANCADO-SULFURO;3471,361053;16;ESPERANZA_SUR
01-06-2023;CF3;C122;CAT 793 C;Sulfuro de Media;STOCK_SME;ESPERANZA;CHANCADO-SULFURO;2820,48999;13;ESPERANZA
01-06-2023;CF3;C123;CAT 793 C;Sulfuro Baja Ley;STOCK_SBL_ESS;ESPERANZA_SUR;CHANCADO-SULFURO;650,8809814;3;ESPERANZA_SUR
01-06-2023;CF3;C125;CAT 793 C;Sulfuro Baja Ley;STOCK_SBL_ESS;ESPERANZA_SUR;CHANCADO-SULFURO;1301,760056;6;ESPERANZA_SUR
01-06-2023;CF3;C125;CAT 793 C;Sulfuro de Media;STOCK_SME;ESPERANZA;CHANCADO-SULFURO;3037,449997;14;ESPERANZA
01-06-2023;CF3;C128;CAT 793 C;Sulfuro Baja Ley;STOCK_SBL_ESS;ESPERANZA_SUR;CHANCADO-SULFURO;1084,800049;5;ESPERANZA_SUR
01-06-2023;CF3;C129;CAT 793 C;Sulfuro Baja Ley;STOCK_SBL_ESS;ESPERANZA_SUR;CHANCADO-SULFURO;867,8410034;4;ESPERANZA_SUR
01-06-2023;CF3;C131;CAT 793 C;Sulfuro Baja Ley;STOCK_SBL_ESS;ESPERANZA_SUR;CHANCADO-SULFURO;2169,600067;10;ESPERANZA_SUR
01-06-2023;CF3;C131;CAT 793 C;Sulfuro de Media;STOCK_SME;ESPERANZA;CHANCADO-SULFURO;216,9600067;1;ESPERANZA
01-06-2023;CF3;C134;CAT 793 C;Sulfuro Baja Ley;STOCK_SBL_ESS;ESPERANZA_SUR;CHANCADO-SULFURO;433,9200134;2;ESPERANZA_SUR
01-06-2023;CF3;C14;CAT 797 B;Sulfuro Baja Ley;STOCK_SBL_ESS;ESPERANZA_SUR;CHANCADO-SULFURO;5542,466064;16;ESPERANZA_SUR
01-06-2023;CF3;C152;CAT 793 F;Sulfuro Baja Ley;STOCK_SBL_ESS;ESPERANZA_SUR;CHANCADO-SULFURO;433,9200134;2;ESPERANZA_SUR
01-06-2023;CF3;C153;CAT 793 F;Sulfuro Baja Ley;STOCK_SBL_ESS;ESPERANZA_SUR;CHANCADO-SULFURO;1735,681046;8;ESPERANZA_SUR
01-06-2023;CF3;C153;CAT 793 F;Sulfuro de Media;STOCK_SME;ESPERANZA;CHANCADO-SULFURO;1084,801987;5;ESPERANZA
01-06-2023;CF3;C155;CAT 793 F;Sulfuro Baja Ley;STOCK_SBL_ESS;ESPERANZA_SUR;CHANCADO-SULFURO;1735,681;8;ESPERANZA_SUR
01-06-2023;CF3;C155;CAT 793 F;Sulfuro de Media;STOCK_SME;ESPERANZA;CHANCADO-SULFURO;650,8809814;3;ESPERANZA
01-06-2023;CF3;C156;CAT 793 F;Sulfuro de Media;STOCK_SME;ESPERANZA;CHANCADO-SULFURO;1518,719971;7;ESPERANZA
01-06-2023;CF3;C159;CAT 793 F;Sulfuro Baja Ley;STOCK_SBL_ESS;ESPERANZA_SUR;CHANCADO-SULFURO;216,9600067;1;ESPERANZA_SUR
01-06-2023;CF3;C160;CAT 793 F;Sulfuro Baja Ley;STOCK_SBL_ESS;ESPERANZA_SUR;CHANCADO-SULFURO;1952,639984;9;ESPERANZA_SUR
01-06-2023;CF3;C160;CAT 793 F;Sulfuro de Media;STOCK_SME;ESPERANZA;CHANCADO-SULFURO;1301,76297;6;ESPERANZA
01-06-2023;CF3;C161;CAT 793 F;Sulfuro Baja Ley;STOCK_SBL_ESS;ESPERANZA_SUR;CHANCADO-SULFURO;1084,801987;5;ESPERANZA_SUR
01-06-2023;CF3;C162;CAT 793 F;Sulfuro Baja Ley;STOCK_SBL_ESS;ESPERANZA_SUR;CHANCADO-SULFURO;1952,639984;9;ESPERANZA_SUR
01-06-2023;CF3;C162;CAT 793 F;Sulfuro de Media;STOCK_SME;ESPERANZA;CHANCADO-SULFURO;1084,801987;5;ESPERANZA
01-06-2023;CF3;C164;CAT 793 F;Sulfuro Baja Ley;STOCK_SBL_ESS;ESPERANZA_SUR;CHANCADO-SULFURO;1301,761978;6;ESPERANZA_SUR
01-06-2023;CF3;C164;CAT 793 F;Sulfuro de Media;STOCK_SME;ESPERANZA;CHANCADO-SULFURO;1518,722961;7;ESPERANZA
01-06-2023;CF3;C18;CAT 797 F;Sulfuro Baja Ley;STOCK_SBL_ESS;ESPERANZA_SUR;CHANCADO-SULFURO;346,4039917;1;ESPERANZA_SUR
01-06-2023;CF3;C19;CAT 797 F;Sulfuro Baja Ley;STOCK_SBL_ESS;ESPERANZA_SUR;CHANCADO-SULFURO;5196,062073;15;ESPERANZA_SUR
01-06-2023;CF3;C19;CAT 797 F;Sulfuro de Media;STOCK_SME;ESPERANZA;CHANCADO-SULFURO;1732,02002;5;ESPERANZA
01-06-2023;CF3;C36;CAT 797 F;Sulfuro Baja Ley;STOCK_SBL_ESS;ESPERANZA_SUR;CHANCADO-SULFURO;1385,613953;4;ESPERANZA_SUR
01-06-2023;CF3;C36;CAT 797 F;Sulfuro de Media;STOCK_SME;ESPERANZA;CHANCADO-SULFURO;1732,02002;5;ESPERANZA
01-06-2023;CF3;C42;CAT 797 F;Sulfuro Baja Ley;STOCK_SBL_ESS;ESPERANZA_SUR;CHANCADO-SULFURO;346,4039917;1;ESPERANZA_SUR
01-06-2023;CF3;C48;CAT 797 F;Sulfuro Baja Ley;STOCK_SBL_ESS;ESPERANZA_SUR;CHANCADO-SULFURO;346,4039917;1;ESPERANZA_SUR
01-06-2023;CF3;C54;KOM 930 E;Sulfuro Baja Ley;STOCK_SBL_ESS;ESPERANZA_SUR;CHANCADO-SULFURO;291;1;ESPERANZA_SUR
01-06-2023;CF3;C59;KOM 930 E;Sulfuro de Media;STOCK_SME;ESPERANZA;CHANCADO-SULFURO;582;2;ESPERANZA
01-06-2023;CF4;C980AHSESPS;Kom 980 AHS;Lastre Oxidado;ESS/F03/2216/312;F03 ESPSUR;BOTADERO_2021;14760;41;ESPERANZA_SUR
01-06-2023;CF4;C980AHSESPS;Kom 980 AHS;Lastre Oxidado;ESS/F03/2216/3231;F03 ESPSUR;BOTADERO_2021;24480;68;ESPERANZA_SUR
01-06-2023;PA1;C08;CAT 797 B;Lastre Oxidado;ESP/F07/2104/703;FASE 7;BOT_2380_INT;692,8079834;2;ESPERANZA
01-06-2023;PA1;C08;CAT 797 B;Lastre Oxidado;ESP/F07/2104/703;FASE 7;BOT_INT_RB;1732,023987;5;ESPERANZA
01-06-2023;PA1;C09;CAT 797 B;Lastre Oxidado;ESP/F07/2104/703;FASE 7;BOT_2380_INT;346,4039917;1;ESPERANZA
01-06-2023;PA1;C09;CAT 797 B;Lastre Oxidado;ESP/F07/2104/703;FASE 7;BOT_INT_RB;1039,211975;3;ESPERANZA
01-06-2023;PA1;C10;CAT 797 B;Lastre Oxidado;ESP/F07/2104/703;FASE 7;BOT_2380_INT;692,8079834;2;ESPERANZA
01-06-2023;PA1;C10;CAT 797 B;Lastre Oxidado;ESP/F07/2104/703;FASE 7;BOT_INT_RB;1385,615967;4;ESPERANZA
01-06-2023;PA1;C11;CAT 797 B;Lastre Oxidado;ESP/F07/2104/703;FASE 7;BOT_2380_INT;1039,209961;3;ESPERANZA
01-06-2023;PA1;C11;CAT 797 B;Lastre Oxidado;ESP/F07/2104/703;FASE 7;BOT_INT_RB;2771,23407;8;ESPERANZA
01-06-2023;PA1;C12;CAT 797 B;Lastre Oxidado;ESP/F07/2104/703;FASE 7;BOT_2380_INT;1732,017944;5;ESPERANZA
01-06-2023;PA1;C12;CAT 797 B;Lastre Oxidado;ESP/F07/2104/703;FASE 7;BOT_INT_RB;346,4039917;1;ESPERANZA
01-06-2023;PA1;C12;CAT 797 B;Lastre Oxidado;ESP/F07/2120/720;FASE 7;BOT_2380_INT;346,4039917;1;ESPERANZA
01-06-2023;PA1;C13;CAT 797 B;Lastre Oxidado;ESP/F07/2104/703;FASE 7;BOT_2380_INT;346,4039917;1;ESPERANZA
01-06-2023;PA1;C13;CAT 797 B;Lastre Oxidado;ESP/F07/2104/703;FASE 7;BOT_INT_RB;1385,619995;4;ESPERANZA
01-06-2023;PA1;C14;CAT 797 B;Lastre Oxidado;ESP/F07/2104/703;FASE 7;BOT_2380_INT;1732,023987;5;ESPERANZA
01-06-2023;PA1;C15;CAT 797 B;Lastre Oxidado;ESP/F07/2104/703;FASE 7;BOT_2380_INT;1732,017944;5;ESPERANZA
01-06-2023;PA1;C15;CAT 797 B;Lastre Oxidado;ESP/F07/2104/703;FASE 7;BOT_INT_RB;1385,615967;4;ESPERANZA
01-06-2023;PA1;C16;CAT 797 B;Lastre Oxidado;ESP/F07/2104/703;FASE 7;BOT_2380_INT;692,8079834;2;ESPERANZA
01-06-2023;PA1;C16;CAT 797 B;Lastre Oxidado;ESP/F07/2104/703;FASE 7;BOT_INT_RB;692,8079834;2;ESPERANZA
01-06-2023;PA1;C17;CAT 797 F;Lastre Oxidado;ESP/F07/2104/703;FASE 7;BOT_2380_INT;1385,615967;4;ESPERANZA
01-06-2023;PA1;C17;CAT 797 F;Lastre Oxidado;ESP/F07/2104/703;FASE 7;BOT_INT_RB;692,8079834;2;ESPERANZA
01-06-2023;PA1;C18;CAT 797 F;Lastre Oxidado;ESP/F07/2104/703;FASE 7;BOT_2380_INT;692,8079834;2;ESPERANZA
01-06-2023;PA1;C18;CAT 797 F;Lastre Oxidado;ESP/F07/2104/703;FASE 7;BOT_INT_RB;346,4039917;1;ESPERANZA
01-06-2023;PA1;C19;CAT 797 F;Lastre Oxidado;ESP/F07/2104/703;FASE 7;BOT_2380_INT;346,4039917;1;ESPERANZA
01-06-2023;PA1;C19;CAT 797 F;Lastre Oxidado;ESP/F07/2104/703;FASE 7;BOT_INT_RB;346,4039917;1;ESPERANZA
01-06-2023;PA1;C20;CAT 797 F;Lastre Oxidado;ESP/F07/2104/703;FASE 7;BOT_2380_INT;1385,613953;4;ESPERANZA
01-06-2023;PA1;C20;CAT 797 F;Lastre Oxidado;ESP/F07/2104/703;FASE 7;BOT_INT_RB;2771,23407;8;ESPERANZA
01-06-2023;PA1;C20;CAT 797 F;Lastre Oxidado;ESP/F07/2120/720;FASE 7;BOT_2380_INT;346,4039917;1;ESPERANZA
01-06-2023;PA1;C21;CAT 797 F;Lastre Oxidado;ESP/F07/2104/703;FASE 7;BOT_2380_INT;692,8079834;2;ESPERANZA
01-06-2023;PA1;C21;CAT 797 F;Lastre Oxidado;ESP/F07/2104/703;FASE 7;BOT_INT_RB;2771,23407;8;ESPERANZA
01-06-2023;PA1;C23;CAT 797 F;Lastre Oxidado;ESP/F07/2104/703;FASE 7;BOT_2380_INT;1385,613953;4;ESPERANZA
01-06-2023;PA1;C23;CAT 797 F;Lastre Oxidado;ESP/F07/2104/703;FASE 7;BOT_INT_RB;692,8079834;2;ESPERANZA
01-06-2023;PA1;C23;CAT 797 F;Lastre Oxidado;ESP/F07/2120/720;FASE 7;BOT_2380_INT;346,4039917;1;ESPERANZA
01-06-2023;PA1;C24;CAT 797 F;Lastre Oxidado;ESP/F07/2104/703;FASE 7;BOT_2380_INT;346,4039917;1;ESPERANZA
01-06-2023;PA1;C24;CAT 797 F;Lastre Oxidado;ESP/F07/2104/703;FASE 7;BOT_INT_RB;1732,02002;5;ESPERANZA
01-06-2023;PA1;C25;CAT 797 F;Lastre Oxidado;ESP/F07/2104/703;FASE 7;BOT_2380_INT;1385,613953;4;ESPERANZA
01-06-2023;PA1;C25;CAT 797 F;Lastre Oxidado;ESP/F07/2104/703;FASE 7;BOT_INT_RB;2078,427979;6;ESPERANZA
01-06-2023;PA1;C32;CAT 797 F;Lastre Oxidado;ESP/F07/2104/703;FASE 7;BOT_2380_INT;692,8079834;2;ESPERANZA
01-06-2023;PA1;C32;CAT 797 F;Lastre Oxidado;ESP/F07/2104/703;FASE 7;BOT_INT_RB;346,4039917;1;ESPERANZA
01-06-2023;PA1;C34;CAT 797 F;Lastre Oxidado;ESP/F07/2104/703;FASE 7;BOT_2380_INT;692,8079834;2;ESPERANZA
01-06-2023;PA1;C34;CAT 797 F;Lastre Oxidado;ESP/F07/2104/703;FASE 7;BOT_INT_RB;2424,828003;7;ESPERANZA
01-06-2023;PA1;C36;CAT 797 F;Lastre Oxidado;ESP/F07/2104/703;FASE 7;BOT_2380_INT;1039,211975;3;ESPERANZA
01-06-2023;PA1;C36;CAT 797 F;Lastre Oxidado;ESP/F07/2104/703;FASE 7;BOT_INT_RB;1385,615967;4;ESPERANZA
01-06-2023;PA1;C37;CAT 797 F;Lastre Oxidado;ESP/F07/2104/703;FASE 7;BOT_2380_INT;2078,421936;6;ESPERANZA
01-06-2023;PA1;C37;CAT 797 F;Lastre Oxidado;ESP/F07/2104/703;FASE 7;BOT_INT_RB;1039,209961;3;ESPERANZA
01-06-2023;PA1;C38;CAT 797 F;Lastre Oxidado;ESP/F07/2104/703;FASE 7;BOT_INT_RB;2424,823914;7;ESPERANZA
01-06-2023;PA1;C39;CAT 797 F;Lastre Oxidado;ESP/F07/2104/703;FASE 7;BOT_2380_INT;692,8079834;2;ESPERANZA
01-06-2023;PA1;C39;CAT 797 F;Lastre Oxidado;ESP/F07/2104/703;FASE 7;BOT_INT_RB;3810,444031;11;ESPERANZA
01-06-2023;PA1;C40;CAT 797 F;Lastre Oxidado;ESP/F07/2104/703;FASE 7;BOT_2380_INT;346,4039917;1;ESPERANZA
01-06-2023;PA1;C40;CAT 797 F;Lastre Oxidado;ESP/F07/2104/703;FASE 7;BOT_INT_RB;346,4039917;1;ESPERANZA
01-06-2023;PA1;C41;CAT 797 F;Lastre Oxidado;ESP/F07/2104/703;FASE 7;BOT_2380_INT;1385,615967;4;ESPERANZA
01-06-2023;PA1;C41;CAT 797 F;Lastre Oxidado;ESP/F07/2104/703;FASE 7;BOT_INT_RB;692,8079834;2;ESPERANZA
01-06-2023;PA1;C42;CAT 797 F;Lastre Oxidado;ESP/F07/2104/703;FASE 7;BOT_2380_INT;346,4039917;1;ESPERANZA
01-06-2023;PA1;C42;CAT 797 F;Lastre Oxidado;ESP/F07/2104/703;FASE 7;BOT_INT_RB;1732,02002;5;ESPERANZA
01-06-2023;PA1;C43;CAT 797 F;Lastre Oxidado;ESP/F07/2104/703;FASE 7;BOT_2380_INT;346,4039917;1;ESPERANZA
01-06-2023;PA1;C43;CAT 797 F;Lastre Oxidado;ESP/F07/2104/703;FASE 7;BOT_INT_RB;1385,613953;4;ESPERANZA
01-06-2023;PA1;C44;CAT 797 F;Lastre Oxidado;ESP/F07/2104/703;FASE 7;BOT_2380_INT;1039,209961;3;ESPERANZA
01-06-2023;PA1;C44;CAT 797 F;Lastre Oxidado;ESP/F07/2104/703;FASE 7;BOT_INT_RB;1385,613953;4;ESPERANZA
01-06-2023;PA1;C45;CAT 797 F;Lastre Oxidado;ESP/F07/2104/703;FASE 7;BOT_2380_INT;1039,211975;3;ESPERANZA
01-06-2023;PA1;C45;CAT 797 F;Lastre Oxidado;ESP/F07/2104/703;FASE 7;BOT_INT_RB;1732,017944;5;ESPERANZA
01-06-2023;PA1;C46;CAT 797 F;Lastre Oxidado;ESP/F07/2104/703;FASE 7;BOT_2380_INT;1039,209961;3;ESPERANZA
01-06-2023;PA1;C46;CAT 797 F;Lastre Oxidado;ESP/F07/2104/703;FASE 7;BOT_INT_RB;2771,23407;8;ESPERANZA
01-06-2023;PA1;C47;CAT 797 F;Lastre Oxidado;ESP/F07/2104/703;FASE 7;BOT_2380_INT;1039,211975;3;ESPERANZA
01-06-2023;PA1;C47;CAT 797 F;Lastre Oxidado;ESP/F07/2104/703;FASE 7;BOT_INT_RB;692,8079834;2;ESPERANZA
01-06-2023;PA1;C47;CAT 797 F;Lastre Oxidado;ESP/F07/2120/720;FASE 7;BOT_2380_INT;346,4039917;1;ESPERANZA
01-06-2023;PA1;C48;CAT 797 F;Lastre Oxidado;ESP/F07/2104/703;FASE 7;BOT_INT_RB;346,4039917;1;ESPERANZA
01-06-2023;PA1;C49;KOM 930 E;Lastre Oxidado;ESP/F07/2104/703;FASE 7;BOT_2380_INT;582;2;ESPERANZA
01-06-2023;PA1;C49;KOM 930 E;Lastre Oxidado;ESP/F07/2104/703;FASE 7;BOT_INT_RB;582;2;ESPERANZA
01-06-2023;PA1;C50;KOM 930 E;Lastre Oxidado;ESP/F07/2104/703;FASE 7;BOT_2380_INT;291;1;ESPERANZA
01-06-2023;PA1;C51;KOM 930 E;Lastre Oxidado;ESP/F07/2104/703;FASE 7;BOT_2380_INT;582;2;ESPERANZA
01-06-2023;PA1;C52;KOM 930 E;Lastre Oxidado;ESP/F07/2104/703;FASE 7;BOT_INT_RB;1164;4;ESPERANZA
01-06-2023;PA1;C53;KOM 930 E;Lastre Oxidado;ESP/F07/2104/703;FASE 7;BOT_2380_INT;291;1;ESPERANZA
01-06-2023;PA1;C53;KOM 930 E;Lastre Oxidado;ESP/F07/2104/703;FASE 7;BOT_INT_RB;582;2;ESPERANZA
01-06-2023;PA1;C54;KOM 930 E;Lastre Oxidado;ESP/F07/2104/703;FASE 7;BOT_2380_INT;873;3;ESPERANZA
01-06-2023;PA1;C56;KOM 930 E;Lastre Oxidado;ESP/F07/2104/703;FASE 7;BOT_2380_INT;291;1;ESPERANZA
01-06-2023;PA1;C56;KOM 930 E;Lastre Oxidado;ESP/F07/2104/703;FASE 7;BOT_INT_RB;291;1;ESPERANZA
01-06-2023;PA1;C57;KOM 930 E;Lastre Oxidado;ESP/F07/2104/703;FASE 7;BOT_2380_INT;873;3;ESPERANZA
01-06-2023;PA1;C57;KOM 930 E;Lastre Oxidado;ESP/F07/2104/703;FASE 7;BOT_INT_RB;1164;4;ESPERANZA
01-06-2023;PA1;C58;KOM 930 E;Lastre Oxidado;ESP/F07/2104/703;FASE 7;BOT_2380_INT;873;3;ESPERANZA
01-06-2023;PA1;C59;KOM 930 E;Lastre Oxidado;ESP/F07/2104/703;FASE 7;BOT_2380_INT;873;3;ESPERANZA
01-06-2023;PA1;C60;KOM 930 E;Lastre Oxidado;ESP/F07/2104/703;FASE 7;BOT_2380_INT;582;2;ESPERANZA
01-06-2023;PA1;C60;KOM 930 E;Lastre Oxidado;ESP/F07/2104/703;FASE 7;BOT_INT_RB;873;3;ESPERANZA
01-06-2023;PA1;C61;KOM 930 E;Lastre Oxidado;ESP/F07/2104/703;FASE 7;BOT_2380_INT;582;2;ESPERANZA
01-06-2023;PA1;C61;KOM 930 E;Lastre Oxidado;ESP/F07/2104/703;FASE 7;BOT_INT_RB;582;2;ESPERANZA
01-06-2023;PA10;C980AHSESPS;Kom 980 AHS;Lastre Oxidado;ESS/F03/2200/304;F03 ESPSUR;BOTADERO_2021;720;2;ESPERANZA_SUR
01-06-2023;PA10;C980AHSESPS;Kom 980 AHS;Lastre Oxidado;ESS/F03/2216/317;F03 ESPSUR;BOTADERO_2021;10800;30;ESPERANZA_SUR
01-06-2023;PA11;C20115ESPS;KOM 980 ESPS;Sulfuro Baja Ley;ESS/F02/2120/209;F02 ESPSUR;CHANCADO-SULFURO;12960;36;ESPERANZA_SUR
01-06-2023;PA11;C20115ESPS;KOM 980 ESPS;Sulfuro de Media;ESS/F02/2120/209;F02 ESPSUR;CHANCADO-SULFURO;11160;31;ESPERANZA_SUR
01-06-2023;PA11;C980AHSESPS;Kom 980 AHS;Sulfuro Baja Ley;ESS/F02/2120/209;F02 ESPSUR;STOCK_SBL_ESS;11880;33;ESPERANZA_SUR
01-06-2023;PA11;C980AHSESPS;Kom 980 AHS;Sulfuro de Media;ESS/F02/2120/209;F02 ESPSUR;STOCK_SME_ESS;5760;16;ESPERANZA_SUR
01-06-2023;PA211;C122;CAT 793 C;Lastre Oxidado;ESP/F10/2296/1030;FASE 10;BOT_RAMPA_SUPERIOR;216,4360046;1;ESPERANZA
01-06-2023;PA211;C123;CAT 793 C;Lastre Oxidado;ESP/F10/2296/1030;FASE 10;BOT_RAMPA_SUPERIOR;216,4360046;1;ESPERANZA
01-06-2023;PA211;C123;CAT 793 C;Lastre Oxidado;ESP/F10/2296/1031;FASE 10;BOT_RAMPA_SUPERIOR;216,4360046;1;ESPERANZA
01-06-2023;PA211;C135;CAT 793 C;Lastre Oxidado;ESP/F10/2296/1030;FASE 10;BOT_RAMPA_SUPERIOR;432,8729858;2;ESPERANZA
01-06-2023;PA211;C135;CAT 793 C;Lastre Oxidado;ESP/F10/2296/1031;FASE 10;BOT_RAMPA_SUPERIOR;216,4360046;1;ESPERANZA
01-06-2023;PA211;C151;CAT 793 F;Lastre Oxidado;ESP/F10/2296/1030;FASE 10;BOT_RAMPA_SUPERIOR;216,4360046;1;ESPERANZA
01-06-2023;PA211;C164;CAT 793 F;Lastre Oxidado;ESP/F10/2296/1031;FASE 10;BOT_RAMPA_SUPERIOR;216,4360046;1;ESPERANZA
01-06-2023;PA211;C24;CAT 797 F;Lastre Oxidado;ESP/F10/2296/1030;FASE 10;BOT_2380_INT;346,4039917;1;ESPERANZA
01-06-2023;PA211;C49;KOM 930 E;Lastre Oxidado;ESP/F10/2296/1030;FASE 10;BOT_RAMPA_SUPERIOR;582;2;ESPERANZA
01-06-2023;PA211;C49;KOM 930 E;Lastre Oxidado;ESP/F10/2296/1031;FASE 10;BOT_RAMPA_SUPERIOR;291;1;ESPERANZA
01-06-2023;PA211;C50;KOM 930 E;Lastre Oxidado;ESP/F10/2296/1031;FASE 10;BOT_RAMPA_SUPERIOR;873;3;ESPERANZA
01-06-2023;PA211;C51;KOM 930 E;Lastre Oxidado;ESP/F10/2296/1030;FASE 10;BOT_RAMPA_SUPERIOR;1164;4;ESPERANZA
01-06-2023;PA211;C51;KOM 930 E;Lastre Oxidado;ESP/F10/2296/1031;FASE 10;BOT_RAMPA_SUPERIOR;582;2;ESPERANZA
01-06-2023;PA211;C52;KOM 930 E;Lastre Oxidado;ESP/F10/2296/1031;FASE 10;BOT_RAMPA_SUPERIOR;873;3;ESPERANZA
01-06-2023;PA211;C53;KOM 930 E;Lastre Oxidado;ESP/F10/2296/1030;FASE 10;BOT_RAMPA_SUPERIOR;582;2;ESPERANZA
01-06-2023;PA211;C53;KOM 930 E;Lastre Oxidado;ESP/F10/2296/1031;FASE 10;BOT_RAMPA_SUPERIOR;582;2;ESPERANZA
01-06-2023;PA211;C54;KOM 930 E;Lastre Oxidado;ESP/F10/2296/1030;FASE 10;BOT_RAMPA_SUPERIOR;582;2;ESPERANZA
01-06-2023;PA211;C54;KOM 930 E;Lastre Oxidado;ESP/F10/2296/1031;FASE 10;BOT_RAMPA_SUPERIOR;582;2;ESPERANZA
01-06-2023;PA211;C56;KOM 930 E;Lastre Oxidado;ESP/F10/2296/1030;FASE 10;BOT_RAMPA_SUPERIOR;1164;4;ESPERANZA
01-06-2023;PA211;C56;KOM 930 E;Lastre Oxidado;ESP/F10/2296/1031;FASE 10;BOT_RAMPA_SUPERIOR;291;1;ESPERANZA
01-06-2023;PA211;C57;KOM 930 E;Lastre Oxidado;ESP/F10/2296/1030;FASE 10;BOT_RAMPA_SUPERIOR;582;2;ESPERANZA
01-06-2023;PA211;C57;KOM 930 E;Lastre Oxidado;ESP/F10/2296/1031;FASE 10;BOT_RAMPA_SUPERIOR;582;2;ESPERANZA
01-06-2023;PA211;C59;KOM 930 E;Lastre Oxidado;ESP/F10/2296/1030;FASE 10;BOT_RAMPA_SUPERIOR;582;2;ESPERANZA
01-06-2023;PA211;C59;KOM 930 E;Lastre Oxidado;ESP/F10/2296/1031;FASE 10;BOT_RAMPA_SUPERIOR;873;3;ESPERANZA
01-06-2023;PA211;C60;KOM 930 E;Lastre Oxidado;ESP/F10/2296/1030;FASE 10;BOT_RAMPA_SUPERIOR;873;3;ESPERANZA
01-06-2023;PA211;C60;KOM 930 E;Lastre Oxidado;ESP/F10/2296/1031;FASE 10;BOT_RAMPA_SUPERIOR;873;3;ESPERANZA
01-06-2023;PA211;C61;KOM 930 E;Lastre Oxidado;ESP/F10/2296/1030;FASE 10;BOT_RAMPA_SUPERIOR;873;3;ESPERANZA
01-06-2023;PA211;C61;KOM 930 E;Lastre Oxidado;ESP/F10/2296/1031;FASE 10;BOT_RAMPA_SUPERIOR;291;1;ESPERANZA
01-06-2023;PA26;C08;CAT 797 B;Lastre Oxidado;ESP/F07/2120/720;FASE 7;BOT_INT_RB;346,4039917;1;ESPERANZA
01-06-2023;PA26;C09;CAT 797 B;Lastre Oxidado;ESP/F07/2120/720;FASE 7;BOT_2380_INT;346,4039917;1;ESPERANZA
01-06-2023;PA26;C11;CAT 797 B;Lastre Oxidado;ESP/F07/2120/720;FASE 7;BOT_2380_INT;346,4039917;1;ESPERANZA
01-06-2023;PA26;C11;CAT 797 B;Lastre Sulfurado;ESP/F07/2120/7170;FASE 7;BOT_2380_INT;346,4039917;1;ESPERANZA
01-06-2023;PA26;C12;CAT 797 B;Lastre Oxidado;ESP/F07/2120/720;FASE 7;BOT_2380_INT;692,8079834;2;ESPERANZA
01-06-2023;PA26;C13;CAT 797 B;Lastre Oxidado;ESP/F07/2120/720;FASE 7;BOT_2380_INT;692,8079834;2;ESPERANZA
01-06-2023;PA26;C13;CAT 797 B;Lastre Oxidado;ESP/F07/2120/720;FASE 7;BOT_INT_RB;346,4039917;1;ESPERANZA
01-06-2023;PA26;C13;CAT 797 B;Lastre Sulfurado;ESP/F07/2120/7170;FASE 7;BOT_2380_INT;346,4039917;1;ESPERANZA
01-06-2023;PA26;C14;CAT 797 B;Lastre Sulfurado;ESP/F07/2120/7170;FASE 7;BOT_2380_INT;346,4039917;1;ESPERANZA
01-06-2023;PA26;C15;CAT 797 B;Lastre Oxidado;ESP/F07/2120/720;FASE 7;BOT_2380_INT;346,4039917;1;ESPERANZA
01-06-2023;PA26;C16;CAT 797 B;Lastre Oxidado;ESP/F07/2120/720;FASE 7;BOT_2380_INT;692,8079834;2;ESPERANZA
01-06-2023;PA26;C16;CAT 797 B;Lastre Oxidado;ESP/F07/2120/720;FASE 7;BOT_INT_RB;346,4039917;1;ESPERANZA
01-06-2023;PA26;C17;CAT 797 F;Lastre Oxidado;ESP/F07/2120/720;FASE 7;BOT_2380_INT;346,4039917;1;ESPERANZA
01-06-2023;PA26;C18;CAT 797 F;Lastre Oxidado;ESP/F07/2120/720;FASE 7;BOT_2380_INT;346,4039917;1;ESPERANZA
01-06-2023;PA26;C20;CAT 797 F;Lastre Oxidado;ESP/F07/2120/720;FASE 7;BOT_INT_RB;346,4039917;1;ESPERANZA
01-06-2023;PA26;C23;CAT 797 F;Lastre Oxidado;ESP/F07/2120/720;FASE 7;BOT_2380_INT;346,4039917;1;ESPERANZA
01-06-2023;PA26;C24;CAT 797 F;Lastre Oxidado;ESP/F07/2120/720;FASE 7;BOT_2380_INT;346,4039917;1;ESPERANZA
01-06-2023;PA26;C24;CAT 797 F;Lastre Oxidado;ESP/F07/2120/720;FASE 7;BOT_INT_RB;346,4039917;1;ESPERANZA
01-06-2023;PA26;C32;CAT 797 F;Lastre Oxidado;ESP/F07/2120/720;FASE 7;BOT_2380_INT;1039,211975;3;ESPERANZA
01-06-2023;PA26;C34;CAT 797 F;Lastre Oxidado;ESP/F07/2120/720;FASE 7;BOT_2380_INT;346,4039917;1;ESPERANZA
01-06-2023;PA26;C36;CAT 797 F;Lastre Oxidado;ESP/F07/2120/720;FASE 7;BOT_2380_INT;346,4039917;1;ESPERANZA
01-06-2023;PA26;C37;CAT 797 F;Lastre Oxidado;ESP/F07/2120/720;FASE 7;BOT_2380_INT;692,8079834;2;ESPERANZA
01-06-2023;PA26;C39;CAT 797 F;Lastre Oxidado;ESP/F07/2120/720;FASE 7;BOT_2380_INT;346,4039917;1;ESPERANZA
01-06-2023;PA26;C40;CAT 797 F;Lastre Oxidado;ESP/F07/2120/720;FASE 7;BOT_2380_INT;1039,211975;3;ESPERANZA
01-06-2023;PA26;C40;CAT 797 F;Lastre Oxidado;ESP/F07/2120/720;FASE 7;BOT_INT_RB;346,4039917;1;ESPERANZA
01-06-2023;PA26;C41;CAT 797 F;Lastre Oxidado;ESP/F07/2120/720;FASE 7;BOT_2380_INT;1039,211975;3;ESPERANZA
01-06-2023;PA26;C41;CAT 797 F;Lastre Oxidado;ESP/F07/2120/720;FASE 7;BOT_INT_RB;346,4039917;1;ESPERANZA
01-06-2023;PA26;C42;CAT 797 F;Lastre Oxidado;ESP/F07/2120/720;FASE 7;BOT_2380_INT;692,8079834;2;ESPERANZA
01-06-2023;PA26;C44;CAT 797 F;Lastre Oxidado;ESP/F07/2120/720;FASE 7;BOT_2380_INT;346,4039917;1;ESPERANZA
01-06-2023;PA26;C44;CAT 797 F;Lastre Oxidado;ESP/F07/2120/720;FASE 7;BOT_INT_RB;346,4039917;1;ESPERANZA
01-06-2023;PA26;C45;CAT 797 F;Lastre Oxidado;ESP/F07/2120/720;FASE 7;BOT_2380_INT;692,8079834;2;ESPERANZA
01-06-2023;PA26;C45;CAT 797 F;Lastre Oxidado;ESP/F07/2120/720;FASE 7;BOT_INT_RB;346,4039917;1;ESPERANZA
01-06-2023;PA26;C46;CAT 797 F;Lastre Sulfurado;ESP/F07/2120/7170;FASE 7;BOT_2380_INT;346,4039917;1;ESPERANZA
01-06-2023;PA26;C47;CAT 797 F;Lastre Oxidado;ESP/F07/2120/720;FASE 7;BOT_2380_INT;1039,211975;3;ESPERANZA
01-06-2023;PA26;C48;CAT 797 F;Lastre Oxidado;ESP/F07/2120/720;FASE 7;BOT_2380_INT;346,4039917;1;ESPERANZA
01-06-2023;PA26;C49;KOM 930 E;Lastre Sulfurado;ESP/F07/2120/7170;FASE 7;BOT_INT_RB;291;1;ESPERANZA
01-06-2023;PA26;C50;KOM 930 E;Lastre Oxidado;ESP/F07/2120/720;FASE 7;BOT_2380_INT;291;1;ESPERANZA
01-06-2023;PA26;C50;KOM 930 E;Lastre Sulfurado;ESP/F07/2120/7170;FASE 7;BOT_2380_INT;291;1;ESPERANZA
01-06-2023;PA26;C51;KOM 930 E;Lastre Oxidado;ESP/F07/2120/720;FASE 7;BOT_2380_INT;291;1;ESPERANZA
01-06-2023;PA26;C51;KOM 930 E;Lastre Oxidado;ESP/F07/2120/720;FASE 7;BOT_INT_RB;582;2;ESPERANZA
01-06-2023;PA26;C52;KOM 930 E;Lastre Oxidado;ESP/F07/2120/720;FASE 7;BOT_INT_RB;291;1;ESPERANZA
01-06-2023;PA26;C52;KOM 930 E;Lastre Sulfurado;ESP/F07/2120/7170;FASE 7;BOT_2380_INT;291;1;ESPERANZA
01-06-2023;PA26;C54;KOM 930 E;Lastre Sulfurado;ESP/F07/2120/7170;FASE 7;BOT_2380_INT;291;1;ESPERANZA
01-06-2023;PA26;C56;KOM 930 E;Lastre Sulfurado;ESP/F07/2120/7170;FASE 7;BOT_RAMPA_SUPERIOR;291;1;ESPERANZA
01-06-2023;PA26;C58;KOM 930 E;Lastre Oxidado;ESP/F07/2120/720;FASE 7;BOT_INT_RB;291;1;ESPERANZA
01-06-2023;PA26;C59;KOM 930 E;Lastre Oxidado;ESP/F07/2120/720;FASE 7;BOT_2380_INT;582;2;ESPERANZA
01-06-2023;PA26;C60;KOM 930 E;Lastre Oxidado;ESP/F07/2120/720;FASE 7;BOT_INT_RB;291;1;ESPERANZA
01-06-2023;PA3;C07;CAT 797 B;Lastre Oxidado;ESP/F07/2120/715;FASE 7;BOT_2380_INT;346,4039917;1;ESPERANZA
01-06-2023;PA3;C07;CAT 797 B;Lastre Oxidado;ESP/F07/2120/715;FASE 7;BOT_INT_RB;346,4039917;1;ESPERANZA
01-06-2023;PA3;C08;CAT 797 B;Lastre Oxidado;ESP/F07/2120/715;FASE 7;BOT_2380_INT;1385,613953;4;ESPERANZA
01-06-2023;PA3;C08;CAT 797 B;Lastre Oxidado;ESP/F07/2120/729;FASE 7;BOT_2380_INT;1039,211975;3;ESPERANZA
01-06-2023;PA3;C09;CAT 797 B;Lastre Oxidado;ESP/F07/2120/715;FASE 7;BOT_INT_RB;692,8079834;2;ESPERANZA
01-06-2023;PA3;C09;CAT 797 B;Lastre Oxidado;ESP/F07/2120/729;FASE 7;BOT_2380_INT;692,8079834;2;ESPERANZA
01-06-2023;PA3;C10;CAT 797 B;Lastre Oxidado;ESP/F07/2120/715;FASE 7;BOT_2380_INT;346,4039917;1;ESPERANZA
01-06-2023;PA3;C10;CAT 797 B;Lastre Oxidado;ESP/F07/2120/729;FASE 7;BOT_2380_INT;346,4039917;1;ESPERANZA
01-06-2023;PA3;C11;CAT 797 B;Lastre Oxidado;ESP/F07/2120/729;FASE 7;BOT_2380_INT;692,8079834;2;ESPERANZA
01-06-2023;PA3;C12;CAT 797 B;Lastre Oxidado;ESP/F07/2120/715;FASE 7;BOT_2380_INT;346,4039917;1;ESPERANZA
01-06-2023;PA3;C12;CAT 797 B;Lastre Oxidado;ESP/F07/2120/715;FASE 7;BOT_INT_RB;346,4039917;1;ESPERANZA
01-06-2023;PA3;C12;CAT 797 B;Lastre Oxidado;ESP/F07/2120/729;FASE 7;BOT_2380_INT;692,8079834;2;ESPERANZA
01-06-2023;PA3;C13;CAT 797 B;Lastre Oxidado;ESP/F07/2120/729;FASE 7;BOT_2380_INT;692,8079834;2;ESPERANZA
01-06-2023;PA3;C14;CAT 797 B;Lastre Oxidado;ESP/F07/2120/715;FASE 7;BOT_2380_INT;1039,211975;3;ESPERANZA
01-06-2023;PA3;C14;CAT 797 B;Lastre Oxidado;ESP/F07/2120/729;FASE 7;BOT_2380_INT;692,8079834;2;ESPERANZA
01-06-2023;PA3;C15;CAT 797 B;Lastre Oxidado;ESP/F07/2120/715;FASE 7;BOT_2380_INT;1039,211975;3;ESPERANZA
01-06-2023;PA3;C15;CAT 797 B;Lastre Oxidado;ESP/F07/2120/729;FASE 7;BOT_2380_INT;692,8079834;2;ESPERANZA
01-06-2023;PA3;C16;CAT 797 B;Lastre Oxidado;ESP/F07/2120/729;FASE 7;BOT_2380_INT;346,4039917;1;ESPERANZA
01-06-2023;PA3;C17;CAT 797 F;Lastre Oxidado;ESP/F07/2120/715;FASE 7;BOT_2380_INT;692,8079834;2;ESPERANZA
01-06-2023;PA3;C17;CAT 797 F;Lastre Oxidado;ESP/F07/2120/729;FASE 7;BOT_2380_INT;692,8079834;2;ESPERANZA
01-06-2023;PA3;C18;CAT 797 F;Lastre Oxidado;ESP/F07/2120/715;FASE 7;BOT_2380_INT;1385,615967;4;ESPERANZA
01-06-2023;PA3;C18;CAT 797 F;Lastre Oxidado;ESP/F07/2120/729;FASE 7;BOT_2380_INT;346,4039917;1;ESPERANZA
01-06-2023;PA3;C19;CAT 797 F;Lastre Oxidado;ESP/F07/2120/729;FASE 7;BOT_2380_INT;692,8079834;2;ESPERANZA
01-06-2023;PA3;C20;CAT 797 F;Lastre Oxidado;ESP/F07/2120/729;FASE 7;BOT_2380_INT;1039,209961;3;ESPERANZA
01-06-2023;PA3;C21;CAT 797 F;Lastre Oxidado;ESP/F07/2120/715;FASE 7;BOT_2380_INT;346,4039917;1;ESPERANZA
01-06-2023;PA3;C21;CAT 797 F;Lastre Oxidado;ESP/F07/2120/729;FASE 7;BOT_2380_INT;692,8079834;2;ESPERANZA
01-06-2023;PA3;C23;CAT 797 F;Lastre Oxidado;ESP/F07/2120/715;FASE 7;BOT_2380_INT;346,4039917;1;ESPERANZA
01-06-2023;PA3;C24;CAT 797 F;Lastre Oxidado;ESP/F07/2120/715;FASE 7;BOT_2380_INT;346,4039917;1;ESPERANZA
01-06-2023;PA3;C25;CAT 797 F;Lastre Oxidado;ESP/F07/2120/715;FASE 7;BOT_2380_INT;346,4039917;1;ESPERANZA
01-06-2023;PA3;C25;CAT 797 F;Lastre Oxidado;ESP/F07/2120/715;FASE 7;BOT_INT_RB;346,4039917;1;ESPERANZA
01-06-2023;PA3;C32;CAT 797 F;Lastre Oxidado;ESP/F07/2120/715;FASE 7;BOT_2380_INT;346,4039917;1;ESPERANZA
01-06-2023;PA3;C32;CAT 797 F;Lastre Oxidado;ESP/F07/2120/715;FASE 7;BOT_INT_RB;346,4039917;1;ESPERANZA
01-06-2023;PA3;C32;CAT 797 F;Lastre Oxidado;ESP/F07/2120/729;FASE 7;BOT_2380_INT;346,4039917;1;ESPERANZA
01-06-2023;PA3;C34;CAT 797 F;Lastre Oxidado;ESP/F07/2120/729;FASE 7;BOT_2380_INT;692,8079834;2;ESPERANZA
01-06-2023;PA3;C36;CAT 797 F;Lastre Oxidado;ESP/F07/2120/715;FASE 7;BOT_2380_INT;346,4039917;1;ESPERANZA
01-06-2023;PA3;C36;CAT 797 F;Lastre Oxidado;ESP/F07/2120/729;FASE 7;BOT_2380_INT;346,4039917;1;ESPERANZA
01-06-2023;PA3;C37;CAT 797 F;Lastre Oxidado;ESP/F07/2120/715;FASE 7;BOT_2380_INT;1039,209961;3;ESPERANZA
01-06-2023;PA3;C38;CAT 797 F;Lastre Oxidado;ESP/F07/2120/715;FASE 7;BOT_2380_INT;692,8079834;2;ESPERANZA
01-06-2023;PA3;C39;CAT 797 F;Lastre Oxidado;ESP/F07/2120/7130;FASE 7;BOT_2380_INT;346,4039917;1;ESPERANZA
01-06-2023;PA3;C39;CAT 797 F;Lastre Oxidado;ESP/F07/2120/715;FASE 7;BOT_2380_INT;1039,211975;3;ESPERANZA
01-06-2023;PA3;C40;CAT 797 F;Lastre Oxidado;ESP/F07/2120/715;FASE 7;BOT_2380_INT;692,8079834;2;ESPERANZA
01-06-2023;PA3;C40;CAT 797 F;Lastre Oxidado;ESP/F07/2120/729;FASE 7;BOT_2380_INT;1385,613953;4;ESPERANZA
01-06-2023;PA3;C41;CAT 797 F;Lastre Oxidado;ESP/F07/2120/715;FASE 7;BOT_2380_INT;1385,615967;4;ESPERANZA
01-06-2023;PA3;C41;CAT 797 F;Lastre Oxidado;ESP/F07/2120/715;FASE 7;BOT_INT_RB;346,4039917;1;ESPERANZA
01-06-2023;PA3;C41;CAT 797 F;Lastre Oxidado;ESP/F07/2120/729;FASE 7;BOT_2380_INT;346,4039917;1;ESPERANZA
01-06-2023;PA3;C42;CAT 797 F;Lastre Oxidado;ESP/F07/2120/715;FASE 7;BOT_2380_INT;346,4039917;1;ESPERANZA
01-06-2023;PA3;C42;CAT 797 F;Lastre Oxidado;ESP/F07/2120/715;FASE 7;BOT_INT_RB;346,4039917;1;ESPERANZA
01-06-2023;PA3;C42;CAT 797 F;Lastre Oxidado;ESP/F07/2120/729;FASE 7;BOT_2380_INT;346,4039917;1;ESPERANZA
01-06-2023;PA3;C43;CAT 797 F;Lastre Oxidado;ESP/F07/2120/715;FASE 7;BOT_2380_INT;692,8079834;2;ESPERANZA
01-06-2023;PA3;C43;CAT 797 F;Lastre Oxidado;ESP/F07/2120/729;FASE 7;BOT_2380_INT;692,8079834;2;ESPERANZA
01-06-2023;PA3;C44;CAT 797 F;Lastre Oxidado;ESP/F07/2120/715;FASE 7;BOT_2380_INT;692,8079834;2;ESPERANZA
01-06-2023;PA3;C44;CAT 797 F;Lastre Oxidado;ESP/F07/2120/729;FASE 7;BOT_2380_INT;692,8079834;2;ESPERANZA
01-06-2023;PA3;C45;CAT 797 F;Lastre Oxidado;ESP/F07/2120/715;FASE 7;BOT_2380_INT;1385,615967;4;ESPERANZA
01-06-2023;PA3;C46;CAT 797 F;Lastre Oxidado;ESP/F07/2120/7130;FASE 7;BOT_2380_INT;1039,209961;3;ESPERANZA
01-06-2023;PA3;C46;CAT 797 F;Lastre Oxidado;ESP/F07/2120/715;FASE 7;BOT_2380_INT;346,4039917;1;ESPERANZA
01-06-2023;PA3;C47;CAT 797 F;Lastre Oxidado;ESP/F07/2120/7130;FASE 7;BOT_2380_INT;346,4039917;1;ESPERANZA
01-06-2023;PA3;C47;CAT 797 F;Lastre Oxidado;ESP/F07/2120/715;FASE 7;BOT_2380_INT;692,8079834;2;ESPERANZA
01-06-2023;PA3;C47;CAT 797 F;Lastre Oxidado;ESP/F07/2120/729;FASE 7;BOT_2380_INT;1385,619995;4;ESPERANZA
01-06-2023;PA3;C48;CAT 797 F;Lastre Oxidado;ESP/F07/2120/7130;FASE 7;BOT_2380_INT;346,4039917;1;ESPERANZA
01-06-2023;PA3;C48;CAT 797 F;Lastre Oxidado;ESP/F07/2120/715;FASE 7;BOT_2380_INT;346,4039917;1;ESPERANZA
01-06-2023;PA3;C49;KOM 930 E;Lastre Oxidado;ESP/F07/2120/729;FASE 7;BOT_2380_INT;873;3;ESPERANZA
01-06-2023;PA3;C50;KOM 930 E;Lastre Oxidado;ESP/F07/2120/729;FASE 7;BOT_2380_INT;582;2;ESPERANZA
01-06-2023;PA3;C52;KOM 930 E;Lastre Oxidado;ESP/F07/2120/715;FASE 7;BOT_2380_INT;291;1;ESPERANZA
01-06-2023;PA3;C52;KOM 930 E;Lastre Oxidado;ESP/F07/2120/729;FASE 7;BOT_2380_INT;582;2;ESPERANZA
01-06-2023;PA3;C53;KOM 930 E;Lastre Oxidado;ESP/F07/2120/715;FASE 7;BOT_2380_INT;291;1;ESPERANZA
01-06-2023;PA3;C53;KOM 930 E;Lastre Oxidado;ESP/F07/2120/729;FASE 7;BOT_2380_INT;582;2;ESPERANZA
01-06-2023;PA3;C56;KOM 930 E;Lastre Oxidado;ESP/F07/2120/729;FASE 7;BOT_2380_INT;291;1;ESPERANZA
01-06-2023;PA3;C57;KOM 930 E;Lastre Oxidado;ESP/F07/2120/729;FASE 7;BOT_2380_INT;291;1;ESPERANZA
01-06-2023;PA3;C58;KOM 930 E;Lastre Oxidado;ESP/F07/2120/715;FASE 7;BOT_2380_INT;582;2;ESPERANZA
01-06-2023;PA3;C58;KOM 930 E;Lastre Oxidado;ESP/F07/2120/729;FASE 7;BOT_2380_INT;582;2;ESPERANZA
01-06-2023;PA3;C59;KOM 930 E;Lastre Oxidado;ESP/F07/2120/729;FASE 7;BOT_2380_INT;291;1;ESPERANZA
01-06-2023;PA3;C60;KOM 930 E;Lastre Oxidado;ESP/F07/2120/729;FASE 7;BOT_2380_INT;582;2;ESPERANZA
01-06-2023;PA4;C123;CAT 793 C;Lastre Oxidado;ESP/F10/2328/116;FASE 10;BOT_RAMPA_SUPERIOR;432,8729858;2;ESPERANZA
01-06-2023;PA4;C123;CAT 793 C;Lastre Oxidado;ESP/F10/2328/125;FASE 10;BOT_RAMPA_SUPERIOR;216,4360046;1;ESPERANZA
01-06-2023;PA4;C129;CAT 793 C;Lastre Oxidado;ESP/F10/2328/116;FASE 10;BOT_RAMPA_SUPERIOR;216,4360046;1;ESPERANZA
01-06-2023;PA4;C131;CAT 793 C;Lastre Oxidado;ESP/F10/2328/116;FASE 10;BOT_RAMPA_SUPERIOR;432,8729858;2;ESPERANZA
01-06-2023;PA4;C151;CAT 793 F;Lastre Oxidado;ESP/F10/2328/125;FASE 10;BOT_RAMPA_SUPERIOR;216,4360046;1;ESPERANZA
01-06-2023;PA4;C152;CAT 793 F;Lastre Oxidado;ESP/F10/2328/116;FASE 10;BOT_RAMPA_SUPERIOR;216,4360046;1;ESPERANZA
01-06-2023;PA4;C153;CAT 793 F;Lastre Oxidado;ESP/F10/2328/116;FASE 10;BOT_RAMPA_SUPERIOR;216,4360046;1;ESPERANZA
01-06-2023;PA4;C153;CAT 793 F;Lastre Oxidado;ESP/F10/2328/125;FASE 10;BOT_RAMPA_SUPERIOR;216,4360046;1;ESPERANZA
01-06-2023;PA4;C154;CAT 793 F;Lastre Oxidado;ESP/F10/2328/116;FASE 10;BOT_RAMPA_SUPERIOR;649,309021;3;ESPERANZA
01-06-2023;PA4;C155;CAT 793 F;Lastre Oxidado;ESP/F10/2328/116;FASE 10;BOT_MIJO;216,4360046;1;ESPERANZA
01-06-2023;PA4;C155;CAT 793 F;Lastre Oxidado;ESP/F10/2328/125;FASE 10;BOT_RAMPA_SUPERIOR;216,4360046;1;ESPERANZA
01-06-2023;PA4;C156;CAT 793 F;Lastre Oxidado;ESP/F10/2328/125;FASE 10;BOT_RAMPA_SUPERIOR;432,8720093;2;ESPERANZA
01-06-2023;PA4;C160;CAT 793 F;Lastre Oxidado;ESP/F10/2328/116;FASE 10;BOT_RAMPA_SUPERIOR;216,4360046;1;ESPERANZA
01-06-2023;PA4;C161;CAT 793 F;Lastre Oxidado;ESP/F10/2328/116;FASE 10;BOT_RAMPA_SUPERIOR;432,8729858;2;ESPERANZA
01-06-2023;PA4;C162;CAT 793 F;Lastre Oxidado;ESP/F10/2328/125;FASE 10;BOT_RAMPA_SUPERIOR;216,4360046;1;ESPERANZA
01-06-2023;PA4;C164;CAT 793 F;Lastre Oxidado;ESP/F10/2328/116;FASE 10;BOT_MIJO;432,8729858;2;ESPERANZA
01-06-2023;PA4;C164;CAT 793 F;Lastre Oxidado;ESP/F10/2328/116;FASE 10;BOT_RAMPA_SUPERIOR;216,4360046;1;ESPERANZA
01-06-2023;PA4;C164;CAT 793 F;Lastre Oxidado;ESP/F10/2328/125;FASE 10;BOT_RAMPA_SUPERIOR;216,4360046;1;ESPERANZA
01-06-2023;PA4;C18;CAT 797 F;Lastre Oxidado;ESP/F10/2328/116;FASE 10;BOT_RAMPA_SUPERIOR;346,4039917;1;ESPERANZA
01-06-2023;PA4;C19;CAT 797 F;Lastre Oxidado;ESP/F10/2328/116;FASE 10;BOT_RAMPA_SUPERIOR;346,4039917;1;ESPERANZA
01-06-2023;PA4;C23;CAT 797 F;Lastre Oxidado;ESP/F10/2328/125;FASE 10;BOT_RAMPA_SUPERIOR;346,4039917;1;ESPERANZA
01-06-2023;PA4;C36;CAT 797 F;Lastre Oxidado;ESP/F10/2328/125;FASE 10;BOT_RAMPA_SUPERIOR;346,4039917;1;ESPERANZA
01-06-2023;PA4;C48;CAT 797 F;Lastre Oxidado;ESP/F10/2328/116;FASE 10;BOT_RAMPA_SUPERIOR;346,4039917;1;ESPERANZA
01-06-2023;PA4;C48;CAT 797 F;Lastre Oxidado;ESP/F10/2328/125;FASE 10;BOT_RAMPA_SUPERIOR;692,8079834;2;ESPERANZA
01-06-2023;PA4;C49;KOM 930 E;Lastre Oxidado;ESP/F10/2328/125;FASE 10;BOT_RAMPA_SUPERIOR;1164;4;ESPERANZA
01-06-2023;PA4;C50;KOM 930 E;Lastre Oxidado;ESP/F10/2328/125;FASE 10;BOT_RAMPA_SUPERIOR;1164;4;ESPERANZA
01-06-2023;PA4;C51;KOM 930 E;Lastre Oxidado;ESP/F10/2328/116;FASE 10;BOT_RAMPA_SUPERIOR;291;1;ESPERANZA
01-06-2023;PA4;C51;KOM 930 E;Lastre Oxidado;ESP/F10/2328/125;FASE 10;BOT_RAMPA_SUPERIOR;1164;4;ESPERANZA
01-06-2023;PA4;C52;KOM 930 E;Lastre Oxidado;ESP/F10/2328/125;FASE 10;BOT_RAMPA_SUPERIOR;1455;5;ESPERANZA
01-06-2023;PA4;C53;KOM 930 E;Lastre Oxidado;ESP/F10/2328/125;FASE 10;BOT_RAMPA_SUPERIOR;1455;5;ESPERANZA
01-06-2023;PA4;C54;KOM 930 E;Lastre Oxidado;ESP/F10/2328/116;FASE 10;BOT_MIJO;291;1;ESPERANZA
01-06-2023;PA4;C54;KOM 930 E;Lastre Oxidado;ESP/F10/2328/125;FASE 10;BOT_RAMPA_SUPERIOR;1746;6;ESPERANZA
01-06-2023;PA4;C56;KOM 930 E;Lastre Oxidado;ESP/F10/2328/125;FASE 10;BOT_RAMPA_SUPERIOR;1455;5;ESPERANZA
01-06-2023;PA4;C57;KOM 930 E;Lastre Oxidado;ESP/F10/2328/116;FASE 10;BOT_MIJO;291;1;ESPERANZA
01-06-2023;PA4;C57;KOM 930 E;Lastre Oxidado;ESP/F10/2328/125;FASE 10;BOT_RAMPA_SUPERIOR;582;2;ESPERANZA
01-06-2023;PA4;C58;KOM 930 E;Lastre Oxidado;ESP/F10/2328/125;FASE 10;BOT_RAMPA_SUPERIOR;582;2;ESPERANZA
01-06-2023;PA4;C59;KOM 930 E;Lastre Oxidado;ESP/F10/2328/125;FASE 10;BOT_RAMPA_SUPERIOR;1455;5;ESPERANZA
01-06-2023;PA4;C60;KOM 930 E;Lastre Oxidado;ESP/F10/2328/116;FASE 10;BOT_MIJO;291;1;ESPERANZA
01-06-2023;PA4;C60;KOM 930 E;Lastre Oxidado;ESP/F10/2328/125;FASE 10;BOT_RAMPA_SUPERIOR;582;2;ESPERANZA
01-06-2023;PA4;C61;KOM 930 E;Lastre Oxidado;ESP/F10/2328/116;FASE 10;BOT_RAMPA_SUPERIOR;582;2;ESPERANZA
01-06-2023;PA4;C61;KOM 930 E;Lastre Oxidado;ESP/F10/2328/125;FASE 10;BOT_RAMPA_SUPERIOR;2328;8;ESPERANZA
01-06-2023;PA6;C09;CAT 797 B;Lastre Oxidado;ESP/F10/2328/116;FASE 10;BOT_RAMPA_SUPERIOR;1385,619995;4;ESPERANZA
01-06-2023;PA6;C123;CAT 793 C;Lastre Oxidado;ESP/F10/2296/1031;FASE 10;BOT_RAMPA_SUPERIOR;216,4360046;1;ESPERANZA
01-06-2023;PA6;C123;CAT 793 C;Lastre Oxidado;ESP/F10/2328/116;FASE 10;BOT_RAMPA_SUPERIOR;1082,180054;5;ESPERANZA
01-06-2023;PA6;C125;CAT 793 C;Lastre Oxidado;ESP/F10/2296/1031;FASE 10;BOT_RAMPA_SUPERIOR;432,8729858;2;ESPERANZA
01-06-2023;PA6;C125;CAT 793 C;Lastre Oxidado;ESP/F10/2328/116;FASE 10;BOT_RAMPA_SUPERIOR;432,8729858;2;ESPERANZA
01-06-2023;PA6;C129;CAT 793 C;Lastre Oxidado;ESP/F10/2328/116;FASE 10;BOT_RAMPA_SUPERIOR;1298,619995;6;ESPERANZA
01-06-2023;PA6;C131;CAT 793 C;Lastre Oxidado;ESP/F10/2328/116;FASE 10;BOT_RAMPA_SUPERIOR;216,4360046;1;ESPERANZA
01-06-2023;PA6;C132;CAT 793 C;Lastre Oxidado;ESP/F10/2296/1031;FASE 10;BOT_RAMPA_SUPERIOR;216,4360046;1;ESPERANZA
01-06-2023;PA6;C132;CAT 793 C;Lastre Oxidado;ESP/F10/2328/116;FASE 10;BOT_RAMPA_SUPERIOR;1515,060059;7;ESPERANZA
01-06-2023;PA6;C134;CAT 793 C;Lastre Oxidado;ESP/F10/2296/1031;FASE 10;BOT_RAMPA_SUPERIOR;216,4360046;1;ESPERANZA
01-06-2023;PA6;C134;CAT 793 C;Lastre Oxidado;ESP/F10/2328/116;FASE 10;BOT_RAMPA_SUPERIOR;649,309021;3;ESPERANZA
01-06-2023;PA6;C135;CAT 793 C;Lastre Oxidado;ESP/F10/2296/1031;FASE 10;BOT_RAMPA_SUPERIOR;216,4360046;1;ESPERANZA
01-06-2023;PA6;C151;CAT 793 F;Lastre Oxidado;ESP/F10/2296/1031;FASE 10;BOT_RAMPA_SUPERIOR;216,4360046;1;ESPERANZA
01-06-2023;PA6;C152;CAT 793 F;Lastre Oxidado;ESP/F10/2296/1031;FASE 10;BOT_RAMPA_SUPERIOR;649,3089905;3;ESPERANZA
01-06-2023;PA6;C152;CAT 793 F;Lastre Oxidado;ESP/F10/2328/116;FASE 10;BOT_RAMPA_SUPERIOR;1515,060059;7;ESPERANZA
01-06-2023;PA6;C153;CAT 793 F;Lastre Oxidado;ESP/F10/2328/116;FASE 10;BOT_RAMPA_SUPERIOR;1515,060059;7;ESPERANZA
01-06-2023;PA6;C154;CAT 793 F;Lastre Oxidado;ESP/F10/2296/1031;FASE 10;BOT_RAMPA_SUPERIOR;216,4360046;1;ESPERANZA
01-06-2023;PA6;C154;CAT 793 F;Lastre Oxidado;ESP/F10/2328/116;FASE 10;BOT_RAMPA_SUPERIOR;865,7459717;4;ESPERANZA
01-06-2023;PA6;C155;CAT 793 F;Lastre Oxidado;ESP/F10/2328/116;FASE 10;BOT_RAMPA_SUPERIOR;216,4360046;1;ESPERANZA
01-06-2023;PA6;C161;CAT 793 F;Lastre Oxidado;ESP/F10/2296/1031;FASE 10;BOT_RAMPA_SUPERIOR;216,4360046;1;ESPERANZA
01-06-2023;PA6;C161;CAT 793 F;Lastre Oxidado;ESP/F10/2328/116;FASE 10;BOT_RAMPA_SUPERIOR;1082,180054;5;ESPERANZA
01-06-2023;PA6;C162;CAT 793 F;Lastre Oxidado;ESP/F10/2328/116;FASE 10;BOT_RAMPA_SUPERIOR;216,4360046;1;ESPERANZA
01-06-2023;PA6;C164;CAT 793 F;Lastre Oxidado;ESP/F10/2296/1031;FASE 10;BOT_RAMPA_SUPERIOR;216,4360046;1;ESPERANZA
01-06-2023;PA6;C18;CAT 797 F;Lastre Oxidado;ESP/F10/2296/1031;FASE 10;BOT_RAMPA_SUPERIOR;1385,613953;4;ESPERANZA
01-06-2023;PA6;C18;CAT 797 F;Lastre Oxidado;ESP/F10/2328/116;FASE 10;BOT_RAMPA_SUPERIOR;2078,419922;6;ESPERANZA
01-06-2023;PA6;C23;CAT 797 F;Lastre Oxidado;ESP/F10/2296/1031;FASE 10;BOT_RAMPA_SUPERIOR;1385,613953;4;ESPERANZA
01-06-2023;PA6;C23;CAT 797 F;Lastre Oxidado;ESP/F10/2328/116;FASE 10;BOT_RAMPA_SUPERIOR;2424,830078;7;ESPERANZA
01-06-2023;PA6;C24;CAT 797 F;Lastre Oxidado;ESP/F10/2328/116;FASE 10;BOT_RAMPA_SUPERIOR;346,4039917;1;ESPERANZA
01-06-2023;PA6;C25;CAT 797 F;Lastre Oxidado;ESP/F10/2328/116;FASE 10;BOT_RAMPA_SUPERIOR;692,8079834;2;ESPERANZA
01-06-2023;PA6;C36;CAT 797 F;Lastre Oxidado;ESP/F10/2296/1031;FASE 10;BOT_RAMPA_SUPERIOR;692,8079834;2;ESPERANZA
01-06-2023;PA6;C38;CAT 797 F;Lastre Oxidado;ESP/F10/2296/1031;FASE 10;BOT_RAMPA_SUPERIOR;2078,424011;6;ESPERANZA
01-06-2023;PA6;C48;CAT 797 F;Lastre Oxidado;ESP/F10/2296/1031;FASE 10;BOT_RAMPA_SUPERIOR;1039,209961;3;ESPERANZA
01-06-2023;PA6;C48;CAT 797 F;Lastre Oxidado;ESP/F10/2328/116;FASE 10;BOT_RAMPA_SUPERIOR;692,8079834;2;ESPERANZA
01-06-2023;PA6;C49;KOM 930 E;Lastre Oxidado;ESP/F10/2296/1031;FASE 10;BOT_RAMPA_SUPERIOR;582;2;ESPERANZA
01-06-2023;PA6;C49;KOM 930 E;Lastre Oxidado;ESP/F10/2328/116;FASE 10;BOT_RAMPA_SUPERIOR;582;2;ESPERANZA
01-06-2023;PA6;C50;KOM 930 E;Lastre Oxidado;ESP/F10/2296/1031;FASE 10;BOT_RAMPA_SUPERIOR;1164;4;ESPERANZA
01-06-2023;PA6;C50;KOM 930 E;Lastre Oxidado;ESP/F10/2328/116;FASE 10;BOT_RAMPA_SUPERIOR;582;2;ESPERANZA
01-06-2023;PA6;C51;KOM 930 E;Lastre Oxidado;ESP/F10/2296/1031;FASE 10;BOT_RAMPA_SUPERIOR;582;2;ESPERANZA
01-06-2023;PA6;C51;KOM 930 E;Lastre Oxidado;ESP/F10/2328/116;FASE 10;BOT_RAMPA_SUPERIOR;1164;4;ESPERANZA
01-06-2023;PA6;C52;KOM 930 E;Lastre Oxidado;ESP/F10/2296/1031;FASE 10;BOT_RAMPA_SUPERIOR;873;3;ESPERANZA
01-06-2023;PA6;C53;KOM 930 E;Lastre Oxidado;ESP/F10/2296/1031;FASE 10;BOT_RAMPA_SUPERIOR;873;3;ESPERANZA
01-06-2023;PA6;C53;KOM 930 E;Lastre Oxidado;ESP/F10/2328/116;FASE 10;BOT_RAMPA_SUPERIOR;582;2;ESPERANZA
01-06-2023;PA6;C54;KOM 930 E;Lastre Oxidado;ESP/F10/2296/1031;FASE 10;BOT_RAMPA_SUPERIOR;291;1;ESPERANZA
01-06-2023;PA6;C56;KOM 930 E;Lastre Oxidado;ESP/F10/2296/1031;FASE 10;BOT_RAMPA_SUPERIOR;1164;4;ESPERANZA
01-06-2023;PA6;C56;KOM 930 E;Lastre Oxidado;ESP/F10/2328/116;FASE 10;BOT_RAMPA_SUPERIOR;291;1;ESPERANZA
01-06-2023;PA6;C57;KOM 930 E;Lastre Oxidado;ESP/F10/2296/1031;FASE 10;BOT_RAMPA_SUPERIOR;582;2;ESPERANZA
01-06-2023;PA6;C58;KOM 930 E;Lastre Oxidado;ESP/F10/2296/1031;FASE 10;BOT_RAMPA_SUPERIOR;873;3;ESPERANZA
01-06-2023;PA6;C59;KOM 930 E;Lastre Oxidado;ESP/F10/2296/1031;FASE 10;BOT_RAMPA_SUPERIOR;873;3;ESPERANZA
01-06-2023;PA6;C60;KOM 930 E;Lastre Oxidado;ESP/F10/2296/1031;FASE 10;BOT_RAMPA_SUPERIOR;582;2;ESPERANZA
01-06-2023;PA6;C61;KOM 930 E;Lastre Oxidado;ESP/F10/2296/1031;FASE 10;BOT_RAMPA_SUPERIOR;873;3;ESPERANZA
01-06-2023;PA6;C61;KOM 930 E;Lastre Oxidado;ESP/F10/2328/116;FASE 10;BOT_RAMPA_SUPERIOR;873;3;ESPERANZA
01-06-2023;PA7;C08;CAT 797 B;Lastre Oxidado;ESP/F07/2120/724;FASE 7;BOT_2380_INT;1039,209961;3;ESPERANZA
01-06-2023;PA7;C09;CAT 797 B;Lastre Oxidado;ESP/F07/2120/724;FASE 7;BOT_2380_INT;692,8079834;2;ESPERANZA
01-06-2023;PA7;C09;CAT 797 B;Lastre Oxidado;ESP/F07/2120/7240;FASE 7;BOT_INT_RB;1385,615967;4;ESPERANZA
01-06-2023;PA7;C10;CAT 797 B;Lastre Oxidado;ESP/F07/2120/724;FASE 7;BOT_2380_INT;692,8079834;2;ESPERANZA
01-06-2023;PA7;C10;CAT 797 B;Lastre Oxidado;ESP/F07/2120/724;FASE 7;BOT_INT_RB;346,4039917;1;ESPERANZA
01-06-2023;PA7;C10;CAT 797 B;Lastre Oxidado;ESP/F07/2120/7240;FASE 7;BOT_INT_RB;692,8079834;2;ESPERANZA
01-06-2023;PA7;C11;CAT 797 B;Lastre Oxidado;ESP/F07/2120/711;FASE 7;BOT_2380_INT;346,4039917;1;ESPERANZA
01-06-2023;PA7;C11;CAT 797 B;Lastre Oxidado;ESP/F07/2120/7240;FASE 7;BOT_2380_INT;346,4039917;1;ESPERANZA
01-06-2023;PA7;C11;CAT 797 B;Lastre Oxidado;ESP/F07/2120/7240;FASE 7;BOT_INT_RB;692,8079834;2;ESPERANZA
01-06-2023;PA7;C12;CAT 797 B;Lastre Oxidado;ESP/F07/2120/711;FASE 7;BOT_INT_RB;692,8079834;2;ESPERANZA
01-06-2023;PA7;C12;CAT 797 B;Lastre Oxidado;ESP/F07/2120/724;FASE 7;BOT_2380_INT;1039,209961;3;ESPERANZA
01-06-2023;PA7;C12;CAT 797 B;Lastre Oxidado;ESP/F07/2120/7240;FASE 7;BOT_2380_INT;346,4039917;1;ESPERANZA
01-06-2023;PA7;C12;CAT 797 B;Lastre Oxidado;ESP/F07/2120/7240;FASE 7;BOT_INT_RB;346,4039917;1;ESPERANZA
01-06-2023;PA7;C13;CAT 797 B;Lastre Oxidado;ESP/F07/2120/711;FASE 7;BOT_2380_INT;346,4039917;1;ESPERANZA
01-06-2023;PA7;C13;CAT 797 B;Lastre Oxidado;ESP/F07/2120/711;FASE 7;BOT_INT_RB;346,4039917;1;ESPERANZA
01-06-2023;PA7;C13;CAT 797 B;Lastre Oxidado;ESP/F07/2120/724;FASE 7;BOT_2380_INT;692,8079834;2;ESPERANZA
01-06-2023;PA7;C13;CAT 797 B;Lastre Oxidado;ESP/F07/2120/7240;FASE 7;BOT_INT_RB;1385,615967;4;ESPERANZA
01-06-2023;PA7;C15;CAT 797 B;Lastre Oxidado;ESP/F07/2120/724;FASE 7;BOT_2380_INT;692,8079834;2;ESPERANZA
01-06-2023;PA7;C15;CAT 797 B;Lastre Oxidado;ESP/F07/2120/724;FASE 7;BOT_INT_RB;346,4039917;1;ESPERANZA
01-06-2023;PA7;C15;CAT 797 B;Lastre Oxidado;ESP/F07/2120/7240;FASE 7;BOT_INT_RB;692,8079834;2;ESPERANZA
01-06-2023;PA7;C16;CAT 797 B;Lastre Oxidado;ESP/F07/2120/7240;FASE 7;BOT_INT_RB;1732,017944;5;ESPERANZA
01-06-2023;PA7;C17;CAT 797 F;Lastre Oxidado;ESP/F07/2120/711;FASE 7;BOT_INT_RB;346,4039917;1;ESPERANZA
01-06-2023;PA7;C17;CAT 797 F;Lastre Oxidado;ESP/F07/2120/724;FASE 7;BOT_2380_INT;1039,209961;3;ESPERANZA
01-06-2023;PA7;C17;CAT 797 F;Lastre Oxidado;ESP/F07/2120/7240;FASE 7;BOT_INT_RB;1039,211975;3;ESPERANZA
01-06-2023;PA7;C18;CAT 797 F;Lastre Oxidado;ESP/F07/2120/724;FASE 7;BOT_2380_INT;346,4039917;1;ESPERANZA
01-06-2023;PA7;C18;CAT 797 F;Lastre Oxidado;ESP/F07/2120/7240;FASE 7;BOT_INT_RB;346,4039917;1;ESPERANZA
01-06-2023;PA7;C19;CAT 797 F;Lastre Oxidado;ESP/F07/2120/711;FASE 7;BOT_2380_INT;346,4039917;1;ESPERANZA
01-06-2023;PA7;C19;CAT 797 F;Lastre Oxidado;ESP/F07/2120/711;FASE 7;BOT_INT_RB;346,4039917;1;ESPERANZA
01-06-2023;PA7;C19;CAT 797 F;Lastre Oxidado;ESP/F07/2120/724;FASE 7;BOT_2380_INT;692,8079834;2;ESPERANZA
01-06-2023;PA7;C19;CAT 797 F;Lastre Oxidado;ESP/F07/2120/7240;FASE 7;BOT_INT_RB;1039,209961;3;ESPERANZA
01-06-2023;PA7;C20;CAT 797 F;Lastre Oxidado;ESP/F07/2120/711;FASE 7;BOT_INT_RB;692,8079834;2;ESPERANZA
01-06-2023;PA7;C20;CAT 797 F;Lastre Oxidado;ESP/F07/2120/724;FASE 7;BOT_2380_INT;692,8079834;2;ESPERANZA
01-06-2023;PA7;C20;CAT 797 F;Lastre Oxidado;ESP/F07/2120/724;FASE 7;BOT_INT_RB;346,4039917;1;ESPERANZA
01-06-2023;PA7;C20;CAT 797 F;Lastre Oxidado;ESP/F07/2120/7240;FASE 7;BOT_INT_RB;346,4039917;1;ESPERANZA
01-06-2023;PA7;C21;CAT 797 F;Lastre Oxidado;ESP/F07/2120/724;FASE 7;BOT_2380_INT;1039,211975;3;ESPERANZA
01-06-2023;PA7;C21;CAT 797 F;Lastre Oxidado;ESP/F07/2120/7240;FASE 7;BOT_INT_RB;1039,209961;3;ESPERANZA
01-06-2023;PA7;C23;CAT 797 F;Lastre Oxidado;ESP/F07/2120/724;FASE 7;BOT_2380_INT;692,8079834;2;ESPERANZA
01-06-2023;PA7;C23;CAT 797 F;Lastre Oxidado;ESP/F07/2120/7240;FASE 7;BOT_INT_RB;1385,613953;4;ESPERANZA
01-06-2023;PA7;C24;CAT 797 F;Lastre Oxidado;ESP/F07/2120/724;FASE 7;BOT_2380_INT;692,8079834;2;ESPERANZA
01-06-2023;PA7;C24;CAT 797 F;Lastre Oxidado;ESP/F07/2120/7240;FASE 7;BOT_INT_RB;692,8079834;2;ESPERANZA
01-06-2023;PA7;C25;CAT 797 F;Lastre Oxidado;ESP/F07/2120/711;FASE 7;BOT_INT_RB;346,4039917;1;ESPERANZA
01-06-2023;PA7;C25;CAT 797 F;Lastre Oxidado;ESP/F07/2120/724;FASE 7;BOT_2380_INT;692,8079834;2;ESPERANZA
01-06-2023;PA7;C25;CAT 797 F;Lastre Oxidado;ESP/F07/2120/7240;FASE 7;BOT_INT_RB;346,4039917;1;ESPERANZA
01-06-2023;PA7;C32;CAT 797 F;Lastre Oxidado;ESP/F07/2120/711;FASE 7;BOT_2380_INT;692,8079834;2;ESPERANZA
01-06-2023;PA7;C32;CAT 797 F;Lastre Oxidado;ESP/F07/2120/724;FASE 7;BOT_2380_INT;692,8079834;2;ESPERANZA
01-06-2023;PA7;C32;CAT 797 F;Lastre Oxidado;ESP/F07/2120/7240;FASE 7;BOT_2380_INT;346,4039917;1;ESPERANZA
01-06-2023;PA7;C32;CAT 797 F;Lastre Oxidado;ESP/F07/2120/7240;FASE 7;BOT_INT_RB;1385,615967;4;ESPERANZA
01-06-2023;PA7;C34;CAT 797 F;Lastre Oxidado;ESP/F07/2120/711;FASE 7;BOT_INT_RB;346,4039917;1;ESPERANZA
01-06-2023;PA7;C34;CAT 797 F;Lastre Oxidado;ESP/F07/2120/724;FASE 7;BOT_2380_INT;1039,211975;3;ESPERANZA
01-06-2023;PA7;C34;CAT 797 F;Lastre Oxidado;ESP/F07/2120/7240;FASE 7;BOT_INT_RB;1385,615967;4;ESPERANZA
01-06-2023;PA7;C36;CAT 797 F;Lastre Oxidado;ESP/F07/2120/711;FASE 7;BOT_INT_RB;346,4039917;1;ESPERANZA
01-06-2023;PA7;C36;CAT 797 F;Lastre Oxidado;ESP/F07/2120/724;FASE 7;BOT_2380_INT;692,8079834;2;ESPERANZA
01-06-2023;PA7;C36;CAT 797 F;Lastre Oxidado;ESP/F07/2120/7240;FASE 7;BOT_INT_RB;692,8079834;2;ESPERANZA
01-06-2023;PA7;C37;CAT 797 F;Lastre Oxidado;ESP/F07/2120/724;FASE 7;BOT_2380_INT;346,4039917;1;ESPERANZA
01-06-2023;PA7;C37;CAT 797 F;Lastre Oxidado;ESP/F07/2120/7240;FASE 7;BOT_INT_RB;692,8079834;2;ESPERANZA
01-06-2023;PA7;C38;CAT 797 F;Lastre Oxidado;ESP/F07/2120/7240;FASE 7;BOT_INT_RB;346,4039917;1;ESPERANZA
01-06-2023;PA7;C39;CAT 797 F;Lastre Oxidado;ESP/F07/2120/711;FASE 7;BOT_INT_RB;346,4039917;1;ESPERANZA
01-06-2023;PA7;C39;CAT 797 F;Lastre Oxidado;ESP/F07/2120/724;FASE 7;BOT_2380_INT;692,8079834;2;ESPERANZA
01-06-2023;PA7;C40;CAT 797 F;Lastre Oxidado;ESP/F07/2120/7240;FASE 7;BOT_INT_RB;1385,615967;4;ESPERANZA
01-06-2023;PA7;C41;CAT 797 F;Lastre Oxidado;ESP/F07/2120/724;FASE 7;BOT_2380_INT;1385,613953;4;ESPERANZA
01-06-2023;PA7;C41;CAT 797 F;Lastre Oxidado;ESP/F07/2120/7240;FASE 7;BOT_2380_INT;346,4039917;1;ESPERANZA
01-06-2023;PA7;C42;CAT 797 F;Lastre Oxidado;ESP/F07/2120/724;FASE 7;BOT_2380_INT;1385,619995;4;ESPERANZA
01-06-2023;PA7;C42;CAT 797 F;Lastre Oxidado;ESP/F07/2120/7240;FASE 7;BOT_INT_RB;692,8079834;2;ESPERANZA
01-06-2023;PA7;C43;CAT 797 F;Lastre Oxidado;ESP/F07/2120/711;FASE 7;BOT_INT_RB;692,8079834;2;ESPERANZA
01-06-2023;PA7;C43;CAT 797 F;Lastre Oxidado;ESP/F07/2120/724;FASE 7;BOT_2380_INT;346,4039917;1;ESPERANZA
01-06-2023;PA7;C43;CAT 797 F;Lastre Oxidado;ESP/F07/2120/7240;FASE 7;BOT_INT_RB;1039,211975;3;ESPERANZA
01-06-2023;PA7;C44;CAT 797 F;Lastre Oxidado;ESP/F07/2120/711;FASE 7;BOT_INT_RB;346,4039917;1;ESPERANZA
01-06-2023;PA7;C44;CAT 797 F;Lastre Oxidado;ESP/F07/2120/724;FASE 7;BOT_2380_INT;346,4039917;1;ESPERANZA
01-06-2023;PA7;C44;CAT 797 F;Lastre Oxidado;ESP/F07/2120/7240;FASE 7;BOT_INT_RB;346,4039917;1;ESPERANZA
01-06-2023;PA7;C45;CAT 797 F;Lastre Oxidado;ESP/F07/2120/724;FASE 7;BOT_2380_INT;692,8079834;2;ESPERANZA
01-06-2023;PA7;C45;CAT 797 F;Lastre Oxidado;ESP/F07/2120/7240;FASE 7;BOT_INT_RB;692,8079834;2;ESPERANZA
01-06-2023;PA7;C46;CAT 797 F;Lastre Oxidado;ESP/F07/2120/711;FASE 7;BOT_INT_RB;692,8079834;2;ESPERANZA
01-06-2023;PA7;C46;CAT 797 F;Lastre Oxidado;ESP/F07/2120/724;FASE 7;BOT_2380_INT;692,8079834;2;ESPERANZA
01-06-2023;PA7;C46;CAT 797 F;Lastre Oxidado;ESP/F07/2120/7240;FASE 7;BOT_2380_INT;346,4039917;1;ESPERANZA
01-06-2023;PA7;C46;CAT 797 F;Lastre Oxidado;ESP/F07/2120/7240;FASE 7;BOT_INT_RB;346,4039917;1;ESPERANZA
01-06-2023;PA7;C47;CAT 797 F;Lastre Oxidado;ESP/F07/2120/711;FASE 7;BOT_INT_RB;692,8079834;2;ESPERANZA
01-06-2023;PA7;C47;CAT 797 F;Lastre Oxidado;ESP/F07/2120/7240;FASE 7;BOT_INT_RB;346,4039917;1;ESPERANZA
01-06-2023;PA7;C48;CAT 797 F;Lastre Oxidado;ESP/F07/2120/711;FASE 7;BOT_INT_RB;692,8079834;2;ESPERANZA
01-06-2023;PA7;C48;CAT 797 F;Lastre Oxidado;ESP/F07/2120/7240;FASE 7;BOT_INT_RB;346,4039917;1;ESPERANZA
01-06-2023;PA7;C49;KOM 930 E;Lastre Oxidado;ESP/F07/2120/724;FASE 7;BOT_2380_INT;582;2;ESPERANZA
01-06-2023;PA7;C50;KOM 930 E;Lastre Oxidado;ESP/F07/2120/724;FASE 7;BOT_2380_INT;873;3;ESPERANZA
01-06-2023;PA7;C51;KOM 930 E;Lastre Oxidado;ESP/F07/2120/711;FASE 7;BOT_INT_RB;291;1;ESPERANZA
01-06-2023;PA7;C52;KOM 930 E;Lastre Oxidado;ESP/F07/2120/711;FASE 7;BOT_INT_RB;291;1;ESPERANZA
01-06-2023;PA7;C52;KOM 930 E;Lastre Oxidado;ESP/F07/2120/724;FASE 7;BOT_2380_INT;1455;5;ESPERANZA
01-06-2023;PA7;C53;KOM 930 E;Lastre Oxidado;ESP/F07/2120/711;FASE 7;BOT_INT_RB;291;1;ESPERANZA
01-06-2023;PA7;C53;KOM 930 E;Lastre Oxidado;ESP/F07/2120/724;FASE 7;BOT_2380_INT;291;1;ESPERANZA
01-06-2023;PA7;C54;KOM 930 E;Lastre Oxidado;ESP/F07/2120/711;FASE 7;BOT_2380_INT;291;1;ESPERANZA
01-06-2023;PA7;C54;KOM 930 E;Lastre Oxidado;ESP/F07/2120/7240;FASE 7;BOT_INT_RB;291;1;ESPERANZA
01-06-2023;PA7;C56;KOM 930 E;Lastre Oxidado;ESP/F07/2120/711;FASE 7;BOT_INT_RB;291;1;ESPERANZA
01-06-2023;PA7;C56;KOM 930 E;Lastre Oxidado;ESP/F07/2120/724;FASE 7;BOT_2380_INT;291;1;ESPERANZA
01-06-2023;PA7;C57;KOM 930 E;Lastre Oxidado;ESP/F07/2120/724;FASE 7;BOT_2380_INT;1164;4;ESPERANZA
01-06-2023;PA7;C57;KOM 930 E;Lastre Oxidado;ESP/F07/2120/7240;FASE 7;BOT_INT_RB;291;1;ESPERANZA
01-06-2023;PA7;C58;KOM 930 E;Lastre Oxidado;ESP/F07/2120/724;FASE 7;BOT_2380_INT;873;3;ESPERANZA
01-06-2023;PA7;C58;KOM 930 E;Lastre Oxidado;ESP/F07/2120/7240;FASE 7;BOT_2380_INT;291;1;ESPERANZA
01-06-2023;PA7;C59;KOM 930 E;Lastre Oxidado;ESP/F07/2120/711;FASE 7;BOT_2380_INT;291;1;ESPERANZA
01-06-2023;PA7;C59;KOM 930 E;Lastre Oxidado;ESP/F07/2120/724;FASE 7;BOT_2380_INT;291;1;ESPERANZA
01-06-2023;PA7;C60;KOM 930 E;Lastre Oxidado;ESP/F07/2120/711;FASE 7;BOT_2380_INT;291;1;ESPERANZA
01-06-2023;PA7;C60;KOM 930 E;Lastre Oxidado;ESP/F07/2120/711;FASE 7;BOT_INT_RB;291;1;ESPERANZA
01-06-2023;PA7;C60;KOM 930 E;Lastre Oxidado;ESP/F07/2120/724;FASE 7;BOT_2380_INT;582;2;ESPERANZA
01-06-2023;PA7;C60;KOM 930 E;Lastre Oxidado;ESP/F07/2120/724;FASE 7;BOT_INT_RB;291;1;ESPERANZA
01-06-2023;PA7;C60;KOM 930 E;Lastre Oxidado;ESP/F07/2120/7240;FASE 7;BOT_INT_RB;291;1;ESPERANZA
01-06-2023;PA7;C61;KOM 930 E;Lastre Oxidado;ESP/F07/2120/724;FASE 7;BOT_2380_INT;291;1;ESPERANZA
01-06-2023;PA9;C07;CAT 797 B;Lastre Sulfurado;ESP/F07/2120/7170;FASE 7;BOT_2380_INT;346,4039917;1;ESPERANZA
01-06-2023;PA9;C08;CAT 797 B;Lastre Sulfurado;ESP/F07/2120/7170;FASE 7;BOT_2380_INT;346,4039917;1;ESPERANZA
01-06-2023;PA9;C10;CAT 797 B;Lastre Sulfurado;ESP/F07/2120/7170;FASE 7;BOT_INT_RB;346,4039917;1;ESPERANZA
01-06-2023;PA9;C11;CAT 797 B;Lastre Sulfurado;ESP/F07/2120/7170;FASE 7;BOT_2380_INT;346,4039917;1;ESPERANZA
01-06-2023;PA9;C13;CAT 797 B;Lastre Sulfurado;ESP/F07/2120/7170;FASE 7;BOT_2380_INT;346,4039917;1;ESPERANZA
01-06-2023;PA9;C15;CAT 797 B;Lastre Sulfurado;ESP/F07/2120/7170;FASE 7;BOT_2380_INT;692,8079834;2;ESPERANZA
01-06-2023;PA9;C17;CAT 797 F;Lastre Sulfurado;ESP/F07/2120/7170;FASE 7;BOT_2380_INT;1039,211975;3;ESPERANZA
01-06-2023;PA9;C20;CAT 797 F;Lastre Sulfurado;ESP/F07/2120/7170;FASE 7;BOT_2380_INT;692,8079834;2;ESPERANZA
01-06-2023;PA9;C21;CAT 797 F;Lastre Sulfurado;ESP/F07/2120/7170;FASE 7;BOT_2380_INT;1039,211975;3;ESPERANZA
01-06-2023;PA9;C24;CAT 797 F;Lastre Sulfurado;ESP/F07/2120/7170;FASE 7;BOT_2380_INT;1039,211975;3;ESPERANZA
01-06-2023;PA9;C25;CAT 797 F;Lastre Sulfurado;ESP/F07/2120/7170;FASE 7;BOT_2380_INT;346,4039917;1;ESPERANZA
01-06-2023;PA9;C34;CAT 797 F;Lastre Sulfurado;ESP/F07/2120/7170;FASE 7;BOT_2380_INT;346,4039917;1;ESPERANZA
01-06-2023;PA9;C36;CAT 797 F;Lastre Sulfurado;ESP/F07/2120/7170;FASE 7;BOT_2380_INT;692,8079834;2;ESPERANZA
01-06-2023;PA9;C37;CAT 797 F;Lastre Sulfurado;ESP/F07/2120/7170;FASE 7;BOT_2380_INT;346,4039917;1;ESPERANZA
01-06-2023;PA9;C38;CAT 797 F;Lastre Sulfurado;ESP/F07/2120/7170;FASE 7;BOT_2380_INT;346,4039917;1;ESPERANZA
01-06-2023;PA9;C39;CAT 797 F;Lastre Sulfurado;ESP/F07/2120/7170;FASE 7;BOT_2380_INT;346,4039917;1;ESPERANZA
01-06-2023;PA9;C41;CAT 797 F;Lastre Sulfurado;ESP/F07/2120/7170;FASE 7;BOT_2380_INT;346,4039917;1;ESPERANZA
01-06-2023;PA9;C42;CAT 797 F;Lastre Sulfurado;ESP/F07/2120/7170;FASE 7;BOT_2380_INT;1385,613953;4;ESPERANZA
01-06-2023;PA9;C43;CAT 797 F;Lastre Sulfurado;ESP/F07/2120/7170;FASE 7;BOT_2380_INT;346,4039917;1;ESPERANZA
01-06-2023;PA9;C43;CAT 797 F;Lastre Sulfurado;ESP/F07/2120/7170;FASE 7;BOT_INT_RB;346,4039917;1;ESPERANZA
01-06-2023;PA9;C45;CAT 797 F;Lastre Sulfurado;ESP/F07/2120/7170;FASE 7;BOT_2380_INT;346,4039917;1;ESPERANZA
01-06-2023;PA9;C46;CAT 797 F;Lastre Sulfurado;ESP/F07/2120/7170;FASE 7;BOT_2380_INT;346,4039917;1;ESPERANZA
01-06-2023;PA9;C47;CAT 797 F;Lastre Sulfurado;ESP/F07/2120/7170;FASE 7;BOT_2380_INT;1039,211975;3;ESPERANZA
01-06-2023;PA9;C49;KOM 930 E;Lastre Sulfurado;ESP/F07/2120/7170;FASE 7;BOT_2380_INT;291;1;ESPERANZA
01-06-2023;PA9;C50;KOM 930 E;Lastre Oxidado;ESP/F07/2104/703;FASE 7;BOT_RAMPA_SUPERIOR;582;2;ESPERANZA
01-06-2023;PA9;C51;KOM 930 E;Lastre Sulfurado;ESP/F07/2120/7170;FASE 7;BOT_2380_INT;291;1;ESPERANZA
01-06-2023;PA9;C52;KOM 930 E;Lastre Sulfurado;ESP/F07/2120/7170;FASE 7;BOT_2380_INT;582;2;ESPERANZA
01-06-2023;PA9;C53;KOM 930 E;Lastre Oxidado;ESP/F07/2104/703;FASE 7;BOT_RAMPA_SUPERIOR;873;3;ESPERANZA
01-06-2023;PA9;C54;KOM 930 E;Lastre Oxidado;ESP/F07/2104/703;FASE 7;BOT_RAMPA_SUPERIOR;873;3;ESPERANZA
01-06-2023;PA9;C56;KOM 930 E;Lastre Oxidado;ESP/F07/2104/703;FASE 7;BOT_RAMPA_SUPERIOR;873;3;ESPERANZA
01-06-2023;PA9;C57;KOM 930 E;Lastre Sulfurado;ESP/F07/2120/7170;FASE 7;BOT_2380_INT;291;1;ESPERANZA
01-06-2023;PA9;C58;KOM 930 E;Lastre Sulfurado;ESP/F07/2120/7170;FASE 7;BOT_2380_INT;873;3;ESPERANZA
01-06-2023;PA9;C59;KOM 930 E;Lastre Oxidado;ESP/F07/2104/703;FASE 7;BOT_RAMPA_SUPERIOR;291;1;ESPERANZA
01-06-2023;PA9;C59;KOM 930 E;Lastre Sulfurado;ESP/F07/2120/7170;FASE 7;BOT_2380_INT;291;1;ESPERANZA
01-06-2023;PA9;C60;KOM 930 E;Lastre Oxidado;ESP/F07/2104/703;FASE 7;BOT_RAMPA_SUPERIOR;291;1;ESPERANZA
01-06-2023;PA9;C60;KOM 930 E;Lastre Sulfurado;ESP/F07/2120/7170;FASE 7;BOT_2380_INT;291;1;ESPERANZA
01-06-2023;PAESPS;C980AHSESPS;Kom 980 AHS;Lastre Sulfurado;ESS/F03/2200/306;F03 ESPSUR;BOTADERO_2021;26280;73;ESPERANZA_SUR
01-06-2023;PATH01;C128;CAT 793 C;Marginal Rom;STOCK_MRO_MIR;OXIDO;ROM;4400;20;TESORO
01-06-2023;PATH01;C129;CAT 793 C;Marginal Rom;STOCK_MRO_MIR;OXIDO;ROM;660;3;TESORO
01-06-2023;PATH01;C130;CAT 793 C;Marginal Rom;STOCK_MRO_MIR;OXIDO;ROM;2200;10;TESORO
01-06-2023;PATH01;C131;CAT 793 C;Marginal Rom;STOCK_MRO_MIR;OXIDO;ROM;220;1;TESORO
01-06-2023;PATH01;C132;CAT 793 C;Marginal Rom;STOCK_MRO_MIR;OXIDO;ROM;880;4;TESORO
01-06-2023;PATH01;C135;CAT 793 C;Marginal Rom;STOCK_MRO_MIR;OXIDO;ROM;3520;16;TESORO
01-06-2023;PATH01;C151;CAT 793 F;Marginal Rom;STOCK_MRO_MIR;OXIDO;ROM;3825;17;TESORO
01-06-2023;PATH01;C156;CAT 793 F;Marginal Rom;STOCK_MRO_MIR;OXIDO;ROM;675;3;TESORO
01-06-2023;PATH01;C159;CAT 793 F;Marginal Rom;STOCK_MRO_MIR;OXIDO;ROM;1125;5;TESORO
01-06-2023;PATH01;C161;CAT 793 F;Marginal Rom;STOCK_MRO_MIR;OXIDO;ROM;450;2;TESORO
01-06-2023;PATH01;C701;LIEBHERR 264 ;LASTRE (LAS);LLA/F01/2302.5/106;F01 LLA;BOT_TSS;20148;92;LLANO
01-06-2023;PATH01;C701;LIEBHERR 264 ;LASTRE (LAS);LLA/F01/2302.5/108;F01 LLA;BOT_TSS;438;2;LLANO
01-06-2023;PATH01;C701;LIEBHERR 264 ;LASTRE (LAS);LLA/F01/2302.5/1080;F01 LLA;BOT_TSS;10731;49;LLANO
01-06-2023;PATH01;C701;LIEBHERR 264 ;LASTRE (LAS);LLA/F02/2302.5/2090;F02 LLA;BOT_TSS;17301;79;LLANO
01-06-2023;PATH01;C701;LIEBHERR 264 ;LASTRE (LAS);LLA/F02/2302.5/2091;F02 LLA;BOT_TSS;219;1;LLANO
01-06-2023;PATH01;C793OXE;CAT 793 OXE;OAR;MOD_A_REM;ENCUENTRO OXE;CHANCADO-ENCUENTRO;30140;137;ENCUENTRO
01-06-2023;PATH01;C793OXE;CAT 793 OXE;OBR;MOD_E_REM;ENCUENTRO OXE;CHANCADO-ENCUENTRO;1540;7;ENCUENTRO
01-06-2023;PATH01;C793OXE;CAT 793 OXE;ORM;MOD_B_REM;ENCUENTRO OXE;CHANCADO-ENCUENTRO;440;2;ENCUENTRO
01-06-2023;PATH01;C930OXE;KOM 930OXE;L21;04_2376_452;FASE 04 ENC;BOT.2420;23780;82;ENCUENTRO
01-06-2023;PATH01;C930OXE;KOM 930OXE;L21;04_2376_455;FASE 04 ENC;BOT.2420;81200;280;ENCUENTRO