Fecha;Carguio;Camión;Flota;Material;Origen;Zona;Destino;Tonelaje;Ciclos;Rajo
02-06-2023;CF2;C07;CAT 797 B;Lastre Oxidado;ESP/F07/2120/705;FASE 7;BOT_INT_RB;346,4039917;1;ESPERANZA
02-06-2023;CF2;C07;CAT 797 B;Lastre Sulfurado;ESP/F07/2120/727;FASE 7;BOT_2380_INT;346,4039917;1;ESPERANZA
02-06-2023;CF2;C07;CAT 797 B;Lastre Sulfurado;ESP/F07/2120/727;FASE 7;BOT_INT_RB;692,8079834;2;ESPERANZA
02-06-2023;CF2;C08;CAT 797 B;Lastre Oxidado;ESP/F07/2120/705;FASE 7;BOT_2380_INT;346,4039917;1;ESPERANZA
02-06-2023;CF2;C08;CAT 797 B;Lastre Oxidado;ESP/F07/2120/705;FASE 7;BOT_INT_RB;1385,619995;4;ESPERANZA
02-06-2023;CF2;C09;CAT 797 B;Lastre Oxidado;ESP/F07/2120/705;FASE 7;BOT_INT_RB;346,4039917;1;ESPERANZA
02-06-2023;CF2;C09;CAT 797 B;Lastre Oxidado;ESP/F07/2120/715;FASE 7;BOT_INT_RB;346,4039917;1;ESPERANZA
02-06-2023;CF2;C09;CAT 797 B;Lastre Sulfurado;ESP/F07/2120/727;FASE 7;BOT_INT_RB;1732,02002;5;ESPERANZA
02-06-2023;CF2;C10;CAT 797 B;Lastre Oxidado;ESP/F07/2120/705;FASE 7;BOT_2380_INT;346,4039917;1;ESPERANZA
02-06-2023;CF2;C11;CAT 797 B;Lastre Oxidado;ESP/F07/2120/705;FASE 7;BOT_2380_INT;346,4039917;1;ESPERANZA
02-06-2023;CF2;C11;CAT 797 B;Lastre Sulfurado;ESP/F07/2120/727;FASE 7;BOT_INT_RB;692,8079834;2;ESPERANZA
02-06-2023;CF2;C12;CAT 797 B;Lastre Oxidado;ESP/F07/2120/705;FASE 7;BOT_2380_INT;692,8079834;2;ESPERANZA
02-06-2023;CF2;C12;CAT 797 B;Lastre Oxidado;ESP/F07/2120/705;FASE 7;BOT_INT_RB;692,8079834;2;ESPERANZA
02-06-2023;CF2;C12;CAT 797 B;Lastre Sulfurado;ESP/F07/2120/727;FASE 7;BOT_2380_INT;692,8079834;2;ESPERANZA
02-06-2023;CF2;C12;CAT 797 B;Lastre Sulfurado;ESP/F07/2120/727;FASE 7;BOT_INT_RB;346,4039917;1;ESPERANZA
02-06-2023;CF2;C13;CAT 797 B;Lastre Sulfurado;ESP/F07/2120/727;FASE 7;BOT_2380_INT;346,4039917;1;ESPERANZA
02-06-2023;CF2;C15;CAT 797 B;Lastre Oxidado;ESP/F07/2120/705;FASE 7;BOT_INT_RB;692,8079834;2;ESPERANZA
02-06-2023;CF2;C16;CAT 797 B;Lastre Sulfurado;ESP/F07/2120/727;FASE 7;BOT_INT_RB;346,4039917;1;ESPERANZA
02-06-2023;CF2;C17;CAT 797 F;Lastre Oxidado;ESP/F07/2120/705;FASE 7;BOT_INT_RB;346,4039917;1;ESPERANZA
02-06-2023;CF2;C18;CAT 797 F;Lastre Oxidado;ESP/F07/2120/705;FASE 7;BOT_INT_RB;1385,619995;4;ESPERANZA
02-06-2023;CF2;C18;CAT 797 F;Lastre Sulfurado;ESP/F07/2120/727;FASE 7;BOT_INT_RB;346,4039917;1;ESPERANZA
02-06-2023;CF2;C21;CAT 797 F;Lastre Sulfurado;ESP/F07/2120/727;FASE 7;BOT_INT_RB;346,4039917;1;ESPERANZA
02-06-2023;CF2;C23;CAT 797 F;Lastre Oxidado;ESP/F07/2120/705;FASE 7;BOT_2380_INT;346,4039917;1;ESPERANZA
02-06-2023;CF2;C23;CAT 797 F;Lastre Oxidado;ESP/F07/2120/705;FASE 7;BOT_INT_RB;692,8079834;2;ESPERANZA
02-06-2023;CF2;C25;CAT 797 F;Lastre Oxidado;ESP/F07/2120/705;FASE 7;BOT_INT_RB;692,8079834;2;ESPERANZA
02-06-2023;CF2;C25;CAT 797 F;Lastre Sulfurado;ESP/F07/2120/727;FASE 7;BOT_2380_INT;692,8079834;2;ESPERANZA
02-06-2023;CF2;C32;CAT 797 F;Lastre Oxidado;ESP/F07/2120/705;FASE 7;BOT_INT_RB;346,4039917;1;ESPERANZA
02-06-2023;CF2;C32;CAT 797 F;Lastre Sulfurado;ESP/F07/2120/727;FASE 7;BOT_INT_RB;346,4039917;1;ESPERANZA
02-06-2023;CF2;C34;CAT 797 F;Lastre Oxidado;ESP/F07/2120/705;FASE 7;BOT_2380_INT;346,4039917;1;ESPERANZA
02-06-2023;CF2;C34;CAT 797 F;Lastre Oxidado;ESP/F07/2120/705;FASE 7;BOT_INT_RB;346,4039917;1;ESPERANZA
02-06-2023;CF2;C34;CAT 797 F;Lastre Sulfurado;ESP/F07/2120/727;FASE 7;BOT_INT_RB;1039,209961;3;ESPERANZA
02-06-2023;CF2;C36;CAT 797 F;Lastre Oxidado;ESP/F07/2120/705;FASE 7;BOT_INT_RB;346,4039917;1;ESPERANZA
02-06-2023;CF2;C37;CAT 797 F;Lastre Oxidado;ESP/F07/2120/705;FASE 7;BOT_INT_RB;346,4039917;1;ESPERANZA
02-06-2023;CF2;C38;CAT 797 F;Lastre Oxidado;ESP/F07/2120/705;FASE 7;BOT_INT_RB;346,4039917;1;ESPERANZA
02-06-2023;CF2;C38;CAT 797 F;Lastre Sulfurado;ESP/F07/2120/727;FASE 7;BOT_INT_RB;1039,209961;3;ESPERANZA
02-06-2023;CF2;C39;CAT 797 F;Lastre Oxidado;ESP/F07/2120/705;FASE 7;BOT_INT_RB;692,8079834;2;ESPERANZA
02-06-2023;CF2;C40;CAT 797 F;Lastre Oxidado;ESP/F07/2120/705;FASE 7;BOT_2380_INT;346,4039917;1;ESPERANZA
02-06-2023;CF2;C40;CAT 797 F;Lastre Oxidado;ESP/F07/2120/705;FASE 7;BOT_INT_RB;692,8079834;2;ESPERANZA
02-06-2023;CF2;C40;CAT 797 F;Lastre Sulfurado;ESP/F07/2120/727;FASE 7;BOT_INT_RB;692,8079834;2;ESPERANZA
02-06-2023;CF2;C41;CAT 797 F;Lastre Oxidado;ESP/F07/2120/715;FASE 7;BOT_INT_RB;346,4039917;1;ESPERANZA
02-06-2023;CF2;C41;CAT 797 F;Lastre Sulfurado;ESP/F07/2120/727;FASE 7;BOT_2380_INT;692,8079834;2;ESPERANZA
02-06-2023;CF2;C41;CAT 797 F;Lastre Sulfurado;ESP/F07/2120/727;FASE 7;BOT_INT_RB;346,4039917;1;ESPERANZA
02-06-2023;CF2;C42;CAT 797 F;Lastre Oxidado;ESP/F07/2120/705;FASE 7;BOT_INT_RB;346,4039917;1;ESPERANZA
02-06-2023;CF2;C44;CAT 797 F;Lastre Oxidado;ESP/F07/2120/705;FASE 7;BOT_2380_INT;346,4039917;1;ESPERANZA
02-06-2023;CF2;C44;CAT 797 F;Lastre Oxidado;ESP/F07/2120/705;FASE 7;BOT_INT_RB;346,4039917;1;ESPERANZA
02-06-2023;CF2;C44;CAT 797 F;Lastre Sulfurado;ESP/F07/2120/727;FASE 7;BOT_INT_RB;346,4039917;1;ESPERANZA
02-06-2023;CF2;C46;CAT 797 F;Lastre Oxidado;ESP/F07/2120/705;FASE 7;BOT_2380_INT;346,4039917;1;ESPERANZA
02-06-2023;CF2;C46;CAT 797 F;Lastre Oxidado;ESP/F07/2120/705;FASE 7;BOT_INT_RB;346,4039917;1;ESPERANZA
02-06-2023;CF2;C46;CAT 797 F;Lastre Sulfurado;ESP/F07/2120/727;FASE 7;BOT_INT_RB;692,8079834;2;ESPERANZA
02-06-2023;CF2;C47;CAT 797 F;Lastre Oxidado;ESP/F07/2120/705;FASE 7;BOT_INT_RB;346,4039917;1;ESPERANZA
02-06-2023;CF2;C47;CAT 797 F;Lastre Oxidado;ESP/F07/2120/715;FASE 7;BOT_INT_RB;346,4039917;1;ESPERANZA
02-06-2023;CF2;C47;CAT 797 F;Lastre Sulfurado;ESP/F07/2120/727;FASE 7;BOT_INT_RB;346,4039917;1;ESPERANZA
02-06-2023;CF2;C50;KOM 930 E;Lastre Oxidado;ESP/F07/2120/705;FASE 7;BOT_INT_RB;291;1;ESPERANZA
02-06-2023;CF2;C50;KOM 930 E;Lastre Sulfurado;ESP/F07/2120/727;FASE 7;BOT_2380_INT;291;1;ESPERANZA
02-06-2023;CF2;C52;KOM 930 E;Lastre Sulfurado;ESP/F07/2120/727;FASE 7;BOT_2380_INT;291;1;ESPERANZA
02-06-2023;CF2;C53;KOM 930 E;Lastre Sulfurado;ESP/F07/2120/727;FASE 7;BOT_INT_RB;291;1;ESPERANZA
02-06-2023;CF2;C54;KOM 930 E;Lastre Oxidado;ESP/F07/2120/705;FASE 7;BOT_INT_RB;582;2;ESPERANZA
02-06-2023;CF2;C56;KOM 930 E;Lastre Oxidado;ESP/F07/2120/705;FASE 7;BOT_2380_INT;291;1;ESPERANZA
02-06-2023;CF2;C56;KOM 930 E;Lastre Sulfurado;ESP/F07/2120/727;FASE 7;BOT_INT_RB;582;2;ESPERANZA
02-06-2023;CF2;C57;KOM 930 E;Lastre Oxidado;ESP/F07/2120/705;FASE 7;BOT_2380_INT;291;1;ESPERANZA
02-06-2023;CF2;C57;KOM 930 E;Lastre Sulfurado;ESP/F07/2120/727;FASE 7;BOT_INT_RB;291;1;ESPERANZA
02-06-2023;CF2;C59;KOM 930 E;Lastre Oxidado;ESP/F07/2120/705;FASE 7;BOT_INT_RB;291;1;ESPERANZA
02-06-2023;CF2;C59;KOM 930 E;Lastre Sulfurado;ESP/F07/2120/727;FASE 7;BOT_2380_INT;291;1;ESPERANZA
02-06-2023;CF2;C60;KOM 930 E;Lastre Oxidado;ESP/F07/2120/715;FASE 7;BOT_INT_RB;291;1;ESPERANZA
02-06-2023;CF2;C60;KOM 930 E;Lastre Sulfurado;ESP/F07/2120/727;FASE 7;BOT_INT_RB;291;1;ESPERANZA
02-06-2023;CF232;C122;CAT 793 C;Sulfuro Baja Ley;STOCK_SBL_ESS;ESPERANZA_SUR;CHANCADO-SULFURO;433,9200134;2;ESPERANZA_SUR
02-06-2023;CF232;C123;CAT 793 C;Sulfuro Baja Ley;STOCK_SBL_ESS;ESPERANZA_SUR;CHANCADO-SULFURO;2169,602036;10;ESPERANZA_SUR
02-06-2023;CF232;C125;CAT 793 C;Lastre Oxidado;ESP/F10/2296/1030;FASE 10;BOT_RAMPA_SUPERIOR;432,8729858;2;ESPERANZA
02-06-2023;CF232;C125;CAT 793 C;Sulfuro Baja Ley;STOCK_SBL_ESS;ESPERANZA_SUR;CHANCADO-SULFURO;867,84198;4;ESPERANZA_SUR
02-06-2023;CF232;C129;CAT 793 C;Lastre Oxidado;ESP/F10/2296/1030;FASE 10;BOT_RAMPA_SUPERIOR;216,4360046;1;ESPERANZA
02-06-2023;CF232;C130;CAT 793 C;Sulfuro Baja Ley;STOCK_SBL_ESS;ESPERANZA_SUR;CHANCADO-SULFURO;216,9600067;1;ESPERANZA_SUR
02-06-2023;CF232;C131;CAT 793 C;Sulfuro Baja Ley;STOCK_SBL_ESS;ESPERANZA_SUR;CHANCADO-SULFURO;216,9600067;1;ESPERANZA_SUR
02-06-2023;CF232;C132;CAT 793 C;Lastre Oxidado;ESP/F10/2296/1030;FASE 10;BOT_RAMPA_SUPERIOR;432,8729858;2;ESPERANZA
02-06-2023;CF232;C134;CAT 793 C;Lastre Oxidado;ESP/F10/2296/1030;FASE 10;BOT_RAMPA_SUPERIOR;216,4360046;1;ESPERANZA
02-06-2023;CF232;C135;CAT 793 C;Lastre Oxidado;ESP/F10/2296/1030;FASE 10;BOT_RAMPA_SUPERIOR;865,7459717;4;ESPERANZA
02-06-2023;CF232;C135;CAT 793 C;Lastre Sulfurado;ESP/F10/2296/1040;FASE 10;BOT_RAMPA_SUPERIOR;216,4360046;1;ESPERANZA
02-06-2023;CF232;C135;CAT 793 C;Sulfuro Baja Ley;STOCK_SBL_ESS;ESPERANZA_SUR;CHANCADO-SULFURO;650,8800201;3;ESPERANZA_SUR
02-06-2023;CF232;C151;CAT 793 F;Lastre Oxidado;ESP/F10/2296/1030;FASE 10;BOT_RAMPA_SUPERIOR;432,8729858;2;ESPERANZA
02-06-2023;CF232;C151;CAT 793 F;Sulfuro Baja Ley;STOCK_SBL_ESS;ESPERANZA_SUR;CHANCADO-SULFURO;433,92099;2;ESPERANZA_SUR
02-06-2023;CF232;C152;CAT 793 F;Sulfuro Baja Ley;STOCK_SBL_ESS;ESPERANZA_SUR;CHANCADO-SULFURO;216,9600067;1;ESPERANZA_SUR
02-06-2023;CF232;C153;CAT 793 F;Lastre Oxidado;ESP/F10/2296/1030;FASE 10;BOT_RAMPA_SUPERIOR;216,4360046;1;ESPERANZA
02-06-2023;CF232;C153;CAT 793 F;Sulfuro Baja Ley;STOCK_SBL_ESS;ESPERANZA_SUR;CHANCADO-SULFURO;867,8409882;4;ESPERANZA_SUR
02-06-2023;CF232;C155;CAT 793 F;Sulfuro Baja Ley;STOCK_SBL_ESS;ESPERANZA_SUR;CHANCADO-SULFURO;216,9600067;1;ESPERANZA_SUR
02-06-2023;CF232;C159;CAT 793 F;Lastre Oxidado;ESP/F10/2296/1030;FASE 10;BOT_RAMPA_SUPERIOR;216,4360046;1;ESPERANZA
02-06-2023;CF232;C161;CAT 793 F;Sulfuro Baja Ley;STOCK_SBL_ESS;ESPERANZA_SUR;CHANCADO-SULFURO;216,9600067;1;ESPERANZA_SUR
02-06-2023;CF232;C162;CAT 793 F;Lastre Oxidado;ESP/F10/2296/1030;FASE 10;BOT_RAMPA_SUPERIOR;216,4360046;1;ESPERANZA
02-06-2023;CF232;C162;CAT 793 F;Sulfuro Baja Ley;STOCK_SBL_ESS;ESPERANZA_SUR;CHANCADO-SULFURO;1301,761993;6;ESPERANZA_SUR
02-06-2023;CF232;C164;CAT 793 F;Lastre Oxidado;ESP/F10/2296/1030;FASE 10;BOT_RAMPA_SUPERIOR;216,4360046;1;ESPERANZA
02-06-2023;CF232;C164;CAT 793 F;Sulfuro Baja Ley;STOCK_SBL_ESS;ESPERANZA_SUR;CHANCADO-SULFURO;216,9600067;1;ESPERANZA_SUR
02-06-2023;CF233;C121;CAT 793 C;Lastre Sulfurado;ESP/F10/2296/1040;FASE 10;BOT_RAMPA_SUPERIOR;1082,182007;5;ESPERANZA
02-06-2023;CF233;C122;CAT 793 C;Lastre Sulfurado;ESP/F10/2296/1040;FASE 10;BOT_RAMPA_SUPERIOR;649,309021;3;ESPERANZA
02-06-2023;CF233;C125;CAT 793 C;Lastre Sulfurado;ESP/F10/2296/1040;FASE 10;BOT_RAMPA_SUPERIOR;649,3089905;3;ESPERANZA
02-06-2023;CF233;C128;CAT 793 C;Lastre Sulfurado;ESP/F10/2296/1040;FASE 10;BOT_RAMPA_SUPERIOR;1731,48999;8;ESPERANZA
02-06-2023;CF233;C129;CAT 793 C;Lastre Oxidado;ESP/F10/2296/1030;FASE 10;BOT_RAMPA_SUPERIOR;216,4360046;1;ESPERANZA
02-06-2023;CF233;C129;CAT 793 C;Lastre Sulfurado;ESP/F10/2296/1040;FASE 10;BOT_RAMPA_SUPERIOR;3030,10907;14;ESPERANZA
02-06-2023;CF233;C130;CAT 793 C;Lastre Sulfurado;ESP/F10/2296/1040;FASE 10;BOT_RAMPA_SUPERIOR;216,4360046;1;ESPERANZA
02-06-2023;CF233;C131;CAT 793 C;Lastre Sulfurado;ESP/F10/2296/1040;FASE 10;BOT_RAMPA_SUPERIOR;432,8729858;2;ESPERANZA
02-06-2023;CF233;C132;CAT 793 C;Lastre Oxidado;ESP/F10/2296/1030;FASE 10;BOT_RAMPA_SUPERIOR;216,4360046;1;ESPERANZA
02-06-2023;CF233;C132;CAT 793 C;Lastre Sulfurado;ESP/F10/2296/1040;FASE 10;BOT_RAMPA_SUPERIOR;2597,233093;12;ESPERANZA
02-06-2023;CF233;C134;CAT 793 C;Lastre Oxidado;ESP/F10/2296/1030;FASE 10;BOT_RAMPA_SUPERIOR;865,7459717;4;ESPERANZA
02-06-2023;CF233;C134;CAT 793 C;Lastre Sulfurado;ESP/F10/2296/1040;FASE 10;BOT_RAMPA_SUPERIOR;432,8720093;2;ESPERANZA
02-06-2023;CF233;C135;CAT 793 C;Lastre Oxidado;ESP/F10/2296/1030;FASE 10;BOT_RAMPA_SUPERIOR;216,4360046;1;ESPERANZA
02-06-2023;CF233;C135;CAT 793 C;Lastre Sulfurado;ESP/F10/2296/1040;FASE 10;BOT_RAMPA_SUPERIOR;2164,363983;10;ESPERANZA
02-06-2023;CF233;C151;CAT 793 F;Lastre Oxidado;ESP/F10/2296/1030;FASE 10;BOT_RAMPA_SUPERIOR;649,309021;3;ESPERANZA
02-06-2023;CF233;C151;CAT 793 F;Lastre Sulfurado;ESP/F10/2296/1040;FASE 10;BOT_RAMPA_SUPERIOR;1731,489075;8;ESPERANZA
02-06-2023;CF233;C152;CAT 793 F;Lastre Oxidado;ESP/F10/2296/1030;FASE 10;BOT_RAMPA_SUPERIOR;216,4360046;1;ESPERANZA
02-06-2023;CF233;C152;CAT 793 F;Lastre Sulfurado;ESP/F10/2296/1040;FASE 10;BOT_RAMPA_SUPERIOR;1515,054047;7;ESPERANZA
02-06-2023;CF233;C153;CAT 793 F;Lastre Oxidado;ESP/F10/2296/1030;FASE 10;BOT_RAMPA_SUPERIOR;432,8729858;2;ESPERANZA
02-06-2023;CF233;C153;CAT 793 F;Lastre Sulfurado;ESP/F10/2296/1040;FASE 10;BOT_RAMPA_SUPERIOR;865,7449951;4;ESPERANZA
02-06-2023;CF233;C154;CAT 793 F;Lastre Sulfurado;ESP/F10/2296/1040;FASE 10;BOT_RAMPA_SUPERIOR;216,4360046;1;ESPERANZA
02-06-2023;CF233;C155;CAT 793 F;Lastre Sulfurado;ESP/F10/2296/1040;FASE 10;BOT_RAMPA_SUPERIOR;2164,36203;10;ESPERANZA
02-06-2023;CF233;C156;CAT 793 F;Lastre Sulfurado;ESP/F10/2296/1040;FASE 10;BOT_RAMPA_SUPERIOR;1298,617981;6;ESPERANZA
02-06-2023;CF233;C159;CAT 793 F;Lastre Sulfurado;ESP/F10/2296/1040;FASE 10;BOT_RAMPA_SUPERIOR;2380,80603;11;ESPERANZA
02-06-2023;CF233;C160;CAT 793 F;Lastre Sulfurado;ESP/F10/2296/1040;FASE 10;BOT_RAMPA_SUPERIOR;432,8729858;2;ESPERANZA
02-06-2023;CF233;C161;CAT 793 F;Lastre Oxidado;ESP/F10/2296/1030;FASE 10;BOT_RAMPA_SUPERIOR;216,4360046;1;ESPERANZA
02-06-2023;CF233;C161;CAT 793 F;Lastre Sulfurado;ESP/F10/2296/1040;FASE 10;BOT_RAMPA_SUPERIOR;3030,10907;14;ESPERANZA
02-06-2023;CF233;C162;CAT 793 F;Lastre Sulfurado;ESP/F10/2296/1040;FASE 10;BOT_RAMPA_SUPERIOR;865,7449951;4;ESPERANZA
02-06-2023;CF233;C164;CAT 793 F;Lastre Oxidado;ESP/F10/2296/1030;FASE 10;BOT_RAMPA_SUPERIOR;216,4360046;1;ESPERANZA
02-06-2023;CF233;C164;CAT 793 F;Lastre Sulfurado;ESP/F10/2296/1040;FASE 10;BOT_RAMPA_SUPERIOR;2380,80304;11;ESPERANZA
02-06-2023;CF234;C125;CAT 793 C;Lastre Oxidado;ESP/F10/2328/125;FASE 10;BOT_RAMPA_SUPERIOR;432,8729858;2;ESPERANZA
02-06-2023;CF234;C128;CAT 793 C;Lastre Oxidado;ESP/F10/2328/125;FASE 10;BOT_RAMPA_SUPERIOR;216,4360046;1;ESPERANZA
02-06-2023;CF234;C129;CAT 793 C;Lastre Oxidado;ESP/F10/2328/125;FASE 10;BOT_RAMPA_SUPERIOR;432,8729858;2;ESPERANZA
02-06-2023;CF234;C130;CAT 793 C;Lastre Oxidado;ESP/F10/2328/125;FASE 10;BOT_RAMPA_SUPERIOR;865,7459717;4;ESPERANZA
02-06-2023;CF234;C131;CAT 793 C;Lastre Oxidado;ESP/F10/2312/1160;FASE 10;BOT_RAMPA_SUPERIOR;216,4360046;1;ESPERANZA
02-06-2023;CF234;C134;CAT 793 C;Lastre Oxidado;ESP/F10/2328/125;FASE 10;BOT_RAMPA_SUPERIOR;432,8729858;2;ESPERANZA
02-06-2023;CF234;C135;CAT 793 C;Lastre Oxidado;ESP/F10/2328/125;FASE 10;BOT_RAMPA_SUPERIOR;432,8720093;2;ESPERANZA
02-06-2023;CF234;C151;CAT 793 F;Lastre Oxidado;ESP/F10/2328/125;FASE 10;BOT_RAMPA_SUPERIOR;1947,927032;9;ESPERANZA
02-06-2023;CF234;C152;CAT 793 F;Lastre Oxidado;ESP/F10/2328/125;FASE 10;BOT_RAMPA_SUPERIOR;1515,054993;7;ESPERANZA
02-06-2023;CF234;C153;CAT 793 F;Lastre Oxidado;ESP/F10/2328/125;FASE 10;BOT_RAMPA_SUPERIOR;649,3089905;3;ESPERANZA
02-06-2023;CF234;C154;CAT 793 F;Lastre Oxidado;ESP/F10/2328/125;FASE 10;BOT_RAMPA_SUPERIOR;1298,619995;6;ESPERANZA
02-06-2023;CF234;C155;CAT 793 F;Lastre Oxidado;ESP/F10/2328/125;FASE 10;BOT_RAMPA_SUPERIOR;1515,056;7;ESPERANZA
02-06-2023;CF234;C156;CAT 793 F;Lastre Oxidado;ESP/F10/2312/1160;FASE 10;BOT_RAMPA_SUPERIOR;216,4360046;1;ESPERANZA
02-06-2023;CF234;C156;CAT 793 F;Lastre Oxidado;ESP/F10/2328/125;FASE 10;BOT_RAMPA_SUPERIOR;1947,927979;9;ESPERANZA
02-06-2023;CF234;C159;CAT 793 F;Lastre Oxidado;ESP/F10/2312/1160;FASE 10;BOT_RAMPA_SUPERIOR;216,4360046;1;ESPERANZA
02-06-2023;CF234;C159;CAT 793 F;Lastre Oxidado;ESP/F10/2328/125;FASE 10;BOT_RAMPA_SUPERIOR;1515,054993;7;ESPERANZA
02-06-2023;CF234;C160;CAT 793 F;Lastre Oxidado;ESP/F10/2328/125;FASE 10;BOT_RAMPA_SUPERIOR;216,4360046;1;ESPERANZA
02-06-2023;CF234;C161;CAT 793 F;Lastre Oxidado;ESP/F10/2328/125;FASE 10;BOT_RAMPA_SUPERIOR;432,8720093;2;ESPERANZA
02-06-2023;CF234;C162;CAT 793 F;Lastre Oxidado;ESP/F10/2328/125;FASE 10;BOT_RAMPA_SUPERIOR;1082,18103;5;ESPERANZA
02-06-2023;CF234;C164;CAT 793 F;Lastre Oxidado;ESP/F10/2328/125;FASE 10;BOT_RAMPA_SUPERIOR;1947,927032;9;ESPERANZA
02-06-2023;CF3;C121;CAT 793 C;Sulfuro Baja Ley;STOCK_SBL_ESS;ESPERANZA_SUR;CHANCADO-SULFURO;1518,721985;7;ESPERANZA_SUR
02-06-2023;CF3;C122;CAT 793 C;Sulfuro Baja Ley;STOCK_SBL_ESS;ESPERANZA_SUR;CHANCADO-SULFURO;7376,653061;34;ESPERANZA_SUR
02-06-2023;CF3;C123;CAT 793 C;Sulfuro Baja Ley;STOCK_SBL_ESS;ESPERANZA_SUR;CHANCADO-SULFURO;6074,893021;28;ESPERANZA_SUR
02-06-2023;CF3;C125;CAT 793 C;Sulfuro Baja Ley;STOCK_SBL_ESS;ESPERANZA_SUR;CHANCADO-SULFURO;3688,325989;17;ESPERANZA_SUR
02-06-2023;CF3;C129;CAT 793 C;Sulfuro Baja Ley;STOCK_SBL_ESS;ESPERANZA_SUR;CHANCADO-SULFURO;1518,722961;7;ESPERANZA_SUR
02-06-2023;CF3;C130;CAT 793 C;Sulfuro Baja Ley;STOCK_SBL_ESS;ESPERANZA_SUR;CHANCADO-SULFURO;433,92099;2;ESPERANZA_SUR
02-06-2023;CF3;C131;CAT 793 C;Sulfuro Baja Ley;STOCK_SBL_ESS;ESPERANZA_SUR;CHANCADO-SULFURO;6725,777908;31;ESPERANZA_SUR
02-06-2023;CF3;C134;CAT 793 C;Sulfuro Baja Ley;STOCK_SBL_ESS;ESPERANZA_SUR;CHANCADO-SULFURO;1301,76001;6;ESPERANZA_SUR
02-06-2023;CF3;C135;CAT 793 C;Sulfuro Baja Ley;STOCK_SBL_ESS;ESPERANZA_SUR;CHANCADO-SULFURO;216,9600067;1;ESPERANZA_SUR
02-06-2023;CF3;C14;CAT 797 B;Sulfuro Baja Ley;STOCK_SBL_ESS;ESPERANZA_SUR;CHANCADO-SULFURO;1732,019958;5;ESPERANZA_SUR
02-06-2023;CF3;C151;CAT 793 F;Sulfuro Baja Ley;STOCK_SBL_ESS;ESPERANZA_SUR;CHANCADO-SULFURO;216,9600067;1;ESPERANZA_SUR
02-06-2023;CF3;C152;CAT 793 F;Sulfuro Baja Ley;STOCK_SBL_ESS;ESPERANZA_SUR;CHANCADO-SULFURO;433,9200134;2;ESPERANZA_SUR
02-06-2023;CF3;C153;CAT 793 F;Sulfuro Baja Ley;STOCK_SBL_ESS;ESPERANZA_SUR;CHANCADO-SULFURO;3254,40007;15;ESPERANZA_SUR
02-06-2023;CF3;C155;CAT 793 F;Sulfuro Baja Ley;STOCK_SBL_ESS;ESPERANZA_SUR;CHANCADO-SULFURO;433,92099;2;ESPERANZA_SUR
02-06-2023;CF3;C156;CAT 793 F;Sulfuro Baja Ley;STOCK_SBL_ESS;ESPERANZA_SUR;CHANCADO-SULFURO;867,8409882;4;ESPERANZA_SUR
02-06-2023;CF3;C159;CAT 793 F;Sulfuro Baja Ley;STOCK_SBL_ESS;ESPERANZA_SUR;CHANCADO-SULFURO;650,8809814;3;ESPERANZA_SUR
02-06-2023;CF3;C160;CAT 793 F;Sulfuro Baja Ley;STOCK_SBL_ESS;ESPERANZA_SUR;CHANCADO-SULFURO;216,9600067;1;ESPERANZA_SUR
02-06-2023;CF3;C162;CAT 793 F;Sulfuro Baja Ley;STOCK_SBL_ESS;ESPERANZA_SUR;CHANCADO-SULFURO;1735,681046;8;ESPERANZA_SUR
02-06-2023;CF3;C19;CAT 797 F;Sulfuro Baja Ley;STOCK_SBL_ESS;ESPERANZA_SUR;CHANCADO-SULFURO;2078,42395;6;ESPERANZA_SUR
02-06-2023;CF3;C36;CAT 797 F;Sulfuro Baja Ley;STOCK_SBL_ESS;ESPERANZA_SUR;CHANCADO-SULFURO;1385,615967;4;ESPERANZA_SUR
02-06-2023;CF4;C20115ESPS;KOM 980 ESPS;Sulfuro Baja Ley;ESS/F02/2120/209;F02 ESPSUR;CHANCADO-SULFURO;2880;8;ESPERANZA_SUR
02-06-2023;CF4;C980AHSESPS;Kom 980 AHS;Lastre Oxidado;ESS/F03/2200/304;F03 ESPSUR;BOTADERO_2021;5040;14;ESPERANZA_SUR
02-06-2023;CF4;C980AHSESPS;Kom 980 AHS;Lastre Oxidado;ESS/F03/2216/3231;F03 ESPSUR;BOTADERO_2021;10800;30;ESPERANZA_SUR
02-06-2023;CF4;C980AHSESPS;Kom 980 AHS;Lastre Sulfurado;ESS/F02/2120/202;F02 ESPSUR;BOTADERO_2021;2520;7;ESPERANZA_SUR
02-06-2023;CF4;C980AHSESPS;Kom 980 AHS;Lastre Sulfurado;ESS/F02/2120/R200;F02 ESPSUR;BOTADERO_2021;5400;15;ESPERANZA_SUR
02-06-2023;CF4;C980AHSESPS;Kom 980 AHS;Sulfuro Baja Ley;ESS/F02/2120/209;F02 ESPSUR;STOCK_SBL_ESS;360;1;ESPERANZA_SUR
02-06-2023;PA1;C07;CAT 797 B;Lastre Oxidado;ESP/F07/2104/703;FASE 7;BOT_2380_INT;692,8079834;2;ESPERANZA
02-06-2023;PA1;C07;CAT 797 B;Lastre Oxidado;ESP/F07/2104/703;FASE 7;BOT_INT_RB;2078,42395;6;ESPERANZA
02-06-2023;PA1;C08;CAT 797 B;Lastre Oxidado;ESP/F07/2104/703;FASE 7;BOT_INT_RB;1732,019958;5;ESPERANZA
02-06-2023;PA1;C09;CAT 797 B;Lastre Oxidado;ESP/F07/2104/703;FASE 7;BOT_INT_RB;3464,037964;10;ESPERANZA
02-06-2023;PA1;C10;CAT 797 B;Lastre Oxidado;ESP/F07/2104/703;FASE 7;BOT_2380_INT;346,4039917;1;ESPERANZA
02-06-2023;PA1;C10;CAT 797 B;Lastre Oxidado;ESP/F07/2104/703;FASE 7;BOT_INT_RB;1385,619995;4;ESPERANZA
02-06-2023;PA1;C11;CAT 797 B;Lastre Oxidado;ESP/F07/2104/703;FASE 7;BOT_2380_INT;1039,211975;3;ESPERANZA
02-06-2023;PA1;C11;CAT 797 B;Lastre Oxidado;ESP/F07/2104/703;FASE 7;BOT_INT_RB;2771,227905;8;ESPERANZA
02-06-2023;PA1;C12;CAT 797 B;Lastre Oxidado;ESP/F07/2104/703;FASE 7;BOT_2380_INT;692,8079834;2;ESPERANZA
02-06-2023;PA1;C12;CAT 797 B;Lastre Oxidado;ESP/F07/2104/703;FASE 7;BOT_INT_RB;1732,023987;5;ESPERANZA
02-06-2023;PA1;C125;CAT 793 C;Lastre Oxidado;ESP/F07/2104/703;FASE 7;BOT_INT_RB;216,4360046;1;ESPERANZA
02-06-2023;PA1;C13;CAT 797 B;Lastre Oxidado;ESP/F07/2104/703;FASE 7;BOT_2380_INT;692,8079834;2;ESPERANZA
02-06-2023;PA1;C13;CAT 797 B;Lastre Oxidado;ESP/F07/2104/703;FASE 7;BOT_INT_RB;1732,017944;5;ESPERANZA
02-06-2023;PA1;C14;CAT 797 B;Lastre Oxidado;ESP/F07/2104/703;FASE 7;BOT_INT_RB;2078,42395;6;ESPERANZA
02-06-2023;PA1;C15;CAT 797 B;Lastre Oxidado;ESP/F07/2104/703;FASE 7;BOT_INT_RB;1385,615967;4;ESPERANZA
02-06-2023;PA1;C16;CAT 797 B;Lastre Oxidado;ESP/F07/2104/703;FASE 7;BOT_2380_INT;346,4039917;1;ESPERANZA
02-06-2023;PA1;C16;CAT 797 B;Lastre Oxidado;ESP/F07/2104/703;FASE 7;BOT_INT_RB;4156,855957;12;ESPERANZA
02-06-2023;PA1;C17;CAT 797 F;Lastre Oxidado;ESP/F07/2104/703;FASE 7;BOT_2380_INT;692,8079834;2;ESPERANZA
02-06-2023;PA1;C17;CAT 797 F;Lastre Oxidado;ESP/F07/2104/703;FASE 7;BOT_INT_RB;4156,848022;12;ESPERANZA
02-06-2023;PA1;C18;CAT 797 F;Lastre Oxidado;ESP/F07/2104/703;FASE 7;BOT_2380_INT;346,4039917;1;ESPERANZA
02-06-2023;PA1;C18;CAT 797 F;Lastre Oxidado;ESP/F07/2104/703;FASE 7;BOT_INT_RB;2078,421936;6;ESPERANZA
02-06-2023;PA1;C19;CAT 797 F;Lastre Oxidado;ESP/F07/2104/703;FASE 7;BOT_2380_INT;1039,211975;3;ESPERANZA
02-06-2023;PA1;C19;CAT 797 F;Lastre Oxidado;ESP/F07/2104/703;FASE 7;BOT_INT_RB;2078,421936;6;ESPERANZA
02-06-2023;PA1;C20;CAT 797 F;Lastre Oxidado;ESP/F07/2104/703;FASE 7;BOT_2380_INT;2078,419922;6;ESPERANZA
02-06-2023;PA1;C20;CAT 797 F;Lastre Oxidado;ESP/F07/2104/703;FASE 7;BOT_INT_RB;2771,235962;8;ESPERANZA
02-06-2023;PA1;C21;CAT 797 F;Lastre Oxidado;ESP/F07/2104/703;FASE 7;BOT_2380_INT;346,4039917;1;ESPERANZA
02-06-2023;PA1;C21;CAT 797 F;Lastre Oxidado;ESP/F07/2104/703;FASE 7;BOT_INT_RB;1039,211975;3;ESPERANZA
02-06-2023;PA1;C23;CAT 797 F;Lastre Oxidado;ESP/F07/2104/703;FASE 7;BOT_2380_INT;346,4039917;1;ESPERANZA
02-06-2023;PA1;C23;CAT 797 F;Lastre Oxidado;ESP/F07/2104/703;FASE 7;BOT_INT_RB;1732,017944;5;ESPERANZA
02-06-2023;PA1;C24;CAT 797 F;Lastre Oxidado;ESP/F07/2104/703;FASE 7;BOT_2380_INT;346,4039917;1;ESPERANZA
02-06-2023;PA1;C24;CAT 797 F;Lastre Oxidado;ESP/F07/2104/703;FASE 7;BOT_INT_RB;1039,209961;3;ESPERANZA
02-06-2023;PA1;C25;CAT 797 F;Lastre Oxidado;ESP/F07/2104/703;FASE 7;BOT_INT_RB;3464,035889;10;ESPERANZA
02-06-2023;PA1;C32;CAT 797 F;Lastre Oxidado;ESP/F07/2104/703;FASE 7;BOT_2380_INT;692,8079834;2;ESPERANZA
02-06-2023;PA1;C32;CAT 797 F;Lastre Oxidado;ESP/F07/2104/703;FASE 7;BOT_INT_RB;1039,209961;3;ESPERANZA
02-06-2023;PA1;C34;CAT 797 F;Lastre Oxidado;ESP/F07/2104/703;FASE 7;BOT_2380_INT;692,8079834;2;ESPERANZA
02-06-2023;PA1;C34;CAT 797 F;Lastre Oxidado;ESP/F07/2104/703;FASE 7;BOT_INT_RB;2078,42395;6;ESPERANZA
02-06-2023;PA1;C36;CAT 797 F;Lastre Oxidado;ESP/F07/2104/703;FASE 7;BOT_2380_INT;692,8079834;2;ESPERANZA
02-06-2023;PA1;C36;CAT 797 F;Lastre Oxidado;ESP/F07/2104/703;FASE 7;BOT_INT_RB;1385,615967;4;ESPERANZA
02-06-2023;PA1;C37;CAT 797 F;Lastre Oxidado;ESP/F07/2104/703;FASE 7;BOT_2380_INT;1385,615967;4;ESPERANZA
02-06-2023;PA1;C37;CAT 797 F;Lastre Oxidado;ESP/F07/2104/703;FASE 7;BOT_INT_RB;2771,227905;8;ESPERANZA
02-06-2023;PA1;C38;CAT 797 F;Lastre Oxidado;ESP/F07/2104/703;FASE 7;BOT_INT_RB;1732,017944;5;ESPERANZA
02-06-2023;PA1;C39;CAT 797 F;Lastre Oxidado;ESP/F07/2104/703;FASE 7;BOT_2380_INT;1385,615967;4;ESPERANZA
02-06-2023;PA1;C39;CAT 797 F;Lastre Oxidado;ESP/F07/2104/703;FASE 7;BOT_INT_RB;1385,613953;4;ESPERANZA
02-06-2023;PA1;C40;CAT 797 F;Lastre Oxidado;ESP/F07/2104/703;FASE 7;BOT_2380_INT;346,4039917;1;ESPERANZA
02-06-2023;PA1;C40;CAT 797 F;Lastre Oxidado;ESP/F07/2104/703;FASE 7;BOT_INT_RB;692,8079834;2;ESPERANZA
02-06-2023;PA1;C41;CAT 797 F;Lastre Oxidado;ESP/F07/2104/703;FASE 7;BOT_2380_INT;692,8079834;2;ESPERANZA
02-06-2023;PA1;C42;CAT 797 F;Lastre Oxidado;ESP/F07/2104/703;FASE 7;BOT_2380_INT;3117,637939;9;ESPERANZA
02-06-2023;PA1;C42;CAT 797 F;Lastre Oxidado;ESP/F07/2104/703;FASE 7;BOT_INT_RB;1385,615967;4;ESPERANZA
02-06-2023;PA1;C43;CAT 797 F;Lastre Oxidado;ESP/F07/2104/703;FASE 7;BOT_2380_INT;346,4039917;1;ESPERANZA
02-06-2023;PA1;C43;CAT 797 F;Lastre Oxidado;ESP/F07/2104/703;FASE 7;BOT_INT_RB;1385,613953;4;ESPERANZA
02-06-2023;PA1;C44;CAT 797 F;Lastre Oxidado;ESP/F07/2104/703;FASE 7;BOT_2380_INT;346,4039917;1;ESPERANZA
02-06-2023;PA1;C44;CAT 797 F;Lastre Oxidado;ESP/F07/2104/703;FASE 7;BOT_INT_RB;692,8079834;2;ESPERANZA
02-06-2023;PA1;C45;CAT 797 F;Lastre Oxidado;ESP/F07/2104/703;FASE 7;BOT_INT_RB;692,8079834;2;ESPERANZA
02-06-2023;PA1;C46;CAT 797 F;Lastre Oxidado;ESP/F07/2104/703;FASE 7;BOT_2380_INT;692,8079834;2;ESPERANZA
02-06-2023;PA1;C46;CAT 797 F;Lastre Oxidado;ESP/F07/2104/703;FASE 7;BOT_INT_RB;3117,637939;9;ESPERANZA
02-06-2023;PA1;C47;CAT 797 F;Lastre Oxidado;ESP/F07/2104/703;FASE 7;BOT_2380_INT;1385,613953;4;ESPERANZA
02-06-2023;PA1;C47;CAT 797 F;Lastre Oxidado;ESP/F07/2104/703;FASE 7;BOT_INT_RB;1039,211975;3;ESPERANZA
02-06-2023;PA1;C48;CAT 797 F;Lastre Oxidado;ESP/F07/2104/703;FASE 7;BOT_2380_INT;1039,209961;3;ESPERANZA
02-06-2023;PA1;C48;CAT 797 F;Lastre Oxidado;ESP/F07/2104/703;FASE 7;BOT_INT_RB;2078,427979;6;ESPERANZA
02-06-2023;PA1;C49;KOM 930 E;Lastre Oxidado;ESP/F07/2104/703;FASE 7;BOT_INT_RB;2037;7;ESPERANZA
02-06-2023;PA1;C50;KOM 930 E;Lastre Oxidado;ESP/F07/2104/703;FASE 7;BOT_2380_INT;2328;8;ESPERANZA
02-06-2023;PA1;C50;KOM 930 E;Lastre Oxidado;ESP/F07/2104/703;FASE 7;BOT_INT_RB;1164;4;ESPERANZA
02-06-2023;PA1;C51;KOM 930 E;Lastre Oxidado;ESP/F07/2104/703;FASE 7;BOT_INT_RB;582;2;ESPERANZA
02-06-2023;PA1;C52;KOM 930 E;Lastre Oxidado;ESP/F07/2104/703;FASE 7;BOT_2380_INT;582;2;ESPERANZA
02-06-2023;PA1;C52;KOM 930 E;Lastre Oxidado;ESP/F07/2104/703;FASE 7;BOT_INT_RB;2037;7;ESPERANZA
02-06-2023;PA1;C53;KOM 930 E;Lastre Oxidado;ESP/F07/2104/703;FASE 7;BOT_2380_INT;291;1;ESPERANZA
02-06-2023;PA1;C53;KOM 930 E;Lastre Oxidado;ESP/F07/2104/703;FASE 7;BOT_INT_RB;1164;4;ESPERANZA
02-06-2023;PA1;C54;KOM 930 E;Lastre Oxidado;ESP/F07/2104/703;FASE 7;BOT_2380_INT;582;2;ESPERANZA
02-06-2023;PA1;C54;KOM 930 E;Lastre Oxidado;ESP/F07/2104/703;FASE 7;BOT_INT_RB;873;3;ESPERANZA
02-06-2023;PA1;C56;KOM 930 E;Lastre Oxidado;ESP/F07/2104/703;FASE 7;BOT_2380_INT;291;1;ESPERANZA
02-06-2023;PA1;C56;KOM 930 E;Lastre Oxidado;ESP/F07/2104/703;FASE 7;BOT_INT_RB;1455;5;ESPERANZA
02-06-2023;PA1;C57;KOM 930 E;Lastre Oxidado;ESP/F07/2104/703;FASE 7;BOT_INT_RB;291;1;ESPERANZA
02-06-2023;PA1;C57;KOM 930 E;Lastre Oxidado;ESP/F07/2120/711;FASE 7;BOT_INT_RB;291;1;ESPERANZA
02-06-2023;PA1;C58;KOM 930 E;Lastre Oxidado;ESP/F07/2104/703;FASE 7;BOT_INT_RB;873;3;ESPERANZA
02-06-2023;PA1;C59;KOM 930 E;Lastre Oxidado;ESP/F07/2104/703;FASE 7;BOT_2380_INT;873;3;ESPERANZA
02-06-2023;PA1;C59;KOM 930 E;Lastre Oxidado;ESP/F07/2104/703;FASE 7;BOT_INT_RB;873;3;ESPERANZA
02-06-2023;PA1;C60;KOM 930 E;Lastre Oxidado;ESP/F07/2104/703;FASE 7;BOT_2380_INT;291;1;ESPERANZA
02-06-2023;PA1;C60;KOM 930 E;Lastre Oxidado;ESP/F07/2104/703;FASE 7;BOT_INT_RB;291;1;ESPERANZA
02-06-2023;PA10;C980AHSESPS;Kom 980 AHS;Lastre Oxidado;ESS/F03/2200/304;F03 ESPSUR;BOTADERO_2021;15840;44;ESPERANZA_SUR
02-06-2023;PA10;C980AHSESPS;Kom 980 AHS;Lastre Oxidado;ESS/F03/2216/3230;F03 ESPSUR;BOTADERO_2021;32040;89;ESPERANZA_SUR
02-06-2023;PA11;C20115ESPS;KOM 980 ESPS;Sulfuro Baja Ley;ESS/F02/2120/209;F02 ESPSUR;CHANCADO-SULFURO;19440;54;ESPERANZA_SUR
02-06-2023;PA11;C20115ESPS;KOM 980 ESPS;Sulfuro Baja Ley;ESS/F02/2120/213;F02 ESPSUR;CHANCADO-SULFURO;10080;28;ESPERANZA_SUR
02-06-2023;PA11;C20115ESPS;KOM 980 ESPS;Sulfuro de Media;ESS/F02/2120/209;F02 ESPSUR;CHANCADO-SULFURO;19440;54;ESPERANZA_SUR
02-06-2023;PA11;C20115ESPS;KOM 980 ESPS;Sulfuro de Media;ESS/F02/2120/213;F02 ESPSUR;CHANCADO-SULFURO;11880;33;ESPERANZA_SUR
02-06-2023;PA11;C980AHSESPS;Kom 980 AHS;Sulfuro Baja Ley;ESS/F02/2120/209;F02 ESPSUR;STOCK_SBL_ESS;11880;33;ESPERANZA_SUR
02-06-2023;PA11;C980AHSESPS;Kom 980 AHS;Sulfuro Baja Ley;ESS/F02/2120/213;F02 ESPSUR;STOCK_SBL_ESS;1800;5;ESPERANZA_SUR
02-06-2023;PA11;C980AHSESPS;Kom 980 AHS;Sulfuro de Media;ESS/F02/2120/209;F02 ESPSUR;STOCK_SME_ESS;9000;25;ESPERANZA_SUR
02-06-2023;PA11;C980AHSESPS;Kom 980 AHS;Sulfuro de Media;ESS/F02/2120/213;F02 ESPSUR;STOCK_SME_ESS;6120;17;ESPERANZA_SUR
02-06-2023;PA211;C121;CAT 793 C;Lastre Oxidado;ESP/F10/2296/1031;FASE 10;BOT_RAMPA_SUPERIOR;865,7459717;4;ESPERANZA
02-06-2023;PA211;C122;CAT 793 C;Lastre Oxidado;ESP/F10/2296/1031;FASE 10;BOT_RAMPA_SUPERIOR;432,8729858;2;ESPERANZA
02-06-2023;PA211;C125;CAT 793 C;Lastre Oxidado;ESP/F10/2296/1031;FASE 10;BOT_RAMPA_SUPERIOR;865,7459717;4;ESPERANZA
02-06-2023;PA211;C128;CAT 793 C;Lastre Oxidado;ESP/F10/2296/1031;FASE 10;BOT_RAMPA_SUPERIOR;865,7459717;4;ESPERANZA
02-06-2023;PA211;C129;CAT 793 C;Lastre Oxidado;ESP/F10/2296/1031;FASE 10;BOT_RAMPA_SUPERIOR;2597,242035;12;ESPERANZA
02-06-2023;PA211;C130;CAT 793 C;Lastre Oxidado;ESP/F10/2296/1031;FASE 10;BOT_RAMPA_SUPERIOR;216,4360046;1;ESPERANZA
02-06-2023;PA211;C131;CAT 793 C;Lastre Oxidado;ESP/F10/2296/1031;FASE 10;BOT_RAMPA_SUPERIOR;1082,181976;5;ESPERANZA
02-06-2023;PA211;C132;CAT 793 C;Lastre Oxidado;ESP/F10/2296/1031;FASE 10;BOT_RAMPA_SUPERIOR;2380,805054;11;ESPERANZA
02-06-2023;PA211;C134;CAT 793 C;Lastre Oxidado;ESP/F10/2296/1031;FASE 10;BOT_RAMPA_SUPERIOR;1515,060059;7;ESPERANZA
02-06-2023;PA211;C135;CAT 793 C;Lastre Oxidado;ESP/F10/2296/1031;FASE 10;BOT_RAMPA_SUPERIOR;3030,115051;14;ESPERANZA
02-06-2023;PA211;C151;CAT 793 F;Lastre Oxidado;ESP/F10/2296/1031;FASE 10;BOT_RAMPA_SUPERIOR;2164,363983;10;ESPERANZA
02-06-2023;PA211;C152;CAT 793 F;Lastre Oxidado;ESP/F10/2296/1031;FASE 10;BOT_RAMPA_SUPERIOR;2380,805054;11;ESPERANZA
02-06-2023;PA211;C153;CAT 793 F;Lastre Oxidado;ESP/F10/2296/1031;FASE 10;BOT_RAMPA_SUPERIOR;1947,925995;9;ESPERANZA
02-06-2023;PA211;C154;CAT 793 F;Lastre Oxidado;ESP/F10/2296/1031;FASE 10;BOT_RAMPA_SUPERIOR;2597,23999;12;ESPERANZA
02-06-2023;PA211;C155;CAT 793 F;Lastre Oxidado;ESP/F10/2296/1031;FASE 10;BOT_RAMPA_SUPERIOR;1515,054962;7;ESPERANZA
02-06-2023;PA211;C156;CAT 793 F;Lastre Oxidado;ESP/F10/2296/1031;FASE 10;BOT_RAMPA_SUPERIOR;2164,363983;10;ESPERANZA
02-06-2023;PA211;C159;CAT 793 F;Lastre Oxidado;ESP/F10/2296/1031;FASE 10;BOT_RAMPA_SUPERIOR;2380,802063;11;ESPERANZA
02-06-2023;PA211;C161;CAT 793 F;Lastre Oxidado;ESP/F10/2296/1031;FASE 10;BOT_RAMPA_SUPERIOR;2164,363983;10;ESPERANZA
02-06-2023;PA211;C162;CAT 793 F;Lastre Oxidado;ESP/F10/2296/1031;FASE 10;BOT_RAMPA_SUPERIOR;2164,366058;10;ESPERANZA
02-06-2023;PA211;C164;CAT 793 F;Lastre Oxidado;ESP/F10/2296/1031;FASE 10;BOT_RAMPA_SUPERIOR;1082,181976;5;ESPERANZA
02-06-2023;PA211;C45;CAT 797 F;Lastre Oxidado;ESP/F10/2296/1031;FASE 10;BOT_RAMPA_SUPERIOR;346,4039917;1;ESPERANZA
02-06-2023;PA211;C49;KOM 930 E;Lastre Oxidado;ESP/F10/2296/1031;FASE 10;BOT_RAMPA_SUPERIOR;582;2;ESPERANZA
02-06-2023;PA211;C50;KOM 930 E;Lastre Oxidado;ESP/F10/2296/1031;FASE 10;BOT_RAMPA_SUPERIOR;291;1;ESPERANZA
02-06-2023;PA211;C51;KOM 930 E;Lastre Oxidado;ESP/F10/2296/1031;FASE 10;BOT_RAMPA_SUPERIOR;4947;17;ESPERANZA
02-06-2023;PA211;C52;KOM 930 E;Lastre Oxidado;ESP/F10/2296/1031;FASE 10;BOT_CENTRAL_SUR_SUP;291;1;ESPERANZA
02-06-2023;PA211;C52;KOM 930 E;Lastre Oxidado;ESP/F10/2296/1031;FASE 10;BOT_RAMPA_SUPERIOR;582;2;ESPERANZA
02-06-2023;PA211;C53;KOM 930 E;Lastre Oxidado;ESP/F10/2296/1031;FASE 10;BOT_CENTRAL_SUR_SUP;291;1;ESPERANZA
02-06-2023;PA211;C53;KOM 930 E;Lastre Oxidado;ESP/F10/2296/1031;FASE 10;BOT_RAMPA_SUPERIOR;4074;14;ESPERANZA
02-06-2023;PA211;C54;KOM 930 E;Lastre Oxidado;ESP/F10/2296/1031;FASE 10;BOT_RAMPA_SUPERIOR;1455;5;ESPERANZA
02-06-2023;PA211;C55;KOM 930 E;Lastre Oxidado;ESP/F10/2296/1031;FASE 10;BOT_RAMPA_SUPERIOR;1746;6;ESPERANZA
02-06-2023;PA211;C57;KOM 930 E;Lastre Oxidado;ESP/F10/2296/1031;FASE 10;BOT_RAMPA_SUPERIOR;3201;11;ESPERANZA
02-06-2023;PA211;C58;KOM 930 E;Lastre Oxidado;ESP/F10/2296/1031;FASE 10;BOT_RAMPA_SUPERIOR;6111;21;ESPERANZA
02-06-2023;PA211;C59;KOM 930 E;Lastre Oxidado;ESP/F10/2296/1031;FASE 10;BOT_RAMPA_SUPERIOR;1746;6;ESPERANZA
02-06-2023;PA211;C60;KOM 930 E;Lastre Oxidado;ESP/F10/2296/1031;FASE 10;BOT_CENTRAL_SUR_SUP;291;1;ESPERANZA
02-06-2023;PA211;C60;KOM 930 E;Lastre Oxidado;ESP/F10/2296/1031;FASE 10;BOT_RAMPA_SUPERIOR;4947;17;ESPERANZA
02-06-2023;PA211;C61;KOM 930 E;Lastre Oxidado;ESP/F10/2296/1031;FASE 10;BOT_RAMPA_SUPERIOR;6402;22;ESPERANZA
02-06-2023;PA26;C10;CAT 797 B;Lastre Oxidado;ESP/F07/2120/720;FASE 7;BOT_2380_INT;692,8079834;2;ESPERANZA
02-06-2023;PA26;C10;CAT 797 B;Lastre Oxidado;ESP/F07/2120/720;FASE 7;BOT_INT_RB;346,4039917;1;ESPERANZA
02-06-2023;PA26;C14;CAT 797 B;Lastre Oxidado;ESP/F07/2120/720;FASE 7;BOT_INT_RB;346,4039917;1;ESPERANZA
02-06-2023;PA26;C17;CAT 797 F;Lastre Oxidado;ESP/F07/2120/720;FASE 7;BOT_2380_INT;692,8079834;2;ESPERANZA
02-06-2023;PA26;C18;CAT 797 F;Lastre Oxidado;ESP/F07/2120/720;FASE 7;BOT_INT_RB;346,4039917;1;ESPERANZA
02-06-2023;PA26;C20;CAT 797 F;Lastre Oxidado;ESP/F07/2120/720;FASE 7;BOT_2380_INT;346,4039917;1;ESPERANZA
02-06-2023;PA26;C21;CAT 797 F;Lastre Oxidado;ESP/F07/2120/720;FASE 7;BOT_2380_INT;346,4039917;1;ESPERANZA
02-06-2023;PA26;C23;CAT 797 F;Lastre Oxidado;ESP/F07/2120/720;FASE 7;BOT_2380_INT;346,4039917;1;ESPERANZA
02-06-2023;PA26;C25;CAT 797 F;Lastre Oxidado;ESP/F07/2120/720;FASE 7;BOT_2380_INT;346,4039917;1;ESPERANZA
02-06-2023;PA26;C34;CAT 797 F;Lastre Oxidado;ESP/F07/2120/720;FASE 7;BOT_2380_INT;346,4039917;1;ESPERANZA
02-06-2023;PA26;C37;CAT 797 F;Lastre Oxidado;ESP/F07/2120/720;FASE 7;BOT_2380_INT;346,4039917;1;ESPERANZA
02-06-2023;PA26;C39;CAT 797 F;Lastre Oxidado;ESP/F07/2120/720;FASE 7;BOT_2380_INT;346,4039917;1;ESPERANZA
02-06-2023;PA26;C40;CAT 797 F;Lastre Oxidado;ESP/F07/2120/720;FASE 7;BOT_2380_INT;692,8079834;2;ESPERANZA
02-06-2023;PA26;C40;CAT 797 F;Lastre Sulfurado;ESP/F07/2120/706;FASE 7;BOT_2380_INT;346,4039917;1;ESPERANZA
02-06-2023;PA26;C41;CAT 797 F;Lastre Oxidado;ESP/F07/2120/720;FASE 7;BOT_2380_INT;346,4039917;1;ESPERANZA
02-06-2023;PA26;C41;CAT 797 F;Lastre Oxidado;ESP/F07/2120/720;FASE 7;BOT_INT_RB;346,4039917;1;ESPERANZA
02-06-2023;PA26;C42;CAT 797 F;Lastre Oxidado;ESP/F07/2120/720;FASE 7;BOT_2380_INT;692,8079834;2;ESPERANZA
02-06-2023;PA26;C44;CAT 797 F;Lastre Oxidado;ESP/F07/2120/720;FASE 7;BOT_2380_INT;1039,209961;3;ESPERANZA
02-06-2023;PA26;C44;CAT 797 F;Lastre Oxidado;ESP/F07/2120/720;FASE 7;BOT_INT_RB;346,4039917;1;ESPERANZA
02-06-2023;PA26;C46;CAT 797 F;Lastre Oxidado;ESP/F07/2120/720;FASE 7;BOT_2380_INT;346,4039917;1;ESPERANZA
02-06-2023;PA26;C47;CAT 797 F;Lastre Oxidado;ESP/F07/2120/720;FASE 7;BOT_2380_INT;346,4039917;1;ESPERANZA
02-06-2023;PA26;C49;KOM 930 E;Lastre Oxidado;ESP/F07/2120/720;FASE 7;BOT_2380_INT;291;1;ESPERANZA
02-06-2023;PA26;C50;KOM 930 E;Lastre Oxidado;ESP/F07/2120/720;FASE 7;BOT_2380_INT;291;1;ESPERANZA
02-06-2023;PA26;C50;KOM 930 E;Lastre Oxidado;ESP/F07/2120/720;FASE 7;BOT_INT_RB;582;2;ESPERANZA
02-06-2023;PA26;C51;KOM 930 E;Lastre Oxidado;ESP/F07/2120/720;FASE 7;BOT_2380_INT;291;1;ESPERANZA
02-06-2023;PA26;C51;KOM 930 E;Lastre Oxidado;ESP/F07/2120/720;FASE 7;BOT_INT_RB;291;1;ESPERANZA
02-06-2023;PA26;C52;KOM 930 E;Lastre Sulfurado;ESP/F07/2120/706;FASE 7;BOT_2380_INT;291;1;ESPERANZA
02-06-2023;PA26;C56;KOM 930 E;Lastre Sulfurado;ESP/F07/2120/706;FASE 7;BOT_2380_INT;291;1;ESPERANZA
02-06-2023;PA26;C57;KOM 930 E;Lastre Oxidado;ESP/F07/2120/720;FASE 7;BOT_2380_INT;291;1;ESPERANZA
02-06-2023;PA26;C57;KOM 930 E;Lastre Oxidado;ESP/F07/2120/720;FASE 7;BOT_INT_RB;291;1;ESPERANZA
02-06-2023;PA26;C59;KOM 930 E;Lastre Oxidado;ESP/F07/2120/720;FASE 7;BOT_2380_INT;291;1;ESPERANZA
02-06-2023;PA26;C60;KOM 930 E;Lastre Oxidado;ESP/F07/2120/720;FASE 7;BOT_INT_RB;582;2;ESPERANZA
02-06-2023;PA3;C07;CAT 797 B;Lastre Oxidado;ESP/F07/2120/715;FASE 7;BOT_2380_INT;1039,211975;3;ESPERANZA
02-06-2023;PA3;C07;CAT 797 B;Lastre Oxidado;ESP/F07/2120/715;FASE 7;BOT_INT_RB;1039,211975;3;ESPERANZA
02-06-2023;PA3;C08;CAT 797 B;Lastre Oxidado;ESP/F07/2120/715;FASE 7;BOT_2380_INT;346,4039917;1;ESPERANZA
02-06-2023;PA3;C08;CAT 797 B;Lastre Oxidado;ESP/F07/2120/715;FASE 7;BOT_INT_RB;1732,017944;5;ESPERANZA
02-06-2023;PA3;C09;CAT 797 B;Lastre Oxidado;ESP/F07/2120/715;FASE 7;BOT_2380_INT;346,4039917;1;ESPERANZA
02-06-2023;PA3;C09;CAT 797 B;Lastre Oxidado;ESP/F07/2120/715;FASE 7;BOT_INT_RB;1732,023987;5;ESPERANZA
02-06-2023;PA3;C10;CAT 797 B;Lastre Oxidado;ESP/F07/2120/715;FASE 7;BOT_2380_INT;1039,211975;3;ESPERANZA
02-06-2023;PA3;C10;CAT 797 B;Lastre Oxidado;ESP/F07/2120/715;FASE 7;BOT_INT_RB;2424,825928;7;ESPERANZA
02-06-2023;PA3;C11;CAT 797 B;Lastre Oxidado;ESP/F07/2120/715;FASE 7;BOT_2380_INT;692,8079834;2;ESPERANZA
02-06-2023;PA3;C11;CAT 797 B;Lastre Oxidado;ESP/F07/2120/715;FASE 7;BOT_INT_RB;1732,023987;5;ESPERANZA
02-06-2023;PA3;C12;CAT 797 B;Lastre Oxidado;ESP/F07/2120/715;FASE 7;BOT_2380_INT;1039,209961;3;ESPERANZA
02-06-2023;PA3;C12;CAT 797 B;Lastre Oxidado;ESP/F07/2120/715;FASE 7;BOT_INT_RB;692,8079834;2;ESPERANZA
02-06-2023;PA3;C13;CAT 797 B;Lastre Oxidado;ESP/F07/2120/715;FASE 7;BOT_2380_INT;346,4039917;1;ESPERANZA
02-06-2023;PA3;C13;CAT 797 B;Lastre Oxidado;ESP/F07/2120/715;FASE 7;BOT_INT_RB;1039,211975;3;ESPERANZA
02-06-2023;PA3;C14;CAT 797 B;Lastre Oxidado;ESP/F07/2120/715;FASE 7;BOT_INT_RB;2078,42395;6;ESPERANZA
02-06-2023;PA3;C15;CAT 797 B;Lastre Oxidado;ESP/F07/2120/715;FASE 7;BOT_2380_INT;1385,619995;4;ESPERANZA
02-06-2023;PA3;C15;CAT 797 B;Lastre Oxidado;ESP/F07/2120/715;FASE 7;BOT_INT_RB;1385,613953;4;ESPERANZA
02-06-2023;PA3;C16;CAT 797 B;Lastre Oxidado;ESP/F07/2120/715;FASE 7;BOT_2380_INT;346,4039917;1;ESPERANZA
02-06-2023;PA3;C17;CAT 797 F;Lastre Oxidado;ESP/F07/2120/715;FASE 7;BOT_INT_RB;692,8079834;2;ESPERANZA
02-06-2023;PA3;C18;CAT 797 F;Lastre Oxidado;ESP/F07/2120/715;FASE 7;BOT_2380_INT;1039,209961;3;ESPERANZA
02-06-2023;PA3;C18;CAT 797 F;Lastre Oxidado;ESP/F07/2120/715;FASE 7;BOT_INT_RB;1732,02002;5;ESPERANZA
02-06-2023;PA3;C19;CAT 797 F;Lastre Oxidado;ESP/F07/2120/715;FASE 7;BOT_INT_RB;1385,615967;4;ESPERANZA
02-06-2023;PA3;C20;CAT 797 F;Lastre Oxidado;ESP/F07/2120/715;FASE 7;BOT_2380_INT;346,4039917;1;ESPERANZA
02-06-2023;PA3;C20;CAT 797 F;Lastre Oxidado;ESP/F07/2120/715;FASE 7;BOT_INT_RB;1039,211975;3;ESPERANZA
02-06-2023;PA3;C21;CAT 797 F;Lastre Oxidado;ESP/F07/2120/715;FASE 7;BOT_2380_INT;346,4039917;1;ESPERANZA
02-06-2023;PA3;C21;CAT 797 F;Lastre Oxidado;ESP/F07/2120/715;FASE 7;BOT_INT_RB;1039,209961;3;ESPERANZA
02-06-2023;PA3;C23;CAT 797 F;Lastre Oxidado;ESP/F07/2120/715;FASE 7;BOT_2380_INT;346,4039917;1;ESPERANZA
02-06-2023;PA3;C24;CAT 797 F;Lastre Oxidado;ESP/F07/2120/715;FASE 7;BOT_INT_RB;2078,424011;6;ESPERANZA
02-06-2023;PA3;C25;CAT 797 F;Lastre Oxidado;ESP/F07/2120/715;FASE 7;BOT_2380_INT;692,8079834;2;ESPERANZA
02-06-2023;PA3;C25;CAT 797 F;Lastre Oxidado;ESP/F07/2120/715;FASE 7;BOT_INT_RB;1385,613953;4;ESPERANZA
02-06-2023;PA3;C32;CAT 797 F;Lastre Oxidado;ESP/F07/2120/715;FASE 7;BOT_INT_RB;1732,02002;5;ESPERANZA
02-06-2023;PA3;C34;CAT 797 F;Lastre Oxidado;ESP/F07/2120/715;FASE 7;BOT_2380_INT;346,4039917;1;ESPERANZA
02-06-2023;PA3;C34;CAT 797 F;Lastre Oxidado;ESP/F07/2120/715;FASE 7;BOT_INT_RB;692,8079834;2;ESPERANZA
02-06-2023;PA3;C36;CAT 797 F;Lastre Oxidado;ESP/F07/2120/715;FASE 7;BOT_2380_INT;692,8079834;2;ESPERANZA
02-06-2023;PA3;C36;CAT 797 F;Lastre Oxidado;ESP/F07/2120/715;FASE 7;BOT_INT_RB;1385,615967;4;ESPERANZA
02-06-2023;PA3;C37;CAT 797 F;Lastre Oxidado;ESP/F07/2120/715;FASE 7;BOT_2380_INT;346,4039917;1;ESPERANZA
02-06-2023;PA3;C37;CAT 797 F;Lastre Oxidado;ESP/F07/2120/715;FASE 7;BOT_INT_RB;1039,211975;3;ESPERANZA
02-06-2023;PA3;C38;CAT 797 F;Lastre Oxidado;ESP/F07/2120/715;FASE 7;BOT_2380_INT;346,4039917;1;ESPERANZA
02-06-2023;PA3;C38;CAT 797 F;Lastre Oxidado;ESP/F07/2120/715;FASE 7;BOT_INT_RB;1732,017944;5;ESPERANZA
02-06-2023;PA3;C39;CAT 797 F;Lastre Oxidado;ESP/F07/2120/715;FASE 7;BOT_INT_RB;1385,619995;4;ESPERANZA
02-06-2023;PA3;C40;CAT 797 F;Lastre Oxidado;ESP/F07/2120/715;FASE 7;BOT_2380_INT;692,8079834;2;ESPERANZA
02-06-2023;PA3;C40;CAT 797 F;Lastre Oxidado;ESP/F07/2120/715;FASE 7;BOT_INT_RB;692,8079834;2;ESPERANZA
02-06-2023;PA3;C41;CAT 797 F;Lastre Oxidado;ESP/F07/2120/715;FASE 7;BOT_2380_INT;1385,619995;4;ESPERANZA
02-06-2023;PA3;C41;CAT 797 F;Lastre Oxidado;ESP/F07/2120/715;FASE 7;BOT_INT_RB;692,8079834;2;ESPERANZA
02-06-2023;PA3;C42;CAT 797 F;Lastre Oxidado;ESP/F07/2120/715;FASE 7;BOT_2380_INT;346,4039917;1;ESPERANZA
02-06-2023;PA3;C42;CAT 797 F;Lastre Oxidado;ESP/F07/2120/715;FASE 7;BOT_INT_RB;1039,209961;3;ESPERANZA
02-06-2023;PA3;C43;CAT 797 F;Lastre Oxidado;ESP/F07/2120/715;FASE 7;BOT_2380_INT;346,4039917;1;ESPERANZA
02-06-2023;PA3;C43;CAT 797 F;Lastre Oxidado;ESP/F07/2120/715;FASE 7;BOT_INT_RB;346,4039917;1;ESPERANZA
02-06-2023;PA3;C44;CAT 797 F;Lastre Oxidado;ESP/F07/2120/715;FASE 7;BOT_INT_RB;2078,421936;6;ESPERANZA
02-06-2023;PA3;C45;CAT 797 F;Lastre Oxidado;ESP/F07/2120/715;FASE 7;BOT_2380_INT;346,4039917;1;ESPERANZA
02-06-2023;PA3;C45;CAT 797 F;Lastre Oxidado;ESP/F07/2120/715;FASE 7;BOT_INT_RB;346,4039917;1;ESPERANZA
02-06-2023;PA3;C46;CAT 797 F;Lastre Oxidado;ESP/F07/2120/715;FASE 7;BOT_INT_RB;1732,017944;5;ESPERANZA
02-06-2023;PA3;C47;CAT 797 F;Lastre Oxidado;ESP/F07/2120/715;FASE 7;BOT_2380_INT;346,4039917;1;ESPERANZA
02-06-2023;PA3;C47;CAT 797 F;Lastre Oxidado;ESP/F07/2120/715;FASE 7;BOT_INT_RB;1732,017944;5;ESPERANZA
02-06-2023;PA3;C48;CAT 797 F;Lastre Oxidado;ESP/F07/2120/715;FASE 7;BOT_INT_RB;1732,023987;5;ESPERANZA
02-06-2023;PA3;C49;KOM 930 E;Lastre Oxidado;ESP/F07/2120/715;FASE 7;BOT_2380_INT;291;1;ESPERANZA
02-06-2023;PA3;C49;KOM 930 E;Lastre Oxidado;ESP/F07/2120/715;FASE 7;BOT_INT_RB;1455;5;ESPERANZA
02-06-2023;PA3;C50;KOM 930 E;Lastre Oxidado;ESP/F07/2120/715;FASE 7;BOT_2380_INT;873;3;ESPERANZA
02-06-2023;PA3;C52;KOM 930 E;Lastre Oxidado;ESP/F07/2120/715;FASE 7;BOT_2380_INT;582;2;ESPERANZA
02-06-2023;PA3;C52;KOM 930 E;Lastre Oxidado;ESP/F07/2120/715;FASE 7;BOT_INT_RB;873;3;ESPERANZA
02-06-2023;PA3;C53;KOM 930 E;Lastre Oxidado;ESP/F07/2120/715;FASE 7;BOT_2380_INT;291;1;ESPERANZA
02-06-2023;PA3;C53;KOM 930 E;Lastre Oxidado;ESP/F07/2120/715;FASE 7;BOT_INT_RB;582;2;ESPERANZA
02-06-2023;PA3;C54;KOM 930 E;Lastre Oxidado;ESP/F07/2120/715;FASE 7;BOT_2380_INT;873;3;ESPERANZA
02-06-2023;PA3;C54;KOM 930 E;Lastre Oxidado;ESP/F07/2120/715;FASE 7;BOT_INT_RB;873;3;ESPERANZA
02-06-2023;PA3;C55;KOM 930 E;Lastre Oxidado;ESP/F07/2120/715;FASE 7;BOT_INT_RB;291;1;ESPERANZA
02-06-2023;PA3;C56;KOM 930 E;Lastre Oxidado;ESP/F07/2120/715;FASE 7;BOT_2380_INT;873;3;ESPERANZA
02-06-2023;PA3;C56;KOM 930 E;Lastre Oxidado;ESP/F07/2120/715;FASE 7;BOT_INT_RB;873;3;ESPERANZA
02-06-2023;PA3;C57;KOM 930 E;Lastre Oxidado;ESP/F07/2120/715;FASE 7;BOT_2380_INT;291;1;ESPERANZA
02-06-2023;PA3;C57;KOM 930 E;Lastre Oxidado;ESP/F07/2120/715;FASE 7;BOT_INT_RB;1164;4;ESPERANZA
02-06-2023;PA3;C58;KOM 930 E;Lastre Oxidado;ESP/F07/2120/715;FASE 7;BOT_2380_INT;291;1;ESPERANZA
02-06-2023;PA3;C58;KOM 930 E;Lastre Oxidado;ESP/F07/2120/715;FASE 7;BOT_INT_RB;291;1;ESPERANZA
02-06-2023;PA3;C60;KOM 930 E;Lastre Oxidado;ESP/F07/2120/715;FASE 7;BOT_INT_RB;291;1;ESPERANZA
02-06-2023;PA4;C125;CAT 793 C;Lastre Oxidado;ESP/F10/2328/125;FASE 10;BOT_RAMPA_SUPERIOR;216,4360046;1;ESPERANZA
02-06-2023;PA4;C128;CAT 793 C;Lastre Oxidado;ESP/F10/2328/125;FASE 10;BOT_RAMPA_SUPERIOR;432,8729858;2;ESPERANZA
02-06-2023;PA4;C129;CAT 793 C;Lastre Sulfurado;ESP/F10/2328/124;FASE 10;BOT_RAMPA_SUPERIOR;432,8729858;2;ESPERANZA
02-06-2023;PA4;C130;CAT 793 C;Lastre Oxidado;ESP/F10/2328/125;FASE 10;BOT_RAMPA_SUPERIOR;1082,180054;5;ESPERANZA
02-06-2023;PA4;C131;CAT 793 C;Lastre Oxidado;ESP/F10/2328/125;FASE 10;BOT_RAMPA_SUPERIOR;432,8729858;2;ESPERANZA
02-06-2023;PA4;C132;CAT 793 C;Lastre Sulfurado;ESP/F10/2328/1240;FASE 10;BOT_RAMPA_SUPERIOR;216,4360046;1;ESPERANZA
02-06-2023;PA4;C134;CAT 793 C;Lastre Sulfurado;ESP/F10/2328/124;FASE 10;BOT_RAMPA_SUPERIOR;216,4360046;1;ESPERANZA
02-06-2023;PA4;C135;CAT 793 C;Lastre Oxidado;ESP/F10/2328/125;FASE 10;BOT_RAMPA_SUPERIOR;216,4360046;1;ESPERANZA
02-06-2023;PA4;C14;CAT 797 B;Lastre Oxidado;ESP/F10/2328/125;FASE 10;BOT_RAMPA_SUPERIOR;346,4039917;1;ESPERANZA
02-06-2023;PA4;C151;CAT 793 F;Lastre Oxidado;ESP/F10/2328/125;FASE 10;BOT_RAMPA_SUPERIOR;432,8729858;2;ESPERANZA
02-06-2023;PA4;C151;CAT 793 F;Lastre Sulfurado;ESP/F10/2328/124;FASE 10;BOT_RAMPA_SUPERIOR;649,3089905;3;ESPERANZA
02-06-2023;PA4;C152;CAT 793 F;Lastre Oxidado;ESP/F10/2328/125;FASE 10;BOT_RAMPA_SUPERIOR;1082,182007;5;ESPERANZA
02-06-2023;PA4;C152;CAT 793 F;Lastre Sulfurado;ESP/F10/2328/124;FASE 10;BOT_RAMPA_SUPERIOR;865,7450256;4;ESPERANZA
02-06-2023;PA4;C153;CAT 793 F;Lastre Sulfurado;ESP/F10/2328/124;FASE 10;BOT_RAMPA_SUPERIOR;1731,492004;8;ESPERANZA
02-06-2023;PA4;C154;CAT 793 F;Lastre Sulfurado;ESP/F10/2328/124;FASE 10;BOT_RAMPA_SUPERIOR;865,7459717;4;ESPERANZA
02-06-2023;PA4;C155;CAT 793 F;Lastre Sulfurado;ESP/F10/2328/124;FASE 10;BOT_RAMPA_SUPERIOR;1082,182007;5;ESPERANZA
02-06-2023;PA4;C155;CAT 793 F;Lastre Sulfurado;ESP/F10/2328/1240;FASE 10;BOT_RAMPA_SUPERIOR;216,4360046;1;ESPERANZA
02-06-2023;PA4;C156;CAT 793 F;Lastre Oxidado;ESP/F10/2328/125;FASE 10;BOT_RAMPA_SUPERIOR;1082,180054;5;ESPERANZA
02-06-2023;PA4;C156;CAT 793 F;Lastre Sulfurado;ESP/F10/2328/124;FASE 10;BOT_RAMPA_SUPERIOR;2164,364014;10;ESPERANZA
02-06-2023;PA4;C159;CAT 793 F;Lastre Oxidado;ESP/F10/2328/125;FASE 10;BOT_RAMPA_SUPERIOR;432,8729858;2;ESPERANZA
02-06-2023;PA4;C159;CAT 793 F;Lastre Sulfurado;ESP/F10/2328/124;FASE 10;BOT_CENTRAL_SUR_SUP;216,4360046;1;ESPERANZA
02-06-2023;PA4;C159;CAT 793 F;Lastre Sulfurado;ESP/F10/2328/124;FASE 10;BOT_RAMPA_SUPERIOR;649,3089905;3;ESPERANZA
02-06-2023;PA4;C160;CAT 793 F;Lastre Oxidado;ESP/F10/2328/125;FASE 10;BOT_RAMPA_SUPERIOR;432,8720093;2;ESPERANZA
02-06-2023;PA4;C161;CAT 793 F;Lastre Oxidado;ESP/F10/2328/125;FASE 10;BOT_RAMPA_SUPERIOR;1298,616058;6;ESPERANZA
02-06-2023;PA4;C162;CAT 793 F;Lastre Oxidado;ESP/F10/2328/125;FASE 10;BOT_RAMPA_SUPERIOR;216,4360046;1;ESPERANZA
02-06-2023;PA4;C162;CAT 793 F;Lastre Sulfurado;ESP/F10/2328/124;FASE 10;BOT_RAMPA_SUPERIOR;1082,181976;5;ESPERANZA
02-06-2023;PA4;C164;CAT 793 F;Lastre Sulfurado;ESP/F10/2328/124;FASE 10;BOT_CENTRAL_SUR_SUP;216,4360046;1;ESPERANZA
02-06-2023;PA4;C164;CAT 793 F;Lastre Sulfurado;ESP/F10/2328/124;FASE 10;BOT_RAMPA_SUPERIOR;865,7440186;4;ESPERANZA
02-06-2023;PA4;C19;CAT 797 F;Lastre Oxidado;ESP/F10/2328/125;FASE 10;BOT_RAMPA_SUPERIOR;346,4039917;1;ESPERANZA
02-06-2023;PA4;C36;CAT 797 F;Lastre Oxidado;ESP/F10/2328/125;FASE 10;BOT_RAMPA_SUPERIOR;346,4039917;1;ESPERANZA
02-06-2023;PA4;C36;CAT 797 F;Lastre Sulfurado;ESP/F10/2328/124;FASE 10;BOT_RAMPA_SUPERIOR;2078,419922;6;ESPERANZA
02-06-2023;PA4;C49;KOM 930 E;Lastre Sulfurado;ESP/F10/2328/124;FASE 10;BOT_RAMPA_SUPERIOR;1455;5;ESPERANZA
02-06-2023;PA4;C50;KOM 930 E;Lastre Oxidado;ESP/F10/2328/125;FASE 10;BOT_RAMPA_SUPERIOR;291;1;ESPERANZA
02-06-2023;PA4;C51;KOM 930 E;Lastre Oxidado;ESP/F10/2328/125;FASE 10;BOT_RAMPA_SUPERIOR;582;2;ESPERANZA
02-06-2023;PA4;C51;KOM 930 E;Lastre Sulfurado;ESP/F10/2328/124;FASE 10;BOT_CENTRAL_SUR_SUP;291;1;ESPERANZA
02-06-2023;PA4;C51;KOM 930 E;Lastre Sulfurado;ESP/F10/2328/124;FASE 10;BOT_RAMPA_SUPERIOR;2328;8;ESPERANZA
02-06-2023;PA4;C53;KOM 930 E;Lastre Oxidado;ESP/F10/2328/125;FASE 10;BOT_RAMPA_SUPERIOR;873;3;ESPERANZA
02-06-2023;PA4;C53;KOM 930 E;Lastre Sulfurado;ESP/F10/2328/124;FASE 10;BOT_CENTRAL_SUR_SUP;291;1;ESPERANZA
02-06-2023;PA4;C53;KOM 930 E;Lastre Sulfurado;ESP/F10/2328/124;FASE 10;BOT_RAMPA_SUPERIOR;291;1;ESPERANZA
02-06-2023;PA4;C54;KOM 930 E;Lastre Oxidado;ESP/F10/2328/125;FASE 10;BOT_RAMPA_SUPERIOR;291;1;ESPERANZA
02-06-2023;PA4;C54;KOM 930 E;Lastre Sulfurado;ESP/F10/2328/124;FASE 10;BOT_RAMPA_SUPERIOR;291;1;ESPERANZA
02-06-2023;PA4;C55;KOM 930 E;Lastre Sulfurado;ESP/F10/2328/124;FASE 10;BOT_RAMPA_SUPERIOR;1164;4;ESPERANZA
02-06-2023;PA4;C55;KOM 930 E;Lastre Sulfurado;ESP/F10/2328/1240;FASE 10;BOT_RAMPA_SUPERIOR;291;1;ESPERANZA
02-06-2023;PA4;C56;KOM 930 E;Lastre Oxidado;ESP/F10/2328/125;FASE 10;BOT_RAMPA_SUPERIOR;291;1;ESPERANZA
02-06-2023;PA4;C57;KOM 930 E;Lastre Sulfurado;ESP/F10/2328/124;FASE 10;BOT_RAMPA_SUPERIOR;1746;6;ESPERANZA
02-06-2023;PA4;C58;KOM 930 E;Lastre Oxidado;ESP/F10/2328/125;FASE 10;BOT_RAMPA_SUPERIOR;582;2;ESPERANZA
02-06-2023;PA4;C58;KOM 930 E;Lastre Sulfurado;ESP/F10/2328/124;FASE 10;BOT_RAMPA_SUPERIOR;873;3;ESPERANZA
02-06-2023;PA4;C59;KOM 930 E;Lastre Oxidado;ESP/F10/2328/125;FASE 10;BOT_RAMPA_SUPERIOR;291;1;ESPERANZA
02-06-2023;PA4;C59;KOM 930 E;Lastre Sulfurado;ESP/F10/2328/124;FASE 10;BOT_RAMPA_SUPERIOR;291;1;ESPERANZA
02-06-2023;PA4;C60;KOM 930 E;Lastre Oxidado;ESP/F10/2328/125;FASE 10;BOT_RAMPA_SUPERIOR;582;2;ESPERANZA
02-06-2023;PA4;C60;KOM 930 E;Lastre Sulfurado;ESP/F10/2328/124;FASE 10;BOT_RAMPA_SUPERIOR;1455;5;ESPERANZA
02-06-2023;PA4;C61;KOM 930 E;Lastre Oxidado;ESP/F10/2328/125;FASE 10;BOT_RAMPA_SUPERIOR;291;1;ESPERANZA
02-06-2023;PA6;C129;CAT 793 C;Lastre Oxidado;ESP/F10/2296/1031;FASE 10;BOT_RAMPA_SUPERIOR;216,4360046;1;ESPERANZA
02-06-2023;PA6;C132;CAT 793 C;Lastre Oxidado;ESP/F10/2296/1031;FASE 10;BOT_RAMPA_SUPERIOR;216,4360046;1;ESPERANZA
02-06-2023;PA6;C134;CAT 793 C;Lastre Oxidado;ESP/F10/2296/1031;FASE 10;BOT_RAMPA_SUPERIOR;216,4360046;1;ESPERANZA
02-06-2023;PA6;C135;CAT 793 C;Lastre Oxidado;ESP/F10/2296/1031;FASE 10;BOT_RAMPA_SUPERIOR;216,4360046;1;ESPERANZA
02-06-2023;PA6;C161;CAT 793 F;Lastre Oxidado;ESP/F10/2296/1031;FASE 10;BOT_RAMPA_SUPERIOR;432,8729858;2;ESPERANZA
02-06-2023;PA6;C49;KOM 930 E;Lastre Oxidado;ESP/F10/2296/1031;FASE 10;BOT_RAMPA_SUPERIOR;582;2;ESPERANZA
02-06-2023;PA6;C50;KOM 930 E;Lastre Oxidado;ESP/F10/2296/1031;FASE 10;BOT_RAMPA_SUPERIOR;291;1;ESPERANZA
02-06-2023;PA6;C55;KOM 930 E;Lastre Oxidado;ESP/F10/2296/1031;FASE 10;BOT_RAMPA_SUPERIOR;582;2;ESPERANZA
02-06-2023;PA6;C57;KOM 930 E;Lastre Oxidado;ESP/F10/2296/1031;FASE 10;BOT_RAMPA_SUPERIOR;291;1;ESPERANZA
02-06-2023;PA6;C59;KOM 930 E;Lastre Oxidado;ESP/F10/2296/1031;FASE 10;BOT_RAMPA_SUPERIOR;1746;6;ESPERANZA
02-06-2023;PA6;C60;KOM 930 E;Lastre Oxidado;ESP/F10/2296/1031;FASE 10;BOT_RAMPA_SUPERIOR;582;2;ESPERANZA
02-06-2023;PA7;C07;CAT 797 B;Lastre Oxidado;ESP/F07/2120/7240;FASE 7;BOT_2380_INT;1039,211975;3;ESPERANZA
02-06-2023;PA7;C07;CAT 797 B;Lastre Oxidado;ESP/F07/2120/7240;FASE 7;BOT_INT_RB;692,8079834;2;ESPERANZA
02-06-2023;PA7;C08;CAT 797 B;Lastre Oxidado;ESP/F07/2120/711;FASE 7;BOT_INT_RB;346,4039917;1;ESPERANZA
02-06-2023;PA7;C08;CAT 797 B;Lastre Oxidado;ESP/F07/2120/7240;FASE 7;BOT_2380_INT;1039,211975;3;ESPERANZA
02-06-2023;PA7;C08;CAT 797 B;Lastre Oxidado;ESP/F07/2120/7240;FASE 7;BOT_INT_RB;346,4039917;1;ESPERANZA
02-06-2023;PA7;C09;CAT 797 B;Lastre Oxidado;ESP/F07/2120/7240;FASE 7;BOT_INT_RB;346,4039917;1;ESPERANZA
02-06-2023;PA7;C10;CAT 797 B;Lastre Oxidado;ESP/F07/2120/711;FASE 7;BOT_INT_RB;692,8079834;2;ESPERANZA
02-06-2023;PA7;C10;CAT 797 B;Lastre Oxidado;ESP/F07/2120/7240;FASE 7;BOT_2380_INT;1039,209961;3;ESPERANZA
02-06-2023;PA7;C10;CAT 797 B;Lastre Oxidado;ESP/F07/2120/7240;FASE 7;BOT_INT_RB;692,8079834;2;ESPERANZA
02-06-2023;PA7;C11;CAT 797 B;Lastre Oxidado;ESP/F07/2120/711;FASE 7;BOT_INT_RB;1039,209961;3;ESPERANZA
02-06-2023;PA7;C11;CAT 797 B;Lastre Oxidado;ESP/F07/2120/7240;FASE 7;BOT_2380_INT;346,4039917;1;ESPERANZA
02-06-2023;PA7;C11;CAT 797 B;Lastre Oxidado;ESP/F07/2120/7240;FASE 7;BOT_INT_RB;346,4039917;1;ESPERANZA
02-06-2023;PA7;C12;CAT 797 B;Lastre Oxidado;ESP/F07/2120/7240;FASE 7;BOT_2380_INT;1385,615967;4;ESPERANZA
02-06-2023;PA7;C12;CAT 797 B;Lastre Oxidado;ESP/F07/2120/7240;FASE 7;BOT_INT_RB;1039,209961;3;ESPERANZA
02-06-2023;PA7;C13;CAT 797 B;Lastre Oxidado;ESP/F07/2120/7240;FASE 7;BOT_2380_INT;692,8079834;2;ESPERANZA
02-06-2023;PA7;C13;CAT 797 B;Lastre Oxidado;ESP/F07/2120/7240;FASE 7;BOT_INT_RB;346,4039917;1;ESPERANZA
02-06-2023;PA7;C14;CAT 797 B;Lastre Oxidado;ESP/F07/2120/711;FASE 7;BOT_INT_RB;346,4039917;1;ESPERANZA
02-06-2023;PA7;C14;CAT 797 B;Lastre Oxidado;ESP/F07/2120/7240;FASE 7;BOT_2380_INT;1039,211975;3;ESPERANZA
02-06-2023;PA7;C14;CAT 797 B;Lastre Oxidado;ESP/F07/2120/7240;FASE 7;BOT_INT_RB;346,4039917;1;ESPERANZA
02-06-2023;PA7;C15;CAT 797 B;Lastre Oxidado;ESP/F07/2120/711;FASE 7;BOT_INT_RB;1039,209961;3;ESPERANZA
02-06-2023;PA7;C15;CAT 797 B;Lastre Oxidado;ESP/F07/2120/7240;FASE 7;BOT_2380_INT;1732,017944;5;ESPERANZA
02-06-2023;PA7;C16;CAT 797 B;Lastre Oxidado;ESP/F07/2120/7240;FASE 7;BOT_2380_INT;692,8079834;2;ESPERANZA
02-06-2023;PA7;C16;CAT 797 B;Lastre Oxidado;ESP/F07/2120/7240;FASE 7;BOT_INT_RB;1732,023987;5;ESPERANZA
02-06-2023;PA7;C17;CAT 797 F;Lastre Oxidado;ESP/F07/2120/7240;FASE 7;BOT_2380_INT;692,8079834;2;ESPERANZA
02-06-2023;PA7;C17;CAT 797 F;Lastre Oxidado;ESP/F07/2120/7240;FASE 7;BOT_INT_RB;692,8079834;2;ESPERANZA
02-06-2023;PA7;C18;CAT 797 F;Lastre Oxidado;ESP/F07/2120/711;FASE 7;BOT_INT_RB;692,8079834;2;ESPERANZA
02-06-2023;PA7;C18;CAT 797 F;Lastre Oxidado;ESP/F07/2120/7240;FASE 7;BOT_2380_INT;346,4039917;1;ESPERANZA
02-06-2023;PA7;C19;CAT 797 F;Lastre Oxidado;ESP/F07/2120/7240;FASE 7;BOT_INT_RB;346,4039917;1;ESPERANZA
02-06-2023;PA7;C20;CAT 797 F;Lastre Oxidado;ESP/F07/2120/711;FASE 7;BOT_INT_RB;1039,209961;3;ESPERANZA
02-06-2023;PA7;C20;CAT 797 F;Lastre Oxidado;ESP/F07/2120/7240;FASE 7;BOT_2380_INT;346,4039917;1;ESPERANZA
02-06-2023;PA7;C20;CAT 797 F;Lastre Oxidado;ESP/F07/2120/7240;FASE 7;BOT_INT_RB;1039,211975;3;ESPERANZA
02-06-2023;PA7;C21;CAT 797 F;Lastre Oxidado;ESP/F07/2120/711;FASE 7;BOT_INT_RB;692,8079834;2;ESPERANZA
02-06-2023;PA7;C21;CAT 797 F;Lastre Oxidado;ESP/F07/2120/7240;FASE 7;BOT_2380_INT;346,4039917;1;ESPERANZA
02-06-2023;PA7;C21;CAT 797 F;Lastre Oxidado;ESP/F07/2120/7240;FASE 7;BOT_INT_RB;1039,211975;3;ESPERANZA
02-06-2023;PA7;C23;CAT 797 F;Lastre Oxidado;ESP/F07/2120/711;FASE 7;BOT_INT_RB;346,4039917;1;ESPERANZA
02-06-2023;PA7;C23;CAT 797 F;Lastre Oxidado;ESP/F07/2120/7240;FASE 7;BOT_INT_RB;692,8079834;2;ESPERANZA
02-06-2023;PA7;C24;CAT 797 F;Lastre Oxidado;ESP/F07/2120/7240;FASE 7;BOT_2380_INT;692,8079834;2;ESPERANZA
02-06-2023;PA7;C25;CAT 797 F;Lastre Oxidado;ESP/F07/2120/7240;FASE 7;BOT_2380_INT;346,4039917;1;ESPERANZA
02-06-2023;PA7;C25;CAT 797 F;Lastre Oxidado;ESP/F07/2120/7240;FASE 7;BOT_INT_RB;1039,211975;3;ESPERANZA
02-06-2023;PA7;C32;CAT 797 F;Lastre Oxidado;ESP/F07/2120/711;FASE 7;BOT_INT_RB;346,4039917;1;ESPERANZA
02-06-2023;PA7;C32;CAT 797 F;Lastre Oxidado;ESP/F07/2120/7240;FASE 7;BOT_2380_INT;346,4039917;1;ESPERANZA
02-06-2023;PA7;C32;CAT 797 F;Lastre Oxidado;ESP/F07/2120/7240;FASE 7;BOT_INT_RB;1039,211975;3;ESPERANZA
02-06-2023;PA7;C34;CAT 797 F;Lastre Oxidado;ESP/F07/2120/7240;FASE 7;BOT_2380_INT;346,4039917;1;ESPERANZA
02-06-2023;PA7;C34;CAT 797 F;Lastre Oxidado;ESP/F07/2120/7240;FASE 7;BOT_INT_RB;1385,615967;4;ESPERANZA
02-06-2023;PA7;C36;CAT 797 F;Lastre Oxidado;ESP/F07/2120/711;FASE 7;BOT_INT_RB;346,4039917;1;ESPERANZA
02-06-2023;PA7;C36;CAT 797 F;Lastre Oxidado;ESP/F07/2120/7240;FASE 7;BOT_INT_RB;692,8079834;2;ESPERANZA
02-06-2023;PA7;C37;CAT 797 F;Lastre Oxidado;ESP/F07/2120/711;FASE 7;BOT_INT_RB;346,4039917;1;ESPERANZA
02-06-2023;PA7;C37;CAT 797 F;Lastre Oxidado;ESP/F07/2120/7240;FASE 7;BOT_2380_INT;692,8079834;2;ESPERANZA
02-06-2023;PA7;C38;CAT 797 F;Lastre Oxidado;ESP/F07/2120/711;FASE 7;BOT_INT_RB;346,4039917;1;ESPERANZA
02-06-2023;PA7;C38;CAT 797 F;Lastre Oxidado;ESP/F07/2120/7240;FASE 7;BOT_2380_INT;346,4039917;1;ESPERANZA
02-06-2023;PA7;C38;CAT 797 F;Lastre Oxidado;ESP/F07/2120/7240;FASE 7;BOT_INT_RB;1732,023987;5;ESPERANZA
02-06-2023;PA7;C39;CAT 797 F;Lastre Oxidado;ESP/F07/2120/711;FASE 7;BOT_INT_RB;692,8079834;2;ESPERANZA
02-06-2023;PA7;C39;CAT 797 F;Lastre Oxidado;ESP/F07/2120/7240;FASE 7;BOT_2380_INT;1732,017944;5;ESPERANZA
02-06-2023;PA7;C39;CAT 797 F;Lastre Oxidado;ESP/F07/2120/7240;FASE 7;BOT_INT_RB;346,4039917;1;ESPERANZA
02-06-2023;PA7;C40;CAT 797 F;Lastre Oxidado;ESP/F07/2120/711;FASE 7;BOT_INT_RB;346,4039917;1;ESPERANZA
02-06-2023;PA7;C40;CAT 797 F;Lastre Oxidado;ESP/F07/2120/7240;FASE 7;BOT_2380_INT;1039,211975;3;ESPERANZA
02-06-2023;PA7;C40;CAT 797 F;Lastre Oxidado;ESP/F07/2120/7240;FASE 7;BOT_INT_RB;1385,615967;4;ESPERANZA
02-06-2023;PA7;C41;CAT 797 F;Lastre Oxidado;ESP/F07/2120/711;FASE 7;BOT_INT_RB;346,4039917;1;ESPERANZA
02-06-2023;PA7;C41;CAT 797 F;Lastre Oxidado;ESP/F07/2120/7240;FASE 7;BOT_2380_INT;346,4039917;1;ESPERANZA
02-06-2023;PA7;C41;CAT 797 F;Lastre Oxidado;ESP/F07/2120/7240;FASE 7;BOT_INT_RB;692,8079834;2;ESPERANZA
02-06-2023;PA7;C42;CAT 797 F;Lastre Oxidado;ESP/F07/2120/711;FASE 7;BOT_INT_RB;346,4039917;1;ESPERANZA
02-06-2023;PA7;C42;CAT 797 F;Lastre Oxidado;ESP/F07/2120/7240;FASE 7;BOT_2380_INT;692,8079834;2;ESPERANZA
02-06-2023;PA7;C42;CAT 797 F;Lastre Oxidado;ESP/F07/2120/7240;FASE 7;BOT_INT_RB;346,4039917;1;ESPERANZA
02-06-2023;PA7;C43;CAT 797 F;Lastre Oxidado;ESP/F07/2120/7240;FASE 7;BOT_2380_INT;692,8079834;2;ESPERANZA
02-06-2023;PA7;C43;CAT 797 F;Lastre Oxidado;ESP/F07/2120/7240;FASE 7;BOT_INT_RB;1039,209961;3;ESPERANZA
02-06-2023;PA7;C44;CAT 797 F;Lastre Oxidado;ESP/F07/2120/711;FASE 7;BOT_INT_RB;692,8079834;2;ESPERANZA
02-06-2023;PA7;C44;CAT 797 F;Lastre Oxidado;ESP/F07/2120/7240;FASE 7;BOT_2380_INT;692,8079834;2;ESPERANZA
02-06-2023;PA7;C45;CAT 797 F;Lastre Oxidado;ESP/F07/2120/7240;FASE 7;BOT_2380_INT;692,8079834;2;ESPERANZA
02-06-2023;PA7;C45;CAT 797 F;Lastre Oxidado;ESP/F07/2120/7240;FASE 7;BOT_INT_RB;346,4039917;1;ESPERANZA
02-06-2023;PA7;C46;CAT 797 F;Lastre Oxidado;ESP/F07/2120/711;FASE 7;BOT_INT_RB;346,4039917;1;ESPERANZA
02-06-2023;PA7;C47;CAT 797 F;Lastre Oxidado;ESP/F07/2120/711;FASE 7;BOT_INT_RB;692,8079834;2;ESPERANZA
02-06-2023;PA7;C47;CAT 797 F;Lastre Oxidado;ESP/F07/2120/7240;FASE 7;BOT_INT_RB;692,8079834;2;ESPERANZA
02-06-2023;PA7;C48;CAT 797 F;Lastre Oxidado;ESP/F07/2120/7240;FASE 7;BOT_INT_RB;346,4039917;1;ESPERANZA
02-06-2023;PA7;C49;KOM 930 E;Lastre Oxidado;ESP/F07/2120/7240;FASE 7;BOT_2380_INT;873;3;ESPERANZA
02-06-2023;PA7;C49;KOM 930 E;Lastre Oxidado;ESP/F07/2120/7240;FASE 7;BOT_INT_RB;582;2;ESPERANZA
02-06-2023;PA7;C50;KOM 930 E;Lastre Oxidado;ESP/F07/2120/7240;FASE 7;BOT_2380_INT;582;2;ESPERANZA
02-06-2023;PA7;C51;KOM 930 E;Lastre Oxidado;ESP/F07/2120/7240;FASE 7;BOT_2380_INT;582;2;ESPERANZA
02-06-2023;PA7;C51;KOM 930 E;Lastre Oxidado;ESP/F07/2120/7240;FASE 7;BOT_INT_RB;582;2;ESPERANZA
02-06-2023;PA7;C52;KOM 930 E;Lastre Oxidado;ESP/F07/2120/711;FASE 7;BOT_INT_RB;291;1;ESPERANZA
02-06-2023;PA7;C52;KOM 930 E;Lastre Oxidado;ESP/F07/2120/7240;FASE 7;BOT_2380_INT;873;3;ESPERANZA
02-06-2023;PA7;C52;KOM 930 E;Lastre Oxidado;ESP/F07/2120/7240;FASE 7;BOT_INT_RB;582;2;ESPERANZA
02-06-2023;PA7;C53;KOM 930 E;Lastre Oxidado;ESP/F07/2120/711;FASE 7;BOT_INT_RB;291;1;ESPERANZA
02-06-2023;PA7;C53;KOM 930 E;Lastre Oxidado;ESP/F07/2120/7240;FASE 7;BOT_2380_INT;873;3;ESPERANZA
02-06-2023;PA7;C54;KOM 930 E;Lastre Oxidado;ESP/F07/2120/711;FASE 7;BOT_INT_RB;291;1;ESPERANZA
02-06-2023;PA7;C54;KOM 930 E;Lastre Oxidado;ESP/F07/2120/7240;FASE 7;BOT_2380_INT;291;1;ESPERANZA
02-06-2023;PA7;C55;KOM 930 E;Lastre Oxidado;ESP/F07/2120/711;FASE 7;BOT_INT_RB;291;1;ESPERANZA
02-06-2023;PA7;C55;KOM 930 E;Lastre Oxidado;ESP/F07/2120/7240;FASE 7;BOT_2380_INT;291;1;ESPERANZA
02-06-2023;PA7;C56;KOM 930 E;Lastre Oxidado;ESP/F07/2120/711;FASE 7;BOT_INT_RB;291;1;ESPERANZA
02-06-2023;PA7;C56;KOM 930 E;Lastre Oxidado;ESP/F07/2120/7240;FASE 7;BOT_2380_INT;1455;5;ESPERANZA
02-06-2023;PA7;C56;KOM 930 E;Lastre Oxidado;ESP/F07/2120/7240;FASE 7;BOT_INT_RB;582;2;ESPERANZA
02-06-2023;PA7;C57;KOM 930 E;Lastre Oxidado;ESP/F07/2120/711;FASE 7;BOT_INT_RB;582;2;ESPERANZA
02-06-2023;PA7;C57;KOM 930 E;Lastre Oxidado;ESP/F07/2120/7240;FASE 7;BOT_2380_INT;1164;4;ESPERANZA
02-06-2023;PA7;C57;KOM 930 E;Lastre Oxidado;ESP/F07/2120/7240;FASE 7;BOT_INT_RB;291;1;ESPERANZA
02-06-2023;PA7;C58;KOM 930 E;Lastre Oxidado;ESP/F07/2120/7240;FASE 7;BOT_2380_INT;291;1;ESPERANZA
02-06-2023;PA7;C58;KOM 930 E;Lastre Oxidado;ESP/F07/2120/7240;FASE 7;BOT_INT_RB;291;1;ESPERANZA
02-06-2023;PA7;C59;KOM 930 E;Lastre Oxidado;ESP/F07/2120/711;FASE 7;BOT_INT_RB;291;1;ESPERANZA
02-06-2023;PA7;C59;KOM 930 E;Lastre Oxidado;ESP/F07/2120/7240;FASE 7;BOT_2380_INT;582;2;ESPERANZA
02-06-2023;PA7;C59;KOM 930 E;Lastre Oxidado;ESP/F07/2120/7240;FASE 7;BOT_INT_RB;582;2;ESPERANZA
02-06-2023;PA7;C60;KOM 930 E;Lastre Oxidado;ESP/F07/2120/711;FASE 7;BOT_INT_RB;291;1;ESPERANZA
02-06-2023;PA7;C61;KOM 930 E;Lastre Oxidado;ESP/F07/2120/7240;FASE 7;BOT_INT_RB;291;1;ESPERANZA
02-06-2023;PA9;C07;CAT 797 B;Lastre Oxidado;ESP/F07/2120/705;FASE 7;BOT_INT_RB;346,4039917;1;ESPERANZA
02-06-2023;PA9;C07;CAT 797 B;Lastre Sulfurado;ESP/F07/2120/7170;FASE 7;BOT_INT_RB;346,4039917;1;ESPERANZA
02-06-2023;PA9;C08;CAT 797 B;Lastre Oxidado;ESP/F07/2120/705;FASE 7;BOT_INT_RB;346,4039917;1;ESPERANZA
02-06-2023;PA9;C09;CAT 797 B;Lastre Oxidado;ESP/F07/2120/705;FASE 7;BOT_2380_INT;346,4039917;1;ESPERANZA
02-06-2023;PA9;C09;CAT 797 B;Lastre Oxidado;ESP/F07/2120/705;FASE 7;BOT_INT_RB;692,8079834;2;ESPERANZA
02-06-2023;PA9;C09;CAT 797 B;Lastre Sulfurado;ESP/F07/2120/7170;FASE 7;BOT_INT_RB;346,4039917;1;ESPERANZA
02-06-2023;PA9;C10;CAT 797 B;Lastre Oxidado;ESP/F07/2120/705;FASE 7;BOT_INT_RB;346,4039917;1;ESPERANZA
02-06-2023;PA9;C10;CAT 797 B;Lastre Sulfurado;ESP/F07/2120/7170;FASE 7;BOT_2380_INT;692,8079834;2;ESPERANZA
02-06-2023;PA9;C10;CAT 797 B;Lastre Sulfurado;ESP/F07/2120/7170;FASE 7;BOT_INT_RB;692,8079834;2;ESPERANZA
02-06-2023;PA9;C11;CAT 797 B;Lastre Sulfurado;ESP/F07/2120/7170;FASE 7;BOT_INT_RB;346,4039917;1;ESPERANZA
02-06-2023;PA9;C12;CAT 797 B;Lastre Oxidado;ESP/F07/2120/705;FASE 7;BOT_2380_INT;346,4039917;1;ESPERANZA
02-06-2023;PA9;C12;CAT 797 B;Lastre Sulfurado;ESP/F07/2120/7170;FASE 7;BOT_INT_RB;346,4039917;1;ESPERANZA
02-06-2023;PA9;C125;CAT 793 C;Lastre Sulfurado;ESP/F07/2120/7170;FASE 7;BOT_INT_RB;216,4360046;1;ESPERANZA
02-06-2023;PA9;C13;CAT 797 B;Lastre Oxidado;ESP/F07/2120/705;FASE 7;BOT_2380_INT;346,4039917;1;ESPERANZA
02-06-2023;PA9;C13;CAT 797 B;Lastre Sulfurado;ESP/F07/2120/7170;FASE 7;BOT_INT_RB;692,8079834;2;ESPERANZA
02-06-2023;PA9;C14;CAT 797 B;Lastre Sulfurado;ESP/F07/2120/7170;FASE 7;BOT_INT_RB;346,4039917;1;ESPERANZA
02-06-2023;PA9;C15;CAT 797 B;Lastre Oxidado;ESP/F07/2120/705;FASE 7;BOT_INT_RB;346,4039917;1;ESPERANZA
02-06-2023;PA9;C16;CAT 797 B;Lastre Oxidado;ESP/F07/2120/705;FASE 7;BOT_INT_RB;692,8079834;2;ESPERANZA
02-06-2023;PA9;C17;CAT 797 F;Lastre Oxidado;ESP/F07/2120/705;FASE 7;BOT_INT_RB;1039,209961;3;ESPERANZA
02-06-2023;PA9;C17;CAT 797 F;Lastre Sulfurado;ESP/F07/2120/7170;FASE 7;BOT_INT_RB;346,4039917;1;ESPERANZA
02-06-2023;PA9;C18;CAT 797 F;Lastre Oxidado;ESP/F07/2120/705;FASE 7;BOT_INT_RB;692,8079834;2;ESPERANZA
02-06-2023;PA9;C18;CAT 797 F;Lastre Sulfurado;ESP/F07/2120/7170;FASE 7;BOT_2380_INT;346,4039917;1;ESPERANZA
02-06-2023;PA9;C19;CAT 797 F;Lastre Oxidado;ESP/F07/2120/705;FASE 7;BOT_INT_RB;1039,209961;3;ESPERANZA
02-06-2023;PA9;C19;CAT 797 F;Lastre Sulfurado;ESP/F07/2120/7170;FASE 7;BOT_INT_RB;1039,211975;3;ESPERANZA
02-06-2023;PA9;C20;CAT 797 F;Lastre Oxidado;ESP/F07/2120/705;FASE 7;BOT_INT_RB;1039,211975;3;ESPERANZA
02-06-2023;PA9;C21;CAT 797 F;Lastre Oxidado;ESP/F07/2120/705;FASE 7;BOT_INT_RB;692,8079834;2;ESPERANZA
02-06-2023;PA9;C21;CAT 797 F;Lastre Sulfurado;ESP/F07/2120/7170;FASE 7;BOT_INT_RB;346,4039917;1;ESPERANZA
02-06-2023;PA9;C23;CAT 797 F;Lastre Oxidado;ESP/F07/2120/705;FASE 7;BOT_INT_RB;692,8079834;2;ESPERANZA
02-06-2023;PA9;C23;CAT 797 F;Lastre Sulfurado;ESP/F07/2120/7170;FASE 7;BOT_2380_INT;346,4039917;1;ESPERANZA
02-06-2023;PA9;C24;CAT 797 F;Lastre Oxidado;ESP/F07/2120/705;FASE 7;BOT_INT_RB;1039,209961;3;ESPERANZA
02-06-2023;PA9;C25;CAT 797 F;Lastre Sulfurado;ESP/F07/2120/7170;FASE 7;BOT_INT_RB;1385,619995;4;ESPERANZA
02-06-2023;PA9;C32;CAT 797 F;Lastre Oxidado;ESP/F07/2120/705;FASE 7;BOT_2380_INT;346,4039917;1;ESPERANZA
02-06-2023;PA9;C32;CAT 797 F;Lastre Oxidado;ESP/F07/2120/705;FASE 7;BOT_INT_RB;692,8079834;2;ESPERANZA
02-06-2023;PA9;C32;CAT 797 F;Lastre Sulfurado;ESP/F07/2120/7170;FASE 7;BOT_2380_INT;346,4039917;1;ESPERANZA
02-06-2023;PA9;C32;CAT 797 F;Lastre Sulfurado;ESP/F07/2120/7170;FASE 7;BOT_INT_RB;346,4039917;1;ESPERANZA
02-06-2023;PA9;C36;CAT 797 F;Lastre Oxidado;ESP/F07/2120/705;FASE 7;BOT_INT_RB;346,4039917;1;ESPERANZA
02-06-2023;PA9;C36;CAT 797 F;Lastre Sulfurado;ESP/F07/2120/7170;FASE 7;BOT_INT_RB;346,4039917;1;ESPERANZA
02-06-2023;PA9;C37;CAT 797 F;Lastre Oxidado;ESP/F07/2120/705;FASE 7;BOT_INT_RB;346,4039917;1;ESPERANZA
02-06-2023;PA9;C37;CAT 797 F;Lastre Sulfurado;ESP/F07/2120/7170;FASE 7;BOT_INT_RB;346,4039917;1;ESPERANZA
02-06-2023;PA9;C38;CAT 797 F;Lastre Sulfurado;ESP/F07/2120/7170;FASE 7;BOT_INT_RB;346,4039917;1;ESPERANZA
02-06-2023;PA9;C39;CAT 797 F;Lastre Sulfurado;ESP/F07/2120/7170;FASE 7;BOT_2380_INT;346,4039917;1;ESPERANZA
02-06-2023;PA9;C40;CAT 797 F;Lastre Oxidado;ESP/F07/2120/705;FASE 7;BOT_INT_RB;1039,211975;3;ESPERANZA
02-06-2023;PA9;C40;CAT 797 F;Lastre Sulfurado;ESP/F07/2120/7170;FASE 7;BOT_INT_RB;346,4039917;1;ESPERANZA
02-06-2023;PA9;C41;CAT 797 F;Lastre Oxidado;ESP/F07/2120/705;FASE 7;BOT_INT_RB;346,4039917;1;ESPERANZA
02-06-2023;PA9;C41;CAT 797 F;Lastre Sulfurado;ESP/F07/2120/7170;FASE 7;BOT_INT_RB;346,4039917;1;ESPERANZA
02-06-2023;PA9;C42;CAT 797 F;Lastre Oxidado;ESP/F07/2120/705;FASE 7;BOT_INT_RB;346,4039917;1;ESPERANZA
02-06-2023;PA9;C42;CAT 797 F;Lastre Sulfurado;ESP/F07/2120/7170;FASE 7;BOT_INT_RB;346,4039917;1;ESPERANZA
02-06-2023;PA9;C43;CAT 797 F;Lastre Sulfurado;ESP/F07/2120/7170;FASE 7;BOT_2380_INT;346,4039917;1;ESPERANZA
02-06-2023;PA9;C43;CAT 797 F;Lastre Sulfurado;ESP/F07/2120/7170;FASE 7;BOT_INT_RB;346,4039917;1;ESPERANZA
02-06-2023;PA9;C44;CAT 797 F;Lastre Oxidado;ESP/F07/2120/705;FASE 7;BOT_INT_RB;1385,619995;4;ESPERANZA
02-06-2023;PA9;C44;CAT 797 F;Lastre Sulfurado;ESP/F07/2120/7170;FASE 7;BOT_INT_RB;692,8079834;2;ESPERANZA
02-06-2023;PA9;C46;CAT 797 F;Lastre Oxidado;ESP/F07/2120/705;FASE 7;BOT_2380_INT;346,4039917;1;ESPERANZA
02-06-2023;PA9;C46;CAT 797 F;Lastre Oxidado;ESP/F07/2120/705;FASE 7;BOT_INT_RB;346,4039917;1;ESPERANZA
02-06-2023;PA9;C46;CAT 797 F;Lastre Sulfurado;ESP/F07/2120/7170;FASE 7;BOT_INT_RB;346,4039917;1;ESPERANZA
02-06-2023;PA9;C47;CAT 797 F;Lastre Sulfurado;ESP/F07/2120/7170;FASE 7;BOT_INT_RB;346,4039917;1;ESPERANZA
02-06-2023;PA9;C48;CAT 797 F;Lastre Oxidado;ESP/F07/2120/705;FASE 7;BOT_INT_RB;692,8079834;2;ESPERANZA
02-06-2023;PA9;C49;KOM 930 E;Lastre Oxidado;ESP/F07/2120/705;FASE 7;BOT_INT_RB;873;3;ESPERANZA
02-06-2023;PA9;C49;KOM 930 E;Lastre Sulfurado;ESP/F07/2120/7170;FASE 7;BOT_2380_INT;291;1;ESPERANZA
02-06-2023;PA9;C50;KOM 930 E;Lastre Oxidado;ESP/F07/2120/705;FASE 7;BOT_INT_RB;291;1;ESPERANZA
02-06-2023;PA9;C50;KOM 930 E;Lastre Sulfurado;ESP/F07/2120/7170;FASE 7;BOT_INT_RB;291;1;ESPERANZA
02-06-2023;PA9;C51;KOM 930 E;Lastre Sulfurado;ESP/F07/2120/7170;FASE 7;BOT_INT_RB;291;1;ESPERANZA
02-06-2023;PA9;C52;KOM 930 E;Lastre Sulfurado;ESP/F07/2120/7170;FASE 7;BOT_INT_RB;582;2;ESPERANZA
02-06-2023;PA9;C53;KOM 930 E;Lastre Oxidado;ESP/F07/2120/705;FASE 7;BOT_INT_RB;582;2;ESPERANZA
02-06-2023;PA9;C53;KOM 930 E;Lastre Sulfurado;ESP/F07/2120/7170;FASE 7;BOT_INT_RB;291;1;ESPERANZA
02-06-2023;PA9;C54;KOM 930 E;Lastre Oxidado;ESP/F07/2120/705;FASE 7;BOT_2380_INT;291;1;ESPERANZA
02-06-2023;PA9;C56;KOM 930 E;Lastre Oxidado;ESP/F07/2120/705;FASE 7;BOT_INT_RB;1164;4;ESPERANZA
02-06-2023;PA9;C56;KOM 930 E;Lastre Sulfurado;ESP/F07/2120/7170;FASE 7;BOT_2380_INT;291;1;ESPERANZA
02-06-2023;PA9;C57;KOM 930 E;Lastre Oxidado;ESP/F07/2120/705;FASE 7;BOT_2380_INT;582;2;ESPERANZA
02-06-2023;PA9;C57;KOM 930 E;Lastre Oxidado;ESP/F07/2120/705;FASE 7;BOT_INT_RB;291;1;ESPERANZA
02-06-2023;PA9;C57;KOM 930 E;Lastre Sulfurado;ESP/F07/2120/7170;FASE 7;BOT_INT_RB;291;1;ESPERANZA
02-06-2023;PA9;C58;KOM 930 E;Lastre Oxidado;ESP/F07/2120/705;FASE 7;BOT_2380_INT;291;1;ESPERANZA
02-06-2023;PA9;C58;KOM 930 E;Lastre Oxidado;ESP/F07/2120/705;FASE 7;BOT_INT_RB;291;1;ESPERANZA
02-06-2023;PA9;C58;KOM 930 E;Lastre Sulfurado;ESP/F07/2120/7170;FASE 7;BOT_INT_RB;291;1;ESPERANZA
02-06-2023;PA9;C59;KOM 930 E;Lastre Oxidado;ESP/F07/2120/705;FASE 7;BOT_2380_INT;1455;5;ESPERANZA
02-06-2023;PA9;C59;KOM 930 E;Lastre Oxidado;ESP/F07/2120/705;FASE 7;BOT_INT_RB;291;1;ESPERANZA
02-06-2023;PA9;C59;KOM 930 E;Lastre Sulfurado;ESP/F07/2120/7170;FASE 7;BOT_2380_INT;291;1;ESPERANZA
02-06-2023;PA9;C59;KOM 930 E;Lastre Sulfurado;ESP/F07/2120/7170;FASE 7;BOT_INT_RB;291;1;ESPERANZA
02-06-2023;PA9;C60;KOM 930 E;Lastre Oxidado;ESP/F07/2120/705;FASE 7;BOT_INT_RB;582;2;ESPERANZA
02-06-2023;PATH01;C701;LIEBHERR 264 ;LASTRE (LAS);LLA/F01/2302.5/106;F01 LLA;BOT_TSS;219;1;LLANO
02-06-2023;PATH01;C701;LIEBHERR 264 ;LASTRE (LAS);LLA/F01/2302.5/1090;F01 LLA;BOT_TSS;12483;57;LLANO
02-06-2023;PATH01;C701;LIEBHERR 264 ;LASTRE (LAS);LLA/F02/2302.5/2090;F02 LLA;BOT_TSS;11169;51;LLANO
02-06-2023;PATH01;C701;LIEBHERR 264 ;LASTRE (LAS);LLA/F02/2302.5/210;F02 LLA;BOT_TSS;1314;6;LLANO
02-06-2023;PATH01;C702;LIEBHERR 264 ;LASTRE (LAS);LLA/F01/2302.5/1090;F01 LLA;BOT_TSS;219;1;LLANO
02-06-2023;PATH01;C702;LIEBHERR 264 ;LASTRE (LAS);LLA/F02/2302.5/2090;F02 LLA;BOT_TSS;26061;119;LLANO
02-06-2023;PATH01;C793OXE;CAT 793 OXE;ORM;MOD_B_REM;ENCUENTRO OXE;CHANCADO-ENCUENTRO;12100;55;ENCUENTRO
02-06-2023;PATH01;C793OXE;CAT 793 OXE;OXIDO ALTA LEY (OXAL);OXE/F04/2136/403;FASE 04 ENC;MOD A;1100;5;ENCUENTRO
02-06-2023;PATH01;C793OXE;CAT 793 OXE;OXIDO ALTA LEY (OXAL);OXE/F04/2144/4030;FASE 04 ENC;MOD A;2200;10;ENCUENTRO
02-06-2023;PATH01;C793OXE;CAT 793 OXE;OXIDO ALTA LEY (OXAL);OXE/F04/2144/405;FASE 04 ENC;CHANCADO-ENCUENTRO;14960;68;ENCUENTRO
02-06-2023;PATH01;C793OXE;CAT 793 OXE;OXIDO ALTA LEY (OXAL);OXE/F04/2144/405;FASE 04 ENC;MOD B;5060;23;ENCUENTRO
02-06-2023;PATH01;C930OXE;KOM 930OXE;L21;04_2376_455;FASE 04 ENC;BOT.2420;120060;414;ENCUENTRO