Fecha;Carguio;Camión;Flota;Material;Origen;Zona;Destino;Tonelaje;Ciclos;Rajo
03-06-2023;CF2;C07;CAT 797 B;Lastre Sulfurado;ESP/F07/2120/727;FASE 7;BOT_INT_RB;346,4039917;1;ESPERANZA
03-06-2023;CF2;C09;CAT 797 B;Lastre Sulfurado;ESP/F07/2120/727;FASE 7;BOT_INT_RB;692,8079834;2;ESPERANZA
03-06-2023;CF2;C10;CAT 797 B;Lastre Sulfurado;ESP/F07/2120/727;FASE 7;BOT_INT_RB;692,8079834;2;ESPERANZA
03-06-2023;CF2;C11;CAT 797 B;Lastre Sulfurado;ESP/F07/2120/727;FASE 7;BOT_INT_RB;346,4039917;1;ESPERANZA
03-06-2023;CF2;C12;CAT 797 B;Lastre Sulfurado;ESP/F07/2120/727;FASE 7;BOT_INT_RB;346,4039917;1;ESPERANZA
03-06-2023;CF2;C15;CAT 797 B;Lastre Sulfurado;ESP/F07/2120/727;FASE 7;BOT_INT_RB;346,4039917;1;ESPERANZA
03-06-2023;CF2;C16;CAT 797 B;Lastre Sulfurado;ESP/F07/2120/727;FASE 7;BOT_INT_RB;346,4039917;1;ESPERANZA
03-06-2023;CF2;C17;CAT 797 F;Lastre Sulfurado;ESP/F07/2120/727;FASE 7;BOT_INT_RB;692,8079834;2;ESPERANZA
03-06-2023;CF2;C18;CAT 797 F;Lastre Sulfurado;ESP/F07/2120/727;FASE 7;BOT_INT_RB;692,8079834;2;ESPERANZA
03-06-2023;CF2;C20;CAT 797 F;Lastre Sulfurado;ESP/F07/2120/727;FASE 7;BOT_INT_RB;346,4039917;1;ESPERANZA
03-06-2023;CF2;C21;CAT 797 F;Lastre Sulfurado;ESP/F07/2120/727;FASE 7;BOT_2380_INT;346,4039917;1;ESPERANZA
03-06-2023;CF2;C21;CAT 797 F;Lastre Sulfurado;ESP/F07/2120/727;FASE 7;BOT_INT_RB;346,4039917;1;ESPERANZA
03-06-2023;CF2;C24;CAT 797 F;Lastre Sulfurado;ESP/F07/2120/727;FASE 7;BOT_INT_RB;1039,209961;3;ESPERANZA
03-06-2023;CF2;C34;CAT 797 F;Lastre Sulfurado;ESP/F07/2120/727;FASE 7;BOT_INT_RB;346,4039917;1;ESPERANZA
03-06-2023;CF2;C37;CAT 797 F;Lastre Sulfurado;ESP/F07/2120/727;FASE 7;BOT_INT_RB;346,4039917;1;ESPERANZA
03-06-2023;CF2;C38;CAT 797 F;Lastre Sulfurado;ESP/F07/2120/727;FASE 7;BOT_INT_RB;1039,211975;3;ESPERANZA
03-06-2023;CF2;C40;CAT 797 F;Lastre Sulfurado;ESP/F07/2120/727;FASE 7;BOT_INT_RB;346,4039917;1;ESPERANZA
03-06-2023;CF2;C42;CAT 797 F;Lastre Sulfurado;ESP/F07/2120/727;FASE 7;BOT_INT_RB;1039,211975;3;ESPERANZA
03-06-2023;CF2;C43;CAT 797 F;Lastre Sulfurado;ESP/F07/2120/727;FASE 7;BOT_INT_RB;692,8079834;2;ESPERANZA
03-06-2023;CF2;C44;CAT 797 F;Lastre Sulfurado;ESP/F07/2120/727;FASE 7;BOT_INT_RB;346,4039917;1;ESPERANZA
03-06-2023;CF2;C45;CAT 797 F;Lastre Sulfurado;ESP/F07/2120/727;FASE 7;BOT_INT_RB;346,4039917;1;ESPERANZA
03-06-2023;CF2;C47;CAT 797 F;Lastre Sulfurado;ESP/F07/2120/727;FASE 7;BOT_INT_RB;346,4039917;1;ESPERANZA
03-06-2023;CF2;C48;CAT 797 F;Lastre Sulfurado;ESP/F07/2120/727;FASE 7;BOT_2380_INT;346,4039917;1;ESPERANZA
03-06-2023;CF2;C48;CAT 797 F;Lastre Sulfurado;ESP/F07/2120/727;FASE 7;BOT_INT_RB;692,8079834;2;ESPERANZA
03-06-2023;CF2;C49;KOM 930 E;Lastre Sulfurado;ESP/F07/2120/727;FASE 7;BOT_INT_RB;291;1;ESPERANZA
03-06-2023;CF2;C51;KOM 930 E;Lastre Sulfurado;ESP/F07/2120/727;FASE 7;BOT_INT_RB;291;1;ESPERANZA
03-06-2023;CF2;C57;KOM 930 E;Lastre Sulfurado;ESP/F07/2120/727;FASE 7;BOT_INT_RB;873;3;ESPERANZA
03-06-2023;CF2;C58;KOM 930 E;Lastre Sulfurado;ESP/F07/2120/727;FASE 7;BOT_INT_RB;291;1;ESPERANZA
03-06-2023;CF2;C60;KOM 930 E;Lastre Sulfurado;ESP/F07/2120/727;FASE 7;BOT_INT_RB;1164;4;ESPERANZA
03-06-2023;CF203;C153;CAT 793 F;Baja Ley 1;ST-TS_18;OXIDO;CHANCADO-OXIDO;2597,23999;12;TESORO
03-06-2023;CF203;C162;CAT 793 F;Baja Ley 1;ST-TS_18;OXIDO;CHANCADO-OXIDO;432,8729858;2;TESORO
03-06-2023;CF233;C128;CAT 793 C;Lastre Oxidado;ESP/F10/2296/1030;FASE 10;BOT_RAMPA_SUPERIOR;432,8729858;2;ESPERANZA
03-06-2023;CF233;C129;CAT 793 C;Sulfuro de Media;STOCK_SME;ESPERANZA;CHANCADO-SULFURO;216,9600067;1;ESPERANZA
03-06-2023;CF233;C130;CAT 793 C;Sulfuro de Media;STOCK_SME;ESPERANZA;CHANCADO-SULFURO;650,8809814;3;ESPERANZA
03-06-2023;CF233;C134;CAT 793 C;Lastre Oxidado;ESP/F10/2296/1030;FASE 10;BOT_RAMPA_SUPERIOR;649,3089905;3;ESPERANZA
03-06-2023;CF233;C134;CAT 793 C;Sulfuro Baja Ley;STOCK_SBL_ESS;ESPERANZA_SUR;CHANCADO-SULFURO;1952,642029;9;ESPERANZA_SUR
03-06-2023;CF233;C134;CAT 793 C;Sulfuro de Media;STOCK_SME;ESPERANZA;CHANCADO-SULFURO;3254,400024;15;ESPERANZA
03-06-2023;CF233;C135;CAT 793 C;Lastre Oxidado;ESP/F10/2296/1030;FASE 10;BOT_RAMPA_SUPERIOR;216,4360046;1;ESPERANZA
03-06-2023;CF233;C135;CAT 793 C;Sulfuro de Media;STOCK_SME;ESPERANZA;CHANCADO-SULFURO;216,9600067;1;ESPERANZA
03-06-2023;CF233;C152;CAT 793 F;Lastre Oxidado;ESP/F10/2296/1030;FASE 10;BOT_RAMPA_SUPERIOR;216,4360046;1;ESPERANZA
03-06-2023;CF233;C154;CAT 793 F;Lastre Oxidado;ESP/F10/2296/1030;FASE 10;BOT_RAMPA_SUPERIOR;216,4360046;1;ESPERANZA
03-06-2023;CF233;C155;CAT 793 F;Lastre Oxidado;ESP/F10/2296/1030;FASE 10;BOT_RAMPA_SUPERIOR;216,4360046;1;ESPERANZA
03-06-2023;CF233;C155;CAT 793 F;Sulfuro de Media;STOCK_SME;ESPERANZA;CHANCADO-SULFURO;1084,801987;5;ESPERANZA
03-06-2023;CF233;C156;CAT 793 F;Lastre Oxidado;ESP/F10/2296/1030;FASE 10;BOT_RAMPA_SUPERIOR;216,4360046;1;ESPERANZA
03-06-2023;CF233;C156;CAT 793 F;Sulfuro de Media;STOCK_SME;ESPERANZA;CHANCADO-SULFURO;867,84198;4;ESPERANZA
03-06-2023;CF233;C159;CAT 793 F;Lastre Oxidado;ESP/F10/2296/1030;FASE 10;BOT_RAMPA_SUPERIOR;216,4360046;1;ESPERANZA
03-06-2023;CF233;C159;CAT 793 F;Sulfuro Baja Ley;STOCK_SBL_ESS;ESPERANZA_SUR;CHANCADO-SULFURO;3471,370972;16;ESPERANZA_SUR
03-06-2023;CF233;C159;CAT 793 F;Sulfuro de Media;STOCK_SME;ESPERANZA;CHANCADO-SULFURO;2603,52002;12;ESPERANZA
03-06-2023;CF233;C160;CAT 793 F;Sulfuro de Media;STOCK_SME;ESPERANZA;CHANCADO-SULFURO;216,9600067;1;ESPERANZA
03-06-2023;CF233;C161;CAT 793 F;Lastre Oxidado;ESP/F10/2296/1030;FASE 10;BOT_RAMPA_SUPERIOR;649,309021;3;ESPERANZA
03-06-2023;CF233;C161;CAT 793 F;Sulfuro Baja Ley;STOCK_SBL_ESS;ESPERANZA_SUR;CHANCADO-SULFURO;2169,60199;10;ESPERANZA_SUR
03-06-2023;CF233;C161;CAT 793 F;Sulfuro de Media;STOCK_SME;ESPERANZA;CHANCADO-SULFURO;1518,719971;7;ESPERANZA
03-06-2023;CF233;C162;CAT 793 F;Sulfuro Baja Ley;STOCK_SBL_ESS;ESPERANZA_SUR;CHANCADO-SULFURO;216,9600067;1;ESPERANZA_SUR
03-06-2023;CF233;C162;CAT 793 F;Sulfuro de Media;STOCK_SME;ESPERANZA;CHANCADO-SULFURO;1735,68103;8;ESPERANZA
03-06-2023;CF233;C164;CAT 793 F;Lastre Oxidado;ESP/F10/2296/1030;FASE 10;BOT_RAMPA_SUPERIOR;432,8729858;2;ESPERANZA
03-06-2023;CF233;C164;CAT 793 F;Sulfuro de Media;STOCK_SME;ESPERANZA;CHANCADO-SULFURO;2169,600098;10;ESPERANZA
03-06-2023;CF234;C121;CAT 793 C;Lastre Oxidado;ESP/F10/2328/125;FASE 10;BOT_RAMPA_SUPERIOR;216,4360046;1;ESPERANZA
03-06-2023;CF234;C122;CAT 793 C;Lastre Oxidado;ESP/F10/2328/125;FASE 10;BOT_RAMPA_SUPERIOR;216,4360046;1;ESPERANZA
03-06-2023;CF234;C122;CAT 793 C;Marginal Alta;STM-NE-02;OXIDO;CHANCADO-OXIDO;432,8720093;2;TESORO
03-06-2023;CF234;C125;CAT 793 C;Lastre Oxidado;ESP/F10/2328/125;FASE 10;BOT_RAMPA_SUPERIOR;216,4360046;1;ESPERANZA
03-06-2023;CF234;C128;CAT 793 C;Lastre Oxidado;ESP/F10/2328/125;FASE 10;BOT_RAMPA_SUPERIOR;1082,181976;5;ESPERANZA
03-06-2023;CF234;C129;CAT 793 C;Lastre Oxidado;ESP/F10/2328/125;FASE 10;BOT_RAMPA_SUPERIOR;1298,618958;6;ESPERANZA
03-06-2023;CF234;C130;CAT 793 C;Lastre Oxidado;ESP/F10/2328/125;FASE 10;BOT_RAMPA_SUPERIOR;1082,180054;5;ESPERANZA
03-06-2023;CF234;C130;CAT 793 C;Marginal Alta;STM-NE-02;OXIDO;CHANCADO-OXIDO;3895,85907;18;TESORO
03-06-2023;CF234;C131;CAT 793 C;Marginal Alta;STM-NE-02;OXIDO;CHANCADO-OXIDO;3895,85199;18;TESORO
03-06-2023;CF234;C132;CAT 793 C;Lastre Oxidado;ESP/F10/2328/125;FASE 10;BOT_RAMPA_SUPERIOR;432,8729858;2;ESPERANZA
03-06-2023;CF234;C134;CAT 793 C;Lastre Oxidado;ESP/F10/2328/125;FASE 10;BOT_RAMPA_SUPERIOR;216,4360046;1;ESPERANZA
03-06-2023;CF234;C135;CAT 793 C;Lastre Oxidado;ESP/F10/2328/125;FASE 10;BOT_RAMPA_SUPERIOR;2164,366058;10;ESPERANZA
03-06-2023;CF234;C151;CAT 793 F;Lastre Oxidado;ESP/F10/2328/125;FASE 10;BOT_RAMPA_SUPERIOR;216,4360046;1;ESPERANZA
03-06-2023;CF234;C152;CAT 793 F;Lastre Oxidado;ESP/F10/2328/125;FASE 10;BOT_RAMPA_SUPERIOR;1731,496063;8;ESPERANZA
03-06-2023;CF234;C153;CAT 793 F;Lastre Oxidado;ESP/F10/2328/125;FASE 10;BOT_RAMPA_SUPERIOR;865,7450256;4;ESPERANZA
03-06-2023;CF234;C153;CAT 793 F;Marginal Alta;STM-NE-02;OXIDO;CHANCADO-OXIDO;865,7459717;4;TESORO
03-06-2023;CF234;C154;CAT 793 F;Lastre Oxidado;ESP/F10/2328/125;FASE 10;BOT_RAMPA_SUPERIOR;2164,366058;10;ESPERANZA
03-06-2023;CF234;C155;CAT 793 F;Lastre Oxidado;ESP/F10/2328/125;FASE 10;BOT_RAMPA_SUPERIOR;649,309021;3;ESPERANZA
03-06-2023;CF234;C156;CAT 793 F;Lastre Oxidado;ESP/F10/2328/125;FASE 10;BOT_RAMPA_SUPERIOR;216,4360046;1;ESPERANZA
03-06-2023;CF234;C159;CAT 793 F;Lastre Oxidado;ESP/F10/2328/125;FASE 10;BOT_RAMPA_SUPERIOR;1082,182007;5;ESPERANZA
03-06-2023;CF234;C160;CAT 793 F;Lastre Oxidado;ESP/F10/2328/125;FASE 10;BOT_RAMPA_SUPERIOR;865,7459717;4;ESPERANZA
03-06-2023;CF234;C161;CAT 793 F;Lastre Oxidado;ESP/F10/2328/125;FASE 10;BOT_RAMPA_SUPERIOR;1082,180054;5;ESPERANZA
03-06-2023;CF234;C162;CAT 793 F;Marginal Alta;STM-NE-02;OXIDO;CHANCADO-OXIDO;865,7459717;4;TESORO
03-06-2023;CF234;C164;CAT 793 F;Lastre Oxidado;ESP/F10/2328/125;FASE 10;BOT_RAMPA_SUPERIOR;432,8729858;2;ESPERANZA
03-06-2023;CF3;C10;CAT 797 B;Sulfuro Baja Ley;STOCK_SBL_ESS;ESPERANZA_SUR;CHANCADO-SULFURO;1039,211975;3;ESPERANZA_SUR
03-06-2023;CF3;C11;CAT 797 B;Sulfuro Baja Ley;STOCK_SBL_ESS;ESPERANZA_SUR;CHANCADO-SULFURO;1039,211975;3;ESPERANZA_SUR
03-06-2023;CF3;C121;CAT 793 C;Sulfuro Baja Ley;STOCK_SBL_ESS;ESPERANZA_SUR;CHANCADO-SULFURO;1518,720062;7;ESPERANZA_SUR
03-06-2023;CF3;C122;CAT 793 C;Sulfuro Baja Ley;STOCK_SBL_ESS;ESPERANZA_SUR;CHANCADO-SULFURO;3688,330948;17;ESPERANZA_SUR
03-06-2023;CF3;C123;CAT 793 C;Sulfuro Baja Ley;STOCK_SBL_ESS;ESPERANZA_SUR;CHANCADO-SULFURO;2169,600967;10;ESPERANZA_SUR
03-06-2023;CF3;C125;CAT 793 C;Sulfuro Baja Ley;STOCK_SBL_ESS;ESPERANZA_SUR;CHANCADO-SULFURO;3037,451019;14;ESPERANZA_SUR
03-06-2023;CF3;C128;CAT 793 C;Sulfuro Baja Ley;STOCK_SBL_ESS;ESPERANZA_SUR;CHANCADO-SULFURO;216,9600067;1;ESPERANZA_SUR
03-06-2023;CF3;C129;CAT 793 C;Sulfuro Baja Ley;STOCK_SBL_ESS;ESPERANZA_SUR;CHANCADO-SULFURO;650,8809967;3;ESPERANZA_SUR
03-06-2023;CF3;C130;CAT 793 C;Sulfuro de Media;STOCK_SME;ESPERANZA;CHANCADO-SULFURO;216,9600067;1;ESPERANZA
03-06-2023;CF3;C131;CAT 793 C;Sulfuro Baja Ley;STOCK_SBL_ESS;ESPERANZA_SUR;CHANCADO-SULFURO;4122,251068;19;ESPERANZA_SUR
03-06-2023;CF3;C132;CAT 793 C;Sulfuro Baja Ley;STOCK_SBL_ESS;ESPERANZA_SUR;CHANCADO-SULFURO;216,9600067;1;ESPERANZA_SUR
03-06-2023;CF3;C134;CAT 793 C;Sulfuro Baja Ley;STOCK_SBL_ESS;ESPERANZA_SUR;CHANCADO-SULFURO;2386,561996;11;ESPERANZA_SUR
03-06-2023;CF3;C14;CAT 797 B;Sulfuro Baja Ley;STOCK_SBL_ESS;ESPERANZA_SUR;CHANCADO-SULFURO;1039,209961;3;ESPERANZA_SUR
03-06-2023;CF3;C151;CAT 793 F;Sulfuro Baja Ley;STOCK_SBL_ESS;ESPERANZA_SUR;CHANCADO-SULFURO;4122,250916;19;ESPERANZA_SUR
03-06-2023;CF3;C152;CAT 793 F;Sulfuro Baja Ley;STOCK_SBL_ESS;ESPERANZA_SUR;CHANCADO-SULFURO;1084,801987;5;ESPERANZA_SUR
03-06-2023;CF3;C155;CAT 793 F;Sulfuro Baja Ley;STOCK_SBL_ESS;ESPERANZA_SUR;CHANCADO-SULFURO;216,9600067;1;ESPERANZA_SUR
03-06-2023;CF3;C156;CAT 793 F;Sulfuro Baja Ley;STOCK_SBL_ESS;ESPERANZA_SUR;CHANCADO-SULFURO;216,9600067;1;ESPERANZA_SUR
03-06-2023;CF3;C159;CAT 793 F;Sulfuro Baja Ley;STOCK_SBL_ESS;ESPERANZA_SUR;CHANCADO-SULFURO;1735,681046;8;ESPERANZA_SUR
03-06-2023;CF3;C160;CAT 793 F;Sulfuro Baja Ley;STOCK_SBL_ESS;ESPERANZA_SUR;CHANCADO-SULFURO;650,8800201;3;ESPERANZA_SUR
03-06-2023;CF3;C161;CAT 793 F;Sulfuro Baja Ley;STOCK_SBL_ESS;ESPERANZA_SUR;CHANCADO-SULFURO;2603,524948;12;ESPERANZA_SUR
03-06-2023;CF3;C162;CAT 793 F;Sulfuro Baja Ley;STOCK_SBL_ESS;ESPERANZA_SUR;CHANCADO-SULFURO;216,9600067;1;ESPERANZA_SUR
03-06-2023;CF3;C19;CAT 797 F;Sulfuro Baja Ley;STOCK_SBL_ESS;ESPERANZA_SUR;CHANCADO-SULFURO;1732,019958;5;ESPERANZA_SUR
03-06-2023;CF3;C20;CAT 797 F;Sulfuro Baja Ley;STOCK_SBL_ESS;ESPERANZA_SUR;CHANCADO-SULFURO;2078,427979;6;ESPERANZA_SUR
03-06-2023;CF3;C21;CAT 797 F;Sulfuro Baja Ley;STOCK_SBL_ESS;ESPERANZA_SUR;CHANCADO-SULFURO;346,4039917;1;ESPERANZA_SUR
03-06-2023;CF3;C36;CAT 797 F;Sulfuro Baja Ley;STOCK_SBL_ESS;ESPERANZA_SUR;CHANCADO-SULFURO;1732,019958;5;ESPERANZA_SUR
03-06-2023;CF3;C44;CAT 797 F;Sulfuro Baja Ley;STOCK_SBL_ESS;ESPERANZA_SUR;CHANCADO-SULFURO;692,8079834;2;ESPERANZA_SUR
03-06-2023;CF4;C980AHSESPS;Kom 980 AHS;Lastre Oxidado;ESS/F03/2200/304;F03 ESPSUR;BOTADERO_2021;10080;28;ESPERANZA_SUR
03-06-2023;CF4;C980AHSESPS;Kom 980 AHS;Lastre Sulfurado;ESS/F02/2120/202;F02 ESPSUR;BOTADERO_2021;1440;4;ESPERANZA_SUR
03-06-2023;CF4;C980AHSESPS;Kom 980 AHS;Lastre Sulfurado;ESS/F02/2136/R200;F02 ESPSUR;BOTADERO_2021;6120;17;ESPERANZA_SUR
03-06-2023;CF4;C980AHSESPS;Kom 980 AHS;Sulfuro Baja Ley;ESS/F02/2120/210;F02 ESPSUR;STOCK_SBL_ESS;1440;4;ESPERANZA_SUR
03-06-2023;PA1;C07;CAT 797 B;Lastre Sulfurado;ESP/F07/2104/706;FASE 7;BOT_2380_INT;346,4039917;1;ESPERANZA
03-06-2023;PA1;C07;CAT 797 B;Lastre Sulfurado;ESP/F07/2104/706;FASE 7;BOT_INT_RB;692,8079834;2;ESPERANZA
03-06-2023;PA1;C08;CAT 797 B;Lastre Oxidado;ESP/F07/2104/703;FASE 7;BOT_2380_INT;1039,209961;3;ESPERANZA
03-06-2023;PA1;C08;CAT 797 B;Lastre Sulfurado;ESP/F07/2104/706;FASE 7;BOT_2380_INT;692,8079834;2;ESPERANZA
03-06-2023;PA1;C09;CAT 797 B;Lastre Oxidado;ESP/F07/2104/703;FASE 7;BOT_2380_INT;346,4039917;1;ESPERANZA
03-06-2023;PA1;C09;CAT 797 B;Lastre Oxidado;ESP/F07/2104/703;FASE 7;BOT_INT_RB;692,8079834;2;ESPERANZA
03-06-2023;PA1;C09;CAT 797 B;Lastre Sulfurado;ESP/F07/2104/706;FASE 7;BOT_2380_INT;692,8079834;2;ESPERANZA
03-06-2023;PA1;C09;CAT 797 B;Lastre Sulfurado;ESP/F07/2104/706;FASE 7;BOT_INT_RB;1039,211975;3;ESPERANZA
03-06-2023;PA1;C10;CAT 797 B;Lastre Oxidado;ESP/F07/2104/703;FASE 7;BOT_2380_INT;346,4039917;1;ESPERANZA
03-06-2023;PA1;C10;CAT 797 B;Lastre Sulfurado;ESP/F07/2104/706;FASE 7;BOT_2380_INT;346,4039917;1;ESPERANZA
03-06-2023;PA1;C11;CAT 797 B;Lastre Oxidado;ESP/F07/2104/703;FASE 7;BOT_2380_INT;346,4039917;1;ESPERANZA
03-06-2023;PA1;C11;CAT 797 B;Lastre Sulfurado;ESP/F07/2104/706;FASE 7;BOT_2380_INT;346,4039917;1;ESPERANZA
03-06-2023;PA1;C12;CAT 797 B;Lastre Sulfurado;ESP/F07/2104/706;FASE 7;BOT_2380_INT;692,8079834;2;ESPERANZA
03-06-2023;PA1;C12;CAT 797 B;Lastre Sulfurado;ESP/F07/2104/706;FASE 7;BOT_INT_RB;692,8079834;2;ESPERANZA
03-06-2023;PA1;C13;CAT 797 B;Lastre Oxidado;ESP/F07/2104/703;FASE 7;BOT_2380_INT;2078,424011;6;ESPERANZA
03-06-2023;PA1;C13;CAT 797 B;Lastre Sulfurado;ESP/F07/2104/706;FASE 7;BOT_2380_INT;346,4039917;1;ESPERANZA
03-06-2023;PA1;C13;CAT 797 B;Lastre Sulfurado;ESP/F07/2104/706;FASE 7;BOT_INT_RB;346,4039917;1;ESPERANZA
03-06-2023;PA1;C14;CAT 797 B;Lastre Oxidado;ESP/F07/2104/703;FASE 7;BOT_2380_INT;692,8079834;2;ESPERANZA
03-06-2023;PA1;C14;CAT 797 B;Lastre Sulfurado;ESP/F07/2104/706;FASE 7;BOT_INT_RB;346,4039917;1;ESPERANZA
03-06-2023;PA1;C15;CAT 797 B;Lastre Oxidado;ESP/F07/2104/703;FASE 7;BOT_2380_INT;346,4039917;1;ESPERANZA
03-06-2023;PA1;C15;CAT 797 B;Lastre Oxidado;ESP/F07/2104/703;FASE 7;BOT_INT_RB;346,4039917;1;ESPERANZA
03-06-2023;PA1;C153;CAT 793 F;Lastre Oxidado;ESP/F07/2104/703;FASE 7;BOT_2380_INT;216,4360046;1;ESPERANZA
03-06-2023;PA1;C16;CAT 797 B;Lastre Oxidado;ESP/F07/2104/703;FASE 7;BOT_2380_INT;1385,619995;4;ESPERANZA
03-06-2023;PA1;C16;CAT 797 B;Lastre Sulfurado;ESP/F07/2104/706;FASE 7;BOT_INT_RB;346,4039917;1;ESPERANZA
03-06-2023;PA1;C17;CAT 797 F;Lastre Oxidado;ESP/F07/2104/703;FASE 7;BOT_2380_INT;692,8079834;2;ESPERANZA
03-06-2023;PA1;C17;CAT 797 F;Lastre Sulfurado;ESP/F07/2104/706;FASE 7;BOT_2380_INT;346,4039917;1;ESPERANZA
03-06-2023;PA1;C17;CAT 797 F;Lastre Sulfurado;ESP/F07/2104/706;FASE 7;BOT_INT_RB;692,8079834;2;ESPERANZA
03-06-2023;PA1;C18;CAT 797 F;Lastre Oxidado;ESP/F07/2104/703;FASE 7;BOT_2380_INT;2078,419922;6;ESPERANZA
03-06-2023;PA1;C18;CAT 797 F;Lastre Sulfurado;ESP/F07/2104/706;FASE 7;BOT_INT_RB;692,8079834;2;ESPERANZA
03-06-2023;PA1;C19;CAT 797 F;Lastre Oxidado;ESP/F07/2104/703;FASE 7;BOT_2380_INT;1039,209961;3;ESPERANZA
03-06-2023;PA1;C19;CAT 797 F;Lastre Oxidado;ESP/F07/2104/703;FASE 7;BOT_INT_RB;346,4039917;1;ESPERANZA
03-06-2023;PA1;C19;CAT 797 F;Lastre Sulfurado;ESP/F07/2104/706;FASE 7;BOT_2380_INT;346,4039917;1;ESPERANZA
03-06-2023;PA1;C19;CAT 797 F;Lastre Sulfurado;ESP/F07/2104/706;FASE 7;BOT_INT_RB;1385,615967;4;ESPERANZA
03-06-2023;PA1;C20;CAT 797 F;Lastre Oxidado;ESP/F07/2104/703;FASE 7;BOT_2380_INT;1385,619995;4;ESPERANZA
03-06-2023;PA1;C20;CAT 797 F;Lastre Sulfurado;ESP/F07/2104/706;FASE 7;BOT_INT_RB;346,4039917;1;ESPERANZA
03-06-2023;PA1;C21;CAT 797 F;Lastre Oxidado;ESP/F07/2104/703;FASE 7;BOT_2380_INT;692,8079834;2;ESPERANZA
03-06-2023;PA1;C21;CAT 797 F;Lastre Sulfurado;ESP/F07/2104/706;FASE 7;BOT_INT_RB;692,8079834;2;ESPERANZA
03-06-2023;PA1;C22;CAT 797 F;Lastre Sulfurado;ESP/F07/2104/706;FASE 7;BOT_2380_INT;346,4039917;1;ESPERANZA
03-06-2023;PA1;C22;CAT 797 F;Lastre Sulfurado;ESP/F07/2104/706;FASE 7;BOT_INT_RB;1732,02002;5;ESPERANZA
03-06-2023;PA1;C24;CAT 797 F;Lastre Oxidado;ESP/F07/2104/703;FASE 7;BOT_2380_INT;346,4039917;1;ESPERANZA
03-06-2023;PA1;C24;CAT 797 F;Lastre Oxidado;ESP/F07/2104/703;FASE 7;BOT_INT_RB;346,4039917;1;ESPERANZA
03-06-2023;PA1;C24;CAT 797 F;Lastre Sulfurado;ESP/F07/2104/706;FASE 7;BOT_INT_RB;1732,02002;5;ESPERANZA
03-06-2023;PA1;C25;CAT 797 F;Lastre Oxidado;ESP/F07/2104/703;FASE 7;BOT_2380_INT;692,8079834;2;ESPERANZA
03-06-2023;PA1;C25;CAT 797 F;Lastre Sulfurado;ESP/F07/2104/706;FASE 7;BOT_INT_RB;1039,209961;3;ESPERANZA
03-06-2023;PA1;C32;CAT 797 F;Lastre Oxidado;ESP/F07/2104/703;FASE 7;BOT_2380_INT;1039,209961;3;ESPERANZA
03-06-2023;PA1;C32;CAT 797 F;Lastre Sulfurado;ESP/F07/2104/706;FASE 7;BOT_2380_INT;692,8079834;2;ESPERANZA
03-06-2023;PA1;C34;CAT 797 F;Lastre Oxidado;ESP/F07/2104/703;FASE 7;BOT_2380_INT;1039,211975;3;ESPERANZA
03-06-2023;PA1;C36;CAT 797 F;Lastre Oxidado;ESP/F07/2104/703;FASE 7;BOT_2380_INT;692,8079834;2;ESPERANZA
03-06-2023;PA1;C36;CAT 797 F;Lastre Sulfurado;ESP/F07/2104/706;FASE 7;BOT_2380_INT;346,4039917;1;ESPERANZA
03-06-2023;PA1;C36;CAT 797 F;Lastre Sulfurado;ESP/F07/2104/706;FASE 7;BOT_INT_RB;346,4039917;1;ESPERANZA
03-06-2023;PA1;C37;CAT 797 F;Lastre Oxidado;ESP/F07/2104/703;FASE 7;BOT_2380_INT;346,4039917;1;ESPERANZA
03-06-2023;PA1;C37;CAT 797 F;Lastre Sulfurado;ESP/F07/2104/706;FASE 7;BOT_2380_INT;692,8079834;2;ESPERANZA
03-06-2023;PA1;C38;CAT 797 F;Lastre Oxidado;ESP/F07/2104/703;FASE 7;BOT_2380_INT;692,8079834;2;ESPERANZA
03-06-2023;PA1;C38;CAT 797 F;Lastre Sulfurado;ESP/F07/2104/706;FASE 7;BOT_2380_INT;346,4039917;1;ESPERANZA
03-06-2023;PA1;C38;CAT 797 F;Lastre Sulfurado;ESP/F07/2104/706;FASE 7;BOT_INT_RB;692,8079834;2;ESPERANZA
03-06-2023;PA1;C39;CAT 797 F;Lastre Oxidado;ESP/F07/2104/703;FASE 7;BOT_2380_INT;1385,619995;4;ESPERANZA
03-06-2023;PA1;C39;CAT 797 F;Lastre Sulfurado;ESP/F07/2104/706;FASE 7;BOT_2380_INT;346,4039917;1;ESPERANZA
03-06-2023;PA1;C39;CAT 797 F;Lastre Sulfurado;ESP/F07/2104/706;FASE 7;BOT_INT_RB;692,8079834;2;ESPERANZA
03-06-2023;PA1;C40;CAT 797 F;Lastre Oxidado;ESP/F07/2104/703;FASE 7;BOT_2380_INT;692,8079834;2;ESPERANZA
03-06-2023;PA1;C40;CAT 797 F;Lastre Sulfurado;ESP/F07/2104/706;FASE 7;BOT_2380_INT;346,4039917;1;ESPERANZA
03-06-2023;PA1;C40;CAT 797 F;Lastre Sulfurado;ESP/F07/2104/706;FASE 7;BOT_INT_RB;692,8079834;2;ESPERANZA
03-06-2023;PA1;C41;CAT 797 F;Lastre Oxidado;ESP/F07/2104/703;FASE 7;BOT_2380_INT;346,4039917;1;ESPERANZA
03-06-2023;PA1;C41;CAT 797 F;Lastre Sulfurado;ESP/F07/2104/706;FASE 7;BOT_2380_INT;1039,209961;3;ESPERANZA
03-06-2023;PA1;C41;CAT 797 F;Lastre Sulfurado;ESP/F07/2104/706;FASE 7;BOT_INT_RB;346,4039917;1;ESPERANZA
03-06-2023;PA1;C42;CAT 797 F;Lastre Oxidado;ESP/F07/2104/703;FASE 7;BOT_2380_INT;1732,02002;5;ESPERANZA
03-06-2023;PA1;C42;CAT 797 F;Lastre Sulfurado;ESP/F07/2104/706;FASE 7;BOT_2380_INT;692,8079834;2;ESPERANZA
03-06-2023;PA1;C42;CAT 797 F;Lastre Sulfurado;ESP/F07/2104/706;FASE 7;BOT_INT_RB;346,4039917;1;ESPERANZA
03-06-2023;PA1;C43;CAT 797 F;Lastre Oxidado;ESP/F07/2104/703;FASE 7;BOT_2380_INT;346,4039917;1;ESPERANZA
03-06-2023;PA1;C43;CAT 797 F;Lastre Sulfurado;ESP/F07/2104/706;FASE 7;BOT_INT_RB;346,4039917;1;ESPERANZA
03-06-2023;PA1;C44;CAT 797 F;Lastre Oxidado;ESP/F07/2104/703;FASE 7;BOT_2380_INT;692,8079834;2;ESPERANZA
03-06-2023;PA1;C44;CAT 797 F;Lastre Sulfurado;ESP/F07/2104/706;FASE 7;BOT_2380_INT;346,4039917;1;ESPERANZA
03-06-2023;PA1;C44;CAT 797 F;Lastre Sulfurado;ESP/F07/2104/706;FASE 7;BOT_INT_RB;692,8079834;2;ESPERANZA
03-06-2023;PA1;C45;CAT 797 F;Lastre Sulfurado;ESP/F07/2104/706;FASE 7;BOT_INT_RB;1039,209961;3;ESPERANZA
03-06-2023;PA1;C46;CAT 797 F;Lastre Sulfurado;ESP/F07/2104/706;FASE 7;BOT_INT_RB;346,4039917;1;ESPERANZA
03-06-2023;PA1;C47;CAT 797 F;Lastre Oxidado;ESP/F07/2104/703;FASE 7;BOT_2380_INT;1039,209961;3;ESPERANZA
03-06-2023;PA1;C48;CAT 797 F;Lastre Oxidado;ESP/F07/2104/703;FASE 7;BOT_2380_INT;692,8079834;2;ESPERANZA
03-06-2023;PA1;C48;CAT 797 F;Lastre Sulfurado;ESP/F07/2104/706;FASE 7;BOT_2380_INT;692,8079834;2;ESPERANZA
03-06-2023;PA1;C48;CAT 797 F;Lastre Sulfurado;ESP/F07/2104/706;FASE 7;BOT_INT_RB;692,8079834;2;ESPERANZA
03-06-2023;PA1;C49;KOM 930 E;Lastre Oxidado;ESP/F07/2104/703;FASE 7;BOT_2380_INT;582;2;ESPERANZA
03-06-2023;PA1;C49;KOM 930 E;Lastre Sulfurado;ESP/F07/2104/706;FASE 7;BOT_2380_INT;291;1;ESPERANZA
03-06-2023;PA1;C49;KOM 930 E;Lastre Sulfurado;ESP/F07/2104/706;FASE 7;BOT_INT_RB;873;3;ESPERANZA
03-06-2023;PA1;C50;KOM 930 E;Lastre Oxidado;ESP/F07/2104/703;FASE 7;BOT_2380_INT;291;1;ESPERANZA
03-06-2023;PA1;C50;KOM 930 E;Lastre Sulfurado;ESP/F07/2104/706;FASE 7;BOT_2380_INT;1164;4;ESPERANZA
03-06-2023;PA1;C50;KOM 930 E;Lastre Sulfurado;ESP/F07/2104/706;FASE 7;BOT_INT_RB;582;2;ESPERANZA
03-06-2023;PA1;C51;KOM 930 E;Lastre Oxidado;ESP/F07/2104/703;FASE 7;BOT_2380_INT;1455;5;ESPERANZA
03-06-2023;PA1;C52;KOM 930 E;Lastre Sulfurado;ESP/F07/2104/706;FASE 7;BOT_2380_INT;291;1;ESPERANZA
03-06-2023;PA1;C52;KOM 930 E;Lastre Sulfurado;ESP/F07/2104/706;FASE 7;BOT_INT_RB;291;1;ESPERANZA
03-06-2023;PA1;C53;KOM 930 E;Lastre Oxidado;ESP/F07/2104/703;FASE 7;BOT_2380_INT;1164;4;ESPERANZA
03-06-2023;PA1;C54;KOM 930 E;Lastre Sulfurado;ESP/F07/2104/706;FASE 7;BOT_INT_RB;873;3;ESPERANZA
03-06-2023;PA1;C55;KOM 930 E;Lastre Oxidado;ESP/F07/2104/703;FASE 7;BOT_2380_INT;1164;4;ESPERANZA
03-06-2023;PA1;C55;KOM 930 E;Lastre Sulfurado;ESP/F07/2104/706;FASE 7;BOT_2380_INT;291;1;ESPERANZA
03-06-2023;PA1;C55;KOM 930 E;Lastre Sulfurado;ESP/F07/2104/706;FASE 7;BOT_INT_RB;873;3;ESPERANZA
03-06-2023;PA1;C56;KOM 930 E;Lastre Oxidado;ESP/F07/2104/703;FASE 7;BOT_2380_INT;291;1;ESPERANZA
03-06-2023;PA1;C56;KOM 930 E;Lastre Sulfurado;ESP/F07/2104/706;FASE 7;BOT_INT_RB;873;3;ESPERANZA
03-06-2023;PA1;C57;KOM 930 E;Lastre Oxidado;ESP/F07/2104/703;FASE 7;BOT_2380_INT;291;1;ESPERANZA
03-06-2023;PA1;C57;KOM 930 E;Lastre Sulfurado;ESP/F07/2104/706;FASE 7;BOT_INT_RB;873;3;ESPERANZA
03-06-2023;PA1;C58;KOM 930 E;Lastre Oxidado;ESP/F07/2104/703;FASE 7;BOT_2380_INT;582;2;ESPERANZA
03-06-2023;PA1;C58;KOM 930 E;Lastre Sulfurado;ESP/F07/2104/706;FASE 7;BOT_2380_INT;291;1;ESPERANZA
03-06-2023;PA1;C58;KOM 930 E;Lastre Sulfurado;ESP/F07/2104/706;FASE 7;BOT_INT_RB;291;1;ESPERANZA
03-06-2023;PA1;C59;KOM 930 E;Lastre Oxidado;ESP/F07/2104/703;FASE 7;BOT_2380_INT;291;1;ESPERANZA
03-06-2023;PA1;C59;KOM 930 E;Lastre Sulfurado;ESP/F07/2104/706;FASE 7;BOT_2380_INT;1164;4;ESPERANZA
03-06-2023;PA1;C60;KOM 930 E;Lastre Sulfurado;ESP/F07/2104/706;FASE 7;BOT_INT_RB;873;3;ESPERANZA
03-06-2023;PA1;C61;KOM 930 E;Lastre Sulfurado;ESP/F07/2104/706;FASE 7;BOT_2380_INT;291;1;ESPERANZA
03-06-2023;PA1;C61;KOM 930 E;Lastre Sulfurado;ESP/F07/2104/706;FASE 7;BOT_INT_RB;291;1;ESPERANZA
03-06-2023;PA10;C980AHSESPS;Kom 980 AHS;Lastre Oxidado;ESS/F03/2216/3230;F03 ESPSUR;BOTADERO_2021;4680;13;ESPERANZA_SUR
03-06-2023;PA10;C980AHSESPS;Kom 980 AHS;Lastre Oxidado;ESS/F03/2216/3231;F03 ESPSUR;BOTADERO_2021;47520;132;ESPERANZA_SUR
03-06-2023;PA11;C20115ESPS;KOM 980 ESPS;Sulfuro Baja Ley;ESS/F02/2120/213;F02 ESPSUR;CHANCADO-SULFURO;30240;84;ESPERANZA_SUR
03-06-2023;PA11;C20115ESPS;KOM 980 ESPS;Sulfuro de Media;ESS/F02/2120/213;F02 ESPSUR;CHANCADO-SULFURO;18720;52;ESPERANZA_SUR
03-06-2023;PA11;C980AHSESPS;Kom 980 AHS;Sulfuro Baja Ley;ESS/F02/2120/213;F02 ESPSUR;STOCK_SBL_ESS;11880;33;ESPERANZA_SUR
03-06-2023;PA11;C980AHSESPS;Kom 980 AHS;Sulfuro de Media;ESS/F02/2120/213;F02 ESPSUR;STOCK_SME_ESS;8280;23;ESPERANZA_SUR
03-06-2023;PA211;C07;CAT 797 B;Lastre Oxidado;ESP/F10/2296/1031;FASE 10;BOT_INT_RB;346,4039917;1;ESPERANZA
03-06-2023;PA211;C10;CAT 797 B;Lastre Oxidado;ESP/F10/2296/1031;FASE 10;BOT_RAMPA_SUPERIOR;346,4039917;1;ESPERANZA
03-06-2023;PA211;C121;CAT 793 C;Lastre Oxidado;ESP/F10/2296/1031;FASE 10;BOT_RAMPA_SUPERIOR;5194,478912;24;ESPERANZA
03-06-2023;PA211;C122;CAT 793 C;Lastre Oxidado;ESP/F10/2296/1031;FASE 10;BOT_RAMPA_SUPERIOR;1947,932068;9;ESPERANZA
03-06-2023;PA211;C123;CAT 793 C;Lastre Oxidado;ESP/F10/2296/1031;FASE 10;BOT_RAMPA_SUPERIOR;1731,48999;8;ESPERANZA
03-06-2023;PA211;C125;CAT 793 C;Lastre Oxidado;ESP/F10/2296/1031;FASE 10;BOT_CENTRAL_SUR;216,4360046;1;ESPERANZA
03-06-2023;PA211;C125;CAT 793 C;Lastre Oxidado;ESP/F10/2296/1031;FASE 10;BOT_RAMPA_SUPERIOR;5194,471893;24;ESPERANZA
03-06-2023;PA211;C128;CAT 793 C;Lastre Oxidado;ESP/F10/2296/1031;FASE 10;BOT_CENTRAL_SUR;216,4360046;1;ESPERANZA
03-06-2023;PA211;C128;CAT 793 C;Lastre Oxidado;ESP/F10/2296/1031;FASE 10;BOT_RAMPA_SUPERIOR;5410,910034;25;ESPERANZA
03-06-2023;PA211;C129;CAT 793 C;Lastre Oxidado;ESP/F10/2296/1031;FASE 10;BOT_RAMPA_SUPERIOR;3679,421967;17;ESPERANZA
03-06-2023;PA211;C130;CAT 793 C;Lastre Oxidado;ESP/F10/2296/1031;FASE 10;BOT_CENTRAL_SUR_SUP;216,4360046;1;ESPERANZA
03-06-2023;PA211;C130;CAT 793 C;Lastre Oxidado;ESP/F10/2296/1031;FASE 10;BOT_RAMPA_SUPERIOR;432,8729858;2;ESPERANZA
03-06-2023;PA211;C131;CAT 793 C;Lastre Oxidado;ESP/F10/2296/1031;FASE 10;BOT_RAMPA_SUPERIOR;649,309021;3;ESPERANZA
03-06-2023;PA211;C132;CAT 793 C;Lastre Oxidado;ESP/F10/2296/1031;FASE 10;BOT_RAMPA_SUPERIOR;4978,036011;23;ESPERANZA
03-06-2023;PA211;C134;CAT 793 C;Lastre Oxidado;ESP/F10/2296/1031;FASE 10;BOT_RAMPA_SUPERIOR;649,309021;3;ESPERANZA
03-06-2023;PA211;C135;CAT 793 C;Lastre Oxidado;ESP/F10/2296/1031;FASE 10;BOT_CENTRAL_SUR_SUP;216,4360046;1;ESPERANZA
03-06-2023;PA211;C135;CAT 793 C;Lastre Oxidado;ESP/F10/2296/1031;FASE 10;BOT_RAMPA_SUPERIOR;3679,419922;17;ESPERANZA
03-06-2023;PA211;C151;CAT 793 F;Lastre Oxidado;ESP/F10/2296/1031;FASE 10;BOT_RAMPA_SUPERIOR;2164,36908;10;ESPERANZA
03-06-2023;PA211;C152;CAT 793 F;Lastre Oxidado;ESP/F10/2296/1031;FASE 10;BOT_RAMPA_SUPERIOR;649,3080139;3;ESPERANZA
03-06-2023;PA211;C153;CAT 793 F;Lastre Oxidado;ESP/F10/2296/1031;FASE 10;BOT_RAMPA_SUPERIOR;216,4360046;1;ESPERANZA
03-06-2023;PA211;C154;CAT 793 F;Lastre Oxidado;ESP/F10/2296/1031;FASE 10;BOT_RAMPA_SUPERIOR;2380,801971;11;ESPERANZA
03-06-2023;PA211;C155;CAT 793 F;Lastre Oxidado;ESP/F10/2296/1031;FASE 10;BOT_RAMPA_SUPERIOR;865,7459717;4;ESPERANZA
03-06-2023;PA211;C156;CAT 793 F;Lastre Oxidado;ESP/F10/2296/1031;FASE 10;BOT_RAMPA_SUPERIOR;1082,182007;5;ESPERANZA
03-06-2023;PA211;C159;CAT 793 F;Lastre Oxidado;ESP/F10/2296/1031;FASE 10;BOT_RAMPA_SUPERIOR;865,7450256;4;ESPERANZA
03-06-2023;PA211;C160;CAT 793 F;Lastre Oxidado;ESP/F10/2296/1031;FASE 10;BOT_CENTRAL_SUR;216,4360046;1;ESPERANZA
03-06-2023;PA211;C160;CAT 793 F;Lastre Oxidado;ESP/F10/2296/1031;FASE 10;BOT_RAMPA_SUPERIOR;1731,496063;8;ESPERANZA
03-06-2023;PA211;C161;CAT 793 F;Lastre Oxidado;ESP/F10/2296/1031;FASE 10;BOT_RAMPA_SUPERIOR;649,309021;3;ESPERANZA
03-06-2023;PA211;C164;CAT 793 F;Lastre Oxidado;ESP/F10/2296/1031;FASE 10;BOT_RAMPA_SUPERIOR;1515,054993;7;ESPERANZA
03-06-2023;PA211;C21;CAT 797 F;Lastre Oxidado;ESP/F10/2296/1031;FASE 10;BOT_RAMPA_SUPERIOR;346,4039917;1;ESPERANZA
03-06-2023;PA211;C22;CAT 797 F;Lastre Oxidado;ESP/F10/2296/1031;FASE 10;BOT_RAMPA_SUPERIOR;1732,023987;5;ESPERANZA
03-06-2023;PA211;C34;CAT 797 F;Lastre Oxidado;ESP/F10/2296/1031;FASE 10;BOT_RAMPA_SUPERIOR;346,4039917;1;ESPERANZA
03-06-2023;PA211;C36;CAT 797 F;Lastre Oxidado;ESP/F10/2296/1031;FASE 10;BOT_RAMPA_SUPERIOR;346,4039917;1;ESPERANZA
03-06-2023;PA211;C49;KOM 930 E;Lastre Oxidado;ESP/F10/2296/1031;FASE 10;BOT_RAMPA_SUPERIOR;1164;4;ESPERANZA
03-06-2023;PA211;C50;KOM 930 E;Lastre Oxidado;ESP/F10/2296/1031;FASE 10;BOT_RAMPA_SUPERIOR;3201;11;ESPERANZA
03-06-2023;PA211;C52;KOM 930 E;Lastre Oxidado;ESP/F10/2296/1031;FASE 10;BOT_RAMPA_SUPERIOR;3783;13;ESPERANZA
03-06-2023;PA211;C54;KOM 930 E;Lastre Oxidado;ESP/F10/2296/1031;FASE 10;BOT_RAMPA_SUPERIOR;4365;15;ESPERANZA
03-06-2023;PA211;C55;KOM 930 E;Lastre Oxidado;ESP/F10/2296/1031;FASE 10;BOT_RAMPA_SUPERIOR;1455;5;ESPERANZA
03-06-2023;PA211;C56;KOM 930 E;Lastre Oxidado;ESP/F10/2296/1031;FASE 10;BOT_RAMPA_SUPERIOR;2619;9;ESPERANZA
03-06-2023;PA211;C57;KOM 930 E;Lastre Oxidado;ESP/F10/2296/1031;FASE 10;BOT_RAMPA_SUPERIOR;2328;8;ESPERANZA
03-06-2023;PA211;C58;KOM 930 E;Lastre Oxidado;ESP/F10/2296/1031;FASE 10;BOT_RAMPA_SUPERIOR;873;3;ESPERANZA
03-06-2023;PA211;C59;KOM 930 E;Lastre Oxidado;ESP/F10/2296/1031;FASE 10;BOT_RAMPA_SUPERIOR;1455;5;ESPERANZA
03-06-2023;PA211;C60;KOM 930 E;Lastre Oxidado;ESP/F10/2296/1031;FASE 10;BOT_RAMPA_SUPERIOR;582;2;ESPERANZA
03-06-2023;PA211;C61;KOM 930 E;Lastre Oxidado;ESP/F10/2296/1031;FASE 10;BOT_RAMPA_SUPERIOR;873;3;ESPERANZA
03-06-2023;PA26;C07;CAT 797 B;Lastre Oxidado;ESP/F07/2120/705;FASE 7;BOT_2380_INT;346,4039917;1;ESPERANZA
03-06-2023;PA26;C07;CAT 797 B;Lastre Oxidado;ESP/F07/2120/705;FASE 7;BOT_INT_RB;692,8079834;2;ESPERANZA
03-06-2023;PA26;C08;CAT 797 B;Lastre Oxidado;ESP/F07/2120/705;FASE 7;BOT_INT_RB;692,8079834;2;ESPERANZA
03-06-2023;PA26;C10;CAT 797 B;Lastre Oxidado;ESP/F07/2120/705;FASE 7;BOT_INT_RB;692,8079834;2;ESPERANZA
03-06-2023;PA26;C10;CAT 797 B;Lastre Sulfurado;ESP/F07/2120/7170;FASE 7;BOT_INT_RB;346,4039917;1;ESPERANZA
03-06-2023;PA26;C11;CAT 797 B;Lastre Oxidado;ESP/F07/2120/705;FASE 7;BOT_INT_RB;346,4039917;1;ESPERANZA
03-06-2023;PA26;C12;CAT 797 B;Lastre Sulfurado;ESP/F07/2120/7170;FASE 7;BOT_INT_RB;346,4039917;1;ESPERANZA
03-06-2023;PA26;C13;CAT 797 B;Lastre Oxidado;ESP/F07/2120/705;FASE 7;BOT_INT_RB;692,8079834;2;ESPERANZA
03-06-2023;PA26;C17;CAT 797 F;Lastre Oxidado;ESP/F07/2120/705;FASE 7;BOT_INT_RB;346,4039917;1;ESPERANZA
03-06-2023;PA26;C17;CAT 797 F;Lastre Sulfurado;ESP/F07/2120/7170;FASE 7;BOT_INT_RB;346,4039917;1;ESPERANZA
03-06-2023;PA26;C19;CAT 797 F;Lastre Oxidado;ESP/F07/2120/705;FASE 7;BOT_INT_RB;692,8079834;2;ESPERANZA
03-06-2023;PA26;C19;CAT 797 F;Lastre Sulfurado;ESP/F07/2120/7170;FASE 7;BOT_INT_RB;346,4039917;1;ESPERANZA
03-06-2023;PA26;C20;CAT 797 F;Lastre Sulfurado;ESP/F07/2120/7170;FASE 7;BOT_INT_RB;346,4039917;1;ESPERANZA
03-06-2023;PA26;C21;CAT 797 F;Lastre Sulfurado;ESP/F07/2120/7170;FASE 7;BOT_INT_RB;346,4039917;1;ESPERANZA
03-06-2023;PA26;C24;CAT 797 F;Lastre Oxidado;ESP/F07/2120/705;FASE 7;BOT_INT_RB;346,4039917;1;ESPERANZA
03-06-2023;PA26;C36;CAT 797 F;Lastre Oxidado;ESP/F07/2120/705;FASE 7;BOT_INT_RB;692,8079834;2;ESPERANZA
03-06-2023;PA26;C37;CAT 797 F;Lastre Oxidado;ESP/F07/2120/705;FASE 7;BOT_INT_RB;346,4039917;1;ESPERANZA
03-06-2023;PA26;C38;CAT 797 F;Lastre Oxidado;ESP/F07/2120/705;FASE 7;BOT_INT_RB;692,8079834;2;ESPERANZA
03-06-2023;PA26;C40;CAT 797 F;Lastre Oxidado;ESP/F07/2120/705;FASE 7;BOT_INT_RB;692,8079834;2;ESPERANZA
03-06-2023;PA26;C42;CAT 797 F;Lastre Oxidado;ESP/F07/2120/705;FASE 7;BOT_INT_RB;346,4039917;1;ESPERANZA
03-06-2023;PA26;C44;CAT 797 F;Lastre Oxidado;ESP/F07/2120/705;FASE 7;BOT_2380_INT;346,4039917;1;ESPERANZA
03-06-2023;PA26;C44;CAT 797 F;Lastre Oxidado;ESP/F07/2120/705;FASE 7;BOT_INT_RB;346,4039917;1;ESPERANZA
03-06-2023;PA26;C45;CAT 797 F;Lastre Oxidado;ESP/F07/2120/705;FASE 7;BOT_INT_RB;346,4039917;1;ESPERANZA
03-06-2023;PA26;C46;CAT 797 F;Lastre Oxidado;ESP/F07/2120/705;FASE 7;BOT_INT_RB;692,8079834;2;ESPERANZA
03-06-2023;PA26;C48;CAT 797 F;Lastre Oxidado;ESP/F07/2120/705;FASE 7;BOT_INT_RB;692,8079834;2;ESPERANZA
03-06-2023;PA26;C51;KOM 930 E;Lastre Oxidado;ESP/F07/2120/705;FASE 7;BOT_INT_RB;582;2;ESPERANZA
03-06-2023;PA26;C52;KOM 930 E;Lastre Oxidado;ESP/F07/2120/705;FASE 7;BOT_INT_RB;291;1;ESPERANZA
03-06-2023;PA26;C52;KOM 930 E;Lastre Sulfurado;ESP/F07/2120/7170;FASE 7;BOT_2380_INT;291;1;ESPERANZA
03-06-2023;PA26;C53;KOM 930 E;Lastre Sulfurado;ESP/F07/2120/7170;FASE 7;BOT_INT_RB;291;1;ESPERANZA
03-06-2023;PA26;C55;KOM 930 E;Lastre Oxidado;ESP/F07/2120/705;FASE 7;BOT_INT_RB;291;1;ESPERANZA
03-06-2023;PA26;C56;KOM 930 E;Lastre Oxidado;ESP/F07/2120/705;FASE 7;BOT_INT_RB;291;1;ESPERANZA
03-06-2023;PA3;C07;CAT 797 B;Lastre Oxidado;ESP/F07/2120/715;FASE 7;BOT_2380_INT;692,8079834;2;ESPERANZA
03-06-2023;PA3;C07;CAT 797 B;Lastre Oxidado;ESP/F07/2120/715;FASE 7;BOT_INT_RB;1385,613953;4;ESPERANZA
03-06-2023;PA3;C07;CAT 797 B;Lastre Oxidado;ESP/F07/2120/729;FASE 7;BOT_2380_INT;1039,209961;3;ESPERANZA
03-06-2023;PA3;C08;CAT 797 B;Lastre Oxidado;ESP/F07/2120/715;FASE 7;BOT_2380_INT;692,8079834;2;ESPERANZA
03-06-2023;PA3;C08;CAT 797 B;Lastre Oxidado;ESP/F07/2120/715;FASE 7;BOT_INT_RB;692,8079834;2;ESPERANZA
03-06-2023;PA3;C08;CAT 797 B;Lastre Oxidado;ESP/F07/2120/729;FASE 7;BOT_2380_INT;1039,209961;3;ESPERANZA
03-06-2023;PA3;C09;CAT 797 B;Lastre Oxidado;ESP/F07/2120/715;FASE 7;BOT_2380_INT;1039,211975;3;ESPERANZA
03-06-2023;PA3;C09;CAT 797 B;Lastre Oxidado;ESP/F07/2120/715;FASE 7;BOT_INT_RB;2424,828003;7;ESPERANZA
03-06-2023;PA3;C09;CAT 797 B;Lastre Oxidado;ESP/F07/2120/729;FASE 7;BOT_2380_INT;692,8079834;2;ESPERANZA
03-06-2023;PA3;C10;CAT 797 B;Lastre Oxidado;ESP/F07/2120/715;FASE 7;BOT_2380_INT;692,8079834;2;ESPERANZA
03-06-2023;PA3;C10;CAT 797 B;Lastre Oxidado;ESP/F07/2120/715;FASE 7;BOT_INT_RB;692,8079834;2;ESPERANZA
03-06-2023;PA3;C10;CAT 797 B;Lastre Oxidado;ESP/F07/2120/729;FASE 7;BOT_2380_INT;1385,613953;4;ESPERANZA
03-06-2023;PA3;C11;CAT 797 B;Lastre Oxidado;ESP/F07/2120/715;FASE 7;BOT_2380_INT;346,4039917;1;ESPERANZA
03-06-2023;PA3;C11;CAT 797 B;Lastre Oxidado;ESP/F07/2120/715;FASE 7;BOT_INT_RB;1732,017944;5;ESPERANZA
03-06-2023;PA3;C11;CAT 797 B;Lastre Oxidado;ESP/F07/2120/729;FASE 7;BOT_2380_INT;1039,211975;3;ESPERANZA
03-06-2023;PA3;C12;CAT 797 B;Lastre Oxidado;ESP/F07/2120/715;FASE 7;BOT_2380_INT;1039,211975;3;ESPERANZA
03-06-2023;PA3;C12;CAT 797 B;Lastre Oxidado;ESP/F07/2120/715;FASE 7;BOT_INT_RB;1732,017944;5;ESPERANZA
03-06-2023;PA3;C12;CAT 797 B;Lastre Oxidado;ESP/F07/2120/729;FASE 7;BOT_2380_INT;1039,209961;3;ESPERANZA
03-06-2023;PA3;C12;CAT 797 B;Lastre Oxidado;ESP/F07/2120/729;FASE 7;BOT_INT_RB;346,4039917;1;ESPERANZA
03-06-2023;PA3;C13;CAT 797 B;Lastre Oxidado;ESP/F07/2120/715;FASE 7;BOT_2380_INT;346,4039917;1;ESPERANZA
03-06-2023;PA3;C13;CAT 797 B;Lastre Oxidado;ESP/F07/2120/715;FASE 7;BOT_INT_RB;1039,209961;3;ESPERANZA
03-06-2023;PA3;C13;CAT 797 B;Lastre Oxidado;ESP/F07/2120/729;FASE 7;BOT_2380_INT;1385,613953;4;ESPERANZA
03-06-2023;PA3;C14;CAT 797 B;Lastre Oxidado;ESP/F07/2120/715;FASE 7;BOT_2380_INT;1385,613953;4;ESPERANZA
03-06-2023;PA3;C14;CAT 797 B;Lastre Oxidado;ESP/F07/2120/729;FASE 7;BOT_2380_INT;2078,419922;6;ESPERANZA
03-06-2023;PA3;C16;CAT 797 B;Lastre Oxidado;ESP/F07/2120/715;FASE 7;BOT_2380_INT;1039,211975;3;ESPERANZA
03-06-2023;PA3;C16;CAT 797 B;Lastre Oxidado;ESP/F07/2120/715;FASE 7;BOT_INT_RB;1732,02002;5;ESPERANZA
03-06-2023;PA3;C16;CAT 797 B;Lastre Oxidado;ESP/F07/2120/729;FASE 7;BOT_2380_INT;1039,209961;3;ESPERANZA
03-06-2023;PA3;C16;CAT 797 B;Lastre Oxidado;ESP/F07/2120/729;FASE 7;BOT_INT_RB;692,8079834;2;ESPERANZA
03-06-2023;PA3;C17;CAT 797 F;Lastre Oxidado;ESP/F07/2120/715;FASE 7;BOT_2380_INT;692,8079834;2;ESPERANZA
03-06-2023;PA3;C17;CAT 797 F;Lastre Oxidado;ESP/F07/2120/715;FASE 7;BOT_INT_RB;692,8079834;2;ESPERANZA
03-06-2023;PA3;C17;CAT 797 F;Lastre Oxidado;ESP/F07/2120/729;FASE 7;BOT_2380_INT;346,4039917;1;ESPERANZA
03-06-2023;PA3;C17;CAT 797 F;Lastre Oxidado;ESP/F07/2120/729;FASE 7;BOT_INT_RB;346,4039917;1;ESPERANZA
03-06-2023;PA3;C18;CAT 797 F;Lastre Oxidado;ESP/F07/2120/715;FASE 7;BOT_2380_INT;692,8079834;2;ESPERANZA
03-06-2023;PA3;C18;CAT 797 F;Lastre Oxidado;ESP/F07/2120/715;FASE 7;BOT_INT_RB;1385,613953;4;ESPERANZA
03-06-2023;PA3;C18;CAT 797 F;Lastre Oxidado;ESP/F07/2120/729;FASE 7;BOT_2380_INT;2078,424011;6;ESPERANZA
03-06-2023;PA3;C19;CAT 797 F;Lastre Oxidado;ESP/F07/2120/715;FASE 7;BOT_2380_INT;346,4039917;1;ESPERANZA
03-06-2023;PA3;C19;CAT 797 F;Lastre Oxidado;ESP/F07/2120/715;FASE 7;BOT_INT_RB;346,4039917;1;ESPERANZA
03-06-2023;PA3;C19;CAT 797 F;Lastre Oxidado;ESP/F07/2120/729;FASE 7;BOT_2380_INT;346,4039917;1;ESPERANZA
03-06-2023;PA3;C20;CAT 797 F;Lastre Oxidado;ESP/F07/2120/715;FASE 7;BOT_INT_RB;1039,209961;3;ESPERANZA
03-06-2023;PA3;C20;CAT 797 F;Lastre Oxidado;ESP/F07/2120/729;FASE 7;BOT_2380_INT;692,8079834;2;ESPERANZA
03-06-2023;PA3;C20;CAT 797 F;Lastre Oxidado;ESP/F07/2120/729;FASE 7;BOT_INT_RB;1732,017944;5;ESPERANZA
03-06-2023;PA3;C21;CAT 797 F;Lastre Oxidado;ESP/F07/2120/715;FASE 7;BOT_2380_INT;1732,017944;5;ESPERANZA
03-06-2023;PA3;C21;CAT 797 F;Lastre Oxidado;ESP/F07/2120/729;FASE 7;BOT_2380_INT;1385,615967;4;ESPERANZA
03-06-2023;PA3;C22;CAT 797 F;Lastre Oxidado;ESP/F07/2120/715;FASE 7;BOT_2380_INT;346,4039917;1;ESPERANZA
03-06-2023;PA3;C22;CAT 797 F;Lastre Oxidado;ESP/F07/2120/729;FASE 7;BOT_2380_INT;692,8079834;2;ESPERANZA
03-06-2023;PA3;C24;CAT 797 F;Lastre Oxidado;ESP/F07/2120/715;FASE 7;BOT_INT_RB;346,4039917;1;ESPERANZA
03-06-2023;PA3;C24;CAT 797 F;Lastre Oxidado;ESP/F07/2120/729;FASE 7;BOT_2380_INT;2078,419922;6;ESPERANZA
03-06-2023;PA3;C25;CAT 797 F;Lastre Oxidado;ESP/F07/2120/715;FASE 7;BOT_2380_INT;692,8079834;2;ESPERANZA
03-06-2023;PA3;C25;CAT 797 F;Lastre Oxidado;ESP/F07/2120/715;FASE 7;BOT_INT_RB;1039,209961;3;ESPERANZA
03-06-2023;PA3;C25;CAT 797 F;Lastre Oxidado;ESP/F07/2120/729;FASE 7;BOT_2380_INT;692,8079834;2;ESPERANZA
03-06-2023;PA3;C25;CAT 797 F;Lastre Oxidado;ESP/F07/2120/729;FASE 7;BOT_INT_RB;1039,209961;3;ESPERANZA
03-06-2023;PA3;C32;CAT 797 F;Lastre Oxidado;ESP/F07/2120/715;FASE 7;BOT_2380_INT;1039,211975;3;ESPERANZA
03-06-2023;PA3;C32;CAT 797 F;Lastre Oxidado;ESP/F07/2120/715;FASE 7;BOT_INT_RB;692,8079834;2;ESPERANZA
03-06-2023;PA3;C32;CAT 797 F;Lastre Oxidado;ESP/F07/2120/729;FASE 7;BOT_2380_INT;1732,02002;5;ESPERANZA
03-06-2023;PA3;C34;CAT 797 F;Lastre Oxidado;ESP/F07/2120/715;FASE 7;BOT_INT_RB;1039,209961;3;ESPERANZA
03-06-2023;PA3;C36;CAT 797 F;Lastre Oxidado;ESP/F07/2120/715;FASE 7;BOT_2380_INT;346,4039917;1;ESPERANZA
03-06-2023;PA3;C36;CAT 797 F;Lastre Oxidado;ESP/F07/2120/715;FASE 7;BOT_INT_RB;346,4039917;1;ESPERANZA
03-06-2023;PA3;C36;CAT 797 F;Lastre Oxidado;ESP/F07/2120/729;FASE 7;BOT_2380_INT;1039,209961;3;ESPERANZA
03-06-2023;PA3;C37;CAT 797 F;Lastre Oxidado;ESP/F07/2120/715;FASE 7;BOT_INT_RB;692,8079834;2;ESPERANZA
03-06-2023;PA3;C37;CAT 797 F;Lastre Oxidado;ESP/F07/2120/729;FASE 7;BOT_2380_INT;1385,619995;4;ESPERANZA
03-06-2023;PA3;C38;CAT 797 F;Lastre Oxidado;ESP/F07/2120/715;FASE 7;BOT_2380_INT;692,8079834;2;ESPERANZA
03-06-2023;PA3;C38;CAT 797 F;Lastre Oxidado;ESP/F07/2120/715;FASE 7;BOT_INT_RB;346,4039917;1;ESPERANZA
03-06-2023;PA3;C38;CAT 797 F;Lastre Oxidado;ESP/F07/2120/729;FASE 7;BOT_2380_INT;346,4039917;1;ESPERANZA
03-06-2023;PA3;C39;CAT 797 F;Lastre Oxidado;ESP/F07/2120/715;FASE 7;BOT_2380_INT;1039,211975;3;ESPERANZA
03-06-2023;PA3;C39;CAT 797 F;Lastre Oxidado;ESP/F07/2120/715;FASE 7;BOT_INT_RB;1385,615967;4;ESPERANZA
03-06-2023;PA3;C39;CAT 797 F;Lastre Oxidado;ESP/F07/2120/729;FASE 7;BOT_2380_INT;2078,419922;6;ESPERANZA
03-06-2023;PA3;C40;CAT 797 F;Lastre Oxidado;ESP/F07/2120/715;FASE 7;BOT_2380_INT;692,8079834;2;ESPERANZA
03-06-2023;PA3;C40;CAT 797 F;Lastre Oxidado;ESP/F07/2120/715;FASE 7;BOT_INT_RB;346,4039917;1;ESPERANZA
03-06-2023;PA3;C40;CAT 797 F;Lastre Oxidado;ESP/F07/2120/729;FASE 7;BOT_2380_INT;1732,02002;5;ESPERANZA
03-06-2023;PA3;C42;CAT 797 F;Lastre Oxidado;ESP/F07/2120/715;FASE 7;BOT_2380_INT;346,4039917;1;ESPERANZA
03-06-2023;PA3;C42;CAT 797 F;Lastre Oxidado;ESP/F07/2120/715;FASE 7;BOT_INT_RB;692,8079834;2;ESPERANZA
03-06-2023;PA3;C42;CAT 797 F;Lastre Oxidado;ESP/F07/2120/729;FASE 7;BOT_2380_INT;1039,209961;3;ESPERANZA
03-06-2023;PA3;C43;CAT 797 F;Lastre Oxidado;ESP/F07/2120/715;FASE 7;BOT_INT_RB;1732,023987;5;ESPERANZA
03-06-2023;PA3;C43;CAT 797 F;Lastre Oxidado;ESP/F07/2120/729;FASE 7;BOT_2380_INT;1039,209961;3;ESPERANZA
03-06-2023;PA3;C44;CAT 797 F;Lastre Oxidado;ESP/F07/2120/715;FASE 7;BOT_2380_INT;692,8079834;2;ESPERANZA
03-06-2023;PA3;C44;CAT 797 F;Lastre Oxidado;ESP/F07/2120/715;FASE 7;BOT_INT_RB;1385,615967;4;ESPERANZA
03-06-2023;PA3;C44;CAT 797 F;Lastre Oxidado;ESP/F07/2120/729;FASE 7;BOT_2380_INT;1385,619995;4;ESPERANZA
03-06-2023;PA3;C45;CAT 797 F;Lastre Oxidado;ESP/F07/2120/715;FASE 7;BOT_2380_INT;1039,209961;3;ESPERANZA
03-06-2023;PA3;C45;CAT 797 F;Lastre Oxidado;ESP/F07/2120/729;FASE 7;BOT_2380_INT;2078,427979;6;ESPERANZA
03-06-2023;PA3;C45;CAT 797 F;Lastre Oxidado;ESP/F07/2120/729;FASE 7;BOT_INT_RB;346,4039917;1;ESPERANZA
03-06-2023;PA3;C46;CAT 797 F;Lastre Oxidado;ESP/F07/2120/715;FASE 7;BOT_2380_INT;346,4039917;1;ESPERANZA
03-06-2023;PA3;C46;CAT 797 F;Lastre Oxidado;ESP/F07/2120/729;FASE 7;BOT_2380_INT;1385,613953;4;ESPERANZA
03-06-2023;PA3;C47;CAT 797 F;Lastre Oxidado;ESP/F07/2120/715;FASE 7;BOT_2380_INT;692,8079834;2;ESPERANZA
03-06-2023;PA3;C47;CAT 797 F;Lastre Oxidado;ESP/F07/2120/715;FASE 7;BOT_INT_RB;1385,615967;4;ESPERANZA
03-06-2023;PA3;C47;CAT 797 F;Lastre Oxidado;ESP/F07/2120/729;FASE 7;BOT_2380_INT;1385,615967;4;ESPERANZA
03-06-2023;PA3;C48;CAT 797 F;Lastre Oxidado;ESP/F07/2120/715;FASE 7;BOT_2380_INT;692,8079834;2;ESPERANZA
03-06-2023;PA3;C48;CAT 797 F;Lastre Oxidado;ESP/F07/2120/715;FASE 7;BOT_INT_RB;346,4039917;1;ESPERANZA
03-06-2023;PA3;C48;CAT 797 F;Lastre Oxidado;ESP/F07/2120/729;FASE 7;BOT_2380_INT;1039,211975;3;ESPERANZA
03-06-2023;PA3;C49;KOM 930 E;Lastre Oxidado;ESP/F07/2120/715;FASE 7;BOT_INT_RB;582;2;ESPERANZA
03-06-2023;PA3;C49;KOM 930 E;Lastre Oxidado;ESP/F07/2120/729;FASE 7;BOT_2380_INT;1455;5;ESPERANZA
03-06-2023;PA3;C50;KOM 930 E;Lastre Oxidado;ESP/F07/2120/715;FASE 7;BOT_2380_INT;582;2;ESPERANZA
03-06-2023;PA3;C50;KOM 930 E;Lastre Oxidado;ESP/F07/2120/729;FASE 7;BOT_2380_INT;291;1;ESPERANZA
03-06-2023;PA3;C50;KOM 930 E;Lastre Oxidado;ESP/F07/2120/729;FASE 7;BOT_INT_RB;291;1;ESPERANZA
03-06-2023;PA3;C51;KOM 930 E;Lastre Oxidado;ESP/F07/2120/715;FASE 7;BOT_INT_RB;873;3;ESPERANZA
03-06-2023;PA3;C51;KOM 930 E;Lastre Oxidado;ESP/F07/2120/729;FASE 7;BOT_2380_INT;873;3;ESPERANZA
03-06-2023;PA3;C51;KOM 930 E;Lastre Oxidado;ESP/F07/2120/729;FASE 7;BOT_INT_RB;291;1;ESPERANZA
03-06-2023;PA3;C52;KOM 930 E;Lastre Oxidado;ESP/F07/2120/715;FASE 7;BOT_INT_RB;291;1;ESPERANZA
03-06-2023;PA3;C52;KOM 930 E;Lastre Oxidado;ESP/F07/2120/729;FASE 7;BOT_2380_INT;873;3;ESPERANZA
03-06-2023;PA3;C53;KOM 930 E;Lastre Oxidado;ESP/F07/2120/715;FASE 7;BOT_INT_RB;873;3;ESPERANZA
03-06-2023;PA3;C54;KOM 930 E;Lastre Oxidado;ESP/F07/2120/715;FASE 7;BOT_2380_INT;582;2;ESPERANZA
03-06-2023;PA3;C54;KOM 930 E;Lastre Oxidado;ESP/F07/2120/729;FASE 7;BOT_2380_INT;582;2;ESPERANZA
03-06-2023;PA3;C55;KOM 930 E;Lastre Oxidado;ESP/F07/2120/715;FASE 7;BOT_2380_INT;291;1;ESPERANZA
03-06-2023;PA3;C55;KOM 930 E;Lastre Oxidado;ESP/F07/2120/715;FASE 7;BOT_INT_RB;291;1;ESPERANZA
03-06-2023;PA3;C55;KOM 930 E;Lastre Oxidado;ESP/F07/2120/729;FASE 7;BOT_2380_INT;1164;4;ESPERANZA
03-06-2023;PA3;C56;KOM 930 E;Lastre Oxidado;ESP/F07/2120/715;FASE 7;BOT_2380_INT;873;3;ESPERANZA
03-06-2023;PA3;C56;KOM 930 E;Lastre Oxidado;ESP/F07/2120/715;FASE 7;BOT_INT_RB;582;2;ESPERANZA
03-06-2023;PA3;C56;KOM 930 E;Lastre Oxidado;ESP/F07/2120/729;FASE 7;BOT_INT_RB;291;1;ESPERANZA
03-06-2023;PA3;C57;KOM 930 E;Lastre Oxidado;ESP/F07/2120/715;FASE 7;BOT_2380_INT;291;1;ESPERANZA
03-06-2023;PA3;C57;KOM 930 E;Lastre Oxidado;ESP/F07/2120/715;FASE 7;BOT_INT_RB;873;3;ESPERANZA
03-06-2023;PA3;C57;KOM 930 E;Lastre Oxidado;ESP/F07/2120/729;FASE 7;BOT_2380_INT;582;2;ESPERANZA
03-06-2023;PA3;C58;KOM 930 E;Lastre Oxidado;ESP/F07/2120/715;FASE 7;BOT_INT_RB;582;2;ESPERANZA
03-06-2023;PA3;C58;KOM 930 E;Lastre Oxidado;ESP/F07/2120/729;FASE 7;BOT_2380_INT;873;3;ESPERANZA
03-06-2023;PA3;C59;KOM 930 E;Lastre Oxidado;ESP/F07/2120/715;FASE 7;BOT_2380_INT;291;1;ESPERANZA
03-06-2023;PA3;C59;KOM 930 E;Lastre Oxidado;ESP/F07/2120/729;FASE 7;BOT_2380_INT;582;2;ESPERANZA
03-06-2023;PA3;C59;KOM 930 E;Lastre Oxidado;ESP/F07/2120/729;FASE 7;BOT_INT_RB;291;1;ESPERANZA
03-06-2023;PA3;C59;KOM 930 E;Lastre Oxidado;ESP/F07/2120/729;FASE 7;BOT_RAMPA_SUPERIOR;291;1;ESPERANZA
03-06-2023;PA3;C60;KOM 930 E;Lastre Oxidado;ESP/F07/2120/715;FASE 7;BOT_2380_INT;582;2;ESPERANZA
03-06-2023;PA3;C60;KOM 930 E;Lastre Oxidado;ESP/F07/2120/715;FASE 7;BOT_INT_RB;582;2;ESPERANZA
03-06-2023;PA3;C60;KOM 930 E;Lastre Oxidado;ESP/F07/2120/729;FASE 7;BOT_INT_RB;582;2;ESPERANZA
03-06-2023;PA3;C61;KOM 930 E;Lastre Oxidado;ESP/F07/2120/729;FASE 7;BOT_INT_RB;291;1;ESPERANZA
03-06-2023;PA4;C07;CAT 797 B;Lastre Sulfurado;ESP/F10/2328/124;FASE 10;BOT_RAMPA_SUPERIOR;692,8079834;2;ESPERANZA
03-06-2023;PA4;C08;CAT 797 B;Lastre Sulfurado;ESP/F10/2328/124;FASE 10;BOT_RAMPA_SUPERIOR;1039,211975;3;ESPERANZA
03-06-2023;PA4;C10;CAT 797 B;Lastre Sulfurado;ESP/F10/2328/124;FASE 10;BOT_RAMPA_SUPERIOR;346,4039917;1;ESPERANZA
03-06-2023;PA4;C122;CAT 793 C;Lastre Sulfurado;ESP/F10/2328/124;FASE 10;BOT_RAMPA_SUPERIOR;216,4360046;1;ESPERANZA
03-06-2023;PA4;C122;CAT 793 C;Lastre Sulfurado;ESP/F10/2328/1240;FASE 10;BOT_RAMPA_SUPERIOR;216,4360046;1;ESPERANZA
03-06-2023;PA4;C123;CAT 793 C;Lastre Sulfurado;ESP/F10/2328/124;FASE 10;BOT_RAMPA_SUPERIOR;216,4360046;1;ESPERANZA
03-06-2023;PA4;C123;CAT 793 C;Lastre Sulfurado;ESP/F10/2328/1240;FASE 10;BOT_RAMPA_SUPERIOR;432,8729858;2;ESPERANZA
03-06-2023;PA4;C125;CAT 793 C;Lastre Sulfurado;ESP/F10/2328/124;FASE 10;BOT_RAMPA_SUPERIOR;216,4360046;1;ESPERANZA
03-06-2023;PA4;C125;CAT 793 C;Lastre Sulfurado;ESP/F10/2328/1240;FASE 10;BOT_RAMPA_SUPERIOR;216,4360046;1;ESPERANZA
03-06-2023;PA4;C128;CAT 793 C;Lastre Sulfurado;ESP/F10/2328/124;FASE 10;BOT_RAMPA_SUPERIOR;216,4360046;1;ESPERANZA
03-06-2023;PA4;C128;CAT 793 C;Lastre Sulfurado;ESP/F10/2328/1240;FASE 10;BOT_RAMPA_SUPERIOR;432,8720093;2;ESPERANZA
03-06-2023;PA4;C129;CAT 793 C;Lastre Sulfurado;ESP/F10/2328/124;FASE 10;BOT_RAMPA_SUPERIOR;216,4360046;1;ESPERANZA
03-06-2023;PA4;C129;CAT 793 C;Lastre Sulfurado;ESP/F10/2328/1240;FASE 10;BOT_RAMPA_SUPERIOR;649,3089905;3;ESPERANZA
03-06-2023;PA4;C13;CAT 797 B;Lastre Sulfurado;ESP/F10/2328/124;FASE 10;BOT_RAMPA_SUPERIOR;692,8079834;2;ESPERANZA
03-06-2023;PA4;C130;CAT 793 C;Lastre Sulfurado;ESP/F10/2328/124;FASE 10;BOT_RAMPA_SUPERIOR;432,8729858;2;ESPERANZA
03-06-2023;PA4;C131;CAT 793 C;Lastre Sulfurado;ESP/F10/2328/124;FASE 10;BOT_RAMPA_SUPERIOR;216,4360046;1;ESPERANZA
03-06-2023;PA4;C135;CAT 793 C;Lastre Sulfurado;ESP/F10/2328/124;FASE 10;BOT_RAMPA_SUPERIOR;1298,619995;6;ESPERANZA
03-06-2023;PA4;C135;CAT 793 C;Lastre Sulfurado;ESP/F10/2328/1240;FASE 10;BOT_RAMPA_SUPERIOR;432,8720093;2;ESPERANZA
03-06-2023;PA4;C14;CAT 797 B;Lastre Sulfurado;ESP/F10/2328/124;FASE 10;BOT_RAMPA_SUPERIOR;346,4039917;1;ESPERANZA
03-06-2023;PA4;C151;CAT 793 F;Lastre Sulfurado;ESP/F10/2328/1240;FASE 10;BOT_RAMPA_SUPERIOR;1731,489075;8;ESPERANZA
03-06-2023;PA4;C152;CAT 793 F;Lastre Sulfurado;ESP/F10/2328/124;FASE 10;BOT_RAMPA_SUPERIOR;216,4360046;1;ESPERANZA
03-06-2023;PA4;C152;CAT 793 F;Lastre Sulfurado;ESP/F10/2328/1240;FASE 10;BOT_RAMPA_SUPERIOR;1731,491943;8;ESPERANZA
03-06-2023;PA4;C153;CAT 793 F;Lastre Sulfurado;ESP/F10/2328/124;FASE 10;BOT_RAMPA_SUPERIOR;216,4360046;1;ESPERANZA
03-06-2023;PA4;C154;CAT 793 F;Lastre Oxidado;ESP/F10/2328/125;FASE 10;BOT_RAMPA_SUPERIOR;216,4360046;1;ESPERANZA
03-06-2023;PA4;C154;CAT 793 F;Lastre Sulfurado;ESP/F10/2328/124;FASE 10;BOT_RAMPA_SUPERIOR;432,8729858;2;ESPERANZA
03-06-2023;PA4;C154;CAT 793 F;Lastre Sulfurado;ESP/F10/2328/1240;FASE 10;BOT_RAMPA_SUPERIOR;216,4360046;1;ESPERANZA
03-06-2023;PA4;C155;CAT 793 F;Lastre Sulfurado;ESP/F10/2328/124;FASE 10;BOT_RAMPA_SUPERIOR;1298,619995;6;ESPERANZA
03-06-2023;PA4;C155;CAT 793 F;Lastre Sulfurado;ESP/F10/2328/1240;FASE 10;BOT_RAMPA_SUPERIOR;865,7459717;4;ESPERANZA
03-06-2023;PA4;C156;CAT 793 F;Lastre Sulfurado;ESP/F10/2328/124;FASE 10;BOT_RAMPA_SUPERIOR;649,309021;3;ESPERANZA
03-06-2023;PA4;C156;CAT 793 F;Lastre Sulfurado;ESP/F10/2328/1240;FASE 10;BOT_RAMPA_SUPERIOR;1515,05304;7;ESPERANZA
03-06-2023;PA4;C159;CAT 793 F;Lastre Sulfurado;ESP/F10/2328/124;FASE 10;BOT_RAMPA_SUPERIOR;432,8729858;2;ESPERANZA
03-06-2023;PA4;C160;CAT 793 F;Lastre Sulfurado;ESP/F10/2328/124;FASE 10;BOT_RAMPA_SUPERIOR;1298,616058;6;ESPERANZA
03-06-2023;PA4;C160;CAT 793 F;Lastre Sulfurado;ESP/F10/2328/1240;FASE 10;BOT_RAMPA_SUPERIOR;1298,618042;6;ESPERANZA
03-06-2023;PA4;C161;CAT 793 F;Lastre Sulfurado;ESP/F10/2328/124;FASE 10;BOT_RAMPA_SUPERIOR;865,7459717;4;ESPERANZA
03-06-2023;PA4;C164;CAT 793 F;Lastre Sulfurado;ESP/F10/2328/124;FASE 10;BOT_RAMPA_SUPERIOR;1082,180054;5;ESPERANZA
03-06-2023;PA4;C164;CAT 793 F;Lastre Sulfurado;ESP/F10/2328/1240;FASE 10;BOT_RAMPA_SUPERIOR;1515,05304;7;ESPERANZA
03-06-2023;PA4;C19;CAT 797 F;Lastre Sulfurado;ESP/F10/2328/124;FASE 10;BOT_RAMPA_SUPERIOR;692,8079834;2;ESPERANZA
03-06-2023;PA4;C21;CAT 797 F;Lastre Sulfurado;ESP/F10/2328/124;FASE 10;BOT_RAMPA_SUPERIOR;346,4039917;1;ESPERANZA
03-06-2023;PA4;C34;CAT 797 F;Lastre Sulfurado;ESP/F10/2328/124;FASE 10;BOT_RAMPA_SUPERIOR;346,4039917;1;ESPERANZA
03-06-2023;PA4;C36;CAT 797 F;Lastre Sulfurado;ESP/F10/2328/124;FASE 10;BOT_RAMPA_SUPERIOR;1039,211975;3;ESPERANZA
03-06-2023;PA4;C43;CAT 797 F;Lastre Sulfurado;ESP/F10/2328/124;FASE 10;BOT_RAMPA_SUPERIOR;346,4039917;1;ESPERANZA
03-06-2023;PA4;C44;CAT 797 F;Lastre Sulfurado;ESP/F10/2328/124;FASE 10;BOT_RAMPA_SUPERIOR;346,4039917;1;ESPERANZA
03-06-2023;PA4;C49;KOM 930 E;Lastre Sulfurado;ESP/F10/2328/124;FASE 10;BOT_RAMPA_SUPERIOR;1164;4;ESPERANZA
03-06-2023;PA4;C50;KOM 930 E;Lastre Sulfurado;ESP/F10/2328/124;FASE 10;BOT_RAMPA_SUPERIOR;873;3;ESPERANZA
03-06-2023;PA4;C50;KOM 930 E;Lastre Sulfurado;ESP/F10/2328/1240;FASE 10;BOT_RAMPA_SUPERIOR;873;3;ESPERANZA
03-06-2023;PA4;C51;KOM 930 E;Lastre Sulfurado;ESP/F10/2328/1240;FASE 10;BOT_RAMPA_SUPERIOR;873;3;ESPERANZA
03-06-2023;PA4;C52;KOM 930 E;Lastre Sulfurado;ESP/F10/2328/124;FASE 10;BOT_RAMPA_SUPERIOR;1746;6;ESPERANZA
03-06-2023;PA4;C52;KOM 930 E;Lastre Sulfurado;ESP/F10/2328/1240;FASE 10;BOT_RAMPA_SUPERIOR;291;1;ESPERANZA
03-06-2023;PA4;C54;KOM 930 E;Lastre Sulfurado;ESP/F10/2328/1240;FASE 10;BOT_RAMPA_SUPERIOR;582;2;ESPERANZA
03-06-2023;PA4;C55;KOM 930 E;Lastre Sulfurado;ESP/F10/2328/1240;FASE 10;BOT_RAMPA_SUPERIOR;582;2;ESPERANZA
03-06-2023;PA4;C56;KOM 930 E;Lastre Oxidado;ESP/F10/2328/125;FASE 10;BOT_RAMPA_SUPERIOR;291;1;ESPERANZA
03-06-2023;PA4;C56;KOM 930 E;Lastre Sulfurado;ESP/F10/2328/1240;FASE 10;BOT_RAMPA_SUPERIOR;582;2;ESPERANZA
03-06-2023;PA4;C57;KOM 930 E;Lastre Sulfurado;ESP/F10/2328/1240;FASE 10;BOT_RAMPA_SUPERIOR;873;3;ESPERANZA
03-06-2023;PA4;C58;KOM 930 E;Lastre Sulfurado;ESP/F10/2328/124;FASE 10;BOT_RAMPA_SUPERIOR;291;1;ESPERANZA
03-06-2023;PA4;C58;KOM 930 E;Lastre Sulfurado;ESP/F10/2328/1240;FASE 10;BOT_RAMPA_SUPERIOR;582;2;ESPERANZA
03-06-2023;PA4;C59;KOM 930 E;Lastre Sulfurado;ESP/F10/2328/124;FASE 10;BOT_RAMPA_SUPERIOR;1164;4;ESPERANZA
03-06-2023;PA4;C60;KOM 930 E;Lastre Sulfurado;ESP/F10/2328/1240;FASE 10;BOT_RAMPA_SUPERIOR;873;3;ESPERANZA
03-06-2023;PA6;C07;CAT 797 B;Lastre Oxidado;ESP/F10/2296/1031;FASE 10;BOT_RAMPA_SUPERIOR;346,4039917;1;ESPERANZA
03-06-2023;PA6;C08;CAT 797 B;Lastre Oxidado;ESP/F10/2296/1031;FASE 10;BOT_RAMPA_SUPERIOR;1039,211975;3;ESPERANZA
03-06-2023;PA6;C11;CAT 797 B;Lastre Oxidado;ESP/F10/2296/1031;FASE 10;BOT_RAMPA_SUPERIOR;692,8079834;2;ESPERANZA
03-06-2023;PA6;C121;CAT 793 C;Lastre Oxidado;ESP/F10/2296/1031;FASE 10;BOT_RAMPA_SUPERIOR;432,8729858;2;ESPERANZA
03-06-2023;PA6;C123;CAT 793 C;Lastre Oxidado;ESP/F10/2296/1030;FASE 10;BOT_RAMPA_SUPERIOR;216,4360046;1;ESPERANZA
03-06-2023;PA6;C125;CAT 793 C;Lastre Oxidado;ESP/F10/2296/1030;FASE 10;BOT_RAMPA_SUPERIOR;216,4360046;1;ESPERANZA
03-06-2023;PA6;C128;CAT 793 C;Lastre Oxidado;ESP/F10/2296/1030;FASE 10;BOT_RAMPA_SUPERIOR;216,4360046;1;ESPERANZA
03-06-2023;PA6;C128;CAT 793 C;Lastre Oxidado;ESP/F10/2296/1031;FASE 10;BOT_RAMPA_SUPERIOR;216,4360046;1;ESPERANZA
03-06-2023;PA6;C129;CAT 793 C;Lastre Oxidado;ESP/F10/2296/1030;FASE 10;BOT_RAMPA_SUPERIOR;216,4360046;1;ESPERANZA
03-06-2023;PA6;C129;CAT 793 C;Lastre Oxidado;ESP/F10/2296/1031;FASE 10;BOT_RAMPA_SUPERIOR;216,4360046;1;ESPERANZA
03-06-2023;PA6;C13;CAT 797 B;Lastre Oxidado;ESP/F10/2296/1031;FASE 10;BOT_RAMPA_SUPERIOR;692,8079834;2;ESPERANZA
03-06-2023;PA6;C131;CAT 793 C;Lastre Oxidado;ESP/F10/2296/1031;FASE 10;BOT_RAMPA_SUPERIOR;216,4360046;1;ESPERANZA
03-06-2023;PA6;C132;CAT 793 C;Lastre Oxidado;ESP/F10/2296/1030;FASE 10;BOT_RAMPA_SUPERIOR;649,3089905;3;ESPERANZA
03-06-2023;PA6;C134;CAT 793 C;Lastre Oxidado;ESP/F10/2296/1031;FASE 10;BOT_RAMPA_SUPERIOR;865,7459717;4;ESPERANZA
03-06-2023;PA6;C14;CAT 797 B;Lastre Oxidado;ESP/F10/2296/1031;FASE 10;BOT_RAMPA_SUPERIOR;346,4039917;1;ESPERANZA
03-06-2023;PA6;C151;CAT 793 F;Lastre Oxidado;ESP/F10/2296/1030;FASE 10;BOT_RAMPA_SUPERIOR;649,309021;3;ESPERANZA
03-06-2023;PA6;C151;CAT 793 F;Lastre Oxidado;ESP/F10/2296/1031;FASE 10;BOT_RAMPA_SUPERIOR;216,4360046;1;ESPERANZA
03-06-2023;PA6;C152;CAT 793 F;Lastre Oxidado;ESP/F10/2296/1030;FASE 10;BOT_CENTRAL_SUR;649,309021;3;ESPERANZA
03-06-2023;PA6;C152;CAT 793 F;Lastre Oxidado;ESP/F10/2296/1030;FASE 10;BOT_RAMPA_SUPERIOR;2380,796112;11;ESPERANZA
03-06-2023;PA6;C152;CAT 793 F;Lastre Oxidado;ESP/F10/2296/1031;FASE 10;BOT_RAMPA_SUPERIOR;649,3089905;3;ESPERANZA
03-06-2023;PA6;C154;CAT 793 F;Lastre Oxidado;ESP/F10/2296/1030;FASE 10;BOT_RAMPA_SUPERIOR;1947,932068;9;ESPERANZA
03-06-2023;PA6;C154;CAT 793 F;Lastre Oxidado;ESP/F10/2296/1031;FASE 10;BOT_RAMPA_SUPERIOR;1082,18103;5;ESPERANZA
03-06-2023;PA6;C155;CAT 793 F;Lastre Oxidado;ESP/F10/2296/1030;FASE 10;BOT_RAMPA_SUPERIOR;1731,496063;8;ESPERANZA
03-06-2023;PA6;C155;CAT 793 F;Lastre Oxidado;ESP/F10/2296/1031;FASE 10;BOT_RAMPA_SUPERIOR;649,3089905;3;ESPERANZA
03-06-2023;PA6;C156;CAT 793 F;Lastre Oxidado;ESP/F10/2296/1030;FASE 10;BOT_CENTRAL_SUR_SUP;216,4360046;1;ESPERANZA
03-06-2023;PA6;C156;CAT 793 F;Lastre Oxidado;ESP/F10/2296/1030;FASE 10;BOT_RAMPA_SUPERIOR;1947,930054;9;ESPERANZA
03-06-2023;PA6;C156;CAT 793 F;Lastre Oxidado;ESP/F10/2296/1031;FASE 10;BOT_RAMPA_SUPERIOR;2164,360107;10;ESPERANZA
03-06-2023;PA6;C159;CAT 793 F;Lastre Oxidado;ESP/F10/2296/1031;FASE 10;BOT_RAMPA_SUPERIOR;1515,052063;7;ESPERANZA
03-06-2023;PA6;C160;CAT 793 F;Lastre Oxidado;ESP/F10/2296/1030;FASE 10;BOT_CENTRAL_SUR;216,4360046;1;ESPERANZA
03-06-2023;PA6;C160;CAT 793 F;Lastre Oxidado;ESP/F10/2296/1030;FASE 10;BOT_RAMPA_SUPERIOR;216,4360046;1;ESPERANZA
03-06-2023;PA6;C160;CAT 793 F;Lastre Oxidado;ESP/F10/2296/1031;FASE 10;BOT_RAMPA_SUPERIOR;1082,180054;5;ESPERANZA
03-06-2023;PA6;C161;CAT 793 F;Lastre Oxidado;ESP/F10/2296/1031;FASE 10;BOT_RAMPA_SUPERIOR;1082,181976;5;ESPERANZA
03-06-2023;PA6;C162;CAT 793 F;Lastre Oxidado;ESP/F10/2296/1031;FASE 10;BOT_RAMPA_SUPERIOR;216,4360046;1;ESPERANZA
03-06-2023;PA6;C164;CAT 793 F;Lastre Oxidado;ESP/F10/2296/1030;FASE 10;BOT_RAMPA_SUPERIOR;2380,800049;11;ESPERANZA
03-06-2023;PA6;C19;CAT 797 F;Lastre Oxidado;ESP/F10/2296/1031;FASE 10;BOT_RAMPA_SUPERIOR;1385,613953;4;ESPERANZA
03-06-2023;PA6;C21;CAT 797 F;Lastre Oxidado;ESP/F10/2296/1030;FASE 10;BOT_CENTRAL_SUR;346,4039917;1;ESPERANZA
03-06-2023;PA6;C21;CAT 797 F;Lastre Oxidado;ESP/F10/2296/1031;FASE 10;BOT_RAMPA_SUPERIOR;692,8079834;2;ESPERANZA
03-06-2023;PA6;C22;CAT 797 F;Lastre Oxidado;ESP/F10/2296/1031;FASE 10;BOT_RAMPA_SUPERIOR;346,4039917;1;ESPERANZA
03-06-2023;PA6;C36;CAT 797 F;Lastre Oxidado;ESP/F10/2296/1031;FASE 10;BOT_RAMPA_SUPERIOR;1732,019958;5;ESPERANZA
03-06-2023;PA6;C49;KOM 930 E;Lastre Oxidado;ESP/F10/2296/1031;FASE 10;BOT_RAMPA_SUPERIOR;582;2;ESPERANZA
03-06-2023;PA6;C50;KOM 930 E;Lastre Oxidado;ESP/F10/2296/1031;FASE 10;BOT_RAMPA_SUPERIOR;1164;4;ESPERANZA
03-06-2023;PA6;C52;KOM 930 E;Lastre Oxidado;ESP/F10/2296/1030;FASE 10;BOT_CENTRAL_SUR;291;1;ESPERANZA
03-06-2023;PA6;C52;KOM 930 E;Lastre Oxidado;ESP/F10/2296/1030;FASE 10;BOT_RAMPA_SUPERIOR;291;1;ESPERANZA
03-06-2023;PA6;C52;KOM 930 E;Lastre Oxidado;ESP/F10/2296/1031;FASE 10;BOT_RAMPA_SUPERIOR;2037;7;ESPERANZA
03-06-2023;PA6;C54;KOM 930 E;Lastre Oxidado;ESP/F10/2296/1030;FASE 10;BOT_RAMPA_SUPERIOR;291;1;ESPERANZA
03-06-2023;PA6;C54;KOM 930 E;Lastre Oxidado;ESP/F10/2296/1031;FASE 10;BOT_RAMPA_SUPERIOR;873;3;ESPERANZA
03-06-2023;PA6;C56;KOM 930 E;Lastre Oxidado;ESP/F10/2296/1030;FASE 10;BOT_RAMPA_SUPERIOR;582;2;ESPERANZA
03-06-2023;PA6;C57;KOM 930 E;Lastre Oxidado;ESP/F10/2296/1031;FASE 10;BOT_RAMPA_SUPERIOR;291;1;ESPERANZA
03-06-2023;PA6;C59;KOM 930 E;Lastre Oxidado;ESP/F10/2296/1030;FASE 10;BOT_RAMPA_SUPERIOR;1746;6;ESPERANZA
03-06-2023;PA6;C59;KOM 930 E;Lastre Oxidado;ESP/F10/2296/1031;FASE 10;BOT_RAMPA_SUPERIOR;4074;14;ESPERANZA
03-06-2023;PA6;C60;KOM 930 E;Lastre Oxidado;ESP/F10/2296/1030;FASE 10;BOT_RAMPA_SUPERIOR;1164;4;ESPERANZA
03-06-2023;PA6;C61;KOM 930 E;Lastre Oxidado;ESP/F10/2296/1030;FASE 10;BOT_RAMPA_SUPERIOR;291;1;ESPERANZA
03-06-2023;PA7;C07;CAT 797 B;Lastre Oxidado;ESP/F07/2120/7240;FASE 7;BOT_INT_RB;3117,643982;9;ESPERANZA
03-06-2023;PA7;C08;CAT 797 B;Lastre Oxidado;ESP/F07/2120/720;FASE 7;BOT_INT_RB;346,4039917;1;ESPERANZA
03-06-2023;PA7;C08;CAT 797 B;Lastre Oxidado;ESP/F07/2120/7240;FASE 7;BOT_2380_INT;346,4039917;1;ESPERANZA
03-06-2023;PA7;C08;CAT 797 B;Lastre Oxidado;ESP/F07/2120/7240;FASE 7;BOT_INT_RB;1385,615967;4;ESPERANZA
03-06-2023;PA7;C09;CAT 797 B;Lastre Oxidado;ESP/F07/2120/711;FASE 7;BOT_INT_RB;692,8079834;2;ESPERANZA
03-06-2023;PA7;C09;CAT 797 B;Lastre Oxidado;ESP/F07/2120/7240;FASE 7;BOT_INT_RB;2078,424011;6;ESPERANZA
03-06-2023;PA7;C10;CAT 797 B;Lastre Oxidado;ESP/F07/2120/7240;FASE 7;BOT_INT_RB;1385,619995;4;ESPERANZA
03-06-2023;PA7;C11;CAT 797 B;Lastre Oxidado;ESP/F07/2120/7240;FASE 7;BOT_2380_INT;346,4039917;1;ESPERANZA
03-06-2023;PA7;C11;CAT 797 B;Lastre Oxidado;ESP/F07/2120/7240;FASE 7;BOT_INT_RB;2078,421936;6;ESPERANZA
03-06-2023;PA7;C12;CAT 797 B;Lastre Oxidado;ESP/F07/2120/7240;FASE 7;BOT_2380_INT;1039,211975;3;ESPERANZA
03-06-2023;PA7;C12;CAT 797 B;Lastre Oxidado;ESP/F07/2120/7240;FASE 7;BOT_INT_RB;1732,017944;5;ESPERANZA
03-06-2023;PA7;C13;CAT 797 B;Lastre Oxidado;ESP/F07/2120/7240;FASE 7;BOT_2380_INT;1039,211975;3;ESPERANZA
03-06-2023;PA7;C13;CAT 797 B;Lastre Oxidado;ESP/F07/2120/7240;FASE 7;BOT_INT_RB;1039,211975;3;ESPERANZA
03-06-2023;PA7;C14;CAT 797 B;Lastre Oxidado;ESP/F07/2120/7240;FASE 7;BOT_INT_RB;1385,619995;4;ESPERANZA
03-06-2023;PA7;C15;CAT 797 B;Lastre Oxidado;ESP/F07/2120/7240;FASE 7;BOT_2380_INT;692,8079834;2;ESPERANZA
03-06-2023;PA7;C16;CAT 797 B;Lastre Oxidado;ESP/F07/2120/711;FASE 7;BOT_INT_RB;692,8079834;2;ESPERANZA
03-06-2023;PA7;C16;CAT 797 B;Lastre Oxidado;ESP/F07/2120/7240;FASE 7;BOT_2380_INT;692,8079834;2;ESPERANZA
03-06-2023;PA7;C16;CAT 797 B;Lastre Oxidado;ESP/F07/2120/7240;FASE 7;BOT_INT_RB;1039,211975;3;ESPERANZA
03-06-2023;PA7;C17;CAT 797 F;Lastre Oxidado;ESP/F07/2120/711;FASE 7;BOT_INT_RB;346,4039917;1;ESPERANZA
03-06-2023;PA7;C17;CAT 797 F;Lastre Oxidado;ESP/F07/2120/7240;FASE 7;BOT_INT_RB;2424,825928;7;ESPERANZA
03-06-2023;PA7;C18;CAT 797 F;Lastre Oxidado;ESP/F07/2120/7240;FASE 7;BOT_2380_INT;346,4039917;1;ESPERANZA
03-06-2023;PA7;C18;CAT 797 F;Lastre Oxidado;ESP/F07/2120/7240;FASE 7;BOT_INT_RB;1385,615967;4;ESPERANZA
03-06-2023;PA7;C19;CAT 797 F;Lastre Oxidado;ESP/F07/2120/711;FASE 7;BOT_INT_RB;346,4039917;1;ESPERANZA
03-06-2023;PA7;C19;CAT 797 F;Lastre Oxidado;ESP/F07/2120/7240;FASE 7;BOT_INT_RB;1385,615967;4;ESPERANZA
03-06-2023;PA7;C20;CAT 797 F;Lastre Oxidado;ESP/F07/2120/7240;FASE 7;BOT_INT_RB;2078,424011;6;ESPERANZA
03-06-2023;PA7;C21;CAT 797 F;Lastre Oxidado;ESP/F07/2120/7240;FASE 7;BOT_2380_INT;346,4039917;1;ESPERANZA
03-06-2023;PA7;C21;CAT 797 F;Lastre Oxidado;ESP/F07/2120/7240;FASE 7;BOT_INT_RB;1732,023987;5;ESPERANZA
03-06-2023;PA7;C22;CAT 797 F;Lastre Oxidado;ESP/F07/2120/711;FASE 7;BOT_INT_RB;1039,209961;3;ESPERANZA
03-06-2023;PA7;C22;CAT 797 F;Lastre Oxidado;ESP/F07/2120/7240;FASE 7;BOT_INT_RB;1039,211975;3;ESPERANZA
03-06-2023;PA7;C24;CAT 797 F;Lastre Oxidado;ESP/F07/2120/711;FASE 7;BOT_INT_RB;346,4039917;1;ESPERANZA
03-06-2023;PA7;C24;CAT 797 F;Lastre Oxidado;ESP/F07/2120/7240;FASE 7;BOT_INT_RB;3464,039917;10;ESPERANZA
03-06-2023;PA7;C25;CAT 797 F;Lastre Oxidado;ESP/F07/2120/7240;FASE 7;BOT_INT_RB;2424,829956;7;ESPERANZA
03-06-2023;PA7;C32;CAT 797 F;Lastre Oxidado;ESP/F07/2120/711;FASE 7;BOT_INT_RB;346,4039917;1;ESPERANZA
03-06-2023;PA7;C32;CAT 797 F;Lastre Oxidado;ESP/F07/2120/7240;FASE 7;BOT_2380_INT;1385,615967;4;ESPERANZA
03-06-2023;PA7;C32;CAT 797 F;Lastre Oxidado;ESP/F07/2120/7240;FASE 7;BOT_INT_RB;2078,424011;6;ESPERANZA
03-06-2023;PA7;C36;CAT 797 F;Lastre Oxidado;ESP/F07/2120/711;FASE 7;BOT_INT_RB;346,4039917;1;ESPERANZA
03-06-2023;PA7;C36;CAT 797 F;Lastre Oxidado;ESP/F07/2120/7240;FASE 7;BOT_INT_RB;2078,42395;6;ESPERANZA
03-06-2023;PA7;C37;CAT 797 F;Lastre Oxidado;ESP/F07/2120/711;FASE 7;BOT_INT_RB;346,4039917;1;ESPERANZA
03-06-2023;PA7;C37;CAT 797 F;Lastre Oxidado;ESP/F07/2120/7240;FASE 7;BOT_INT_RB;1039,211975;3;ESPERANZA
03-06-2023;PA7;C38;CAT 797 F;Lastre Oxidado;ESP/F07/2120/711;FASE 7;BOT_INT_RB;346,4039917;1;ESPERANZA
03-06-2023;PA7;C38;CAT 797 F;Lastre Oxidado;ESP/F07/2120/7240;FASE 7;BOT_INT_RB;2078,427979;6;ESPERANZA
03-06-2023;PA7;C39;CAT 797 F;Lastre Oxidado;ESP/F07/2120/7240;FASE 7;BOT_INT_RB;1385,615967;4;ESPERANZA
03-06-2023;PA7;C40;CAT 797 F;Lastre Oxidado;ESP/F07/2120/720;FASE 7;BOT_INT_RB;346,4039917;1;ESPERANZA
03-06-2023;PA7;C40;CAT 797 F;Lastre Oxidado;ESP/F07/2120/7240;FASE 7;BOT_2380_INT;692,8079834;2;ESPERANZA
03-06-2023;PA7;C40;CAT 797 F;Lastre Oxidado;ESP/F07/2120/7240;FASE 7;BOT_INT_RB;3117,633972;9;ESPERANZA
03-06-2023;PA7;C42;CAT 797 F;Lastre Oxidado;ESP/F07/2120/711;FASE 7;BOT_INT_RB;346,4039917;1;ESPERANZA
03-06-2023;PA7;C42;CAT 797 F;Lastre Oxidado;ESP/F07/2120/720;FASE 7;BOT_INT_RB;346,4039917;1;ESPERANZA
03-06-2023;PA7;C42;CAT 797 F;Lastre Oxidado;ESP/F07/2120/7240;FASE 7;BOT_INT_RB;2424,825928;7;ESPERANZA
03-06-2023;PA7;C43;CAT 797 F;Lastre Oxidado;ESP/F07/2120/7240;FASE 7;BOT_INT_RB;2078,427979;6;ESPERANZA
03-06-2023;PA7;C44;CAT 797 F;Lastre Oxidado;ESP/F07/2120/7240;FASE 7;BOT_2380_INT;346,4039917;1;ESPERANZA
03-06-2023;PA7;C44;CAT 797 F;Lastre Oxidado;ESP/F07/2120/7240;FASE 7;BOT_INT_RB;1039,211975;3;ESPERANZA
03-06-2023;PA7;C46;CAT 797 F;Lastre Oxidado;ESP/F07/2120/711;FASE 7;BOT_INT_RB;346,4039917;1;ESPERANZA
03-06-2023;PA7;C46;CAT 797 F;Lastre Oxidado;ESP/F07/2120/7240;FASE 7;BOT_INT_RB;346,4039917;1;ESPERANZA
03-06-2023;PA7;C47;CAT 797 F;Lastre Oxidado;ESP/F07/2120/720;FASE 7;BOT_INT_RB;346,4039917;1;ESPERANZA
03-06-2023;PA7;C47;CAT 797 F;Lastre Oxidado;ESP/F07/2120/7240;FASE 7;BOT_INT_RB;2771,233948;8;ESPERANZA
03-06-2023;PA7;C48;CAT 797 F;Lastre Oxidado;ESP/F07/2120/720;FASE 7;BOT_INT_RB;346,4039917;1;ESPERANZA
03-06-2023;PA7;C48;CAT 797 F;Lastre Oxidado;ESP/F07/2120/7240;FASE 7;BOT_2380_INT;346,4039917;1;ESPERANZA
03-06-2023;PA7;C48;CAT 797 F;Lastre Oxidado;ESP/F07/2120/7240;FASE 7;BOT_INT_RB;1039,209961;3;ESPERANZA
03-06-2023;PA7;C49;KOM 930 E;Lastre Oxidado;ESP/F07/2120/720;FASE 7;BOT_INT_RB;291;1;ESPERANZA
03-06-2023;PA7;C49;KOM 930 E;Lastre Oxidado;ESP/F07/2120/7240;FASE 7;BOT_2380_INT;582;2;ESPERANZA
03-06-2023;PA7;C49;KOM 930 E;Lastre Oxidado;ESP/F07/2120/7240;FASE 7;BOT_INT_RB;1164;4;ESPERANZA
03-06-2023;PA7;C50;KOM 930 E;Lastre Oxidado;ESP/F07/2120/7240;FASE 7;BOT_2380_INT;291;1;ESPERANZA
03-06-2023;PA7;C51;KOM 930 E;Lastre Oxidado;ESP/F07/2120/7240;FASE 7;BOT_INT_RB;1164;4;ESPERANZA
03-06-2023;PA7;C52;KOM 930 E;Lastre Oxidado;ESP/F07/2120/720;FASE 7;BOT_INT_RB;291;1;ESPERANZA
03-06-2023;PA7;C52;KOM 930 E;Lastre Oxidado;ESP/F07/2120/7240;FASE 7;BOT_2380_INT;291;1;ESPERANZA
03-06-2023;PA7;C52;KOM 930 E;Lastre Oxidado;ESP/F07/2120/7240;FASE 7;BOT_INT_RB;291;1;ESPERANZA
03-06-2023;PA7;C53;KOM 930 E;Lastre Oxidado;ESP/F07/2120/7240;FASE 7;BOT_2380_INT;582;2;ESPERANZA
03-06-2023;PA7;C53;KOM 930 E;Lastre Oxidado;ESP/F07/2120/7240;FASE 7;BOT_INT_RB;873;3;ESPERANZA
03-06-2023;PA7;C54;KOM 930 E;Lastre Oxidado;ESP/F07/2120/720;FASE 7;BOT_INT_RB;291;1;ESPERANZA
03-06-2023;PA7;C54;KOM 930 E;Lastre Oxidado;ESP/F07/2120/7240;FASE 7;BOT_2380_INT;291;1;ESPERANZA
03-06-2023;PA7;C54;KOM 930 E;Lastre Oxidado;ESP/F07/2120/7240;FASE 7;BOT_INT_RB;291;1;ESPERANZA
03-06-2023;PA7;C55;KOM 930 E;Lastre Oxidado;ESP/F07/2120/7240;FASE 7;BOT_2380_INT;291;1;ESPERANZA
03-06-2023;PA7;C55;KOM 930 E;Lastre Oxidado;ESP/F07/2120/7240;FASE 7;BOT_INT_RB;2037;7;ESPERANZA
03-06-2023;PA7;C56;KOM 930 E;Lastre Oxidado;ESP/F07/2120/7240;FASE 7;BOT_2380_INT;582;2;ESPERANZA
03-06-2023;PA7;C56;KOM 930 E;Lastre Oxidado;ESP/F07/2120/7240;FASE 7;BOT_INT_RB;873;3;ESPERANZA
03-06-2023;PA7;C57;KOM 930 E;Lastre Oxidado;ESP/F07/2120/711;FASE 7;BOT_INT_RB;582;2;ESPERANZA
03-06-2023;PA7;C57;KOM 930 E;Lastre Oxidado;ESP/F07/2120/7240;FASE 7;BOT_2380_INT;1746;6;ESPERANZA
03-06-2023;PA7;C57;KOM 930 E;Lastre Oxidado;ESP/F07/2120/7240;FASE 7;BOT_INT_RB;1164;4;ESPERANZA
03-06-2023;PA7;C58;KOM 930 E;Lastre Oxidado;ESP/F07/2120/711;FASE 7;BOT_INT_RB;291;1;ESPERANZA
03-06-2023;PA7;C58;KOM 930 E;Lastre Oxidado;ESP/F07/2120/7240;FASE 7;BOT_2380_INT;1164;4;ESPERANZA
03-06-2023;PA7;C58;KOM 930 E;Lastre Oxidado;ESP/F07/2120/7240;FASE 7;BOT_INT_RB;1455;5;ESPERANZA
03-06-2023;PA7;C59;KOM 930 E;Lastre Oxidado;ESP/F07/2120/7240;FASE 7;BOT_2380_INT;582;2;ESPERANZA
03-06-2023;PA7;C60;KOM 930 E;Lastre Oxidado;ESP/F07/2120/7240;FASE 7;BOT_INT_RB;1746;6;ESPERANZA
03-06-2023;PA7;C61;KOM 930 E;Lastre Oxidado;ESP/F07/2120/711;FASE 7;BOT_INT_RB;291;1;ESPERANZA
03-06-2023;PA7;C61;KOM 930 E;Lastre Oxidado;ESP/F07/2120/7240;FASE 7;BOT_INT_RB;1164;4;ESPERANZA
03-06-2023;PA9;C08;CAT 797 B;Lastre Sulfurado;ESP/F07/2104/706;FASE 7;BOT_2380_INT;346,4039917;1;ESPERANZA
03-06-2023;PA9;C09;CAT 797 B;Lastre Sulfurado;ESP/F07/2104/706;FASE 7;BOT_2380_INT;346,4039917;1;ESPERANZA
03-06-2023;PA9;C10;CAT 797 B;Lastre Sulfurado;ESP/F07/2104/706;FASE 7;BOT_2380_INT;1385,619995;4;ESPERANZA
03-06-2023;PA9;C11;CAT 797 B;Lastre Sulfurado;ESP/F07/2104/701;FASE 7;BOT_2380_INT;346,4039917;1;ESPERANZA
03-06-2023;PA9;C12;CAT 797 B;Lastre Sulfurado;ESP/F07/2104/706;FASE 7;BOT_2380_INT;346,4039917;1;ESPERANZA
03-06-2023;PA9;C13;CAT 797 B;Lastre Sulfurado;ESP/F07/2104/701;FASE 7;BOT_2380_INT;346,4039917;1;ESPERANZA
03-06-2023;PA9;C16;CAT 797 B;Lastre Sulfurado;ESP/F07/2104/701;FASE 7;BOT_INT_RB;346,4039917;1;ESPERANZA
03-06-2023;PA9;C17;CAT 797 F;Lastre Sulfurado;ESP/F07/2104/706;FASE 7;BOT_2380_INT;346,4039917;1;ESPERANZA
03-06-2023;PA9;C18;CAT 797 F;Lastre Sulfurado;ESP/F07/2104/706;FASE 7;BOT_2380_INT;346,4039917;1;ESPERANZA
03-06-2023;PA9;C21;CAT 797 F;Lastre Sulfurado;ESP/F07/2104/701;FASE 7;BOT_2380_INT;346,4039917;1;ESPERANZA
03-06-2023;PA9;C22;CAT 797 F;Lastre Sulfurado;ESP/F07/2104/706;FASE 7;BOT_2380_INT;346,4039917;1;ESPERANZA
03-06-2023;PA9;C32;CAT 797 F;Lastre Sulfurado;ESP/F07/2104/701;FASE 7;BOT_2380_INT;346,4039917;1;ESPERANZA
03-06-2023;PA9;C32;CAT 797 F;Lastre Sulfurado;ESP/F07/2104/706;FASE 7;BOT_2380_INT;346,4039917;1;ESPERANZA
03-06-2023;PA9;C36;CAT 797 F;Lastre Sulfurado;ESP/F07/2104/706;FASE 7;BOT_2380_INT;346,4039917;1;ESPERANZA
03-06-2023;PA9;C37;CAT 797 F;Lastre Sulfurado;ESP/F07/2104/706;FASE 7;BOT_2380_INT;346,4039917;1;ESPERANZA
03-06-2023;PA9;C38;CAT 797 F;Lastre Sulfurado;ESP/F07/2104/706;FASE 7;BOT_2380_INT;1039,209961;3;ESPERANZA
03-06-2023;PA9;C39;CAT 797 F;Lastre Sulfurado;ESP/F07/2104/701;FASE 7;BOT_2380_INT;346,4039917;1;ESPERANZA
03-06-2023;PA9;C40;CAT 797 F;Lastre Sulfurado;ESP/F07/2104/701;FASE 7;BOT_2380_INT;346,4039917;1;ESPERANZA
03-06-2023;PA9;C40;CAT 797 F;Lastre Sulfurado;ESP/F07/2104/706;FASE 7;BOT_2380_INT;346,4039917;1;ESPERANZA
03-06-2023;PA9;C41;CAT 797 F;Lastre Sulfurado;ESP/F07/2104/706;FASE 7;BOT_2380_INT;692,8079834;2;ESPERANZA
03-06-2023;PA9;C43;CAT 797 F;Lastre Sulfurado;ESP/F07/2104/701;FASE 7;BOT_2380_INT;346,4039917;1;ESPERANZA
03-06-2023;PA9;C43;CAT 797 F;Lastre Sulfurado;ESP/F07/2104/706;FASE 7;BOT_2380_INT;346,4039917;1;ESPERANZA
03-06-2023;PA9;C44;CAT 797 F;Lastre Sulfurado;ESP/F07/2104/706;FASE 7;BOT_2380_INT;346,4039917;1;ESPERANZA
03-06-2023;PA9;C45;CAT 797 F;Lastre Sulfurado;ESP/F07/2104/701;FASE 7;BOT_2380_INT;346,4039917;1;ESPERANZA
03-06-2023;PA9;C45;CAT 797 F;Lastre Sulfurado;ESP/F07/2104/706;FASE 7;BOT_2380_INT;346,4039917;1;ESPERANZA
03-06-2023;PA9;C46;CAT 797 F;Lastre Sulfurado;ESP/F07/2104/706;FASE 7;BOT_2380_INT;692,8079834;2;ESPERANZA
03-06-2023;PA9;C47;CAT 797 F;Lastre Sulfurado;ESP/F07/2104/701;FASE 7;BOT_2380_INT;346,4039917;1;ESPERANZA
03-06-2023;PA9;C47;CAT 797 F;Lastre Sulfurado;ESP/F07/2104/706;FASE 7;BOT_2380_INT;346,4039917;1;ESPERANZA
03-06-2023;PA9;C48;CAT 797 F;Lastre Sulfurado;ESP/F07/2104/706;FASE 7;BOT_2380_INT;1039,209961;3;ESPERANZA
03-06-2023;PA9;C50;KOM 930 E;Lastre Sulfurado;ESP/F07/2104/701;FASE 7;BOT_2380_INT;291;1;ESPERANZA
03-06-2023;PA9;C50;KOM 930 E;Lastre Sulfurado;ESP/F07/2104/706;FASE 7;BOT_2380_INT;291;1;ESPERANZA
03-06-2023;PA9;C54;KOM 930 E;Lastre Sulfurado;ESP/F07/2104/706;FASE 7;BOT_2380_INT;291;1;ESPERANZA
03-06-2023;PA9;C56;KOM 930 E;Lastre Sulfurado;ESP/F07/2104/701;FASE 7;BOT_2380_INT;291;1;ESPERANZA
03-06-2023;PA9;C56;KOM 930 E;Lastre Sulfurado;ESP/F07/2104/706;FASE 7;BOT_2380_INT;873;3;ESPERANZA
03-06-2023;PA9;C57;KOM 930 E;Lastre Sulfurado;ESP/F07/2104/706;FASE 7;BOT_2380_INT;291;1;ESPERANZA
03-06-2023;PA9;C59;KOM 930 E;Lastre Sulfurado;ESP/F07/2104/706;FASE 7;BOT_2380_INT;291;1;ESPERANZA
03-06-2023;PA9;C60;KOM 930 E;Lastre Sulfurado;ESP/F07/2104/701;FASE 7;BOT_2380_INT;291;1;ESPERANZA
03-06-2023;PA9;C61;KOM 930 E;Lastre Sulfurado;ESP/F07/2104/706;FASE 7;BOT_2380_INT;291;1;ESPERANZA
03-06-2023;PAESPS;C980AHSESPS;Kom 980 AHS;Lastre Sulfurado;ESS/F03/2200/306;F03 ESPSUR;BOTADERO_2021;6120;17;ESPERANZA_SUR
03-06-2023;PATH01;C123;CAT 793 C;Marginal Rom;STOCK_MRO_MIR;OXIDO;ROM;1320;6;TESORO
03-06-2023;PATH01;C155;CAT 793 F;Marginal Rom;STOCK_MRO_MIR;OXIDO;ROM;1575;7;TESORO
03-06-2023;PATH01;C156;CAT 793 F;Marginal Rom;STOCK_MRO_MIR;OXIDO;ROM;900;4;TESORO
03-06-2023;PATH01;C162;CAT 793 F;Marginal Rom;STOCK_MRO_MIR;OXIDO;ROM;1350;6;TESORO
03-06-2023;PATH01;C701;LIEBHERR 264 ;LASTRE (LAS);LLA/F01/2302.5/1090;F01 LLA;BOT_TSS;9855;45;LLANO
03-06-2023;PATH01;C702;LIEBHERR 264 ;LASTRE (LAS);LLA/F02/2302.5/209;F02 LLA;BOT_TSS;34602;158;LLANO
03-06-2023;PATH01;C702;LIEBHERR 264 ;LASTRE (LAS);LLA/F02/2302.5/2090;F02 LLA;BOT_TSS;1971;9;LLANO
03-06-2023;PATH01;C702;LIEBHERR 264 ;LASTRE (LAS);LLA/F02/2302.5/210;F02 LLA;BOT_TSS;5694;26;LLANO
03-06-2023;PATH01;C793OXE;CAT 793 OXE;OBR;MOD_E_REM;ENCUENTRO OXE;CHANCADO-ENCUENTRO;1100;5;ENCUENTRO
03-06-2023;PATH01;C793OXE;CAT 793 OXE;OXIDO ALTA LEY (OXAL);OXE/F04/2144/4030;FASE 04 ENC;CHANCADO-ENCUENTRO;7480;34;ENCUENTRO
03-06-2023;PATH01;C793OXE;CAT 793 OXE;OXIDO ALTA LEY (OXAL);OXE/F04/2144/4030;FASE 04 ENC;MOD A;2860;13;ENCUENTRO
03-06-2023;PATH01;C793OXE;CAT 793 OXE;OXIDO ALTA LEY (OXAL);OXE/F04/2144/405;FASE 04 ENC;CHANCADO-ENCUENTRO;11440;52;ENCUENTRO
03-06-2023;PATH01;C793OXE;CAT 793 OXE;OXIDO ALTA LEY (OXAL);OXE/F04/2144/405;FASE 04 ENC;MOD A;2640;12;ENCUENTRO
03-06-2023;PATH01;C793OXE;CAT 793 OXE;Oxido Baja Ley;OXE/F04/2144/405;FASE 04 ENC;CHANCADO-ENCUENTRO;13420;61;ENCUENTRO
03-06-2023;PATH01;C793OXE;CAT 793 OXE;Oxido Baja Ley;OXE/F04/2144/405;FASE 04 ENC;MOD E;880;4;ENCUENTRO
03-06-2023;PATH01;C930OXE;KOM 930OXE;L21;04_2376_455;FASE 04 ENC;BOT.2420;124990;431;ENCUENTRO