Fecha;Carguio;Camión;Flota;Material;Origen;Zona;Destino;Tonelaje;Ciclos;Rajo
04-06-2023;CF203;C153;CAT 793 F;Baja Ley 1;ST-TS_18;OXIDO;CHANCADO-OXIDO;432,8729858;2;TESORO
04-06-2023;CF203;C156;CAT 793 F;Baja Ley 1;ST-TS_18;OXIDO;CHANCADO-OXIDO;4112,289001;19;TESORO
04-06-2023;CF232;C121;CAT 793 C;Baja Ley 1;ST-TS_18;OXIDO;CHANCADO-OXIDO;1082,180054;5;TESORO
04-06-2023;CF232;C121;CAT 793 C;Marginal Rom;STOCK_MRO_MIR;OXIDO;ROM;5500;25;TESORO
04-06-2023;CF232;C122;CAT 793 C;Marginal Rom;STOCK_MRO_MIR;OXIDO;ROM;4840;22;TESORO
04-06-2023;CF232;C125;CAT 793 C;Marginal Rom;STOCK_MRO_MIR;OXIDO;ROM;1540;7;TESORO
04-06-2023;CF232;C131;CAT 793 C;Marginal Rom;STOCK_MRO_MIR;OXIDO;ROM;220;1;TESORO
04-06-2023;CF232;C151;CAT 793 F;Marginal Rom;STOCK_MRO_MIR;OXIDO;ROM;225;1;TESORO
04-06-2023;CF233;C123;CAT 793 C;Lastre Oxidado;ESP/F10/2328/125;FASE 10;BOT_RAMPA_SUPERIOR;2380,796112;11;ESPERANZA
04-06-2023;CF233;C123;CAT 793 C;Lastre Sulfurado;ESP/F10/2328/1240;FASE 10;BOT_RAMPA_SUPERIOR;216,4360046;1;ESPERANZA
04-06-2023;CF233;C125;CAT 793 C;Lastre Oxidado;ESP/F10/2328/125;FASE 10;BOT_RAMPA_SUPERIOR;1515,060059;7;ESPERANZA
04-06-2023;CF233;C128;CAT 793 C;Lastre Oxidado;ESP/F10/2328/125;FASE 10;BOT_RAMPA_SUPERIOR;432,8729858;2;ESPERANZA
04-06-2023;CF233;C129;CAT 793 C;Lastre Oxidado;ESP/F10/2328/125;FASE 10;BOT_RAMPA_SUPERIOR;1082,182007;5;ESPERANZA
04-06-2023;CF233;C129;CAT 793 C;Lastre Sulfurado;ESP/F10/2328/1240;FASE 10;BOT_RAMPA_SUPERIOR;216,4360046;1;ESPERANZA
04-06-2023;CF233;C130;CAT 793 C;Lastre Oxidado;ESP/F10/2328/125;FASE 10;BOT_RAMPA_SUPERIOR;2597,235016;12;ESPERANZA
04-06-2023;CF233;C132;CAT 793 C;Lastre Oxidado;ESP/F10/2328/125;FASE 10;BOT_RAMPA_SUPERIOR;649,309021;3;ESPERANZA
04-06-2023;CF233;C134;CAT 793 C;Lastre Oxidado;ESP/F10/2328/125;FASE 10;BOT_RAMPA_SUPERIOR;2380,802002;11;ESPERANZA
04-06-2023;CF233;C151;CAT 793 F;Lastre Oxidado;ESP/F10/2328/125;FASE 10;BOT_RAMPA_SUPERIOR;1947,932068;9;ESPERANZA
04-06-2023;CF233;C152;CAT 793 F;Lastre Oxidado;ESP/F10/2328/125;FASE 10;BOT_RAMPA_SUPERIOR;1947,928986;9;ESPERANZA
04-06-2023;CF233;C153;CAT 793 F;Lastre Oxidado;ESP/F10/2328/125;FASE 10;BOT_RAMPA_SUPERIOR;649,309021;3;ESPERANZA
04-06-2023;CF233;C154;CAT 793 F;Lastre Oxidado;ESP/F10/2328/125;FASE 10;BOT_RAMPA_SUPERIOR;1515,052063;7;ESPERANZA
04-06-2023;CF233;C155;CAT 793 F;Lastre Oxidado;ESP/F10/2328/125;FASE 10;BOT_RAMPA_SUPERIOR;432,8720093;2;ESPERANZA
04-06-2023;CF233;C156;CAT 793 F;Lastre Oxidado;ESP/F10/2328/125;FASE 10;BOT_RAMPA_SUPERIOR;649,309021;3;ESPERANZA
04-06-2023;CF233;C159;CAT 793 F;Lastre Oxidado;ESP/F10/2328/125;FASE 10;BOT_RAMPA_SUPERIOR;1947,925995;9;ESPERANZA
04-06-2023;CF233;C160;CAT 793 F;Lastre Oxidado;ESP/F10/2328/125;FASE 10;BOT_RAMPA_SUPERIOR;1515,05304;7;ESPERANZA
04-06-2023;CF233;C160;CAT 793 F;Lastre Sulfurado;ESP/F10/2328/1240;FASE 10;BOT_RAMPA_SUPERIOR;216,4360046;1;ESPERANZA
04-06-2023;CF233;C161;CAT 793 F;Lastre Oxidado;ESP/F10/2328/125;FASE 10;BOT_RAMPA_SUPERIOR;3462,985016;16;ESPERANZA
04-06-2023;CF233;C162;CAT 793 F;Lastre Oxidado;ESP/F10/2328/125;FASE 10;BOT_RAMPA_SUPERIOR;1731,492004;8;ESPERANZA
04-06-2023;CF233;C164;CAT 793 F;Lastre Oxidado;ESP/F10/2328/125;FASE 10;BOT_RAMPA_SUPERIOR;1298,616058;6;ESPERANZA
04-06-2023;CF234;C122;CAT 793 C;Marginal Alta;STM-NE-02;OXIDO;CHANCADO-OXIDO;649,309021;3;TESORO
04-06-2023;CF234;C125;CAT 793 C;Marginal Alta;STM-NE-02;OXIDO;CHANCADO-OXIDO;216,4360046;1;TESORO
04-06-2023;CF234;C128;CAT 793 C;Marginal Alta;STM-NE-02;OXIDO;CHANCADO-OXIDO;2380,80304;11;TESORO
04-06-2023;CF234;C130;CAT 793 C;Marginal Alta;STM-NE-02;OXIDO;CHANCADO-OXIDO;432,8720093;2;TESORO
04-06-2023;CF234;C131;CAT 793 C;Marginal Alta;STM-NE-02;OXIDO;CHANCADO-OXIDO;7358,832092;34;TESORO
04-06-2023;CF234;C135;CAT 793 C;Marginal Alta;STM-NE-02;OXIDO;CHANCADO-OXIDO;6709,530029;31;TESORO
04-06-2023;CF234;C153;CAT 793 F;Marginal Alta;STM-NE-02;OXIDO;CHANCADO-OXIDO;432,8729858;2;TESORO
04-06-2023;CF3;C07;CAT 797 B;Sulfuro de Media;STOCK_SME1;ESPERANZA;CHANCADO-SULFURO;346,4039917;1;ESPERANZA
04-06-2023;CF3;C123;CAT 793 C;Sulfuro de Media;STOCK_SME1;ESPERANZA;CHANCADO-SULFURO;650,8809967;3;ESPERANZA
04-06-2023;CF3;C128;CAT 793 C;Sulfuro Baja Ley;STOCK_SBL_ESS;ESPERANZA_SUR;CHANCADO-SULFURO;3905,280029;18;ESPERANZA_SUR
04-06-2023;CF3;C129;CAT 793 C;Sulfuro Baja Ley;STOCK_SBL_ESS;ESPERANZA_SUR;CHANCADO-SULFURO;1518,719971;7;ESPERANZA_SUR
04-06-2023;CF3;C129;CAT 793 C;Sulfuro de Media;STOCK_SME1;ESPERANZA;CHANCADO-SULFURO;1518,721039;7;ESPERANZA
04-06-2023;CF3;C134;CAT 793 C;Sulfuro Baja Ley;STOCK_SBL_ESS;ESPERANZA_SUR;CHANCADO-SULFURO;650,8809814;3;ESPERANZA_SUR
04-06-2023;CF3;C134;CAT 793 C;Sulfuro de Media;STOCK_SME1;ESPERANZA;CHANCADO-SULFURO;1735,680054;8;ESPERANZA
04-06-2023;CF3;C152;CAT 793 F;Sulfuro de Media;STOCK_SME1;ESPERANZA;CHANCADO-SULFURO;650,8809967;3;ESPERANZA
04-06-2023;CF3;C155;CAT 793 F;Sulfuro Baja Ley;STOCK_SBL_ESS;ESPERANZA_SUR;CHANCADO-SULFURO;1735,680054;8;ESPERANZA_SUR
04-06-2023;CF3;C155;CAT 793 F;Sulfuro de Media;STOCK_SME1;ESPERANZA;CHANCADO-SULFURO;650,8809967;3;ESPERANZA
04-06-2023;CF3;C156;CAT 793 F;Sulfuro de Media;STOCK_SME1;ESPERANZA;CHANCADO-SULFURO;1735,68103;8;ESPERANZA
04-06-2023;CF3;C159;CAT 793 F;Sulfuro Baja Ley;STOCK_SBL_ESS;ESPERANZA_SUR;CHANCADO-SULFURO;2603,520065;12;ESPERANZA_SUR
04-06-2023;CF3;C159;CAT 793 F;Sulfuro de Media;STOCK_SME1;ESPERANZA;CHANCADO-SULFURO;1735,679977;8;ESPERANZA
04-06-2023;CF3;C16;CAT 797 B;Sulfuro Baja Ley;STOCK_SBL_ESS;ESPERANZA_SUR;CHANCADO-SULFURO;346,4039917;1;ESPERANZA_SUR
04-06-2023;CF3;C160;CAT 793 F;Sulfuro Baja Ley;STOCK_SBL_ESS;ESPERANZA_SUR;CHANCADO-SULFURO;1084,800995;5;ESPERANZA_SUR
04-06-2023;CF3;C161;CAT 793 F;Sulfuro Baja Ley;STOCK_SBL_ESS;ESPERANZA_SUR;CHANCADO-SULFURO;650,8809967;3;ESPERANZA_SUR
04-06-2023;CF3;C162;CAT 793 F;Sulfuro de Media;STOCK_SME1;ESPERANZA;CHANCADO-SULFURO;433,9200134;2;ESPERANZA
04-06-2023;CF3;C164;CAT 793 F;Sulfuro Baja Ley;STOCK_SBL_ESS;ESPERANZA_SUR;CHANCADO-SULFURO;3471,359985;16;ESPERANZA_SUR
04-06-2023;CF3;C164;CAT 793 F;Sulfuro de Media;STOCK_SME1;ESPERANZA;CHANCADO-SULFURO;650,8809967;3;ESPERANZA
04-06-2023;CF3;C19;CAT 797 F;Sulfuro Baja Ley;STOCK_SBL_ESS;ESPERANZA_SUR;CHANCADO-SULFURO;1732,019958;5;ESPERANZA_SUR
04-06-2023;CF3;C19;CAT 797 F;Sulfuro de Media;STOCK_SME1;ESPERANZA;CHANCADO-SULFURO;346,4039917;1;ESPERANZA
04-06-2023;CF3;C21;CAT 797 F;Sulfuro Baja Ley;STOCK_SBL_ESS;ESPERANZA_SUR;CHANCADO-SULFURO;1385,615967;4;ESPERANZA_SUR
04-06-2023;CF3;C36;CAT 797 F;Sulfuro Baja Ley;STOCK_SBL_ESS;ESPERANZA_SUR;CHANCADO-SULFURO;692,8079834;2;ESPERANZA_SUR
04-06-2023;CF3;C36;CAT 797 F;Sulfuro de Media;STOCK_SME1;ESPERANZA;CHANCADO-SULFURO;346,4039917;1;ESPERANZA
04-06-2023;CF4;C980AHSESPS;Kom 980 AHS;Lastre Sulfurado;ESS/F02/2120/R200;F02 ESPSUR;BOTADERO_2021;16920;47;ESPERANZA_SUR
04-06-2023;CF4;C980AHSESPS;Kom 980 AHS;Lastre Sulfurado;ESS/F02/2136/R200;F02 ESPSUR;BOTADERO_2021;14760;41;ESPERANZA_SUR
04-06-2023;PA1;C07;CAT 797 B;Lastre Sulfurado;ESP/F07/2104/706;FASE 7;BOT_2380_INT;692,8079834;2;ESPERANZA
04-06-2023;PA1;C07;CAT 797 B;Lastre Sulfurado;ESP/F07/2104/706;FASE 7;BOT_INT_RB;692,8079834;2;ESPERANZA
04-06-2023;PA1;C08;CAT 797 B;Lastre Sulfurado;ESP/F07/2104/706;FASE 7;BOT_2380_INT;346,4039917;1;ESPERANZA
04-06-2023;PA1;C08;CAT 797 B;Lastre Sulfurado;ESP/F07/2104/706;FASE 7;BOT_INT_RB;346,4039917;1;ESPERANZA
04-06-2023;PA1;C09;CAT 797 B;Lastre Sulfurado;ESP/F07/2104/706;FASE 7;BOT_INT_RB;2078,424011;6;ESPERANZA
04-06-2023;PA1;C10;CAT 797 B;Lastre Sulfurado;ESP/F07/2104/706;FASE 7;BOT_INT_RB;1385,619995;4;ESPERANZA
04-06-2023;PA1;C12;CAT 797 B;Lastre Sulfurado;ESP/F07/2104/706;FASE 7;BOT_2380_INT;1039,209961;3;ESPERANZA
04-06-2023;PA1;C12;CAT 797 B;Lastre Sulfurado;ESP/F07/2104/706;FASE 7;BOT_INT_RB;2078,424011;6;ESPERANZA
04-06-2023;PA1;C13;CAT 797 B;Lastre Sulfurado;ESP/F07/2104/706;FASE 7;BOT_2380_INT;692,8079834;2;ESPERANZA
04-06-2023;PA1;C13;CAT 797 B;Lastre Sulfurado;ESP/F07/2104/706;FASE 7;BOT_INT_RB;1385,613953;4;ESPERANZA
04-06-2023;PA1;C14;CAT 797 B;Lastre Sulfurado;ESP/F07/2104/706;FASE 7;BOT_INT_RB;692,8079834;2;ESPERANZA
04-06-2023;PA1;C15;CAT 797 B;Lastre Sulfurado;ESP/F07/2104/706;FASE 7;BOT_2380_INT;346,4039917;1;ESPERANZA
04-06-2023;PA1;C15;CAT 797 B;Lastre Sulfurado;ESP/F07/2104/706;FASE 7;BOT_INT_RB;2078,421936;6;ESPERANZA
04-06-2023;PA1;C16;CAT 797 B;Lastre Sulfurado;ESP/F07/2104/706;FASE 7;BOT_INT_RB;1385,619995;4;ESPERANZA
04-06-2023;PA1;C17;CAT 797 F;Lastre Sulfurado;ESP/F07/2104/706;FASE 7;BOT_INT_RB;1385,615967;4;ESPERANZA
04-06-2023;PA1;C18;CAT 797 F;Lastre Sulfurado;ESP/F07/2104/706;FASE 7;BOT_2380_INT;346,4039917;1;ESPERANZA
04-06-2023;PA1;C18;CAT 797 F;Lastre Sulfurado;ESP/F07/2104/706;FASE 7;BOT_INT_RB;2078,421936;6;ESPERANZA
04-06-2023;PA1;C19;CAT 797 F;Lastre Sulfurado;ESP/F07/2104/706;FASE 7;BOT_INT_RB;1039,211975;3;ESPERANZA
04-06-2023;PA1;C20;CAT 797 F;Lastre Sulfurado;ESP/F07/2104/706;FASE 7;BOT_INT_RB;1039,211975;3;ESPERANZA
04-06-2023;PA1;C21;CAT 797 F;Lastre Sulfurado;ESP/F07/2104/706;FASE 7;BOT_2380_INT;1732,02002;5;ESPERANZA
04-06-2023;PA1;C21;CAT 797 F;Lastre Sulfurado;ESP/F07/2104/706;FASE 7;BOT_INT_RB;1385,615967;4;ESPERANZA
04-06-2023;PA1;C22;CAT 797 F;Lastre Sulfurado;ESP/F07/2104/706;FASE 7;BOT_2380_INT;692,8079834;2;ESPERANZA
04-06-2023;PA1;C22;CAT 797 F;Lastre Sulfurado;ESP/F07/2104/706;FASE 7;BOT_INT_RB;2424,823914;7;ESPERANZA
04-06-2023;PA1;C23;CAT 797 F;Lastre Sulfurado;ESP/F07/2104/706;FASE 7;BOT_INT_RB;346,4039917;1;ESPERANZA
04-06-2023;PA1;C24;CAT 797 F;Lastre Sulfurado;ESP/F07/2104/706;FASE 7;BOT_INT_RB;692,8079834;2;ESPERANZA
04-06-2023;PA1;C25;CAT 797 F;Lastre Sulfurado;ESP/F07/2104/706;FASE 7;BOT_2380_INT;346,4039917;1;ESPERANZA
04-06-2023;PA1;C25;CAT 797 F;Lastre Sulfurado;ESP/F07/2104/706;FASE 7;BOT_INT_RB;1039,209961;3;ESPERANZA
04-06-2023;PA1;C32;CAT 797 F;Lastre Sulfurado;ESP/F07/2104/706;FASE 7;BOT_2380_INT;346,4039917;1;ESPERANZA
04-06-2023;PA1;C32;CAT 797 F;Lastre Sulfurado;ESP/F07/2104/706;FASE 7;BOT_INT_RB;2078,427979;6;ESPERANZA
04-06-2023;PA1;C34;CAT 797 F;Lastre Sulfurado;ESP/F07/2104/706;FASE 7;BOT_2380_INT;346,4039917;1;ESPERANZA
04-06-2023;PA1;C34;CAT 797 F;Lastre Sulfurado;ESP/F07/2104/706;FASE 7;BOT_INT_RB;1039,211975;3;ESPERANZA
04-06-2023;PA1;C36;CAT 797 F;Lastre Sulfurado;ESP/F07/2104/706;FASE 7;BOT_INT_RB;1385,615967;4;ESPERANZA
04-06-2023;PA1;C37;CAT 797 F;Lastre Sulfurado;ESP/F07/2104/706;FASE 7;BOT_INT_RB;692,8079834;2;ESPERANZA
04-06-2023;PA1;C38;CAT 797 F;Lastre Sulfurado;ESP/F07/2104/706;FASE 7;BOT_2380_INT;1039,211975;3;ESPERANZA
04-06-2023;PA1;C38;CAT 797 F;Lastre Sulfurado;ESP/F07/2104/706;FASE 7;BOT_INT_RB;2078,424011;6;ESPERANZA
04-06-2023;PA1;C39;CAT 797 F;Lastre Sulfurado;ESP/F07/2104/706;FASE 7;BOT_2380_INT;1385,613953;4;ESPERANZA
04-06-2023;PA1;C39;CAT 797 F;Lastre Sulfurado;ESP/F07/2104/706;FASE 7;BOT_INT_RB;692,8079834;2;ESPERANZA
04-06-2023;PA1;C40;CAT 797 F;Lastre Sulfurado;ESP/F07/2104/706;FASE 7;BOT_2380_INT;1385,613953;4;ESPERANZA
04-06-2023;PA1;C40;CAT 797 F;Lastre Sulfurado;ESP/F07/2104/706;FASE 7;BOT_INT_RB;1732,017944;5;ESPERANZA
04-06-2023;PA1;C41;CAT 797 F;Lastre Sulfurado;ESP/F07/2104/706;FASE 7;BOT_2380_INT;346,4039917;1;ESPERANZA
04-06-2023;PA1;C41;CAT 797 F;Lastre Sulfurado;ESP/F07/2104/706;FASE 7;BOT_INT_RB;1039,209961;3;ESPERANZA
04-06-2023;PA1;C42;CAT 797 F;Lastre Sulfurado;ESP/F07/2104/706;FASE 7;BOT_2380_INT;1732,02002;5;ESPERANZA
04-06-2023;PA1;C42;CAT 797 F;Lastre Sulfurado;ESP/F07/2104/706;FASE 7;BOT_INT_RB;2424,828003;7;ESPERANZA
04-06-2023;PA1;C43;CAT 797 F;Lastre Sulfurado;ESP/F07/2104/706;FASE 7;BOT_2380_INT;692,8079834;2;ESPERANZA
04-06-2023;PA1;C43;CAT 797 F;Lastre Sulfurado;ESP/F07/2104/706;FASE 7;BOT_INT_RB;1732,017944;5;ESPERANZA
04-06-2023;PA1;C44;CAT 797 F;Lastre Sulfurado;ESP/F07/2104/706;FASE 7;BOT_INT_RB;1385,619995;4;ESPERANZA
04-06-2023;PA1;C45;CAT 797 F;Lastre Sulfurado;ESP/F07/2104/706;FASE 7;BOT_2380_INT;346,4039917;1;ESPERANZA
04-06-2023;PA1;C45;CAT 797 F;Lastre Sulfurado;ESP/F07/2104/706;FASE 7;BOT_INT_RB;2078,424011;6;ESPERANZA
04-06-2023;PA1;C46;CAT 797 F;Lastre Sulfurado;ESP/F07/2104/706;FASE 7;BOT_2380_INT;346,4039917;1;ESPERANZA
04-06-2023;PA1;C46;CAT 797 F;Lastre Sulfurado;ESP/F07/2104/706;FASE 7;BOT_INT_RB;692,8079834;2;ESPERANZA
04-06-2023;PA1;C47;CAT 797 F;Lastre Sulfurado;ESP/F07/2104/706;FASE 7;BOT_INT_RB;1039,211975;3;ESPERANZA
04-06-2023;PA1;C48;CAT 797 F;Lastre Sulfurado;ESP/F07/2104/706;FASE 7;BOT_2380_INT;1385,615967;4;ESPERANZA
04-06-2023;PA1;C48;CAT 797 F;Lastre Sulfurado;ESP/F07/2104/706;FASE 7;BOT_INT_RB;1039,211975;3;ESPERANZA
04-06-2023;PA1;C49;KOM 930 E;Lastre Sulfurado;ESP/F07/2104/706;FASE 7;BOT_INT_RB;582;2;ESPERANZA
04-06-2023;PA1;C50;KOM 930 E;Lastre Sulfurado;ESP/F07/2104/706;FASE 7;BOT_INT_RB;1164;4;ESPERANZA
04-06-2023;PA1;C51;KOM 930 E;Lastre Sulfurado;ESP/F07/2104/706;FASE 7;BOT_INT_RB;873;3;ESPERANZA
04-06-2023;PA1;C52;KOM 930 E;Lastre Sulfurado;ESP/F07/2104/706;FASE 7;BOT_INT_RB;1455;5;ESPERANZA
04-06-2023;PA1;C53;KOM 930 E;Lastre Sulfurado;ESP/F07/2104/706;FASE 7;BOT_INT_RB;291;1;ESPERANZA
04-06-2023;PA1;C54;KOM 930 E;Lastre Sulfurado;ESP/F07/2104/706;FASE 7;BOT_INT_RB;291;1;ESPERANZA
04-06-2023;PA1;C55;KOM 930 E;Lastre Sulfurado;ESP/F07/2104/706;FASE 7;BOT_INT_RB;1164;4;ESPERANZA
04-06-2023;PA1;C56;KOM 930 E;Lastre Sulfurado;ESP/F07/2104/706;FASE 7;BOT_INT_RB;873;3;ESPERANZA
04-06-2023;PA1;C57;KOM 930 E;Lastre Sulfurado;ESP/F07/2104/706;FASE 7;BOT_INT_RB;291;1;ESPERANZA
04-06-2023;PA1;C58;KOM 930 E;Lastre Sulfurado;ESP/F07/2104/706;FASE 7;BOT_INT_RB;582;2;ESPERANZA
04-06-2023;PA1;C59;KOM 930 E;Lastre Sulfurado;ESP/F07/2104/706;FASE 7;BOT_INT_RB;582;2;ESPERANZA
04-06-2023;PA1;C60;KOM 930 E;Lastre Sulfurado;ESP/F07/2104/706;FASE 7;BOT_INT_RB;873;3;ESPERANZA
04-06-2023;PA1;C61;KOM 930 E;Lastre Sulfurado;ESP/F07/2104/706;FASE 7;BOT_2380_INT;291;1;ESPERANZA
04-06-2023;PA1;C61;KOM 930 E;Lastre Sulfurado;ESP/F07/2104/706;FASE 7;BOT_INT_RB;582;2;ESPERANZA
04-06-2023;PA10;C980AHSESPS;Kom 980 AHS;Lastre Oxidado;ESS/F03/2216/3231;F03 ESPSUR;BOTADERO_2021;39960;111;ESPERANZA_SUR
04-06-2023;PA11;C20115ESPS;KOM 980 ESPS;Sulfuro Baja Ley;ESS/F02/2120/213;F02 ESPSUR;CHANCADO-SULFURO;49320;137;ESPERANZA_SUR
04-06-2023;PA11;C20115ESPS;KOM 980 ESPS;Sulfuro de Media;ESS/F02/2120/213;F02 ESPSUR;CHANCADO-SULFURO;4680;13;ESPERANZA_SUR
04-06-2023;PA11;C980AHSESPS;Kom 980 AHS;Sulfuro Baja Ley;ESS/F02/2120/213;F02 ESPSUR;STOCK_SBL_ESS;19440;54;ESPERANZA_SUR
04-06-2023;PA2;C22;CAT 797 F;Sulfuro Planta;ESP/F08/1784/812;FASE 8;STOCK_SPL_DIN;346,4039917;1;ESPERANZA
04-06-2023;PA2;C32;CAT 797 F;Sulfuro Planta;ESP/F08/1784/812;FASE 8;CHANCADO-SULFURO;692,8079834;2;ESPERANZA
04-06-2023;PA2;C37;CAT 797 F;Sulfuro Planta;ESP/F08/1784/812;FASE 8;CHANCADO-SULFURO;346,4039917;1;ESPERANZA
04-06-2023;PA2;C38;CAT 797 F;Sulfuro de Media;ESP/F08/1784/812;FASE 8;CHANCADO-SULFURO;346,4039917;1;ESPERANZA
04-06-2023;PA2;C42;CAT 797 F;Sulfuro de Media;ESP/F08/1784/812;FASE 8;CHANCADO-SULFURO;346,4039917;1;ESPERANZA
04-06-2023;PA2;C49;KOM 930 E;Sulfuro de Media;ESP/F08/1784/812;FASE 8;CHANCADO-SULFURO;291;1;ESPERANZA
04-06-2023;PA2;C49;KOM 930 E;Sulfuro Planta;ESP/F08/1784/812;FASE 8;CHANCADO-SULFURO;1455;5;ESPERANZA
04-06-2023;PA2;C49;KOM 930 E;Sulfuro Planta;ESP/F08/1784/812;FASE 8;STOCK_SPL_DIN;291;1;ESPERANZA
04-06-2023;PA2;C50;KOM 930 E;Sulfuro de Media;ESP/F08/1784/812;FASE 8;CHANCADO-SULFURO;291;1;ESPERANZA
04-06-2023;PA2;C50;KOM 930 E;Sulfuro Planta;ESP/F08/1784/812;FASE 8;CHANCADO-SULFURO;1164;4;ESPERANZA
04-06-2023;PA2;C51;KOM 930 E;Sulfuro Planta;ESP/F08/1784/812;FASE 8;CHANCADO-SULFURO;873;3;ESPERANZA
04-06-2023;PA2;C52;KOM 930 E;Sulfuro de Media;ESP/F08/1784/812;FASE 8;CHANCADO-SULFURO;291;1;ESPERANZA
04-06-2023;PA2;C52;KOM 930 E;Sulfuro Planta;ESP/F08/1784/812;FASE 8;CHANCADO-SULFURO;873;3;ESPERANZA
04-06-2023;PA2;C52;KOM 930 E;Sulfuro Planta;ESP/F08/1784/812;FASE 8;STOCK_SPL_DIN;291;1;ESPERANZA
04-06-2023;PA2;C53;KOM 930 E;Sulfuro Planta;ESP/F08/1784/812;FASE 8;CHANCADO-SULFURO;1455;5;ESPERANZA
04-06-2023;PA2;C54;KOM 930 E;Sulfuro Planta;ESP/F08/1784/812;FASE 8;CHANCADO-SULFURO;1746;6;ESPERANZA
04-06-2023;PA2;C55;KOM 930 E;Sulfuro Planta;ESP/F08/1784/812;FASE 8;CHANCADO-SULFURO;582;2;ESPERANZA
04-06-2023;PA2;C56;KOM 930 E;Sulfuro de Media;ESP/F08/1784/812;FASE 8;CHANCADO-SULFURO;582;2;ESPERANZA
04-06-2023;PA2;C56;KOM 930 E;Sulfuro Planta;ESP/F08/1784/812;FASE 8;CHANCADO-SULFURO;1164;4;ESPERANZA
04-06-2023;PA2;C57;KOM 930 E;Sulfuro Planta;ESP/F08/1784/812;FASE 8;CHANCADO-SULFURO;291;1;ESPERANZA
04-06-2023;PA2;C58;KOM 930 E;Sulfuro Planta;ESP/F08/1784/812;FASE 8;CHANCADO-SULFURO;2328;8;ESPERANZA
04-06-2023;PA2;C58;KOM 930 E;Sulfuro Planta;ESP/F08/1784/812;FASE 8;STOCK_SPL_DIN;291;1;ESPERANZA
04-06-2023;PA2;C59;KOM 930 E;Sulfuro Planta;ESP/F08/1784/812;FASE 8;CHANCADO-SULFURO;1164;4;ESPERANZA
04-06-2023;PA2;C59;KOM 930 E;Sulfuro Planta;ESP/F08/1784/812;FASE 8;STOCK_SPL_DIN;873;3;ESPERANZA
04-06-2023;PA2;C60;KOM 930 E;Sulfuro de Media;ESP/F08/1784/812;FASE 8;CHANCADO-SULFURO;291;1;ESPERANZA
04-06-2023;PA2;C60;KOM 930 E;Sulfuro Planta;ESP/F08/1784/812;FASE 8;CHANCADO-SULFURO;1455;5;ESPERANZA
04-06-2023;PA2;C60;KOM 930 E;Sulfuro Planta;ESP/F08/1784/812;FASE 8;STOCK_SPL_DIN;582;2;ESPERANZA
04-06-2023;PA2;C61;KOM 930 E;Sulfuro de Media;ESP/F08/1784/812;FASE 8;CHANCADO-SULFURO;291;1;ESPERANZA
04-06-2023;PA2;C61;KOM 930 E;Sulfuro Planta;ESP/F08/1784/812;FASE 8;CHANCADO-SULFURO;1164;4;ESPERANZA
04-06-2023;PA2;C61;KOM 930 E;Sulfuro Planta;ESP/F08/1784/812;FASE 8;STOCK_SPL_DIN;291;1;ESPERANZA
04-06-2023;PA211;C122;CAT 793 C;Lastre Oxidado;ESP/F10/2296/1031;FASE 10;BOT_RAMPA_SUPERIOR;1947,930054;9;ESPERANZA
04-06-2023;PA211;C123;CAT 793 C;Lastre Oxidado;ESP/F10/2296/1031;FASE 10;BOT_RAMPA_SUPERIOR;2597,239044;12;ESPERANZA
04-06-2023;PA211;C125;CAT 793 C;Lastre Oxidado;ESP/F10/2296/1031;FASE 10;BOT_RAMPA_SUPERIOR;1515,060059;7;ESPERANZA
04-06-2023;PA211;C128;CAT 793 C;Lastre Oxidado;ESP/F10/2296/1031;FASE 10;BOT_RAMPA_SUPERIOR;1298,617981;6;ESPERANZA
04-06-2023;PA211;C129;CAT 793 C;Lastre Oxidado;ESP/F10/2296/1031;FASE 10;BOT_RAMPA_SUPERIOR;1515,054016;7;ESPERANZA
04-06-2023;PA211;C130;CAT 793 C;Lastre Oxidado;ESP/F10/2296/1031;FASE 10;BOT_MIJO;432,8729858;2;ESPERANZA
04-06-2023;PA211;C130;CAT 793 C;Lastre Oxidado;ESP/F10/2296/1031;FASE 10;BOT_RAMPA_SUPERIOR;2164,369049;10;ESPERANZA
04-06-2023;PA211;C132;CAT 793 C;Lastre Oxidado;ESP/F10/2296/1031;FASE 10;BOT_RAMPA_SUPERIOR;5843,78302;27;ESPERANZA
04-06-2023;PA211;C134;CAT 793 C;Lastre Oxidado;ESP/F10/2296/1031;FASE 10;BOT_RAMPA_SUPERIOR;1947,929016;9;ESPERANZA
04-06-2023;PA211;C151;CAT 793 F;Lastre Oxidado;ESP/F10/2296/1031;FASE 10;BOT_RAMPA_SUPERIOR;1515,054962;7;ESPERANZA
04-06-2023;PA211;C152;CAT 793 F;Lastre Oxidado;ESP/F10/2296/1031;FASE 10;BOT_RAMPA_SUPERIOR;1731,490997;8;ESPERANZA
04-06-2023;PA211;C153;CAT 793 F;Lastre Oxidado;ESP/F10/2296/1031;FASE 10;BOT_RAMPA_SUPERIOR;216,4360046;1;ESPERANZA
04-06-2023;PA211;C154;CAT 793 F;Lastre Oxidado;ESP/F10/2296/1031;FASE 10;BOT_MIJO;216,4360046;1;ESPERANZA
04-06-2023;PA211;C154;CAT 793 F;Lastre Oxidado;ESP/F10/2296/1031;FASE 10;BOT_RAMPA_SUPERIOR;1082,181976;5;ESPERANZA
04-06-2023;PA211;C155;CAT 793 F;Lastre Oxidado;ESP/F10/2296/1031;FASE 10;BOT_RAMPA_SUPERIOR;1082,181976;5;ESPERANZA
04-06-2023;PA211;C156;CAT 793 F;Lastre Oxidado;ESP/F10/2296/1031;FASE 10;BOT_RAMPA_SUPERIOR;1515,060059;7;ESPERANZA
04-06-2023;PA211;C159;CAT 793 F;Lastre Oxidado;ESP/F10/2296/1031;FASE 10;BOT_RAMPA_SUPERIOR;1731,490997;8;ESPERANZA
04-06-2023;PA211;C160;CAT 793 F;Lastre Oxidado;ESP/F10/2296/1031;FASE 10;BOT_RAMPA_SUPERIOR;865,7449951;4;ESPERANZA
04-06-2023;PA211;C161;CAT 793 F;Lastre Oxidado;ESP/F10/2296/1031;FASE 10;BOT_RAMPA_SUPERIOR;649,3080139;3;ESPERANZA
04-06-2023;PA211;C162;CAT 793 F;Lastre Oxidado;ESP/F10/2296/1031;FASE 10;BOT_RAMPA_SUPERIOR;1515,052063;7;ESPERANZA
04-06-2023;PA211;C164;CAT 793 F;Lastre Oxidado;ESP/F10/2296/1031;FASE 10;BOT_RAMPA_SUPERIOR;432,8720093;2;ESPERANZA
04-06-2023;PA211;C46;CAT 797 F;Lastre Oxidado;ESP/F10/2296/1031;FASE 10;BOT_RAMPA_SUPERIOR;346,4039917;1;ESPERANZA
04-06-2023;PA211;C49;KOM 930 E;Lastre Oxidado;ESP/F10/2296/1031;FASE 10;BOT_RAMPA_SUPERIOR;291;1;ESPERANZA
04-06-2023;PA211;C50;KOM 930 E;Lastre Oxidado;ESP/F10/2296/1031;FASE 10;BOT_RAMPA_SUPERIOR;2037;7;ESPERANZA
04-06-2023;PA211;C51;KOM 930 E;Lastre Oxidado;ESP/F10/2296/1031;FASE 10;BOT_RAMPA_SUPERIOR;3201;11;ESPERANZA
04-06-2023;PA211;C52;KOM 930 E;Lastre Oxidado;ESP/F10/2296/1031;FASE 10;BOT_RAMPA_SUPERIOR;4074;14;ESPERANZA
04-06-2023;PA211;C52;KOM 930 E;Lastre Sulfurado;ESP/F07/2104/706;FASE 7;BOT_INT_RB;291;1;ESPERANZA
04-06-2023;PA211;C53;KOM 930 E;Lastre Oxidado;ESP/F10/2296/1031;FASE 10;BOT_RAMPA_SUPERIOR;291;1;ESPERANZA
04-06-2023;PA211;C54;KOM 930 E;Lastre Oxidado;ESP/F07/2120/729;FASE 7;BOT_INT_RB;291;1;ESPERANZA
04-06-2023;PA211;C54;KOM 930 E;Lastre Oxidado;ESP/F10/2296/1031;FASE 10;BOT_RAMPA_SUPERIOR;4365;15;ESPERANZA
04-06-2023;PA211;C55;KOM 930 E;Lastre Oxidado;ESP/F10/2296/1031;FASE 10;BOT_INT_RB;873;3;ESPERANZA
04-06-2023;PA211;C55;KOM 930 E;Lastre Oxidado;ESP/F10/2296/1031;FASE 10;BOT_RAMPA_SUPERIOR;2037;7;ESPERANZA
04-06-2023;PA211;C56;KOM 930 E;Lastre Oxidado;ESP/F10/2296/1031;FASE 10;BOT_RAMPA_SUPERIOR;4365;15;ESPERANZA
04-06-2023;PA211;C57;KOM 930 E;Lastre Oxidado;ESP/F10/2296/1031;FASE 10;BOT_RAMPA_SUPERIOR;582;2;ESPERANZA
04-06-2023;PA211;C58;KOM 930 E;Lastre Oxidado;ESP/F10/2296/1031;FASE 10;BOT_RAMPA_SUPERIOR;873;3;ESPERANZA
04-06-2023;PA211;C59;KOM 930 E;Lastre Oxidado;ESP/F10/2296/1031;FASE 10;BOT_RAMPA_SUPERIOR;582;2;ESPERANZA
04-06-2023;PA211;C60;KOM 930 E;Lastre Oxidado;ESP/F10/2296/1031;FASE 10;BOT_RAMPA_SUPERIOR;2037;7;ESPERANZA
04-06-2023;PA211;C61;KOM 930 E;Lastre Oxidado;ESP/F10/2296/1031;FASE 10;BOT_INT_RB;291;1;ESPERANZA
04-06-2023;PA211;C61;KOM 930 E;Lastre Oxidado;ESP/F10/2296/1031;FASE 10;BOT_RAMPA_SUPERIOR;4074;14;ESPERANZA
04-06-2023;PA26;C08;CAT 797 B;Lastre Oxidado;ESP/F07/2120/705;FASE 7;BOT_2380_INT;346,4039917;1;ESPERANZA
04-06-2023;PA26;C09;CAT 797 B;Lastre Oxidado;ESP/F07/2120/705;FASE 7;BOT_2380_INT;346,4039917;1;ESPERANZA
04-06-2023;PA26;C09;CAT 797 B;Lastre Oxidado;ESP/F07/2120/705;FASE 7;BOT_INT_RB;1039,209961;3;ESPERANZA
04-06-2023;PA26;C10;CAT 797 B;Lastre Oxidado;ESP/F07/2120/705;FASE 7;BOT_INT_RB;346,4039917;1;ESPERANZA
04-06-2023;PA26;C13;CAT 797 B;Lastre Oxidado;ESP/F07/2120/705;FASE 7;BOT_2380_INT;692,8079834;2;ESPERANZA
04-06-2023;PA26;C13;CAT 797 B;Lastre Oxidado;ESP/F07/2120/705;FASE 7;BOT_INT_RB;692,8079834;2;ESPERANZA
04-06-2023;PA26;C14;CAT 797 B;Lastre Oxidado;ESP/F07/2120/705;FASE 7;BOT_2380_INT;346,4039917;1;ESPERANZA
04-06-2023;PA26;C15;CAT 797 B;Lastre Oxidado;ESP/F07/2120/705;FASE 7;BOT_2380_INT;346,4039917;1;ESPERANZA
04-06-2023;PA26;C16;CAT 797 B;Lastre Oxidado;ESP/F07/2120/705;FASE 7;BOT_2380_INT;346,4039917;1;ESPERANZA
04-06-2023;PA26;C17;CAT 797 F;Lastre Oxidado;ESP/F07/2120/705;FASE 7;BOT_2380_INT;346,4039917;1;ESPERANZA
04-06-2023;PA26;C18;CAT 797 F;Lastre Oxidado;ESP/F07/2120/705;FASE 7;BOT_INT_RB;346,4039917;1;ESPERANZA
04-06-2023;PA26;C20;CAT 797 F;Lastre Oxidado;ESP/F07/2120/705;FASE 7;BOT_INT_RB;692,8079834;2;ESPERANZA
04-06-2023;PA26;C21;CAT 797 F;Lastre Oxidado;ESP/F07/2120/705;FASE 7;BOT_2380_INT;346,4039917;1;ESPERANZA
04-06-2023;PA26;C22;CAT 797 F;Lastre Oxidado;ESP/F07/2120/705;FASE 7;BOT_2380_INT;692,8079834;2;ESPERANZA
04-06-2023;PA26;C22;CAT 797 F;Lastre Oxidado;ESP/F07/2120/705;FASE 7;BOT_INT_RB;346,4039917;1;ESPERANZA
04-06-2023;PA26;C23;CAT 797 F;Lastre Oxidado;ESP/F07/2120/705;FASE 7;BOT_2380_INT;692,8079834;2;ESPERANZA
04-06-2023;PA26;C24;CAT 797 F;Lastre Oxidado;ESP/F07/2120/705;FASE 7;BOT_INT_RB;346,4039917;1;ESPERANZA
04-06-2023;PA26;C25;CAT 797 F;Lastre Oxidado;ESP/F07/2120/705;FASE 7;BOT_2380_INT;346,4039917;1;ESPERANZA
04-06-2023;PA26;C25;CAT 797 F;Lastre Oxidado;ESP/F07/2120/705;FASE 7;BOT_INT_RB;1039,209961;3;ESPERANZA
04-06-2023;PA26;C25;CAT 797 F;Lastre Oxidado;ESP/F07/2120/724;FASE 7;BOT_2380_INT;346,4039917;1;ESPERANZA
04-06-2023;PA26;C32;CAT 797 F;Lastre Oxidado;ESP/F07/2120/705;FASE 7;BOT_INT_RB;692,8079834;2;ESPERANZA
04-06-2023;PA26;C34;CAT 797 F;Lastre Oxidado;ESP/F07/2120/705;FASE 7;BOT_INT_RB;346,4039917;1;ESPERANZA
04-06-2023;PA26;C36;CAT 797 F;Lastre Oxidado;ESP/F07/2120/705;FASE 7;BOT_INT_RB;346,4039917;1;ESPERANZA
04-06-2023;PA26;C39;CAT 797 F;Lastre Oxidado;ESP/F07/2120/705;FASE 7;BOT_INT_RB;692,8079834;2;ESPERANZA
04-06-2023;PA26;C40;CAT 797 F;Lastre Oxidado;ESP/F07/2120/705;FASE 7;BOT_INT_RB;692,8079834;2;ESPERANZA
04-06-2023;PA26;C41;CAT 797 F;Lastre Oxidado;ESP/F07/2120/705;FASE 7;BOT_INT_RB;346,4039917;1;ESPERANZA
04-06-2023;PA26;C42;CAT 797 F;Lastre Oxidado;ESP/F07/2120/705;FASE 7;BOT_2380_INT;692,8079834;2;ESPERANZA
04-06-2023;PA26;C44;CAT 797 F;Lastre Oxidado;ESP/F07/2120/705;FASE 7;BOT_INT_RB;346,4039917;1;ESPERANZA
04-06-2023;PA26;C45;CAT 797 F;Lastre Oxidado;ESP/F07/2120/705;FASE 7;BOT_2380_INT;346,4039917;1;ESPERANZA
04-06-2023;PA26;C45;CAT 797 F;Lastre Oxidado;ESP/F07/2120/705;FASE 7;BOT_INT_RB;692,8079834;2;ESPERANZA
04-06-2023;PA26;C46;CAT 797 F;Lastre Oxidado;ESP/F07/2120/705;FASE 7;BOT_2380_INT;346,4039917;1;ESPERANZA
04-06-2023;PA26;C48;CAT 797 F;Lastre Oxidado;ESP/F07/2120/705;FASE 7;BOT_2380_INT;692,8079834;2;ESPERANZA
04-06-2023;PA26;C49;KOM 930 E;Lastre Oxidado;ESP/F07/2120/705;FASE 7;BOT_INT_RB;582;2;ESPERANZA
04-06-2023;PA26;C50;KOM 930 E;Lastre Oxidado;ESP/F07/2120/705;FASE 7;BOT_INT_RB;291;1;ESPERANZA
04-06-2023;PA26;C52;KOM 930 E;Lastre Oxidado;ESP/F07/2120/705;FASE 7;BOT_INT_RB;291;1;ESPERANZA
04-06-2023;PA26;C53;KOM 930 E;Lastre Oxidado;ESP/F07/2120/705;FASE 7;BOT_INT_RB;291;1;ESPERANZA
04-06-2023;PA26;C58;KOM 930 E;Lastre Oxidado;ESP/F07/2120/705;FASE 7;BOT_INT_RB;291;1;ESPERANZA
04-06-2023;PA3;C07;CAT 797 B;Lastre Oxidado;ESP/F07/2120/729;FASE 7;BOT_2380_INT;1385,615967;4;ESPERANZA
04-06-2023;PA3;C07;CAT 797 B;Lastre Oxidado;ESP/F07/2120/729;FASE 7;BOT_INT_RB;1039,209961;3;ESPERANZA
04-06-2023;PA3;C07;CAT 797 B;Lastre Sulfurado;ESP/F07/2120/7290;FASE 7;BOT_INT_RB;346,4039917;1;ESPERANZA
04-06-2023;PA3;C08;CAT 797 B;Lastre Oxidado;ESP/F07/2120/729;FASE 7;BOT_2380_INT;2078,419922;6;ESPERANZA
04-06-2023;PA3;C08;CAT 797 B;Lastre Oxidado;ESP/F07/2120/729;FASE 7;BOT_INT_RB;692,8079834;2;ESPERANZA
04-06-2023;PA3;C09;CAT 797 B;Lastre Oxidado;ESP/F07/2120/729;FASE 7;BOT_2380_INT;2424,830078;7;ESPERANZA
04-06-2023;PA3;C09;CAT 797 B;Lastre Oxidado;ESP/F07/2120/729;FASE 7;BOT_INT_RB;1039,211975;3;ESPERANZA
04-06-2023;PA3;C10;CAT 797 B;Lastre Oxidado;ESP/F07/2120/729;FASE 7;BOT_2380_INT;1385,615967;4;ESPERANZA
04-06-2023;PA3;C10;CAT 797 B;Lastre Oxidado;ESP/F07/2120/729;FASE 7;BOT_INT_RB;692,8079834;2;ESPERANZA
04-06-2023;PA3;C11;CAT 797 B;Lastre Oxidado;ESP/F07/2120/729;FASE 7;BOT_2380_INT;1039,209961;3;ESPERANZA
04-06-2023;PA3;C11;CAT 797 B;Lastre Sulfurado;ESP/F07/2120/7290;FASE 7;BOT_INT_RB;346,4039917;1;ESPERANZA
04-06-2023;PA3;C12;CAT 797 B;Lastre Oxidado;ESP/F07/2120/729;FASE 7;BOT_2380_INT;1385,615967;4;ESPERANZA
04-06-2023;PA3;C12;CAT 797 B;Lastre Oxidado;ESP/F07/2120/729;FASE 7;BOT_INT_RB;1385,613953;4;ESPERANZA
04-06-2023;PA3;C13;CAT 797 B;Lastre Oxidado;ESP/F07/2120/729;FASE 7;BOT_2380_INT;2078,424011;6;ESPERANZA
04-06-2023;PA3;C13;CAT 797 B;Lastre Oxidado;ESP/F07/2120/729;FASE 7;BOT_INT_RB;1039,211975;3;ESPERANZA
04-06-2023;PA3;C14;CAT 797 B;Lastre Oxidado;ESP/F07/2120/729;FASE 7;BOT_INT_RB;692,8079834;2;ESPERANZA
04-06-2023;PA3;C15;CAT 797 B;Lastre Oxidado;ESP/F07/2120/729;FASE 7;BOT_2380_INT;1385,613953;4;ESPERANZA
04-06-2023;PA3;C15;CAT 797 B;Lastre Oxidado;ESP/F07/2120/729;FASE 7;BOT_INT_RB;346,4039917;1;ESPERANZA
04-06-2023;PA3;C16;CAT 797 B;Lastre Oxidado;ESP/F07/2120/7240;FASE 7;BOT_INT_RB;346,4039917;1;ESPERANZA
04-06-2023;PA3;C16;CAT 797 B;Lastre Oxidado;ESP/F07/2120/729;FASE 7;BOT_2380_INT;2424,830078;7;ESPERANZA
04-06-2023;PA3;C16;CAT 797 B;Lastre Oxidado;ESP/F07/2120/729;FASE 7;BOT_INT_RB;692,8079834;2;ESPERANZA
04-06-2023;PA3;C17;CAT 797 F;Lastre Oxidado;ESP/F07/2120/729;FASE 7;BOT_2380_INT;1732,017944;5;ESPERANZA
04-06-2023;PA3;C17;CAT 797 F;Lastre Oxidado;ESP/F07/2120/729;FASE 7;BOT_INT_RB;1039,209961;3;ESPERANZA
04-06-2023;PA3;C17;CAT 797 F;Lastre Sulfurado;ESP/F07/2120/7290;FASE 7;BOT_INT_RB;346,4039917;1;ESPERANZA
04-06-2023;PA3;C18;CAT 797 F;Lastre Oxidado;ESP/F07/2120/729;FASE 7;BOT_2380_INT;2078,427979;6;ESPERANZA
04-06-2023;PA3;C18;CAT 797 F;Lastre Oxidado;ESP/F07/2120/729;FASE 7;BOT_INT_RB;346,4039917;1;ESPERANZA
04-06-2023;PA3;C18;CAT 797 F;Lastre Sulfurado;ESP/F07/2120/7290;FASE 7;BOT_INT_RB;346,4039917;1;ESPERANZA
04-06-2023;PA3;C19;CAT 797 F;Lastre Oxidado;ESP/F07/2120/7240;FASE 7;BOT_INT_RB;346,4039917;1;ESPERANZA
04-06-2023;PA3;C19;CAT 797 F;Lastre Oxidado;ESP/F07/2120/729;FASE 7;BOT_2380_INT;2771,233948;8;ESPERANZA
04-06-2023;PA3;C20;CAT 797 F;Lastre Oxidado;ESP/F07/2120/729;FASE 7;BOT_2380_INT;1039,211975;3;ESPERANZA
04-06-2023;PA3;C20;CAT 797 F;Lastre Oxidado;ESP/F07/2120/729;FASE 7;BOT_INT_RB;346,4039917;1;ESPERANZA
04-06-2023;PA3;C21;CAT 797 F;Lastre Oxidado;ESP/F07/2120/729;FASE 7;BOT_2380_INT;1732,017944;5;ESPERANZA
04-06-2023;PA3;C21;CAT 797 F;Lastre Oxidado;ESP/F07/2120/729;FASE 7;BOT_RAMPA_SUPERIOR;346,4039917;1;ESPERANZA
04-06-2023;PA3;C22;CAT 797 F;Lastre Oxidado;ESP/F07/2120/7240;FASE 7;BOT_INT_RB;346,4039917;1;ESPERANZA
04-06-2023;PA3;C22;CAT 797 F;Lastre Oxidado;ESP/F07/2120/729;FASE 7;BOT_2380_INT;2078,424011;6;ESPERANZA
04-06-2023;PA3;C22;CAT 797 F;Lastre Oxidado;ESP/F07/2120/729;FASE 7;BOT_INT_RB;346,4039917;1;ESPERANZA
04-06-2023;PA3;C23;CAT 797 F;Lastre Oxidado;ESP/F07/2120/729;FASE 7;BOT_2380_INT;1039,211975;3;ESPERANZA
04-06-2023;PA3;C24;CAT 797 F;Lastre Oxidado;ESP/F07/2120/729;FASE 7;BOT_2380_INT;2771,227905;8;ESPERANZA
04-06-2023;PA3;C24;CAT 797 F;Lastre Oxidado;ESP/F07/2120/729;FASE 7;BOT_INT_RB;346,4039917;1;ESPERANZA
04-06-2023;PA3;C24;CAT 797 F;Lastre Sulfurado;ESP/F07/2120/7290;FASE 7;BOT_INT_RB;346,4039917;1;ESPERANZA
04-06-2023;PA3;C25;CAT 797 F;Lastre Oxidado;ESP/F07/2120/729;FASE 7;BOT_2380_INT;2078,419922;6;ESPERANZA
04-06-2023;PA3;C25;CAT 797 F;Lastre Oxidado;ESP/F07/2120/729;FASE 7;BOT_INT_RB;1039,211975;3;ESPERANZA
04-06-2023;PA3;C25;CAT 797 F;Lastre Sulfurado;ESP/F07/2120/7290;FASE 7;BOT_INT_RB;346,4039917;1;ESPERANZA
04-06-2023;PA3;C32;CAT 797 F;Lastre Oxidado;ESP/F07/2120/729;FASE 7;BOT_2380_INT;1039,211975;3;ESPERANZA
04-06-2023;PA3;C32;CAT 797 F;Lastre Oxidado;ESP/F07/2120/729;FASE 7;BOT_INT_RB;346,4039917;1;ESPERANZA
04-06-2023;PA3;C34;CAT 797 F;Lastre Oxidado;ESP/F07/2120/729;FASE 7;BOT_2380_INT;2424,828003;7;ESPERANZA
04-06-2023;PA3;C34;CAT 797 F;Lastre Oxidado;ESP/F07/2120/729;FASE 7;BOT_INT_RB;1039,211975;3;ESPERANZA
04-06-2023;PA3;C36;CAT 797 F;Lastre Oxidado;ESP/F07/2120/729;FASE 7;BOT_2380_INT;1385,615967;4;ESPERANZA
04-06-2023;PA3;C36;CAT 797 F;Lastre Oxidado;ESP/F07/2120/729;FASE 7;BOT_INT_RB;692,8079834;2;ESPERANZA
04-06-2023;PA3;C37;CAT 797 F;Lastre Oxidado;ESP/F07/2120/729;FASE 7;BOT_2380_INT;692,8079834;2;ESPERANZA
04-06-2023;PA3;C37;CAT 797 F;Lastre Oxidado;ESP/F07/2120/729;FASE 7;BOT_INT_RB;1385,615967;4;ESPERANZA
04-06-2023;PA3;C38;CAT 797 F;Lastre Oxidado;ESP/F07/2120/729;FASE 7;BOT_2380_INT;1039,211975;3;ESPERANZA
04-06-2023;PA3;C38;CAT 797 F;Lastre Oxidado;ESP/F07/2120/729;FASE 7;BOT_INT_RB;346,4039917;1;ESPERANZA
04-06-2023;PA3;C39;CAT 797 F;Lastre Oxidado;ESP/F07/2120/729;FASE 7;BOT_2380_INT;2078,427979;6;ESPERANZA
04-06-2023;PA3;C39;CAT 797 F;Lastre Oxidado;ESP/F07/2120/729;FASE 7;BOT_INT_RB;2078,421936;6;ESPERANZA
04-06-2023;PA3;C40;CAT 797 F;Lastre Oxidado;ESP/F07/2120/729;FASE 7;BOT_2380_INT;1039,211975;3;ESPERANZA
04-06-2023;PA3;C41;CAT 797 F;Lastre Oxidado;ESP/F07/2120/7240;FASE 7;BOT_INT_RB;346,4039917;1;ESPERANZA
04-06-2023;PA3;C41;CAT 797 F;Lastre Oxidado;ESP/F07/2120/729;FASE 7;BOT_2380_INT;1385,613953;4;ESPERANZA
04-06-2023;PA3;C41;CAT 797 F;Lastre Oxidado;ESP/F07/2120/729;FASE 7;BOT_INT_RB;1039,211975;3;ESPERANZA
04-06-2023;PA3;C42;CAT 797 F;Lastre Oxidado;ESP/F07/2120/7240;FASE 7;BOT_INT_RB;346,4039917;1;ESPERANZA
04-06-2023;PA3;C42;CAT 797 F;Lastre Oxidado;ESP/F07/2120/729;FASE 7;BOT_2380_INT;346,4039917;1;ESPERANZA
04-06-2023;PA3;C42;CAT 797 F;Lastre Oxidado;ESP/F07/2120/729;FASE 7;BOT_INT_RB;346,4039917;1;ESPERANZA
04-06-2023;PA3;C43;CAT 797 F;Lastre Oxidado;ESP/F07/2120/729;FASE 7;BOT_2380_INT;2771,22998;8;ESPERANZA
04-06-2023;PA3;C43;CAT 797 F;Lastre Oxidado;ESP/F07/2120/729;FASE 7;BOT_INT_RB;1039,211975;3;ESPERANZA
04-06-2023;PA3;C44;CAT 797 F;Lastre Oxidado;ESP/F07/2120/729;FASE 7;BOT_2380_INT;346,4039917;1;ESPERANZA
04-06-2023;PA3;C44;CAT 797 F;Lastre Oxidado;ESP/F07/2120/729;FASE 7;BOT_INT_RB;2078,42395;6;ESPERANZA
04-06-2023;PA3;C45;CAT 797 F;Lastre Oxidado;ESP/F07/2120/7240;FASE 7;BOT_INT_RB;346,4039917;1;ESPERANZA
04-06-2023;PA3;C45;CAT 797 F;Lastre Oxidado;ESP/F07/2120/729;FASE 7;BOT_2380_INT;2771,231995;8;ESPERANZA
04-06-2023;PA3;C45;CAT 797 F;Lastre Oxidado;ESP/F07/2120/729;FASE 7;BOT_INT_RB;1385,613953;4;ESPERANZA
04-06-2023;PA3;C46;CAT 797 F;Lastre Oxidado;ESP/F07/2120/729;FASE 7;BOT_2380_INT;1039,209961;3;ESPERANZA
04-06-2023;PA3;C46;CAT 797 F;Lastre Oxidado;ESP/F07/2120/729;FASE 7;BOT_INT_RB;1039,211975;3;ESPERANZA
04-06-2023;PA3;C47;CAT 797 F;Lastre Oxidado;ESP/F07/2120/729;FASE 7;BOT_2380_INT;3810,444031;11;ESPERANZA
04-06-2023;PA3;C47;CAT 797 F;Lastre Oxidado;ESP/F07/2120/729;FASE 7;BOT_INT_RB;1039,209961;3;ESPERANZA
04-06-2023;PA3;C48;CAT 797 F;Lastre Oxidado;ESP/F07/2120/705;FASE 7;BOT_2380_INT;692,8079834;2;ESPERANZA
04-06-2023;PA3;C48;CAT 797 F;Lastre Oxidado;ESP/F07/2120/729;FASE 7;BOT_2380_INT;2078,427979;6;ESPERANZA
04-06-2023;PA3;C48;CAT 797 F;Lastre Oxidado;ESP/F07/2120/729;FASE 7;BOT_INT_RB;346,4039917;1;ESPERANZA
04-06-2023;PA3;C49;KOM 930 E;Lastre Oxidado;ESP/F07/2120/729;FASE 7;BOT_INT_RB;582;2;ESPERANZA
04-06-2023;PA3;C50;KOM 930 E;Lastre Oxidado;ESP/F07/2120/729;FASE 7;BOT_2380_INT;582;2;ESPERANZA
04-06-2023;PA3;C50;KOM 930 E;Lastre Oxidado;ESP/F07/2120/729;FASE 7;BOT_INT_RB;291;1;ESPERANZA
04-06-2023;PA3;C52;KOM 930 E;Lastre Oxidado;ESP/F07/2120/729;FASE 7;BOT_INT_RB;1164;4;ESPERANZA
04-06-2023;PA3;C53;KOM 930 E;Lastre Oxidado;ESP/F07/2120/729;FASE 7;BOT_INT_RB;291;1;ESPERANZA
04-06-2023;PA3;C54;KOM 930 E;Lastre Oxidado;ESP/F07/2120/729;FASE 7;BOT_INT_RB;291;1;ESPERANZA
04-06-2023;PA3;C55;KOM 930 E;Lastre Oxidado;ESP/F07/2120/729;FASE 7;BOT_INT_RB;873;3;ESPERANZA
04-06-2023;PA3;C56;KOM 930 E;Lastre Oxidado;ESP/F07/2120/729;FASE 7;BOT_INT_RB;582;2;ESPERANZA
04-06-2023;PA3;C57;KOM 930 E;Lastre Oxidado;ESP/F07/2120/729;FASE 7;BOT_2380_INT;582;2;ESPERANZA
04-06-2023;PA3;C57;KOM 930 E;Lastre Oxidado;ESP/F07/2120/729;FASE 7;BOT_INT_RB;291;1;ESPERANZA
04-06-2023;PA3;C58;KOM 930 E;Lastre Oxidado;ESP/F07/2120/729;FASE 7;BOT_2380_INT;291;1;ESPERANZA
04-06-2023;PA3;C58;KOM 930 E;Lastre Oxidado;ESP/F07/2120/729;FASE 7;BOT_INT_RB;291;1;ESPERANZA
04-06-2023;PA3;C59;KOM 930 E;Lastre Oxidado;ESP/F07/2120/729;FASE 7;BOT_2380_INT;1164;4;ESPERANZA
04-06-2023;PA3;C59;KOM 930 E;Lastre Oxidado;ESP/F07/2120/729;FASE 7;BOT_INT_RB;582;2;ESPERANZA
04-06-2023;PA3;C60;KOM 930 E;Lastre Oxidado;ESP/F07/2120/729;FASE 7;BOT_2380_INT;291;1;ESPERANZA
04-06-2023;PA3;C60;KOM 930 E;Lastre Oxidado;ESP/F07/2120/729;FASE 7;BOT_INT_RB;1164;4;ESPERANZA
04-06-2023;PA3;C60;KOM 930 E;Lastre Sulfurado;ESP/F07/2104/706;FASE 7;BOT_INT_RB;291;1;ESPERANZA
04-06-2023;PA4;C122;CAT 793 C;Lastre Sulfurado;ESP/F10/2328/1240;FASE 10;BOT_RAMPA_SUPERIOR;865,7459717;4;ESPERANZA
04-06-2023;PA4;C123;CAT 793 C;Lastre Sulfurado;ESP/F10/2328/1240;FASE 10;BOT_PLATAFORMA;216,4360046;1;ESPERANZA
04-06-2023;PA4;C123;CAT 793 C;Lastre Sulfurado;ESP/F10/2328/1240;FASE 10;BOT_RAMPA_SUPERIOR;1082,180054;5;ESPERANZA
04-06-2023;PA4;C125;CAT 793 C;Lastre Sulfurado;ESP/F10/2328/1240;FASE 10;BOT_RAMPA_SUPERIOR;432,8729858;2;ESPERANZA
04-06-2023;PA4;C128;CAT 793 C;Lastre Sulfurado;ESP/F10/2328/1240;FASE 10;BOT_RAMPA_SUPERIOR;649,3089905;3;ESPERANZA
04-06-2023;PA4;C129;CAT 793 C;Lastre Sulfurado;ESP/F10/2328/1240;FASE 10;BOT_RAMPA_SUPERIOR;216,4360046;1;ESPERANZA
04-06-2023;PA4;C130;CAT 793 C;Lastre Sulfurado;ESP/F10/2328/1240;FASE 10;BOT_RAMPA_SUPERIOR;1082,181976;5;ESPERANZA
04-06-2023;PA4;C132;CAT 793 C;Lastre Sulfurado;ESP/F10/2328/1240;FASE 10;BOT_RAMPA_SUPERIOR;1082,182007;5;ESPERANZA
04-06-2023;PA4;C134;CAT 793 C;Lastre Sulfurado;ESP/F10/2328/1240;FASE 10;BOT_PLATAFORMA;216,4360046;1;ESPERANZA
04-06-2023;PA4;C134;CAT 793 C;Lastre Sulfurado;ESP/F10/2328/1240;FASE 10;BOT_RAMPA_SUPERIOR;1082,181976;5;ESPERANZA
04-06-2023;PA4;C151;CAT 793 F;Lastre Sulfurado;ESP/F10/2328/1240;FASE 10;BOT_RAMPA_SUPERIOR;3895,860107;18;ESPERANZA
04-06-2023;PA4;C152;CAT 793 F;Lastre Sulfurado;ESP/F10/2328/1240;FASE 10;BOT_RAMPA_SUPERIOR;2813,675079;13;ESPERANZA
04-06-2023;PA4;C153;CAT 793 F;Lastre Sulfurado;ESP/F10/2328/1240;FASE 10;BOT_RAMPA_SUPERIOR;649,309021;3;ESPERANZA
04-06-2023;PA4;C154;CAT 793 F;Lastre Sulfurado;ESP/F10/2328/1240;FASE 10;BOT_RAMPA_SUPERIOR;4112,300049;19;ESPERANZA
04-06-2023;PA4;C155;CAT 793 F;Lastre Sulfurado;ESP/F10/2328/1240;FASE 10;BOT_RAMPA_SUPERIOR;1515,05304;7;ESPERANZA
04-06-2023;PA4;C159;CAT 793 F;Lastre Sulfurado;ESP/F10/2328/1240;FASE 10;BOT_RAMPA_SUPERIOR;1082,182007;5;ESPERANZA
04-06-2023;PA4;C160;CAT 793 F;Lastre Sulfurado;ESP/F10/2328/1240;FASE 10;BOT_RAMPA_SUPERIOR;1947,928009;9;ESPERANZA
04-06-2023;PA4;C161;CAT 793 F;Lastre Sulfurado;ESP/F10/2328/1240;FASE 10;BOT_RAMPA_SUPERIOR;1515,056;7;ESPERANZA
04-06-2023;PA4;C162;CAT 793 F;Lastre Sulfurado;ESP/F10/2328/1240;FASE 10;BOT_RAMPA_SUPERIOR;1731,490997;8;ESPERANZA
04-06-2023;PA4;C164;CAT 793 F;Lastre Sulfurado;ESP/F10/2328/1240;FASE 10;BOT_RAMPA_SUPERIOR;649,309021;3;ESPERANZA
04-06-2023;PA4;C19;CAT 797 F;Lastre Sulfurado;ESP/F10/2328/1240;FASE 10;BOT_RAMPA_SUPERIOR;346,4039917;1;ESPERANZA
04-06-2023;PA4;C32;CAT 797 F;Lastre Sulfurado;ESP/F10/2328/1240;FASE 10;BOT_RAMPA_SUPERIOR;692,8079834;2;ESPERANZA
04-06-2023;PA4;C36;CAT 797 F;Lastre Sulfurado;ESP/F10/2328/1240;FASE 10;BOT_RAMPA_SUPERIOR;346,4039917;1;ESPERANZA
04-06-2023;PA4;C49;KOM 930 E;Lastre Sulfurado;ESP/F10/2328/1240;FASE 10;BOT_RAMPA_SUPERIOR;873;3;ESPERANZA
04-06-2023;PA4;C50;KOM 930 E;Lastre Sulfurado;ESP/F10/2328/1240;FASE 10;BOT_RAMPA_SUPERIOR;1746;6;ESPERANZA
04-06-2023;PA4;C51;KOM 930 E;Lastre Sulfurado;ESP/F10/2328/1240;FASE 10;BOT_RAMPA_SUPERIOR;582;2;ESPERANZA
04-06-2023;PA4;C52;KOM 930 E;Lastre Sulfurado;ESP/F10/2328/1240;FASE 10;BOT_RAMPA_SUPERIOR;291;1;ESPERANZA
04-06-2023;PA4;C53;KOM 930 E;Lastre Sulfurado;ESP/F10/2328/1240;FASE 10;BOT_RAMPA_SUPERIOR;1455;5;ESPERANZA
04-06-2023;PA4;C54;KOM 930 E;Lastre Sulfurado;ESP/F10/2328/1240;FASE 10;BOT_RAMPA_SUPERIOR;873;3;ESPERANZA
04-06-2023;PA4;C55;KOM 930 E;Lastre Sulfurado;ESP/F10/2328/1240;FASE 10;BOT_RAMPA_SUPERIOR;582;2;ESPERANZA
04-06-2023;PA4;C56;KOM 930 E;Lastre Sulfurado;ESP/F10/2328/1240;FASE 10;BOT_RAMPA_SUPERIOR;873;3;ESPERANZA
04-06-2023;PA4;C57;KOM 930 E;Lastre Sulfurado;ESP/F10/2328/1240;FASE 10;BOT_RAMPA_SUPERIOR;1164;4;ESPERANZA
04-06-2023;PA4;C60;KOM 930 E;Lastre Sulfurado;ESP/F10/2328/1240;FASE 10;BOT_RAMPA_SUPERIOR;873;3;ESPERANZA
04-06-2023;PA6;C122;CAT 793 C;Lastre Sulfurado;ESP/F10/2328/1240;FASE 10;BOT_RAMPA_SUPERIOR;432,8729858;2;ESPERANZA
04-06-2023;PA6;C123;CAT 793 C;Lastre Oxidado;ESP/F10/2296/1030;FASE 10;BOT_RAMPA_SUPERIOR;432,8720093;2;ESPERANZA
04-06-2023;PA6;C129;CAT 793 C;Lastre Oxidado;ESP/F10/2296/1030;FASE 10;BOT_RAMPA_SUPERIOR;865,7450256;4;ESPERANZA
04-06-2023;PA6;C130;CAT 793 C;Lastre Oxidado;ESP/F10/2296/1030;FASE 10;BOT_MIJO;216,4360046;1;ESPERANZA
04-06-2023;PA6;C130;CAT 793 C;Lastre Oxidado;ESP/F10/2296/1030;FASE 10;BOT_RAMPA_SUPERIOR;1947,933044;9;ESPERANZA
04-06-2023;PA6;C132;CAT 793 C;Lastre Oxidado;ESP/F10/2296/1030;FASE 10;BOT_RAMPA_SUPERIOR;1731,489075;8;ESPERANZA
04-06-2023;PA6;C134;CAT 793 C;Lastre Oxidado;ESP/F10/2296/1030;FASE 10;BOT_RAMPA_SUPERIOR;432,8720093;2;ESPERANZA
04-06-2023;PA6;C151;CAT 793 F;Lastre Oxidado;ESP/F10/2296/1030;FASE 10;BOT_RAMPA_SUPERIOR;1731,489044;8;ESPERANZA
04-06-2023;PA6;C152;CAT 793 F;Lastre Oxidado;ESP/F10/2296/1030;FASE 10;BOT_RAMPA_SUPERIOR;3462,981079;16;ESPERANZA
04-06-2023;PA6;C153;CAT 793 F;Lastre Oxidado;ESP/F10/2296/1030;FASE 10;BOT_MIJO;649,309021;3;ESPERANZA
04-06-2023;PA6;C154;CAT 793 F;Lastre Oxidado;ESP/F10/2296/1030;FASE 10;BOT_MIJO;432,8720093;2;ESPERANZA
04-06-2023;PA6;C154;CAT 793 F;Lastre Oxidado;ESP/F10/2296/1030;FASE 10;BOT_RAMPA_SUPERIOR;2380,798981;11;ESPERANZA
04-06-2023;PA6;C155;CAT 793 F;Lastre Oxidado;ESP/F10/2296/1030;FASE 10;BOT_RAMPA_SUPERIOR;1731,490051;8;ESPERANZA
04-06-2023;PA6;C156;CAT 793 F;Lastre Oxidado;ESP/F10/2296/1030;FASE 10;BOT_RAMPA_SUPERIOR;1298,619995;6;ESPERANZA
04-06-2023;PA6;C159;CAT 793 F;Lastre Oxidado;ESP/F10/2296/1030;FASE 10;BOT_RAMPA_SUPERIOR;432,8729858;2;ESPERANZA
04-06-2023;PA6;C160;CAT 793 F;Lastre Oxidado;ESP/F10/2296/1030;FASE 10;BOT_RAMPA_SUPERIOR;3246,547974;15;ESPERANZA
04-06-2023;PA6;C161;CAT 793 F;Lastre Oxidado;ESP/F10/2296/1030;FASE 10;BOT_RAMPA_SUPERIOR;1298,617981;6;ESPERANZA
04-06-2023;PA6;C162;CAT 793 F;Lastre Oxidado;ESP/F10/2296/1030;FASE 10;BOT_RAMPA_SUPERIOR;2380,800018;11;ESPERANZA
04-06-2023;PA6;C164;CAT 793 F;Lastre Oxidado;ESP/F10/2296/1030;FASE 10;BOT_RAMPA_SUPERIOR;1298,619995;6;ESPERANZA
04-06-2023;PA6;C19;CAT 797 F;Lastre Oxidado;ESP/F10/2296/1030;FASE 10;BOT_RAMPA_SUPERIOR;346,4039917;1;ESPERANZA
04-06-2023;PA6;C36;CAT 797 F;Lastre Oxidado;ESP/F10/2296/1030;FASE 10;BOT_RAMPA_SUPERIOR;346,4039917;1;ESPERANZA
04-06-2023;PA6;C49;KOM 930 E;Lastre Oxidado;ESP/F10/2296/1030;FASE 10;BOT_RAMPA_SUPERIOR;291;1;ESPERANZA
04-06-2023;PA6;C51;KOM 930 E;Lastre Oxidado;ESP/F10/2296/1030;FASE 10;BOT_RAMPA_SUPERIOR;582;2;ESPERANZA
04-06-2023;PA6;C54;KOM 930 E;Lastre Oxidado;ESP/F10/2296/1030;FASE 10;BOT_RAMPA_SUPERIOR;582;2;ESPERANZA
04-06-2023;PA6;C55;KOM 930 E;Lastre Oxidado;ESP/F10/2296/1030;FASE 10;BOT_RAMPA_SUPERIOR;582;2;ESPERANZA
04-06-2023;PA6;C57;KOM 930 E;Lastre Oxidado;ESP/F10/2296/1030;FASE 10;BOT_RAMPA_SUPERIOR;291;1;ESPERANZA
04-06-2023;PA6;C58;KOM 930 E;Lastre Oxidado;ESP/F10/2296/1030;FASE 10;BOT_RAMPA_SUPERIOR;291;1;ESPERANZA
04-06-2023;PA6;C59;KOM 930 E;Lastre Oxidado;ESP/F10/2296/1030;FASE 10;BOT_RAMPA_SUPERIOR;291;1;ESPERANZA
04-06-2023;PA6;C60;KOM 930 E;Lastre Oxidado;ESP/F10/2296/1030;FASE 10;BOT_MIJO;291;1;ESPERANZA
04-06-2023;PA6;C60;KOM 930 E;Lastre Oxidado;ESP/F10/2296/1030;FASE 10;BOT_RAMPA_SUPERIOR;291;1;ESPERANZA
04-06-2023;PA6;C61;KOM 930 E;Lastre Oxidado;ESP/F10/2296/1030;FASE 10;BOT_RAMPA_SUPERIOR;1455;5;ESPERANZA
04-06-2023;PA7;C07;CAT 797 B;Lastre Oxidado;ESP/F07/2120/7240;FASE 7;BOT_2380_INT;692,8079834;2;ESPERANZA
04-06-2023;PA7;C07;CAT 797 B;Lastre Oxidado;ESP/F07/2120/7240;FASE 7;BOT_INT_RB;346,4039917;1;ESPERANZA
04-06-2023;PA7;C08;CAT 797 B;Lastre Oxidado;ESP/F07/2120/7240;FASE 7;BOT_2380_INT;1385,619995;4;ESPERANZA
04-06-2023;PA7;C08;CAT 797 B;Lastre Sulfurado;ESP/F07/2120/727;FASE 7;BOT_2380_INT;346,4039917;1;ESPERANZA
04-06-2023;PA7;C09;CAT 797 B;Lastre Oxidado;ESP/F07/2120/7240;FASE 7;BOT_2380_INT;346,4039917;1;ESPERANZA
04-06-2023;PA7;C09;CAT 797 B;Lastre Oxidado;ESP/F07/2120/7240;FASE 7;BOT_INT_RB;346,4039917;1;ESPERANZA
04-06-2023;PA7;C09;CAT 797 B;Lastre Sulfurado;ESP/F07/2120/727;FASE 7;BOT_2380_INT;1039,211975;3;ESPERANZA
04-06-2023;PA7;C10;CAT 797 B;Lastre Oxidado;ESP/F07/2120/7240;FASE 7;BOT_2380_INT;1039,209961;3;ESPERANZA
04-06-2023;PA7;C10;CAT 797 B;Lastre Oxidado;ESP/F07/2120/7240;FASE 7;BOT_INT_RB;346,4039917;1;ESPERANZA
04-06-2023;PA7;C10;CAT 797 B;Lastre Sulfurado;ESP/F07/2104/706;FASE 7;BOT_INT_RB;346,4039917;1;ESPERANZA
04-06-2023;PA7;C10;CAT 797 B;Lastre Sulfurado;ESP/F07/2120/727;FASE 7;BOT_2380_INT;346,4039917;1;ESPERANZA
04-06-2023;PA7;C11;CAT 797 B;Lastre Oxidado;ESP/F07/2120/7240;FASE 7;BOT_2380_INT;1732,017944;5;ESPERANZA
04-06-2023;PA7;C11;CAT 797 B;Lastre Sulfurado;ESP/F07/2120/727;FASE 7;BOT_2380_INT;692,8079834;2;ESPERANZA
04-06-2023;PA7;C12;CAT 797 B;Lastre Oxidado;ESP/F07/2120/7240;FASE 7;BOT_2380_INT;692,8079834;2;ESPERANZA
04-06-2023;PA7;C12;CAT 797 B;Lastre Oxidado;ESP/F07/2120/7240;FASE 7;BOT_INT_RB;346,4039917;1;ESPERANZA
04-06-2023;PA7;C12;CAT 797 B;Lastre Sulfurado;ESP/F07/2120/727;FASE 7;BOT_2380_INT;346,4039917;1;ESPERANZA
04-06-2023;PA7;C13;CAT 797 B;Lastre Oxidado;ESP/F07/2120/7240;FASE 7;BOT_2380_INT;346,4039917;1;ESPERANZA
04-06-2023;PA7;C13;CAT 797 B;Lastre Oxidado;ESP/F07/2120/7240;FASE 7;BOT_INT_RB;346,4039917;1;ESPERANZA
04-06-2023;PA7;C15;CAT 797 B;Lastre Oxidado;ESP/F07/2120/7240;FASE 7;BOT_2380_INT;692,8079834;2;ESPERANZA
04-06-2023;PA7;C15;CAT 797 B;Lastre Oxidado;ESP/F07/2120/7240;FASE 7;BOT_INT_RB;346,4039917;1;ESPERANZA
04-06-2023;PA7;C15;CAT 797 B;Lastre Sulfurado;ESP/F07/2120/727;FASE 7;BOT_2380_INT;346,4039917;1;ESPERANZA
04-06-2023;PA7;C16;CAT 797 B;Lastre Oxidado;ESP/F07/2120/7240;FASE 7;BOT_2380_INT;1039,211975;3;ESPERANZA
04-06-2023;PA7;C16;CAT 797 B;Lastre Oxidado;ESP/F07/2120/7240;FASE 7;BOT_INT_RB;1732,023987;5;ESPERANZA
04-06-2023;PA7;C16;CAT 797 B;Lastre Sulfurado;ESP/F07/2120/727;FASE 7;BOT_2380_INT;346,4039917;1;ESPERANZA
04-06-2023;PA7;C17;CAT 797 F;Lastre Oxidado;ESP/F07/2120/7240;FASE 7;BOT_INT_RB;692,8079834;2;ESPERANZA
04-06-2023;PA7;C17;CAT 797 F;Lastre Sulfurado;ESP/F07/2120/727;FASE 7;BOT_2380_INT;692,8079834;2;ESPERANZA
04-06-2023;PA7;C18;CAT 797 F;Lastre Oxidado;ESP/F07/2120/7240;FASE 7;BOT_INT_RB;1732,017944;5;ESPERANZA
04-06-2023;PA7;C18;CAT 797 F;Lastre Sulfurado;ESP/F07/2120/727;FASE 7;BOT_2380_INT;1385,615967;4;ESPERANZA
04-06-2023;PA7;C19;CAT 797 F;Lastre Oxidado;ESP/F07/2120/7240;FASE 7;BOT_INT_RB;346,4039917;1;ESPERANZA
04-06-2023;PA7;C19;CAT 797 F;Lastre Sulfurado;ESP/F07/2120/727;FASE 7;BOT_2380_INT;346,4039917;1;ESPERANZA
04-06-2023;PA7;C20;CAT 797 F;Lastre Oxidado;ESP/F07/2120/7240;FASE 7;BOT_INT_RB;346,4039917;1;ESPERANZA
04-06-2023;PA7;C21;CAT 797 F;Lastre Oxidado;ESP/F07/2120/7240;FASE 7;BOT_INT_RB;692,8079834;2;ESPERANZA
04-06-2023;PA7;C22;CAT 797 F;Lastre Oxidado;ESP/F07/2120/7240;FASE 7;BOT_2380_INT;1039,211975;3;ESPERANZA
04-06-2023;PA7;C22;CAT 797 F;Lastre Oxidado;ESP/F07/2120/7240;FASE 7;BOT_INT_RB;1039,211975;3;ESPERANZA
04-06-2023;PA7;C23;CAT 797 F;Lastre Sulfurado;ESP/F07/2120/727;FASE 7;BOT_2380_INT;346,4039917;1;ESPERANZA
04-06-2023;PA7;C24;CAT 797 F;Lastre Oxidado;ESP/F07/2120/7240;FASE 7;BOT_2380_INT;1732,02002;5;ESPERANZA
04-06-2023;PA7;C24;CAT 797 F;Lastre Oxidado;ESP/F07/2120/7240;FASE 7;BOT_INT_RB;1385,619995;4;ESPERANZA
04-06-2023;PA7;C24;CAT 797 F;Lastre Sulfurado;ESP/F07/2120/727;FASE 7;BOT_2380_INT;346,4039917;1;ESPERANZA
04-06-2023;PA7;C25;CAT 797 F;Lastre Oxidado;ESP/F07/2120/7240;FASE 7;BOT_2380_INT;346,4039917;1;ESPERANZA
04-06-2023;PA7;C25;CAT 797 F;Lastre Oxidado;ESP/F07/2120/7240;FASE 7;BOT_INT_RB;346,4039917;1;ESPERANZA
04-06-2023;PA7;C25;CAT 797 F;Lastre Sulfurado;ESP/F07/2120/727;FASE 7;BOT_2380_INT;346,4039917;1;ESPERANZA
04-06-2023;PA7;C32;CAT 797 F;Lastre Oxidado;ESP/F07/2120/7240;FASE 7;BOT_2380_INT;1039,211975;3;ESPERANZA
04-06-2023;PA7;C32;CAT 797 F;Lastre Oxidado;ESP/F07/2120/7240;FASE 7;BOT_INT_RB;692,8079834;2;ESPERANZA
04-06-2023;PA7;C32;CAT 797 F;Lastre Sulfurado;ESP/F07/2120/727;FASE 7;BOT_2380_INT;692,8079834;2;ESPERANZA
04-06-2023;PA7;C34;CAT 797 F;Lastre Oxidado;ESP/F07/2120/7240;FASE 7;BOT_2380_INT;346,4039917;1;ESPERANZA
04-06-2023;PA7;C34;CAT 797 F;Lastre Oxidado;ESP/F07/2120/7240;FASE 7;BOT_INT_RB;346,4039917;1;ESPERANZA
04-06-2023;PA7;C34;CAT 797 F;Lastre Sulfurado;ESP/F07/2120/727;FASE 7;BOT_2380_INT;346,4039917;1;ESPERANZA
04-06-2023;PA7;C36;CAT 797 F;Lastre Oxidado;ESP/F07/2120/7240;FASE 7;BOT_2380_INT;1039,209961;3;ESPERANZA
04-06-2023;PA7;C36;CAT 797 F;Lastre Sulfurado;ESP/F07/2120/727;FASE 7;BOT_2380_INT;346,4039917;1;ESPERANZA
04-06-2023;PA7;C37;CAT 797 F;Lastre Oxidado;ESP/F07/2120/7240;FASE 7;BOT_2380_INT;692,8079834;2;ESPERANZA
04-06-2023;PA7;C37;CAT 797 F;Lastre Sulfurado;ESP/F07/2120/727;FASE 7;BOT_2380_INT;346,4039917;1;ESPERANZA
04-06-2023;PA7;C38;CAT 797 F;Lastre Oxidado;ESP/F07/2120/720;FASE 7;BOT_2380_INT;346,4039917;1;ESPERANZA
04-06-2023;PA7;C38;CAT 797 F;Lastre Oxidado;ESP/F07/2120/7240;FASE 7;BOT_2380_INT;1039,211975;3;ESPERANZA
04-06-2023;PA7;C38;CAT 797 F;Lastre Oxidado;ESP/F07/2120/7240;FASE 7;BOT_INT_RB;1039,211975;3;ESPERANZA
04-06-2023;PA7;C38;CAT 797 F;Lastre Sulfurado;ESP/F07/2120/727;FASE 7;BOT_2380_INT;692,8079834;2;ESPERANZA
04-06-2023;PA7;C39;CAT 797 F;Lastre Oxidado;ESP/F07/2120/7240;FASE 7;BOT_2380_INT;692,8079834;2;ESPERANZA
04-06-2023;PA7;C39;CAT 797 F;Lastre Oxidado;ESP/F07/2120/7240;FASE 7;BOT_INT_RB;346,4039917;1;ESPERANZA
04-06-2023;PA7;C40;CAT 797 F;Lastre Oxidado;ESP/F07/2120/7240;FASE 7;BOT_2380_INT;692,8079834;2;ESPERANZA
04-06-2023;PA7;C40;CAT 797 F;Lastre Oxidado;ESP/F07/2120/7240;FASE 7;BOT_INT_RB;1732,02002;5;ESPERANZA
04-06-2023;PA7;C40;CAT 797 F;Lastre Sulfurado;ESP/F07/2104/701;FASE 7;BOT_INT_RB;692,8079834;2;ESPERANZA
04-06-2023;PA7;C40;CAT 797 F;Lastre Sulfurado;ESP/F07/2120/727;FASE 7;BOT_2380_INT;692,8079834;2;ESPERANZA
04-06-2023;PA7;C41;CAT 797 F;Lastre Oxidado;ESP/F07/2120/7240;FASE 7;BOT_2380_INT;692,8079834;2;ESPERANZA
04-06-2023;PA7;C41;CAT 797 F;Lastre Oxidado;ESP/F07/2120/7240;FASE 7;BOT_INT_RB;1039,211975;3;ESPERANZA
04-06-2023;PA7;C42;CAT 797 F;Lastre Oxidado;ESP/F07/2120/7240;FASE 7;BOT_INT_RB;1039,209961;3;ESPERANZA
04-06-2023;PA7;C43;CAT 797 F;Lastre Oxidado;ESP/F07/2120/7240;FASE 7;BOT_2380_INT;346,4039917;1;ESPERANZA
04-06-2023;PA7;C43;CAT 797 F;Lastre Sulfurado;ESP/F07/2120/727;FASE 7;BOT_2380_INT;346,4039917;1;ESPERANZA
04-06-2023;PA7;C45;CAT 797 F;Lastre Oxidado;ESP/F07/2120/7240;FASE 7;BOT_2380_INT;346,4039917;1;ESPERANZA
04-06-2023;PA7;C45;CAT 797 F;Lastre Oxidado;ESP/F07/2120/7240;FASE 7;BOT_INT_RB;346,4039917;1;ESPERANZA
04-06-2023;PA7;C46;CAT 797 F;Lastre Oxidado;ESP/F07/2120/720;FASE 7;BOT_2380_INT;346,4039917;1;ESPERANZA
04-06-2023;PA7;C46;CAT 797 F;Lastre Oxidado;ESP/F07/2120/7240;FASE 7;BOT_2380_INT;1039,209961;3;ESPERANZA
04-06-2023;PA7;C46;CAT 797 F;Lastre Oxidado;ESP/F07/2120/7240;FASE 7;BOT_INT_RB;692,8079834;2;ESPERANZA
04-06-2023;PA7;C46;CAT 797 F;Lastre Sulfurado;ESP/F07/2120/727;FASE 7;BOT_2380_INT;692,8079834;2;ESPERANZA
04-06-2023;PA7;C47;CAT 797 F;Lastre Oxidado;ESP/F07/2120/7240;FASE 7;BOT_2380_INT;1039,209961;3;ESPERANZA
04-06-2023;PA7;C47;CAT 797 F;Lastre Oxidado;ESP/F07/2120/7240;FASE 7;BOT_CENTRAL_SUR;346,4039917;1;ESPERANZA
04-06-2023;PA7;C47;CAT 797 F;Lastre Oxidado;ESP/F07/2120/7240;FASE 7;BOT_INT_RB;692,8079834;2;ESPERANZA
04-06-2023;PA7;C47;CAT 797 F;Lastre Sulfurado;ESP/F07/2120/727;FASE 7;BOT_2380_INT;346,4039917;1;ESPERANZA
04-06-2023;PA7;C48;CAT 797 F;Lastre Sulfurado;ESP/F07/2120/727;FASE 7;BOT_2380_INT;346,4039917;1;ESPERANZA
04-06-2023;PA7;C48;CAT 797 F;Lastre Sulfurado;ESP/F07/2120/727;FASE 7;BOT_INT_RB;346,4039917;1;ESPERANZA
04-06-2023;PA7;C49;KOM 930 E;Lastre Oxidado;ESP/F07/2120/7240;FASE 7;BOT_INT_RB;873;3;ESPERANZA
04-06-2023;PA7;C50;KOM 930 E;Lastre Oxidado;ESP/F07/2120/7240;FASE 7;BOT_INT_RB;582;2;ESPERANZA
04-06-2023;PA7;C51;KOM 930 E;Lastre Oxidado;ESP/F07/2120/7240;FASE 7;BOT_INT_RB;582;2;ESPERANZA
04-06-2023;PA7;C53;KOM 930 E;Lastre Oxidado;ESP/F07/2120/7240;FASE 7;BOT_2380_INT;873;3;ESPERANZA
04-06-2023;PA7;C54;KOM 930 E;Lastre Oxidado;ESP/F07/2120/7240;FASE 7;BOT_INT_RB;291;1;ESPERANZA
04-06-2023;PA7;C55;KOM 930 E;Lastre Oxidado;ESP/F07/2120/7240;FASE 7;BOT_INT_RB;582;2;ESPERANZA
04-06-2023;PA7;C56;KOM 930 E;Lastre Oxidado;ESP/F07/2120/7240;FASE 7;BOT_INT_RB;291;1;ESPERANZA
04-06-2023;PA7;C57;KOM 930 E;Lastre Oxidado;ESP/F07/2120/7240;FASE 7;BOT_INT_RB;291;1;ESPERANZA
04-06-2023;PA7;C58;KOM 930 E;Lastre Oxidado;ESP/F07/2120/7240;FASE 7;BOT_INT_RB;873;3;ESPERANZA
04-06-2023;PA7;C59;KOM 930 E;Lastre Oxidado;ESP/F07/2120/7240;FASE 7;BOT_INT_RB;291;1;ESPERANZA
04-06-2023;PA7;C60;KOM 930 E;Lastre Oxidado;ESP/F07/2120/7240;FASE 7;BOT_INT_RB;582;2;ESPERANZA
04-06-2023;PA9;C07;CAT 797 B;Lastre Sulfurado;ESP/F07/2104/701;FASE 7;BOT_2380_INT;346,4039917;1;ESPERANZA
04-06-2023;PA9;C07;CAT 797 B;Lastre Sulfurado;ESP/F07/2104/701;FASE 7;BOT_INT_RB;692,8079834;2;ESPERANZA
04-06-2023;PA9;C09;CAT 797 B;Lastre Sulfurado;ESP/F07/2104/701;FASE 7;BOT_2380_INT;346,4039917;1;ESPERANZA
04-06-2023;PA9;C10;CAT 797 B;Lastre Sulfurado;ESP/F07/2104/701;FASE 7;BOT_2380_INT;1039,209961;3;ESPERANZA
04-06-2023;PA9;C11;CAT 797 B;Lastre Sulfurado;ESP/F07/2104/701;FASE 7;BOT_2380_INT;346,4039917;1;ESPERANZA
04-06-2023;PA9;C12;CAT 797 B;Lastre Sulfurado;ESP/F07/2104/701;FASE 7;BOT_2380_INT;1385,615967;4;ESPERANZA
04-06-2023;PA9;C13;CAT 797 B;Lastre Sulfurado;ESP/F07/2104/701;FASE 7;BOT_INT_RB;346,4039917;1;ESPERANZA
04-06-2023;PA9;C15;CAT 797 B;Lastre Sulfurado;ESP/F07/2104/701;FASE 7;BOT_2380_INT;1039,209961;3;ESPERANZA
04-06-2023;PA9;C15;CAT 797 B;Lastre Sulfurado;ESP/F07/2104/701;FASE 7;BOT_INT_RB;346,4039917;1;ESPERANZA
04-06-2023;PA9;C16;CAT 797 B;Lastre Sulfurado;ESP/F07/2104/701;FASE 7;BOT_2380_INT;346,4039917;1;ESPERANZA
04-06-2023;PA9;C16;CAT 797 B;Lastre Sulfurado;ESP/F07/2104/701;FASE 7;BOT_INT_RB;346,4039917;1;ESPERANZA
04-06-2023;PA9;C17;CAT 797 F;Lastre Sulfurado;ESP/F07/2104/701;FASE 7;BOT_2380_INT;692,8079834;2;ESPERANZA
04-06-2023;PA9;C17;CAT 797 F;Lastre Sulfurado;ESP/F07/2104/701;FASE 7;BOT_INT_RB;346,4039917;1;ESPERANZA
04-06-2023;PA9;C18;CAT 797 F;Lastre Sulfurado;ESP/F07/2104/701;FASE 7;BOT_2380_INT;346,4039917;1;ESPERANZA
04-06-2023;PA9;C19;CAT 797 F;Lastre Sulfurado;ESP/F07/2104/701;FASE 7;BOT_2380_INT;346,4039917;1;ESPERANZA
04-06-2023;PA9;C20;CAT 797 F;Lastre Sulfurado;ESP/F07/2104/701;FASE 7;BOT_2380_INT;346,4039917;1;ESPERANZA
04-06-2023;PA9;C21;CAT 797 F;Lastre Sulfurado;ESP/F07/2104/701;FASE 7;BOT_2380_INT;692,8079834;2;ESPERANZA
04-06-2023;PA9;C22;CAT 797 F;Lastre Sulfurado;ESP/F07/2104/701;FASE 7;BOT_2380_INT;346,4039917;1;ESPERANZA
04-06-2023;PA9;C23;CAT 797 F;Lastre Sulfurado;ESP/F07/2104/701;FASE 7;BOT_2380_INT;692,8079834;2;ESPERANZA
04-06-2023;PA9;C24;CAT 797 F;Lastre Sulfurado;ESP/F07/2104/701;FASE 7;BOT_INT_RB;346,4039917;1;ESPERANZA
04-06-2023;PA9;C25;CAT 797 F;Lastre Sulfurado;ESP/F07/2104/701;FASE 7;BOT_2380_INT;346,4039917;1;ESPERANZA
04-06-2023;PA9;C25;CAT 797 F;Lastre Sulfurado;ESP/F07/2104/701;FASE 7;BOT_INT_RB;346,4039917;1;ESPERANZA
04-06-2023;PA9;C32;CAT 797 F;Lastre Sulfurado;ESP/F07/2104/701;FASE 7;BOT_2380_INT;692,8079834;2;ESPERANZA
04-06-2023;PA9;C34;CAT 797 F;Lastre Sulfurado;ESP/F07/2104/701;FASE 7;BOT_2380_INT;346,4039917;1;ESPERANZA
04-06-2023;PA9;C34;CAT 797 F;Lastre Sulfurado;ESP/F07/2104/701;FASE 7;BOT_INT_RB;346,4039917;1;ESPERANZA
04-06-2023;PA9;C36;CAT 797 F;Lastre Sulfurado;ESP/F07/2104/701;FASE 7;BOT_2380_INT;692,8079834;2;ESPERANZA
04-06-2023;PA9;C36;CAT 797 F;Lastre Sulfurado;ESP/F07/2104/701;FASE 7;BOT_INT_RB;346,4039917;1;ESPERANZA
04-06-2023;PA9;C37;CAT 797 F;Lastre Sulfurado;ESP/F07/2104/701;FASE 7;BOT_2380_INT;346,4039917;1;ESPERANZA
04-06-2023;PA9;C39;CAT 797 F;Lastre Sulfurado;ESP/F07/2104/701;FASE 7;BOT_2380_INT;346,4039917;1;ESPERANZA
04-06-2023;PA9;C40;CAT 797 F;Lastre Sulfurado;ESP/F07/2104/701;FASE 7;BOT_INT_RB;692,8079834;2;ESPERANZA
04-06-2023;PA9;C41;CAT 797 F;Lastre Sulfurado;ESP/F07/2104/701;FASE 7;BOT_2380_INT;346,4039917;1;ESPERANZA
04-06-2023;PA9;C43;CAT 797 F;Lastre Sulfurado;ESP/F07/2104/701;FASE 7;BOT_2380_INT;692,8079834;2;ESPERANZA
04-06-2023;PA9;C43;CAT 797 F;Lastre Sulfurado;ESP/F07/2104/701;FASE 7;BOT_INT_RB;692,8079834;2;ESPERANZA
04-06-2023;PA9;C44;CAT 797 F;Lastre Sulfurado;ESP/F07/2104/701;FASE 7;BOT_INT_RB;692,8079834;2;ESPERANZA
04-06-2023;PA9;C45;CAT 797 F;Lastre Sulfurado;ESP/F07/2104/701;FASE 7;BOT_2380_INT;346,4039917;1;ESPERANZA
04-06-2023;PA9;C47;CAT 797 F;Lastre Sulfurado;ESP/F07/2104/701;FASE 7;BOT_2380_INT;346,4039917;1;ESPERANZA
04-06-2023;PA9;C47;CAT 797 F;Lastre Sulfurado;ESP/F07/2104/701;FASE 7;BOT_INT_RB;692,8079834;2;ESPERANZA
04-06-2023;PA9;C48;CAT 797 F;Lastre Sulfurado;ESP/F07/2104/701;FASE 7;BOT_2380_INT;692,8079834;2;ESPERANZA
04-06-2023;PAESPS;C980AHSESPS;Kom 980 AHS;Lastre Oxidado;ESS/F03/2200/304;F03 ESPSUR;BOTADERO_2021;3600;10;ESPERANZA_SUR
04-06-2023;PAESPS;C980AHSESPS;Kom 980 AHS;Lastre Oxidado;ESS/F03/2216/3231;F03 ESPSUR;BOTADERO_2021;7200;20;ESPERANZA_SUR
04-06-2023;PAESPS;C980AHSESPS;Kom 980 AHS;Lastre Sulfurado;ESS/F03/2200/306;F03 ESPSUR;BOTADERO_2021;6480;18;ESPERANZA_SUR
04-06-2023;PATH01;C123;CAT 793 C;Marginal Rom;STOCK_MRO_MIR;OXIDO;ROM;440;2;TESORO
04-06-2023;PATH01;C125;CAT 793 C;Marginal Rom;STOCK_MRO_MIR;OXIDO;ROM;440;2;TESORO
04-06-2023;PATH01;C129;CAT 793 C;Marginal Rom;STOCK_MRO_MIR;OXIDO;ROM;440;2;TESORO
04-06-2023;PATH01;C130;CAT 793 C;Marginal Rom;STOCK_MRO_MIR;OXIDO;ROM;220;1;TESORO
04-06-2023;PATH01;C701;LIEBHERR 264 ;LASTRE (LAS);LLA/F01/2302.5/1090;F01 LLA;BOT_TSS;33288;152;LLANO
04-06-2023;PATH01;C701;LIEBHERR 264 ;LASTRE (LAS);LLA/F01/2310/1052;F01 LLA;BOT_TSS;2190;10;LLANO
04-06-2023;PATH01;C701;LIEBHERR 264 ;LASTRE (LAS);LLA/F02/2302.5/2030;F02 LLA;BOT_TSS;1533;7;LLANO
04-06-2023;PATH01;C701;LIEBHERR 264 ;LASTRE (LAS);LLA/F02/2302.5/209;F02 LLA;BOT_TSS;657;3;LLANO
04-06-2023;PATH01;C701;LIEBHERR 264 ;LASTRE (LAS);LLA/F02/2302.5/210;F02 LLA;BOT_TSS;21243;97;LLANO
04-06-2023;PATH01;C702;LIEBHERR 264 ;LASTRE (LAS);LLA/F02/2302.5/209;F02 LLA;BOT_TSS;7008;32;LLANO
04-06-2023;PATH01;C702;LIEBHERR 264 ;LASTRE (LAS);LLA/F02/2302.5/2090;F02 LLA;BOT_TSS;5694;26;LLANO
04-06-2023;PATH01;C702;LIEBHERR 264 ;LASTRE (LAS);LLA/F02/2302.5/210;F02 LLA;BOT_TSS;9417;43;LLANO
04-06-2023;PATH01;C730OXE;CAT 730 OXE;Media Ley;OXE/F04/2144/4030;FASE 04 ENC;CHANCADO-ENCUENTRO;7020;39;ENCUENTRO
04-06-2023;PATH01;C730OXE;CAT 730 OXE;OXIDO ALTA LEY (OXAL);OXE/F04/2144/4030;FASE 04 ENC;CHANCADO-ENCUENTRO;5760;32;ENCUENTRO
04-06-2023;PATH01;C793OXE;CAT 793 OXE;Media Ley;OXE/F04/2144/4030;FASE 04 ENC;CHANCADO-ENCUENTRO;9240;42;ENCUENTRO
04-06-2023;PATH01;C793OXE;CAT 793 OXE;OBR;MOD_E_REM;ENCUENTRO OXE;CHANCADO-ENCUENTRO;3300;15;ENCUENTRO
04-06-2023;PATH01;C793OXE;CAT 793 OXE;OBR;MOD_F_REM;ENCUENTRO OXE;CHANCADO-ENCUENTRO;2200;10;ENCUENTRO
04-06-2023;PATH01;C793OXE;CAT 793 OXE;OXIDO ALTA LEY (OXAL);OXE/F04/2144/4030;FASE 04 ENC;MOD A;14960;68;ENCUENTRO
04-06-2023;PATH01;C793OXE;CAT 793 OXE;OXIDO ALTA LEY (OXAL);OXE/F04/2144/4030;FASE 04 ENC;MOD B;220;1;ENCUENTRO
04-06-2023;PATH01;C793OXE;CAT 793 OXE;Oxido Baja Ley;OXE/F04/2144/405;FASE 04 ENC;CHANCADO-ENCUENTRO;440;2;ENCUENTRO
04-06-2023;PATH01;C793OXE;CAT 793 OXE;Oxido Baja Ley;OXE/F04/2152/420;FASE 04 ENC;MOD F;440;2;ENCUENTRO
04-06-2023;PATH01;C793OXE;CAT 793 OXE;Oxido Baja Ley;OXE/F04/2160/420;FASE 04 ENC;CHANCADO-ENCUENTRO;2200;10;ENCUENTRO
04-06-2023;PATH01;C793OXE;CAT 793 OXE;Oxido Baja Ley;OXE/F04/2160/420;FASE 04 ENC;MOD F;14960;68;ENCUENTRO
04-06-2023;PATH01;C793OXE;CAT 793 OXE;OXIDO MEDIA LEY (OXML);OXE/F04/2144/4030;FASE 04 ENC;MOD C;4180;19;ENCUENTRO
04-06-2023;PATH01;C930OXE;KOM 930OXE;L21;04_2376_455;FASE 04 ENC;BOT.2420;70470;243;ENCUENTRO