Fecha;Carguio;Camión;Flota;Material;Origen;Zona;Destino;Tonelaje;Ciclos;Rajo
05-06-2023;CF203;C122;CAT 793 C;Baja Ley 1;ST-TS_18;OXIDO;CHANCADO-OXIDO;649,309021;3;TESORO
05-06-2023;CF203;C130;CAT 793 C;Baja Ley 1;ST-TS_18;OXIDO;CHANCADO-OXIDO;3462,983002;16;TESORO
05-06-2023;CF203;C156;CAT 793 F;Baja Ley 1;ST-TS_18;OXIDO;CHANCADO-OXIDO;649,3089905;3;TESORO
05-06-2023;CF232;C121;CAT 793 C;Marginal Rom;STOCK_MRO_MIR;OXIDO;ROM;7700;35;TESORO
05-06-2023;CF232;C123;CAT 793 C;Marginal Rom;STOCK_MRO_MIR;OXIDO;ROM;7700;35;TESORO
05-06-2023;CF232;C125;CAT 793 C;Baja Ley 1;ST-TS_18;OXIDO;CHANCADO-OXIDO;649,309021;3;TESORO
05-06-2023;CF232;C125;CAT 793 C;Marginal Rom;STOCK_MRO_MIR;OXIDO;ROM;4620;21;TESORO
05-06-2023;CF232;C129;CAT 793 C;Marginal Rom;STOCK_MRO_MIR;OXIDO;ROM;5060;23;TESORO
05-06-2023;CF232;C135;CAT 793 C;Marginal Rom;STOCK_MRO_MIR;OXIDO;ROM;880;4;TESORO
05-06-2023;CF232;C151;CAT 793 F;Marginal Rom;STOCK_MRO_MIR;OXIDO;ROM;225;1;TESORO
05-06-2023;CF233;C121;CAT 793 C;Lastre Oxidado;ESP/F10/2328/125;FASE 10;BOT_RAMPA_SUPERIOR;216,4360046;1;ESPERANZA
05-06-2023;CF233;C122;CAT 793 C;Lastre Oxidado;ESP/F10/2328/125;FASE 10;BOT_RAMPA_SUPERIOR;649,309021;3;ESPERANZA
05-06-2023;CF233;C128;CAT 793 C;Lastre Oxidado;ESP/F10/2328/125;FASE 10;BOT_RAMPA_SUPERIOR;2597,242035;12;ESPERANZA
05-06-2023;CF233;C130;CAT 793 C;Lastre Oxidado;ESP/F10/2328/125;FASE 10;BOT_RAMPA_SUPERIOR;216,4360046;1;ESPERANZA
05-06-2023;CF233;C132;CAT 793 C;Lastre Oxidado;ESP/F10/2328/125;FASE 10;BOT_RAMPA_SUPERIOR;2813,675079;13;ESPERANZA
05-06-2023;CF233;C134;CAT 793 C;Lastre Oxidado;ESP/F10/2328/125;FASE 10;BOT_MIJO;216,4360046;1;ESPERANZA
05-06-2023;CF233;C134;CAT 793 C;Lastre Oxidado;ESP/F10/2328/125;FASE 10;BOT_RAMPA_SUPERIOR;6060,220215;28;ESPERANZA
05-06-2023;CF233;C135;CAT 793 C;Lastre Oxidado;ESP/F10/2328/125;FASE 10;BOT_RAMPA_SUPERIOR;1947,925049;9;ESPERANZA
05-06-2023;CF233;C151;CAT 793 F;Lastre Oxidado;ESP/F10/2328/125;FASE 10;BOT_RAMPA_SUPERIOR;4761,59906;22;ESPERANZA
05-06-2023;CF233;C152;CAT 793 F;Lastre Oxidado;ESP/F10/2328/125;FASE 10;BOT_RAMPA_SUPERIOR;1082,182007;5;ESPERANZA
05-06-2023;CF233;C153;CAT 793 F;Lastre Oxidado;ESP/F10/2328/125;FASE 10;BOT_RAMPA_SUPERIOR;1515,054047;7;ESPERANZA
05-06-2023;CF233;C154;CAT 793 F;Lastre Oxidado;ESP/F10/2328/125;FASE 10;BOT_RAMPA_SUPERIOR;2597,238953;12;ESPERANZA
05-06-2023;CF233;C155;CAT 793 F;Lastre Oxidado;ESP/F10/2328/125;FASE 10;BOT_RAMPA_SUPERIOR;1298,618042;6;ESPERANZA
05-06-2023;CF233;C156;CAT 793 F;Lastre Oxidado;ESP/F10/2328/125;FASE 10;BOT_RAMPA_SUPERIOR;1298,618042;6;ESPERANZA
05-06-2023;CF233;C159;CAT 793 F;Lastre Oxidado;ESP/F10/2328/125;FASE 10;BOT_RAMPA_SUPERIOR;3462,97998;16;ESPERANZA
05-06-2023;CF233;C160;CAT 793 F;Lastre Oxidado;ESP/F10/2328/125;FASE 10;BOT_RAMPA_SUPERIOR;3462,988007;16;ESPERANZA
05-06-2023;CF233;C161;CAT 793 F;Lastre Oxidado;ESP/F10/2328/125;FASE 10;BOT_RAMPA_SUPERIOR;432,8729858;2;ESPERANZA
05-06-2023;CF233;C164;CAT 793 F;Lastre Oxidado;ESP/F10/2328/125;FASE 10;BOT_RAMPA_SUPERIOR;1515,054993;7;ESPERANZA
05-06-2023;CF234;C121;CAT 793 C;Marginal Alta;STM-NE-02;OXIDO;CHANCADO-OXIDO;649,309021;3;TESORO
05-06-2023;CF234;C122;CAT 793 C;Marginal Alta;STM-NE-02;OXIDO;CHANCADO-OXIDO;3462,985046;16;TESORO
05-06-2023;CF234;C123;CAT 793 C;Marginal Alta;STM-NE-02;OXIDO;CHANCADO-OXIDO;1515,060059;7;TESORO
05-06-2023;CF234;C125;CAT 793 C;Marginal Alta;STM-NE-02;OXIDO;CHANCADO-OXIDO;432,8729858;2;TESORO
05-06-2023;CF234;C130;CAT 793 C;Marginal Alta;STM-NE-02;OXIDO;CHANCADO-OXIDO;3246,549011;15;TESORO
05-06-2023;CF234;C131;CAT 793 C;Marginal Alta;STM-NE-02;OXIDO;CHANCADO-OXIDO;7791,719055;36;TESORO
05-06-2023;CF234;C135;CAT 793 C;Marginal Alta;STM-NE-02;OXIDO;CHANCADO-OXIDO;3462,982025;16;TESORO
05-06-2023;CF3;C07;CAT 797 B;Lastre Sulfurado;ESP/F07/2104/706;FASE 7;BOT_2380_INT;692,8079834;2;ESPERANZA
05-06-2023;CF3;C12;CAT 797 B;Lastre Oxidado;ESP/F07/2120/705;FASE 7;BOT_2380_INT;346,4039917;1;ESPERANZA
05-06-2023;CF3;C128;CAT 793 C;Sulfuro Baja Ley;STOCK_SBL_ESS;ESPERANZA_SUR;CHANCADO-SULFURO;1301,76001;6;ESPERANZA_SUR
05-06-2023;CF3;C13;CAT 797 B;Lastre Oxidado;ESP/F07/2120/705;FASE 7;BOT_2380_INT;346,4039917;1;ESPERANZA
05-06-2023;CF3;C14;CAT 797 B;Lastre Sulfurado;ESP/F07/2104/706;FASE 7;BOT_2380_INT;346,4039917;1;ESPERANZA
05-06-2023;CF3;C152;CAT 793 F;Sulfuro Baja Ley;STOCK_SBL_ESS;ESPERANZA_SUR;CHANCADO-SULFURO;1518,719971;7;ESPERANZA_SUR
05-06-2023;CF3;C153;CAT 793 F;Sulfuro Baja Ley;STOCK_SBL_ESS;ESPERANZA_SUR;CHANCADO-SULFURO;1518,719971;7;ESPERANZA_SUR
05-06-2023;CF3;C154;CAT 793 F;Sulfuro Baja Ley;STOCK_SBL_ESS;ESPERANZA_SUR;CHANCADO-SULFURO;1084,800049;5;ESPERANZA_SUR
05-06-2023;CF3;C16;CAT 797 B;Lastre Sulfurado;ESP/F07/2104/706;FASE 7;BOT_2380_INT;346,4039917;1;ESPERANZA
05-06-2023;CF3;C164;CAT 793 F;Sulfuro Baja Ley;STOCK_SBL_ESS;ESPERANZA_SUR;CHANCADO-SULFURO;433,92099;2;ESPERANZA_SUR
05-06-2023;CF3;C17;CAT 797 F;Lastre Oxidado;ESP/F07/2120/705;FASE 7;BOT_2380_INT;346,4039917;1;ESPERANZA
05-06-2023;CF3;C18;CAT 797 F;Lastre Oxidado;ESP/F07/2120/705;FASE 7;BOT_2380_INT;346,4039917;1;ESPERANZA
05-06-2023;CF3;C20;CAT 797 F;Lastre Oxidado;ESP/F07/2120/705;FASE 7;BOT_2380_INT;346,4039917;1;ESPERANZA
05-06-2023;CF3;C20;CAT 797 F;Lastre Oxidado;ESP/F07/2120/705;FASE 7;BOT_INT_RB;346,4039917;1;ESPERANZA
05-06-2023;CF3;C20;CAT 797 F;Lastre Sulfurado;ESP/F07/2104/706;FASE 7;BOT_2380_INT;346,4039917;1;ESPERANZA
05-06-2023;CF3;C22;CAT 797 F;Lastre Oxidado;ESP/F07/2120/705;FASE 7;BOT_2380_INT;692,8079834;2;ESPERANZA
05-06-2023;CF3;C23;CAT 797 F;Lastre Oxidado;ESP/F07/2120/705;FASE 7;BOT_2380_INT;692,8079834;2;ESPERANZA
05-06-2023;CF3;C23;CAT 797 F;Lastre Oxidado;ESP/F07/2120/705;FASE 7;BOT_INT_RB;692,8079834;2;ESPERANZA
05-06-2023;CF3;C34;CAT 797 F;Lastre Oxidado;ESP/F07/2120/705;FASE 7;BOT_2380_INT;346,4039917;1;ESPERANZA
05-06-2023;CF3;C36;CAT 797 F;Lastre Oxidado;ESP/F07/2120/705;FASE 7;BOT_2380_INT;692,8079834;2;ESPERANZA
05-06-2023;CF3;C38;CAT 797 F;Lastre Oxidado;ESP/F07/2120/705;FASE 7;BOT_2380_INT;692,8079834;2;ESPERANZA
05-06-2023;CF3;C39;CAT 797 F;Lastre Oxidado;ESP/F07/2120/705;FASE 7;BOT_2380_INT;346,4039917;1;ESPERANZA
05-06-2023;CF3;C41;CAT 797 F;Lastre Oxidado;ESP/F07/2120/705;FASE 7;BOT_2380_INT;346,4039917;1;ESPERANZA
05-06-2023;CF3;C42;CAT 797 F;Lastre Oxidado;ESP/F07/2120/705;FASE 7;BOT_2380_INT;692,8079834;2;ESPERANZA
05-06-2023;CF3;C43;CAT 797 F;Lastre Oxidado;ESP/F07/2120/705;FASE 7;BOT_2380_INT;346,4039917;1;ESPERANZA
05-06-2023;CF3;C44;CAT 797 F;Lastre Oxidado;ESP/F07/2120/705;FASE 7;BOT_2380_INT;346,4039917;1;ESPERANZA
05-06-2023;CF3;C45;CAT 797 F;Lastre Sulfurado;ESP/F07/2104/706;FASE 7;BOT_2380_INT;1039,209961;3;ESPERANZA
05-06-2023;CF3;C47;CAT 797 F;Lastre Oxidado;ESP/F07/2120/705;FASE 7;BOT_2380_INT;692,8079834;2;ESPERANZA
05-06-2023;CF3;C48;CAT 797 F;Lastre Oxidado;ESP/F07/2120/705;FASE 7;BOT_2380_INT;692,8079834;2;ESPERANZA
05-06-2023;CF4;C980AHSESPS;Kom 980 AHS;Lastre Sulfurado;ESS/F02/2136/R200;F02 ESPSUR;BOTADERO_2021;15480;43;ESPERANZA_SUR
05-06-2023;CF4;C980AHSESPS;Kom 980 AHS;Sulfuro Baja Ley;ESS/F02/2120/210;F02 ESPSUR;STOCK_SBL_ESS;3960;11;ESPERANZA_SUR
05-06-2023;PA1;C08;CAT 797 B;Lastre Oxidado;ESP/F07/2104/703;FASE 7;BOT_2380_INT;346,4039917;1;ESPERANZA
05-06-2023;PA1;C08;CAT 797 B;Lastre Sulfurado;ESP/F07/2104/706;FASE 7;BOT_2380_INT;346,4039917;1;ESPERANZA
05-06-2023;PA1;C09;CAT 797 B;Lastre Oxidado;ESP/F07/2104/703;FASE 7;BOT_2380_INT;692,8079834;2;ESPERANZA
05-06-2023;PA1;C09;CAT 797 B;Lastre Sulfurado;ESP/F07/2104/706;FASE 7;BOT_2380_INT;1039,211975;3;ESPERANZA
05-06-2023;PA1;C10;CAT 797 B;Lastre Oxidado;ESP/F07/2104/703;FASE 7;BOT_INT_RB;346,4039917;1;ESPERANZA
05-06-2023;PA1;C11;CAT 797 B;Lastre Oxidado;ESP/F07/2104/703;FASE 7;BOT_2380_INT;1039,211975;3;ESPERANZA
05-06-2023;PA1;C11;CAT 797 B;Lastre Sulfurado;ESP/F07/2104/706;FASE 7;BOT_2380_INT;692,8079834;2;ESPERANZA
05-06-2023;PA1;C12;CAT 797 B;Lastre Sulfurado;ESP/F07/2104/706;FASE 7;BOT_2380_INT;346,4039917;1;ESPERANZA
05-06-2023;PA1;C13;CAT 797 B;Lastre Oxidado;ESP/F07/2104/703;FASE 7;BOT_2380_INT;1732,02002;5;ESPERANZA
05-06-2023;PA1;C14;CAT 797 B;Lastre Oxidado;ESP/F07/2104/703;FASE 7;BOT_2380_INT;346,4039917;1;ESPERANZA
05-06-2023;PA1;C14;CAT 797 B;Lastre Sulfurado;ESP/F07/2104/706;FASE 7;BOT_2380_INT;692,8079834;2;ESPERANZA
05-06-2023;PA1;C16;CAT 797 B;Lastre Oxidado;ESP/F07/2104/703;FASE 7;BOT_2380_INT;1039,211975;3;ESPERANZA
05-06-2023;PA1;C16;CAT 797 B;Lastre Sulfurado;ESP/F07/2104/706;FASE 7;BOT_2380_INT;346,4039917;1;ESPERANZA
05-06-2023;PA1;C17;CAT 797 F;Lastre Oxidado;ESP/F07/2104/703;FASE 7;BOT_2380_INT;346,4039917;1;ESPERANZA
05-06-2023;PA1;C18;CAT 797 F;Lastre Sulfurado;ESP/F07/2104/706;FASE 7;BOT_2380_INT;346,4039917;1;ESPERANZA
05-06-2023;PA1;C20;CAT 797 F;Lastre Oxidado;ESP/F07/2104/703;FASE 7;BOT_2380_INT;692,8079834;2;ESPERANZA
05-06-2023;PA1;C22;CAT 797 F;Lastre Sulfurado;ESP/F07/2104/706;FASE 7;BOT_2380_INT;692,8079834;2;ESPERANZA
05-06-2023;PA1;C23;CAT 797 F;Lastre Oxidado;ESP/F07/2104/703;FASE 7;BOT_2380_INT;1039,211975;3;ESPERANZA
05-06-2023;PA1;C23;CAT 797 F;Lastre Sulfurado;ESP/F07/2104/706;FASE 7;BOT_2380_INT;346,4039917;1;ESPERANZA
05-06-2023;PA1;C24;CAT 797 F;Lastre Oxidado;ESP/F07/2104/703;FASE 7;BOT_2380_INT;1039,209961;3;ESPERANZA
05-06-2023;PA1;C24;CAT 797 F;Lastre Sulfurado;ESP/F07/2104/706;FASE 7;BOT_INT_RB;346,4039917;1;ESPERANZA
05-06-2023;PA1;C25;CAT 797 F;Lastre Oxidado;ESP/F07/2104/703;FASE 7;BOT_2380_INT;1039,209961;3;ESPERANZA
05-06-2023;PA1;C32;CAT 797 F;Lastre Oxidado;ESP/F07/2104/703;FASE 7;BOT_2380_INT;346,4039917;1;ESPERANZA
05-06-2023;PA1;C32;CAT 797 F;Lastre Sulfurado;ESP/F07/2104/706;FASE 7;BOT_2380_INT;346,4039917;1;ESPERANZA
05-06-2023;PA1;C34;CAT 797 F;Lastre Sulfurado;ESP/F07/2104/706;FASE 7;BOT_2380_INT;692,8079834;2;ESPERANZA
05-06-2023;PA1;C36;CAT 797 F;Lastre Sulfurado;ESP/F07/2104/706;FASE 7;BOT_2380_INT;346,4039917;1;ESPERANZA
05-06-2023;PA1;C37;CAT 797 F;Lastre Oxidado;ESP/F07/2104/703;FASE 7;BOT_2380_INT;692,8079834;2;ESPERANZA
05-06-2023;PA1;C37;CAT 797 F;Lastre Sulfurado;ESP/F07/2104/706;FASE 7;BOT_2380_INT;346,4039917;1;ESPERANZA
05-06-2023;PA1;C38;CAT 797 F;Lastre Oxidado;ESP/F07/2104/703;FASE 7;BOT_2380_INT;346,4039917;1;ESPERANZA
05-06-2023;PA1;C38;CAT 797 F;Lastre Sulfurado;ESP/F07/2104/706;FASE 7;BOT_2380_INT;346,4039917;1;ESPERANZA
05-06-2023;PA1;C41;CAT 797 F;Lastre Oxidado;ESP/F07/2104/703;FASE 7;BOT_2380_INT;1039,211975;3;ESPERANZA
05-06-2023;PA1;C41;CAT 797 F;Lastre Sulfurado;ESP/F07/2104/706;FASE 7;BOT_2380_INT;346,4039917;1;ESPERANZA
05-06-2023;PA1;C42;CAT 797 F;Lastre Oxidado;ESP/F07/2104/703;FASE 7;BOT_2380_INT;1385,613953;4;ESPERANZA
05-06-2023;PA1;C43;CAT 797 F;Lastre Oxidado;ESP/F07/2104/703;FASE 7;BOT_2380_INT;346,4039917;1;ESPERANZA
05-06-2023;PA1;C44;CAT 797 F;Lastre Oxidado;ESP/F07/2104/703;FASE 7;BOT_2380_INT;346,4039917;1;ESPERANZA
05-06-2023;PA1;C44;CAT 797 F;Lastre Sulfurado;ESP/F07/2104/706;FASE 7;BOT_2380_INT;346,4039917;1;ESPERANZA
05-06-2023;PA1;C45;CAT 797 F;Lastre Oxidado;ESP/F07/2104/703;FASE 7;BOT_2380_INT;692,8079834;2;ESPERANZA
05-06-2023;PA1;C45;CAT 797 F;Lastre Sulfurado;ESP/F07/2104/706;FASE 7;BOT_2380_INT;346,4039917;1;ESPERANZA
05-06-2023;PA1;C46;CAT 797 F;Lastre Oxidado;ESP/F07/2104/703;FASE 7;BOT_2380_INT;346,4039917;1;ESPERANZA
05-06-2023;PA1;C46;CAT 797 F;Lastre Sulfurado;ESP/F07/2104/706;FASE 7;BOT_2380_INT;346,4039917;1;ESPERANZA
05-06-2023;PA1;C47;CAT 797 F;Lastre Oxidado;ESP/F07/2104/703;FASE 7;BOT_2380_INT;346,4039917;1;ESPERANZA
05-06-2023;PA1;C47;CAT 797 F;Lastre Sulfurado;ESP/F07/2104/706;FASE 7;BOT_2380_INT;346,4039917;1;ESPERANZA
05-06-2023;PA1;C48;CAT 797 F;Lastre Oxidado;ESP/F07/2104/703;FASE 7;BOT_2380_INT;346,4039917;1;ESPERANZA
05-06-2023;PA10;C980AHSESPS;Kom 980 AHS;Lastre Oxidado;ESS/F03/2216/3231;F03 ESPSUR;BOTADERO_2021;40680;113;ESPERANZA_SUR
05-06-2023;PA11;C20115ESPS;KOM 980 ESPS;Sulfuro Baja Ley;ESS/F02/2120/213;F02 ESPSUR;CHANCADO-SULFURO;39960;111;ESPERANZA_SUR
05-06-2023;PA11;C20115ESPS;KOM 980 ESPS;Sulfuro de Media;ESS/F02/2120/213;F02 ESPSUR;CHANCADO-SULFURO;3240;9;ESPERANZA_SUR
05-06-2023;PA11;C980AHSESPS;Kom 980 AHS;Sulfuro Baja Ley;ESS/F02/2120/213;F02 ESPSUR;STOCK_SBL_ESS;11160;31;ESPERANZA_SUR
05-06-2023;PA11;C980AHSESPS;Kom 980 AHS;Sulfuro de Media;ESS/F02/2120/213;F02 ESPSUR;STOCK_SME_ESS;1080;3;ESPERANZA_SUR
05-06-2023;PA2;C07;CAT 797 B;Sulfuro Baja Ley;ESP/F08/1784/815;FASE 8;CHANCADO-SULFURO;346,4039917;1;ESPERANZA
05-06-2023;PA2;C10;CAT 797 B;Sulfuro Planta;ESP/F08/1784/812;FASE 8;CHANCADO-SULFURO;692,8079834;2;ESPERANZA
05-06-2023;PA2;C12;CAT 797 B;Sulfuro Baja Ley;ESP/F08/1784/815;FASE 8;CHANCADO-SULFURO;692,8079834;2;ESPERANZA
05-06-2023;PA2;C14;CAT 797 B;Sulfuro Baja Ley;ESP/F08/1784/815;FASE 8;CHANCADO-SULFURO;346,4039917;1;ESPERANZA
05-06-2023;PA2;C20;CAT 797 F;Sulfuro Planta;ESP/F08/1784/812;FASE 8;CHANCADO-SULFURO;692,8079834;2;ESPERANZA
05-06-2023;PA2;C20;CAT 797 F;Sulfuro Planta;ESP/F08/1784/812;FASE 8;STOCK_SPL_DIN;346,4039917;1;ESPERANZA
05-06-2023;PA2;C21;CAT 797 F;Sulfuro Planta;ESP/F08/1784/812;FASE 8;CHANCADO-SULFURO;346,4039917;1;ESPERANZA
05-06-2023;PA2;C22;CAT 797 F;Sulfuro Baja Ley;ESP/F08/1784/815;FASE 8;CHANCADO-SULFURO;1039,211975;3;ESPERANZA
05-06-2023;PA2;C23;CAT 797 F;Sulfuro Planta;ESP/F08/1784/812;FASE 8;CHANCADO-SULFURO;346,4039917;1;ESPERANZA
05-06-2023;PA2;C24;CAT 797 F;Sulfuro Baja Ley;ESP/F08/1784/815;FASE 8;CHANCADO-SULFURO;346,4039917;1;ESPERANZA
05-06-2023;PA2;C24;CAT 797 F;Sulfuro Baja Ley;ESP/F08/1784/815;FASE 8;STOCK_SBL1;346,4039917;1;ESPERANZA
05-06-2023;PA2;C25;CAT 797 F;Sulfuro Baja Ley;ESP/F08/1784/815;FASE 8;CHANCADO-SULFURO;1385,615967;4;ESPERANZA
05-06-2023;PA2;C32;CAT 797 F;Sulfuro Baja Ley;ESP/F08/1784/815;FASE 8;CHANCADO-SULFURO;692,8079834;2;ESPERANZA
05-06-2023;PA2;C32;CAT 797 F;Sulfuro Planta;ESP/F08/1784/815;FASE 8;CHANCADO-SULFURO;692,8079834;2;ESPERANZA
05-06-2023;PA2;C36;CAT 797 F;Sulfuro Planta;ESP/F08/1784/812;FASE 8;CHANCADO-SULFURO;346,4039917;1;ESPERANZA
05-06-2023;PA2;C37;CAT 797 F;Sulfuro Planta;ESP/F08/1784/812;FASE 8;CHANCADO-SULFURO;692,8079834;2;ESPERANZA
05-06-2023;PA2;C38;CAT 797 F;Sulfuro Baja Ley;ESP/F08/1784/815;FASE 8;CHANCADO-SULFURO;346,4039917;1;ESPERANZA
05-06-2023;PA2;C38;CAT 797 F;Sulfuro de Media;ESP/F08/1784/812;FASE 8;CHANCADO-SULFURO;346,4039917;1;ESPERANZA
05-06-2023;PA2;C38;CAT 797 F;Sulfuro Planta;ESP/F08/1784/815;FASE 8;CHANCADO-SULFURO;346,4039917;1;ESPERANZA
05-06-2023;PA2;C39;CAT 797 F;Sulfuro Baja Ley;ESP/F08/1784/815;FASE 8;CHANCADO-SULFURO;346,4039917;1;ESPERANZA
05-06-2023;PA2;C41;CAT 797 F;Sulfuro Baja Ley;ESP/F08/1784/815;FASE 8;CHANCADO-SULFURO;346,4039917;1;ESPERANZA
05-06-2023;PA2;C44;CAT 797 F;Sulfuro Baja Ley;ESP/F08/1784/815;FASE 8;CHANCADO-SULFURO;1385,615967;4;ESPERANZA
05-06-2023;PA2;C45;CAT 797 F;Sulfuro Planta;ESP/F08/1784/812;FASE 8;CHANCADO-SULFURO;1039,209961;3;ESPERANZA
05-06-2023;PA2;C49;KOM 930 E;Sulfuro Baja Ley;ESP/F08/1784/815;FASE 8;CHANCADO-SULFURO;582;2;ESPERANZA
05-06-2023;PA2;C49;KOM 930 E;Sulfuro Baja Ley;ESP/F08/1784/815;FASE 8;STOCK_SBL1;873;3;ESPERANZA
05-06-2023;PA2;C49;KOM 930 E;Sulfuro de Media;ESP/F08/1784/812;FASE 8;CHANCADO-SULFURO;291;1;ESPERANZA
05-06-2023;PA2;C49;KOM 930 E;Sulfuro Planta;ESP/F08/1784/812;FASE 8;CHANCADO-SULFURO;2037;7;ESPERANZA
05-06-2023;PA2;C49;KOM 930 E;Sulfuro Planta;ESP/F08/1784/812;FASE 8;STOCK_SPL_DIN;291;1;ESPERANZA
05-06-2023;PA2;C49;KOM 930 E;Sulfuro Planta;ESP/F08/1784/815;FASE 8;CHANCADO-SULFURO;291;1;ESPERANZA
05-06-2023;PA2;C50;KOM 930 E;Sulfuro Baja Ley;ESP/F08/1784/815;FASE 8;CHANCADO-SULFURO;873;3;ESPERANZA
05-06-2023;PA2;C50;KOM 930 E;Sulfuro de Media;ESP/F08/1784/812;FASE 8;CHANCADO-SULFURO;582;2;ESPERANZA
05-06-2023;PA2;C50;KOM 930 E;Sulfuro Planta;ESP/F08/1784/812;FASE 8;CHANCADO-SULFURO;1746;6;ESPERANZA
05-06-2023;PA2;C50;KOM 930 E;Sulfuro Planta;ESP/F08/1784/812;FASE 8;STOCK_SPL_DIN;582;2;ESPERANZA
05-06-2023;PA2;C50;KOM 930 E;Sulfuro Planta;ESP/F08/1784/815;FASE 8;CHANCADO-SULFURO;873;3;ESPERANZA
05-06-2023;PA2;C51;KOM 930 E;Sulfuro Baja Ley;ESP/F08/1784/815;FASE 8;CHANCADO-SULFURO;291;1;ESPERANZA
05-06-2023;PA2;C51;KOM 930 E;Sulfuro Planta;ESP/F08/1784/812;FASE 8;CHANCADO-SULFURO;291;1;ESPERANZA
05-06-2023;PA2;C52;KOM 930 E;Sulfuro Baja Ley;ESP/F08/1784/815;FASE 8;CHANCADO-SULFURO;1164;4;ESPERANZA
05-06-2023;PA2;C52;KOM 930 E;Sulfuro Baja Ley;ESP/F08/1784/815;FASE 8;STOCK_SBL1;291;1;ESPERANZA
05-06-2023;PA2;C52;KOM 930 E;Sulfuro de Media;ESP/F08/1784/812;FASE 8;CHANCADO-SULFURO;291;1;ESPERANZA
05-06-2023;PA2;C52;KOM 930 E;Sulfuro Planta;ESP/F08/1784/812;FASE 8;CHANCADO-SULFURO;2910;10;ESPERANZA
05-06-2023;PA2;C52;KOM 930 E;Sulfuro Planta;ESP/F08/1784/812;FASE 8;STOCK_SPL_DIN;291;1;ESPERANZA
05-06-2023;PA2;C52;KOM 930 E;Sulfuro Planta;ESP/F08/1784/815;FASE 8;CHANCADO-SULFURO;873;3;ESPERANZA
05-06-2023;PA2;C53;KOM 930 E;Sulfuro Baja Ley;ESP/F08/1784/815;FASE 8;CHANCADO-SULFURO;1746;6;ESPERANZA
05-06-2023;PA2;C53;KOM 930 E;Sulfuro Baja Ley;ESP/F08/1784/815;FASE 8;STOCK_SBL1;291;1;ESPERANZA
05-06-2023;PA2;C53;KOM 930 E;Sulfuro de Media;ESP/F08/1784/812;FASE 8;CHANCADO-SULFURO;582;2;ESPERANZA
05-06-2023;PA2;C53;KOM 930 E;Sulfuro Planta;ESP/F08/1784/812;FASE 8;CHANCADO-SULFURO;2328;8;ESPERANZA
05-06-2023;PA2;C53;KOM 930 E;Sulfuro Planta;ESP/F08/1784/812;FASE 8;STOCK_SPL_DIN;582;2;ESPERANZA
05-06-2023;PA2;C54;KOM 930 E;Sulfuro Baja Ley;ESP/F08/1784/815;FASE 8;CHANCADO-SULFURO;1746;6;ESPERANZA
05-06-2023;PA2;C54;KOM 930 E;Sulfuro de Media;ESP/F08/1784/812;FASE 8;CHANCADO-SULFURO;582;2;ESPERANZA
05-06-2023;PA2;C54;KOM 930 E;Sulfuro Planta;ESP/F08/1784/812;FASE 8;CHANCADO-SULFURO;2328;8;ESPERANZA
05-06-2023;PA2;C54;KOM 930 E;Sulfuro Planta;ESP/F08/1784/812;FASE 8;STOCK_SPL_DIN;291;1;ESPERANZA
05-06-2023;PA2;C54;KOM 930 E;Sulfuro Planta;ESP/F08/1784/815;FASE 8;CHANCADO-SULFURO;291;1;ESPERANZA
05-06-2023;PA2;C55;KOM 930 E;Sulfuro Baja Ley;ESP/F08/1784/815;FASE 8;CHANCADO-SULFURO;1164;4;ESPERANZA
05-06-2023;PA2;C55;KOM 930 E;Sulfuro de Media;ESP/F08/1784/812;FASE 8;CHANCADO-SULFURO;1164;4;ESPERANZA
05-06-2023;PA2;C55;KOM 930 E;Sulfuro Planta;ESP/F08/1784/812;FASE 8;CHANCADO-SULFURO;2619;9;ESPERANZA
05-06-2023;PA2;C55;KOM 930 E;Sulfuro Planta;ESP/F08/1784/812;FASE 8;STOCK_SPL_DIN;873;3;ESPERANZA
05-06-2023;PA2;C55;KOM 930 E;Sulfuro Planta;ESP/F08/1784/815;FASE 8;CHANCADO-SULFURO;582;2;ESPERANZA
05-06-2023;PA2;C56;KOM 930 E;Sulfuro Baja Ley;ESP/F08/1784/815;FASE 8;CHANCADO-SULFURO;1164;4;ESPERANZA
05-06-2023;PA2;C56;KOM 930 E;Sulfuro Planta;ESP/F08/1784/812;FASE 8;CHANCADO-SULFURO;2328;8;ESPERANZA
05-06-2023;PA2;C56;KOM 930 E;Sulfuro Planta;ESP/F08/1784/812;FASE 8;STOCK_SPL_DIN;291;1;ESPERANZA
05-06-2023;PA2;C56;KOM 930 E;Sulfuro Planta;ESP/F08/1784/815;FASE 8;CHANCADO-SULFURO;291;1;ESPERANZA
05-06-2023;PA2;C57;KOM 930 E;Sulfuro Baja Ley;ESP/F08/1784/815;FASE 8;CHANCADO-SULFURO;873;3;ESPERANZA
05-06-2023;PA2;C57;KOM 930 E;Sulfuro de Media;ESP/F08/1784/812;FASE 8;CHANCADO-SULFURO;873;3;ESPERANZA
05-06-2023;PA2;C57;KOM 930 E;Sulfuro Planta;ESP/F08/1784/812;FASE 8;CHANCADO-SULFURO;2619;9;ESPERANZA
05-06-2023;PA2;C57;KOM 930 E;Sulfuro Planta;ESP/F08/1784/812;FASE 8;STOCK_SPL_DIN;291;1;ESPERANZA
05-06-2023;PA2;C57;KOM 930 E;Sulfuro Planta;ESP/F08/1784/815;FASE 8;CHANCADO-SULFURO;582;2;ESPERANZA
05-06-2023;PA2;C58;KOM 930 E;Sulfuro Baja Ley;ESP/F08/1784/815;FASE 8;CHANCADO-SULFURO;291;1;ESPERANZA
05-06-2023;PA2;C58;KOM 930 E;Sulfuro Planta;ESP/F08/1784/812;FASE 8;CHANCADO-SULFURO;1455;5;ESPERANZA
05-06-2023;PA2;C59;KOM 930 E;Sulfuro Baja Ley;ESP/F08/1784/815;FASE 8;CHANCADO-SULFURO;1746;6;ESPERANZA
05-06-2023;PA2;C59;KOM 930 E;Sulfuro Planta;ESP/F08/1784/812;FASE 8;CHANCADO-SULFURO;1746;6;ESPERANZA
05-06-2023;PA2;C59;KOM 930 E;Sulfuro Planta;ESP/F08/1784/812;FASE 8;STOCK_SPL_DIN;873;3;ESPERANZA
05-06-2023;PA2;C59;KOM 930 E;Sulfuro Planta;ESP/F08/1784/815;FASE 8;CHANCADO-SULFURO;873;3;ESPERANZA
05-06-2023;PA2;C60;KOM 930 E;Sulfuro Baja Ley;ESP/F08/1784/815;FASE 8;CHANCADO-SULFURO;1455;5;ESPERANZA
05-06-2023;PA2;C60;KOM 930 E;Sulfuro Baja Ley;ESP/F08/1784/815;FASE 8;STOCK_SBL1;291;1;ESPERANZA
05-06-2023;PA2;C60;KOM 930 E;Sulfuro de Media;ESP/F08/1784/812;FASE 8;CHANCADO-SULFURO;1455;5;ESPERANZA
05-06-2023;PA2;C60;KOM 930 E;Sulfuro Planta;ESP/F08/1784/812;FASE 8;CHANCADO-SULFURO;1746;6;ESPERANZA
05-06-2023;PA2;C60;KOM 930 E;Sulfuro Planta;ESP/F08/1784/812;FASE 8;STOCK_SPL_DIN;582;2;ESPERANZA
05-06-2023;PA2;C61;KOM 930 E;Sulfuro Baja Ley;ESP/F08/1784/815;FASE 8;CHANCADO-SULFURO;2619;9;ESPERANZA
05-06-2023;PA2;C61;KOM 930 E;Sulfuro de Media;ESP/F08/1784/812;FASE 8;CHANCADO-SULFURO;291;1;ESPERANZA
05-06-2023;PA2;C61;KOM 930 E;Sulfuro Planta;ESP/F08/1784/812;FASE 8;CHANCADO-SULFURO;2328;8;ESPERANZA
05-06-2023;PA2;C61;KOM 930 E;Sulfuro Planta;ESP/F08/1784/812;FASE 8;STOCK_SPL_DIN;582;2;ESPERANZA
05-06-2023;PA2;C61;KOM 930 E;Sulfuro Planta;ESP/F08/1784/815;FASE 8;CHANCADO-SULFURO;291;1;ESPERANZA
05-06-2023;PA211;C10;CAT 797 B;Lastre Oxidado;ESP/F10/2296/1031;FASE 10;BOT_RAMPA_SUPERIOR;346,4039917;1;ESPERANZA
05-06-2023;PA211;C121;CAT 793 C;Lastre Oxidado;ESP/F10/2296/1031;FASE 10;BOT_RAMPA_SUPERIOR;1082,181976;5;ESPERANZA
05-06-2023;PA211;C122;CAT 793 C;Lastre Oxidado;ESP/F10/2296/1031;FASE 10;BOT_RAMPA_SUPERIOR;216,4360046;1;ESPERANZA
05-06-2023;PA211;C128;CAT 793 C;Lastre Oxidado;ESP/F10/2296/1031;FASE 10;BOT_RAMPA_SUPERIOR;3462,984009;16;ESPERANZA
05-06-2023;PA211;C130;CAT 793 C;Lastre Oxidado;ESP/F10/2296/1031;FASE 10;BOT_RAMPA_SUPERIOR;649,3089905;3;ESPERANZA
05-06-2023;PA211;C132;CAT 793 C;Lastre Oxidado;ESP/F10/2296/1031;FASE 10;BOT_RAMPA_SUPERIOR;3895,855957;18;ESPERANZA
05-06-2023;PA211;C134;CAT 793 C;Lastre Oxidado;ESP/F10/2296/1031;FASE 10;BOT_RAMPA_SUPERIOR;1515,05304;7;ESPERANZA
05-06-2023;PA211;C135;CAT 793 C;Lastre Oxidado;ESP/F10/2296/1031;FASE 10;BOT_RAMPA_SUPERIOR;1731,489044;8;ESPERANZA
05-06-2023;PA211;C151;CAT 793 F;Lastre Oxidado;ESP/F10/2296/1031;FASE 10;BOT_RAMPA_SUPERIOR;649,3089905;3;ESPERANZA
05-06-2023;PA211;C152;CAT 793 F;Lastre Oxidado;ESP/F10/2296/1031;FASE 10;BOT_RAMPA_SUPERIOR;1515,053986;7;ESPERANZA
05-06-2023;PA211;C153;CAT 793 F;Lastre Oxidado;ESP/F10/2296/1031;FASE 10;BOT_RAMPA_SUPERIOR;1082,18103;5;ESPERANZA
05-06-2023;PA211;C154;CAT 793 F;Lastre Oxidado;ESP/F10/2296/1031;FASE 10;BOT_RAMPA_SUPERIOR;1731,490967;8;ESPERANZA
05-06-2023;PA211;C155;CAT 793 F;Lastre Oxidado;ESP/F10/2296/1031;FASE 10;BOT_RAMPA_SUPERIOR;1947,932068;9;ESPERANZA
05-06-2023;PA211;C156;CAT 793 F;Lastre Oxidado;ESP/F10/2296/1031;FASE 10;BOT_RAMPA_SUPERIOR;2164,368073;10;ESPERANZA
05-06-2023;PA211;C159;CAT 793 F;Lastre Oxidado;ESP/F10/2296/1031;FASE 10;BOT_RAMPA_SUPERIOR;1947,927002;9;ESPERANZA
05-06-2023;PA211;C160;CAT 793 F;Lastre Oxidado;ESP/F10/2296/1031;FASE 10;BOT_RAMPA_SUPERIOR;649,3089905;3;ESPERANZA
05-06-2023;PA211;C161;CAT 793 F;Lastre Oxidado;ESP/F10/2296/1031;FASE 10;BOT_RAMPA_SUPERIOR;4112,28598;19;ESPERANZA
05-06-2023;PA211;C162;CAT 793 F;Lastre Oxidado;ESP/F10/2296/1031;FASE 10;BOT_RAMPA_SUPERIOR;432,8720093;2;ESPERANZA
05-06-2023;PA211;C164;CAT 793 F;Lastre Oxidado;ESP/F10/2296/1031;FASE 10;BOT_RAMPA_SUPERIOR;5843,783142;27;ESPERANZA
05-06-2023;PA211;C36;CAT 797 F;Lastre Oxidado;ESP/F10/2296/1031;FASE 10;BOT_RAMPA_SUPERIOR;346,4039917;1;ESPERANZA
05-06-2023;PA211;C49;KOM 930 E;Lastre Oxidado;ESP/F10/2296/1031;FASE 10;BOT_RAMPA_SUPERIOR;1164;4;ESPERANZA
05-06-2023;PA211;C50;KOM 930 E;Lastre Oxidado;ESP/F10/2296/1031;FASE 10;BOT_RAMPA_SUPERIOR;291;1;ESPERANZA
05-06-2023;PA211;C51;KOM 930 E;Lastre Oxidado;ESP/F10/2296/1031;FASE 10;BOT_RAMPA_SUPERIOR;582;2;ESPERANZA
05-06-2023;PA211;C53;KOM 930 E;Lastre Oxidado;ESP/F10/2296/1031;FASE 10;BOT_RAMPA_SUPERIOR;291;1;ESPERANZA
05-06-2023;PA211;C54;KOM 930 E;Lastre Oxidado;ESP/F10/2296/1031;FASE 10;BOT_RAMPA_SUPERIOR;582;2;ESPERANZA
05-06-2023;PA211;C55;KOM 930 E;Lastre Oxidado;ESP/F10/2296/1031;FASE 10;BOT_RAMPA_SUPERIOR;582;2;ESPERANZA
05-06-2023;PA211;C56;KOM 930 E;Lastre Oxidado;ESP/F10/2296/1031;FASE 10;BOT_MIJO;291;1;ESPERANZA
05-06-2023;PA211;C57;KOM 930 E;Lastre Oxidado;ESP/F10/2296/1031;FASE 10;BOT_RAMPA_SUPERIOR;291;1;ESPERANZA
05-06-2023;PA211;C59;KOM 930 E;Lastre Oxidado;ESP/F10/2296/1031;FASE 10;BOT_RAMPA_SUPERIOR;291;1;ESPERANZA
05-06-2023;PA211;C60;KOM 930 E;Lastre Oxidado;ESP/F10/2296/1031;FASE 10;BOT_RAMPA_SUPERIOR;873;3;ESPERANZA
05-06-2023;PA211;C61;KOM 930 E;Lastre Oxidado;ESP/F10/2296/1031;FASE 10;BOT_RAMPA_SUPERIOR;582;2;ESPERANZA
05-06-2023;PA26;C12;CAT 797 B;Lastre Oxidado;ESP/F07/2120/705;FASE 7;BOT_INT_RB;346,4039917;1;ESPERANZA
05-06-2023;PA26;C14;CAT 797 B;Lastre Oxidado;ESP/F07/2120/705;FASE 7;BOT_INT_RB;692,8079834;2;ESPERANZA
05-06-2023;PA26;C20;CAT 797 F;Lastre Oxidado;ESP/F07/2120/705;FASE 7;BOT_2380_INT;346,4039917;1;ESPERANZA
05-06-2023;PA26;C23;CAT 797 F;Lastre Oxidado;ESP/F07/2120/705;FASE 7;BOT_INT_RB;346,4039917;1;ESPERANZA
05-06-2023;PA26;C34;CAT 797 F;Lastre Oxidado;ESP/F07/2120/705;FASE 7;BOT_2380_INT;346,4039917;1;ESPERANZA
05-06-2023;PA26;C45;CAT 797 F;Lastre Oxidado;ESP/F07/2120/705;FASE 7;BOT_2380_INT;346,4039917;1;ESPERANZA
05-06-2023;PA26;C45;CAT 797 F;Lastre Oxidado;ESP/F07/2120/705;FASE 7;BOT_INT_RB;346,4039917;1;ESPERANZA
05-06-2023;PA26;C46;CAT 797 F;Lastre Oxidado;ESP/F07/2120/705;FASE 7;BOT_2380_INT;346,4039917;1;ESPERANZA
05-06-2023;PA26;C46;CAT 797 F;Lastre Oxidado;ESP/F07/2120/705;FASE 7;BOT_INT_RB;346,4039917;1;ESPERANZA
05-06-2023;PA3;C07;CAT 797 B;Lastre Oxidado;ESP/F07/2120/729;FASE 7;BOT_2380_INT;4156,850098;12;ESPERANZA
05-06-2023;PA3;C07;CAT 797 B;Lastre Oxidado;ESP/F07/2120/729;FASE 7;BOT_INT_RB;346,4039917;1;ESPERANZA
05-06-2023;PA3;C08;CAT 797 B;Lastre Oxidado;ESP/F07/2120/729;FASE 7;BOT_2380_INT;2771,233948;8;ESPERANZA
05-06-2023;PA3;C08;CAT 797 B;Lastre Oxidado;ESP/F07/2120/729;FASE 7;BOT_INT_RB;346,4039917;1;ESPERANZA
05-06-2023;PA3;C09;CAT 797 B;Lastre Oxidado;ESP/F07/2120/729;FASE 7;BOT_2380_INT;2424,83197;7;ESPERANZA
05-06-2023;PA3;C09;CAT 797 B;Lastre Oxidado;ESP/F07/2120/729;FASE 7;BOT_INT_RB;1039,209961;3;ESPERANZA
05-06-2023;PA3;C10;CAT 797 B;Lastre Oxidado;ESP/F07/2120/729;FASE 7;BOT_2380_INT;4156,8479;12;ESPERANZA
05-06-2023;PA3;C10;CAT 797 B;Lastre Oxidado;ESP/F07/2120/729;FASE 7;BOT_INT_RB;346,4039917;1;ESPERANZA
05-06-2023;PA3;C11;CAT 797 B;Lastre Oxidado;ESP/F07/2120/729;FASE 7;BOT_2380_INT;3464,040039;10;ESPERANZA
05-06-2023;PA3;C11;CAT 797 B;Lastre Oxidado;ESP/F07/2120/729;FASE 7;BOT_INT_RB;346,4039917;1;ESPERANZA
05-06-2023;PA3;C12;CAT 797 B;Lastre Oxidado;ESP/F07/2120/729;FASE 7;BOT_2380_INT;3117,638062;9;ESPERANZA
05-06-2023;PA3;C12;CAT 797 B;Lastre Oxidado;ESP/F07/2120/729;FASE 7;BOT_INT_RB;346,4039917;1;ESPERANZA
05-06-2023;PA3;C13;CAT 797 B;Lastre Oxidado;ESP/F07/2120/729;FASE 7;BOT_2380_INT;1732,017944;5;ESPERANZA
05-06-2023;PA3;C13;CAT 797 B;Lastre Oxidado;ESP/F07/2120/729;FASE 7;BOT_INT_RB;692,8079834;2;ESPERANZA
05-06-2023;PA3;C14;CAT 797 B;Lastre Oxidado;ESP/F07/2120/729;FASE 7;BOT_2380_INT;3464,039917;10;ESPERANZA
05-06-2023;PA3;C14;CAT 797 B;Lastre Oxidado;ESP/F07/2120/729;FASE 7;BOT_INT_RB;346,4039917;1;ESPERANZA
05-06-2023;PA3;C16;CAT 797 B;Lastre Oxidado;ESP/F07/2120/729;FASE 7;BOT_2380_INT;2424,823914;7;ESPERANZA
05-06-2023;PA3;C16;CAT 797 B;Lastre Oxidado;ESP/F07/2120/729;FASE 7;BOT_INT_RB;692,8079834;2;ESPERANZA
05-06-2023;PA3;C17;CAT 797 F;Lastre Oxidado;ESP/F07/2120/729;FASE 7;BOT_2380_INT;3810,439941;11;ESPERANZA
05-06-2023;PA3;C18;CAT 797 F;Lastre Oxidado;ESP/F07/2120/729;FASE 7;BOT_2380_INT;3464,040039;10;ESPERANZA
05-06-2023;PA3;C18;CAT 797 F;Lastre Oxidado;ESP/F07/2120/729;FASE 7;BOT_INT_RB;346,4039917;1;ESPERANZA
05-06-2023;PA3;C19;CAT 797 F;Lastre Oxidado;ESP/F07/2120/729;FASE 7;BOT_2380_INT;346,4039917;1;ESPERANZA
05-06-2023;PA3;C20;CAT 797 F;Lastre Oxidado;ESP/F07/2120/729;FASE 7;BOT_2380_INT;2424,823914;7;ESPERANZA
05-06-2023;PA3;C20;CAT 797 F;Lastre Oxidado;ESP/F07/2120/729;FASE 7;BOT_INT_RB;692,8079834;2;ESPERANZA
05-06-2023;PA3;C21;CAT 797 F;Lastre Oxidado;ESP/F07/2120/729;FASE 7;BOT_2380_INT;1385,615967;4;ESPERANZA
05-06-2023;PA3;C22;CAT 797 F;Lastre Oxidado;ESP/F07/2120/729;FASE 7;BOT_2380_INT;2078,419922;6;ESPERANZA
05-06-2023;PA3;C22;CAT 797 F;Lastre Oxidado;ESP/F07/2120/729;FASE 7;BOT_INT_RB;346,4039917;1;ESPERANZA
05-06-2023;PA3;C23;CAT 797 F;Lastre Oxidado;ESP/F07/2120/729;FASE 7;BOT_2380_INT;2424,825928;7;ESPERANZA
05-06-2023;PA3;C24;CAT 797 F;Lastre Oxidado;ESP/F07/2120/729;FASE 7;BOT_2380_INT;1039,211975;3;ESPERANZA
05-06-2023;PA3;C24;CAT 797 F;Lastre Oxidado;ESP/F07/2120/729;FASE 7;BOT_INT_RB;346,4039917;1;ESPERANZA
05-06-2023;PA3;C25;CAT 797 F;Lastre Oxidado;ESP/F07/2120/729;FASE 7;BOT_2380_INT;2078,424011;6;ESPERANZA
05-06-2023;PA3;C25;CAT 797 F;Lastre Oxidado;ESP/F07/2120/729;FASE 7;BOT_INT_RB;346,4039917;1;ESPERANZA
05-06-2023;PA3;C32;CAT 797 F;Lastre Oxidado;ESP/F07/2120/729;FASE 7;BOT_2380_INT;2078,427979;6;ESPERANZA
05-06-2023;PA3;C34;CAT 797 F;Lastre Oxidado;ESP/F07/2120/729;FASE 7;BOT_2380_INT;3464,042053;10;ESPERANZA
05-06-2023;PA3;C34;CAT 797 F;Lastre Oxidado;ESP/F07/2120/729;FASE 7;BOT_INT_RB;346,4039917;1;ESPERANZA
05-06-2023;PA3;C36;CAT 797 F;Lastre Oxidado;ESP/F07/2120/729;FASE 7;BOT_2380_INT;3464,041931;10;ESPERANZA
05-06-2023;PA3;C36;CAT 797 F;Lastre Oxidado;ESP/F07/2120/729;FASE 7;BOT_INT_RB;692,8079834;2;ESPERANZA
05-06-2023;PA3;C37;CAT 797 F;Lastre Oxidado;ESP/F07/2120/729;FASE 7;BOT_2380_INT;2078,421936;6;ESPERANZA
05-06-2023;PA3;C37;CAT 797 F;Lastre Oxidado;ESP/F07/2120/729;FASE 7;BOT_INT_RB;346,4039917;1;ESPERANZA
05-06-2023;PA3;C38;CAT 797 F;Lastre Oxidado;ESP/F07/2120/729;FASE 7;BOT_2380_INT;1385,613953;4;ESPERANZA
05-06-2023;PA3;C39;CAT 797 F;Lastre Oxidado;ESP/F07/2120/729;FASE 7;BOT_2380_INT;2078,424011;6;ESPERANZA
05-06-2023;PA3;C41;CAT 797 F;Lastre Oxidado;ESP/F07/2120/729;FASE 7;BOT_2380_INT;2424,823914;7;ESPERANZA
05-06-2023;PA3;C42;CAT 797 F;Lastre Oxidado;ESP/F07/2120/729;FASE 7;BOT_2380_INT;2424,823914;7;ESPERANZA
05-06-2023;PA3;C42;CAT 797 F;Lastre Oxidado;ESP/F07/2120/729;FASE 7;BOT_INT_RB;346,4039917;1;ESPERANZA
05-06-2023;PA3;C43;CAT 797 F;Lastre Oxidado;ESP/F07/2120/729;FASE 7;BOT_2380_INT;3464,035889;10;ESPERANZA
05-06-2023;PA3;C43;CAT 797 F;Lastre Oxidado;ESP/F07/2120/729;FASE 7;BOT_INT_RB;346,4039917;1;ESPERANZA
05-06-2023;PA3;C44;CAT 797 F;Lastre Oxidado;ESP/F07/2120/729;FASE 7;BOT_2380_INT;2424,829956;7;ESPERANZA
05-06-2023;PA3;C44;CAT 797 F;Lastre Oxidado;ESP/F07/2120/729;FASE 7;BOT_INT_RB;692,8079834;2;ESPERANZA
05-06-2023;PA3;C45;CAT 797 F;Lastre Oxidado;ESP/F07/2120/729;FASE 7;BOT_2380_INT;2424,823914;7;ESPERANZA
05-06-2023;PA3;C46;CAT 797 F;Lastre Oxidado;ESP/F07/2120/729;FASE 7;BOT_2380_INT;3117,643982;9;ESPERANZA
05-06-2023;PA3;C46;CAT 797 F;Lastre Oxidado;ESP/F07/2120/729;FASE 7;BOT_INT_RB;346,4039917;1;ESPERANZA
05-06-2023;PA3;C47;CAT 797 F;Lastre Oxidado;ESP/F07/2120/729;FASE 7;BOT_2380_INT;3117,638062;9;ESPERANZA
05-06-2023;PA3;C48;CAT 797 F;Lastre Oxidado;ESP/F07/2120/729;FASE 7;BOT_2380_INT;2424,825928;7;ESPERANZA
05-06-2023;PA3;C51;KOM 930 E;Lastre Oxidado;ESP/F07/2120/729;FASE 7;BOT_2380_INT;582;2;ESPERANZA
05-06-2023;PA3;C54;KOM 930 E;Lastre Oxidado;ESP/F07/2120/729;FASE 7;BOT_2380_INT;291;1;ESPERANZA
05-06-2023;PA4;C122;CAT 793 C;Lastre Sulfurado;ESP/F10/2328/1240;FASE 10;BOT_RAMPA_SUPERIOR;432,8720093;2;ESPERANZA
05-06-2023;PA4;C128;CAT 793 C;Lastre Sulfurado;ESP/F10/2328/1240;FASE 10;BOT_RAMPA_SUPERIOR;1082,182007;5;ESPERANZA
05-06-2023;PA4;C13;CAT 797 B;Lastre Sulfurado;ESP/F10/2328/1240;FASE 10;BOT_MIJO;1039,209961;3;ESPERANZA
05-06-2023;PA4;C130;CAT 793 C;Lastre Sulfurado;ESP/F10/2328/1240;FASE 10;BOT_RAMPA_SUPERIOR;216,4360046;1;ESPERANZA
05-06-2023;PA4;C132;CAT 793 C;Lastre Sulfurado;ESP/F10/2328/1240;FASE 10;BOT_MIJO;432,8729858;2;ESPERANZA
05-06-2023;PA4;C132;CAT 793 C;Lastre Sulfurado;ESP/F10/2328/1240;FASE 10;BOT_RAMPA_SUPERIOR;216,4360046;1;ESPERANZA
05-06-2023;PA4;C134;CAT 793 C;Lastre Sulfurado;ESP/F10/2328/1240;FASE 10;BOT_RAMPA_SUPERIOR;432,8720093;2;ESPERANZA
05-06-2023;PA4;C135;CAT 793 C;Lastre Sulfurado;ESP/F10/2328/1240;FASE 10;BOT_RAMPA_SUPERIOR;216,4360046;1;ESPERANZA
05-06-2023;PA4;C151;CAT 793 F;Lastre Sulfurado;ESP/F10/2328/1240;FASE 10;BOT_MIJO;649,309021;3;ESPERANZA
05-06-2023;PA4;C151;CAT 793 F;Lastre Sulfurado;ESP/F10/2328/1240;FASE 10;BOT_RAMPA_SUPERIOR;1515,056;7;ESPERANZA
05-06-2023;PA4;C152;CAT 793 F;Lastre Sulfurado;ESP/F10/2328/1240;FASE 10;BOT_MIJO;1082,180054;5;ESPERANZA
05-06-2023;PA4;C152;CAT 793 F;Lastre Sulfurado;ESP/F10/2328/1240;FASE 10;BOT_RAMPA_SUPERIOR;649,3089905;3;ESPERANZA
05-06-2023;PA4;C153;CAT 793 F;Lastre Sulfurado;ESP/F10/2328/1240;FASE 10;BOT_RAMPA_SUPERIOR;2164,365021;10;ESPERANZA
05-06-2023;PA4;C154;CAT 793 F;Lastre Sulfurado;ESP/F10/2328/1240;FASE 10;BOT_RAMPA_SUPERIOR;1947,927002;9;ESPERANZA
05-06-2023;PA4;C155;CAT 793 F;Lastre Sulfurado;ESP/F10/2328/1240;FASE 10;BOT_MIJO;216,4360046;1;ESPERANZA
05-06-2023;PA4;C155;CAT 793 F;Lastre Sulfurado;ESP/F10/2328/1240;FASE 10;BOT_RAMPA_SUPERIOR;1731,496063;8;ESPERANZA
05-06-2023;PA4;C156;CAT 793 F;Lastre Sulfurado;ESP/F10/2328/1240;FASE 10;BOT_RAMPA_SUPERIOR;1731,492004;8;ESPERANZA
05-06-2023;PA4;C159;CAT 793 F;Lastre Sulfurado;ESP/F10/2328/1240;FASE 10;BOT_MIJO;216,4360046;1;ESPERANZA
05-06-2023;PA4;C159;CAT 793 F;Lastre Sulfurado;ESP/F10/2328/1240;FASE 10;BOT_RAMPA_SUPERIOR;2164,369049;10;ESPERANZA
05-06-2023;PA4;C160;CAT 793 F;Lastre Sulfurado;ESP/F10/2328/1240;FASE 10;BOT_MIJO;216,4360046;1;ESPERANZA
05-06-2023;PA4;C160;CAT 793 F;Lastre Sulfurado;ESP/F10/2328/1240;FASE 10;BOT_RAMPA_SUPERIOR;1731,48999;8;ESPERANZA
05-06-2023;PA4;C161;CAT 793 F;Lastre Sulfurado;ESP/F10/2328/1240;FASE 10;BOT_MIJO;216,4360046;1;ESPERANZA
05-06-2023;PA4;C161;CAT 793 F;Lastre Sulfurado;ESP/F10/2328/1240;FASE 10;BOT_RAMPA_SUPERIOR;216,4360046;1;ESPERANZA
05-06-2023;PA4;C162;CAT 793 F;Lastre Sulfurado;ESP/F10/2328/1240;FASE 10;BOT_RAMPA_SUPERIOR;865,7449951;4;ESPERANZA
05-06-2023;PA4;C164;CAT 793 F;Lastre Sulfurado;ESP/F10/2328/1240;FASE 10;BOT_MIJO;216,4360046;1;ESPERANZA
05-06-2023;PA4;C164;CAT 793 F;Lastre Sulfurado;ESP/F10/2328/1240;FASE 10;BOT_RAMPA_SUPERIOR;865,7450256;4;ESPERANZA
05-06-2023;PA4;C23;CAT 797 F;Lastre Sulfurado;ESP/F10/2328/1240;FASE 10;BOT_RAMPA_SUPERIOR;346,4039917;1;ESPERANZA
05-06-2023;PA4;C25;CAT 797 F;Lastre Sulfurado;ESP/F10/2328/1240;FASE 10;BOT_RAMPA_SUPERIOR;692,8079834;2;ESPERANZA
05-06-2023;PA4;C44;CAT 797 F;Lastre Sulfurado;ESP/F10/2328/1240;FASE 10;BOT_RAMPA_SUPERIOR;1039,211975;3;ESPERANZA
05-06-2023;PA4;C45;CAT 797 F;Lastre Sulfurado;ESP/F10/2328/1240;FASE 10;BOT_RAMPA_SUPERIOR;346,4039917;1;ESPERANZA
05-06-2023;PA4;C51;KOM 930 E;Lastre Sulfurado;ESP/F10/2328/1240;FASE 10;BOT_RAMPA_SUPERIOR;291;1;ESPERANZA
05-06-2023;PA4;C57;KOM 930 E;Lastre Sulfurado;ESP/F10/2328/1240;FASE 10;BOT_RAMPA_SUPERIOR;291;1;ESPERANZA
05-06-2023;PA6;C09;CAT 797 B;Lastre Oxidado;ESP/F10/2296/1030;FASE 10;BOT_RAMPA_SUPERIOR;346,4039917;1;ESPERANZA
05-06-2023;PA6;C122;CAT 793 C;Lastre Oxidado;ESP/F10/2296/1030;FASE 10;BOT_RAMPA_SUPERIOR;216,4360046;1;ESPERANZA
05-06-2023;PA6;C128;CAT 793 C;Lastre Oxidado;ESP/F10/2296/1030;FASE 10;BOT_RAMPA_SUPERIOR;1082,182007;5;ESPERANZA
05-06-2023;PA6;C130;CAT 793 C;Lastre Oxidado;ESP/F10/2296/1030;FASE 10;BOT_RAMPA_SUPERIOR;216,4360046;1;ESPERANZA
05-06-2023;PA6;C132;CAT 793 C;Lastre Oxidado;ESP/F10/2296/1030;FASE 10;BOT_RAMPA_SUPERIOR;1947,933044;9;ESPERANZA
05-06-2023;PA6;C134;CAT 793 C;Lastre Oxidado;ESP/F10/2296/1030;FASE 10;BOT_RAMPA_SUPERIOR;216,4360046;1;ESPERANZA
05-06-2023;PA6;C135;CAT 793 C;Lastre Oxidado;ESP/F10/2296/1030;FASE 10;BOT_RAMPA_SUPERIOR;432,8729858;2;ESPERANZA
05-06-2023;PA6;C151;CAT 793 F;Lastre Oxidado;ESP/F10/2296/1030;FASE 10;BOT_RAMPA_SUPERIOR;865,7450256;4;ESPERANZA
05-06-2023;PA6;C152;CAT 793 F;Lastre Oxidado;ESP/F10/2296/1030;FASE 10;BOT_MIJO;432,8729858;2;ESPERANZA
05-06-2023;PA6;C152;CAT 793 F;Lastre Oxidado;ESP/F10/2296/1030;FASE 10;BOT_RAMPA_SUPERIOR;1298,616058;6;ESPERANZA
05-06-2023;PA6;C153;CAT 793 F;Lastre Oxidado;ESP/F10/2296/1030;FASE 10;BOT_MIJO;432,8729858;2;ESPERANZA
05-06-2023;PA6;C153;CAT 793 F;Lastre Oxidado;ESP/F10/2296/1030;FASE 10;BOT_RAMPA_SUPERIOR;1515,05304;7;ESPERANZA
05-06-2023;PA6;C154;CAT 793 F;Lastre Oxidado;ESP/F10/2296/1030;FASE 10;BOT_MIJO;216,4360046;1;ESPERANZA
05-06-2023;PA6;C154;CAT 793 F;Lastre Oxidado;ESP/F10/2296/1030;FASE 10;BOT_RAMPA_SUPERIOR;2597,23999;12;ESPERANZA
05-06-2023;PA6;C155;CAT 793 F;Lastre Oxidado;ESP/F10/2296/1030;FASE 10;BOT_RAMPA_SUPERIOR;1947,926025;9;ESPERANZA
05-06-2023;PA6;C156;CAT 793 F;Lastre Oxidado;ESP/F10/2296/1030;FASE 10;BOT_RAMPA_SUPERIOR;2813,671967;13;ESPERANZA
05-06-2023;PA6;C159;CAT 793 F;Lastre Oxidado;ESP/F10/2296/1030;FASE 10;BOT_MIJO;216,4360046;1;ESPERANZA
05-06-2023;PA6;C159;CAT 793 F;Lastre Oxidado;ESP/F10/2296/1030;FASE 10;BOT_RAMPA_SUPERIOR;1082,182007;5;ESPERANZA
05-06-2023;PA6;C160;CAT 793 F;Lastre Oxidado;ESP/F10/2296/1030;FASE 10;BOT_MIJO;216,4360046;1;ESPERANZA
05-06-2023;PA6;C160;CAT 793 F;Lastre Oxidado;ESP/F10/2296/1030;FASE 10;BOT_RAMPA_SUPERIOR;2164,363983;10;ESPERANZA
05-06-2023;PA6;C161;CAT 793 F;Lastre Oxidado;ESP/F10/2296/1030;FASE 10;BOT_RAMPA_SUPERIOR;1515,05304;7;ESPERANZA
05-06-2023;PA6;C162;CAT 793 F;Lastre Oxidado;ESP/F10/2296/1030;FASE 10;BOT_MIJO;216,4360046;1;ESPERANZA
05-06-2023;PA6;C164;CAT 793 F;Lastre Oxidado;ESP/F10/2296/1030;FASE 10;BOT_RAMPA_SUPERIOR;1947,932068;9;ESPERANZA
05-06-2023;PA6;C25;CAT 797 F;Lastre Oxidado;ESP/F10/2296/1030;FASE 10;BOT_RAMPA_SUPERIOR;692,8079834;2;ESPERANZA
05-06-2023;PA6;C34;CAT 797 F;Lastre Oxidado;ESP/F10/2296/1030;FASE 10;BOT_RAMPA_SUPERIOR;346,4039917;1;ESPERANZA
05-06-2023;PA6;C36;CAT 797 F;Lastre Oxidado;ESP/F10/2296/1030;FASE 10;BOT_RAMPA_SUPERIOR;346,4039917;1;ESPERANZA
05-06-2023;PA6;C43;CAT 797 F;Lastre Oxidado;ESP/F10/2296/1030;FASE 10;BOT_RAMPA_SUPERIOR;692,8079834;2;ESPERANZA
05-06-2023;PA6;C44;CAT 797 F;Lastre Oxidado;ESP/F10/2296/1030;FASE 10;BOT_RAMPA_SUPERIOR;692,8079834;2;ESPERANZA
05-06-2023;PA6;C45;CAT 797 F;Lastre Oxidado;ESP/F10/2296/1030;FASE 10;BOT_RAMPA_SUPERIOR;692,8079834;2;ESPERANZA
05-06-2023;PA6;C49;KOM 930 E;Lastre Oxidado;ESP/F10/2296/1030;FASE 10;BOT_RAMPA_SUPERIOR;873;3;ESPERANZA
05-06-2023;PA6;C51;KOM 930 E;Lastre Oxidado;ESP/F10/2296/1030;FASE 10;BOT_RAMPA_SUPERIOR;582;2;ESPERANZA
05-06-2023;PA6;C59;KOM 930 E;Lastre Oxidado;ESP/F10/2296/1030;FASE 10;BOT_RAMPA_SUPERIOR;873;3;ESPERANZA
05-06-2023;PA6;C60;KOM 930 E;Lastre Oxidado;ESP/F10/2296/1030;FASE 10;BOT_MIJO;291;1;ESPERANZA
05-06-2023;PA6;C60;KOM 930 E;Lastre Oxidado;ESP/F10/2296/1030;FASE 10;BOT_RAMPA_SUPERIOR;2037;7;ESPERANZA
05-06-2023;PA6;C61;KOM 930 E;Lastre Oxidado;ESP/F10/2296/1030;FASE 10;BOT_RAMPA_SUPERIOR;291;1;ESPERANZA
05-06-2023;PA7;C07;CAT 797 B;Lastre Sulfurado;ESP/F07/2120/727;FASE 7;BOT_2380_INT;1039,211975;3;ESPERANZA
05-06-2023;PA7;C07;CAT 797 B;Lastre Sulfurado;ESP/F07/2120/727;FASE 7;BOT_INT_RB;346,4039917;1;ESPERANZA
05-06-2023;PA7;C08;CAT 797 B;Lastre Sulfurado;ESP/F07/2120/727;FASE 7;BOT_2380_INT;2771,227905;8;ESPERANZA
05-06-2023;PA7;C08;CAT 797 B;Lastre Sulfurado;ESP/F07/2120/727;FASE 7;BOT_INT_RB;346,4039917;1;ESPERANZA
05-06-2023;PA7;C09;CAT 797 B;Lastre Sulfurado;ESP/F07/2120/727;FASE 7;BOT_2380_INT;1385,619995;4;ESPERANZA
05-06-2023;PA7;C09;CAT 797 B;Lastre Sulfurado;ESP/F07/2120/727;FASE 7;BOT_INT_RB;1385,615967;4;ESPERANZA
05-06-2023;PA7;C10;CAT 797 B;Lastre Sulfurado;ESP/F07/2120/727;FASE 7;BOT_2380_INT;2078,424011;6;ESPERANZA
05-06-2023;PA7;C10;CAT 797 B;Lastre Sulfurado;ESP/F07/2120/727;FASE 7;BOT_INT_RB;1039,209961;3;ESPERANZA
05-06-2023;PA7;C11;CAT 797 B;Lastre Sulfurado;ESP/F07/2120/727;FASE 7;BOT_2380_INT;1385,613953;4;ESPERANZA
05-06-2023;PA7;C11;CAT 797 B;Lastre Sulfurado;ESP/F07/2120/727;FASE 7;BOT_INT_RB;692,8079834;2;ESPERANZA
05-06-2023;PA7;C12;CAT 797 B;Lastre Sulfurado;ESP/F07/2120/727;FASE 7;BOT_2380_INT;692,8079834;2;ESPERANZA
05-06-2023;PA7;C12;CAT 797 B;Lastre Sulfurado;ESP/F07/2120/727;FASE 7;BOT_INT_RB;1385,619995;4;ESPERANZA
05-06-2023;PA7;C13;CAT 797 B;Lastre Sulfurado;ESP/F07/2120/727;FASE 7;BOT_2380_INT;692,8079834;2;ESPERANZA
05-06-2023;PA7;C13;CAT 797 B;Lastre Sulfurado;ESP/F07/2120/727;FASE 7;BOT_INT_RB;1732,023987;5;ESPERANZA
05-06-2023;PA7;C14;CAT 797 B;Lastre Sulfurado;ESP/F07/2120/727;FASE 7;BOT_2380_INT;346,4039917;1;ESPERANZA
05-06-2023;PA7;C14;CAT 797 B;Lastre Sulfurado;ESP/F07/2120/727;FASE 7;BOT_INT_RB;346,4039917;1;ESPERANZA
05-06-2023;PA7;C15;CAT 797 B;Lastre Sulfurado;ESP/F07/2120/727;FASE 7;BOT_2380_INT;346,4039917;1;ESPERANZA
05-06-2023;PA7;C154;CAT 793 F;Lastre Sulfurado;ESP/F07/2120/727;FASE 7;BOT_RAMPA_SUPERIOR;216,4360046;1;ESPERANZA
05-06-2023;PA7;C16;CAT 797 B;Lastre Sulfurado;ESP/F07/2120/727;FASE 7;BOT_2380_INT;1732,017944;5;ESPERANZA
05-06-2023;PA7;C16;CAT 797 B;Lastre Sulfurado;ESP/F07/2120/727;FASE 7;BOT_INT_RB;346,4039917;1;ESPERANZA
05-06-2023;PA7;C17;CAT 797 F;Lastre Sulfurado;ESP/F07/2120/727;FASE 7;BOT_2380_INT;1385,615967;4;ESPERANZA
05-06-2023;PA7;C17;CAT 797 F;Lastre Sulfurado;ESP/F07/2120/727;FASE 7;BOT_INT_RB;346,4039917;1;ESPERANZA
05-06-2023;PA7;C18;CAT 797 F;Lastre Sulfurado;ESP/F07/2120/727;FASE 7;BOT_2380_INT;1385,613953;4;ESPERANZA
05-06-2023;PA7;C18;CAT 797 F;Lastre Sulfurado;ESP/F07/2120/727;FASE 7;BOT_INT_RB;692,8079834;2;ESPERANZA
05-06-2023;PA7;C20;CAT 797 F;Lastre Sulfurado;ESP/F07/2120/727;FASE 7;BOT_2380_INT;2424,828003;7;ESPERANZA
05-06-2023;PA7;C21;CAT 797 F;Lastre Sulfurado;ESP/F07/2120/727;FASE 7;BOT_2380_INT;2078,424011;6;ESPERANZA
05-06-2023;PA7;C21;CAT 797 F;Lastre Sulfurado;ESP/F07/2120/727;FASE 7;BOT_INT_RB;1385,619995;4;ESPERANZA
05-06-2023;PA7;C21;CAT 797 F;Lastre Sulfurado;ESP/F07/2120/727;FASE 7;BOT_RAMPA_SUPERIOR;346,4039917;1;ESPERANZA
05-06-2023;PA7;C22;CAT 797 F;Lastre Sulfurado;ESP/F07/2120/727;FASE 7;BOT_2380_INT;1385,615967;4;ESPERANZA
05-06-2023;PA7;C22;CAT 797 F;Lastre Sulfurado;ESP/F07/2120/727;FASE 7;BOT_INT_RB;346,4039917;1;ESPERANZA
05-06-2023;PA7;C23;CAT 797 F;Lastre Sulfurado;ESP/F07/2120/727;FASE 7;BOT_2380_INT;346,4039917;1;ESPERANZA
05-06-2023;PA7;C23;CAT 797 F;Lastre Sulfurado;ESP/F07/2120/727;FASE 7;BOT_INT_RB;692,8079834;2;ESPERANZA
05-06-2023;PA7;C24;CAT 797 F;Lastre Sulfurado;ESP/F07/2120/727;FASE 7;BOT_2380_INT;2424,823914;7;ESPERANZA
05-06-2023;PA7;C24;CAT 797 F;Lastre Sulfurado;ESP/F07/2120/727;FASE 7;BOT_INT_RB;1385,619995;4;ESPERANZA
05-06-2023;PA7;C25;CAT 797 F;Lastre Sulfurado;ESP/F07/2120/727;FASE 7;BOT_INT_RB;1039,209961;3;ESPERANZA
05-06-2023;PA7;C32;CAT 797 F;Lastre Sulfurado;ESP/F07/2120/727;FASE 7;BOT_2380_INT;1385,615967;4;ESPERANZA
05-06-2023;PA7;C32;CAT 797 F;Lastre Sulfurado;ESP/F07/2120/727;FASE 7;BOT_INT_RB;1039,209961;3;ESPERANZA
05-06-2023;PA7;C34;CAT 797 F;Lastre Sulfurado;ESP/F07/2120/727;FASE 7;BOT_2380_INT;346,4039917;1;ESPERANZA
05-06-2023;PA7;C34;CAT 797 F;Lastre Sulfurado;ESP/F07/2120/727;FASE 7;BOT_INT_RB;692,8079834;2;ESPERANZA
05-06-2023;PA7;C36;CAT 797 F;Lastre Sulfurado;ESP/F07/2120/727;FASE 7;BOT_2380_INT;1385,615967;4;ESPERANZA
05-06-2023;PA7;C36;CAT 797 F;Lastre Sulfurado;ESP/F07/2120/727;FASE 7;BOT_INT_RB;1385,613953;4;ESPERANZA
05-06-2023;PA7;C37;CAT 797 F;Lastre Sulfurado;ESP/F07/2120/727;FASE 7;BOT_2380_INT;1732,023987;5;ESPERANZA
05-06-2023;PA7;C37;CAT 797 F;Lastre Sulfurado;ESP/F07/2120/727;FASE 7;BOT_INT_RB;346,4039917;1;ESPERANZA
05-06-2023;PA7;C38;CAT 797 F;Lastre Sulfurado;ESP/F07/2120/727;FASE 7;BOT_2380_INT;692,8079834;2;ESPERANZA
05-06-2023;PA7;C38;CAT 797 F;Lastre Sulfurado;ESP/F07/2120/727;FASE 7;BOT_INT_RB;1732,02002;5;ESPERANZA
05-06-2023;PA7;C39;CAT 797 F;Lastre Sulfurado;ESP/F07/2120/727;FASE 7;BOT_2380_INT;1385,613953;4;ESPERANZA
05-06-2023;PA7;C39;CAT 797 F;Lastre Sulfurado;ESP/F07/2120/727;FASE 7;BOT_INT_RB;2771,23407;8;ESPERANZA
05-06-2023;PA7;C40;CAT 797 F;Lastre Sulfurado;ESP/F07/2120/727;FASE 7;BOT_2380_INT;346,4039917;1;ESPERANZA
05-06-2023;PA7;C41;CAT 797 F;Lastre Sulfurado;ESP/F07/2120/727;FASE 7;BOT_2380_INT;1732,017944;5;ESPERANZA
05-06-2023;PA7;C41;CAT 797 F;Lastre Sulfurado;ESP/F07/2120/727;FASE 7;BOT_INT_RB;1039,209961;3;ESPERANZA
05-06-2023;PA7;C42;CAT 797 F;Lastre Sulfurado;ESP/F07/2120/727;FASE 7;BOT_2380_INT;1385,619995;4;ESPERANZA
05-06-2023;PA7;C42;CAT 797 F;Lastre Sulfurado;ESP/F07/2120/727;FASE 7;BOT_INT_RB;2424,830078;7;ESPERANZA
05-06-2023;PA7;C43;CAT 797 F;Lastre Sulfurado;ESP/F07/2120/727;FASE 7;BOT_2380_INT;692,8079834;2;ESPERANZA
05-06-2023;PA7;C43;CAT 797 F;Lastre Sulfurado;ESP/F07/2120/727;FASE 7;BOT_INT_RB;1039,211975;3;ESPERANZA
05-06-2023;PA7;C44;CAT 797 F;Lastre Sulfurado;ESP/F07/2120/727;FASE 7;BOT_2380_INT;346,4039917;1;ESPERANZA
05-06-2023;PA7;C44;CAT 797 F;Lastre Sulfurado;ESP/F07/2120/727;FASE 7;BOT_INT_RB;692,8079834;2;ESPERANZA
05-06-2023;PA7;C45;CAT 797 F;Lastre Sulfurado;ESP/F07/2120/727;FASE 7;BOT_2380_INT;1039,211975;3;ESPERANZA
05-06-2023;PA7;C46;CAT 797 F;Lastre Sulfurado;ESP/F07/2120/727;FASE 7;BOT_2380_INT;1039,209961;3;ESPERANZA
05-06-2023;PA7;C46;CAT 797 F;Lastre Sulfurado;ESP/F07/2120/727;FASE 7;BOT_INT_RB;1385,619995;4;ESPERANZA
05-06-2023;PA7;C47;CAT 797 F;Lastre Sulfurado;ESP/F07/2120/727;FASE 7;BOT_INT_RB;2771,22998;8;ESPERANZA
05-06-2023;PA7;C48;CAT 797 F;Lastre Sulfurado;ESP/F07/2120/727;FASE 7;BOT_2380_INT;2078,424011;6;ESPERANZA
05-06-2023;PA7;C48;CAT 797 F;Lastre Sulfurado;ESP/F07/2120/727;FASE 7;BOT_INT_RB;1039,209961;3;ESPERANZA
05-06-2023;PA9;C08;CAT 797 B;Lastre Sulfurado;ESP/F07/2104/701;FASE 7;BOT_2380_INT;346,4039917;1;ESPERANZA
05-06-2023;PA9;C10;CAT 797 B;Lastre Sulfurado;ESP/F07/2104/701;FASE 7;BOT_2380_INT;346,4039917;1;ESPERANZA
05-06-2023;PA9;C12;CAT 797 B;Lastre Sulfurado;ESP/F07/2104/701;FASE 7;BOT_2380_INT;346,4039917;1;ESPERANZA
05-06-2023;PA9;C14;CAT 797 B;Lastre Sulfurado;ESP/F07/2104/701;FASE 7;BOT_2380_INT;346,4039917;1;ESPERANZA
05-06-2023;PA9;C17;CAT 797 F;Lastre Sulfurado;ESP/F07/2104/701;FASE 7;BOT_2380_INT;346,4039917;1;ESPERANZA
05-06-2023;PA9;C18;CAT 797 F;Lastre Sulfurado;ESP/F07/2104/701;FASE 7;BOT_2380_INT;692,8079834;2;ESPERANZA
05-06-2023;PA9;C20;CAT 797 F;Lastre Sulfurado;ESP/F07/2104/701;FASE 7;BOT_2380_INT;346,4039917;1;ESPERANZA
05-06-2023;PA9;C23;CAT 797 F;Lastre Sulfurado;ESP/F07/2104/701;FASE 7;BOT_2380_INT;692,8079834;2;ESPERANZA
05-06-2023;PA9;C24;CAT 797 F;Lastre Sulfurado;ESP/F07/2104/701;FASE 7;BOT_2380_INT;346,4039917;1;ESPERANZA
05-06-2023;PA9;C32;CAT 797 F;Lastre Sulfurado;ESP/F07/2104/701;FASE 7;BOT_2380_INT;692,8079834;2;ESPERANZA
05-06-2023;PA9;C34;CAT 797 F;Lastre Sulfurado;ESP/F07/2104/701;FASE 7;BOT_2380_INT;346,4039917;1;ESPERANZA
05-06-2023;PA9;C38;CAT 797 F;Lastre Sulfurado;ESP/F07/2104/701;FASE 7;BOT_2380_INT;346,4039917;1;ESPERANZA
05-06-2023;PA9;C41;CAT 797 F;Lastre Sulfurado;ESP/F07/2104/701;FASE 7;BOT_2380_INT;1039,211975;3;ESPERANZA
05-06-2023;PA9;C43;CAT 797 F;Lastre Sulfurado;ESP/F07/2104/701;FASE 7;BOT_2380_INT;692,8079834;2;ESPERANZA
05-06-2023;PA9;C45;CAT 797 F;Lastre Sulfurado;ESP/F07/2104/701;FASE 7;BOT_2380_INT;346,4039917;1;ESPERANZA
05-06-2023;PA9;C48;CAT 797 F;Lastre Sulfurado;ESP/F07/2104/701;FASE 7;BOT_2380_INT;346,4039917;1;ESPERANZA
05-06-2023;PAESPS;C980AHSESPS;Kom 980 AHS;Lastre Sulfurado;ESS/F02/2136/R200;F02 ESPSUR;BOTADERO_2021;18000;50;ESPERANZA_SUR
05-06-2023;PATH01;C701;LIEBHERR 264 ;LASTRE (LAS);LLA/F01/2302.5/1090;F01 LLA;BOT_TSS;17082;78;LLANO
05-06-2023;PATH01;C701;LIEBHERR 264 ;LASTRE (LAS);LLA/F02/2302.5/2030;F02 LLA;BOT_TSS;27813;127;LLANO
05-06-2023;PATH01;C701;LIEBHERR 264 ;LASTRE (LAS);LLA/F02/2302.5/209;F02 LLA;BOT_TSS;219;1;LLANO
05-06-2023;PATH01;C701;LIEBHERR 264 ;LASTRE (LAS);LLA/F02/2302.5/2090;F02 LLA;BOT_TSS;438;2;LLANO
05-06-2023;PATH01;C701;LIEBHERR 264 ;LASTRE (LAS);LLA/F02/2302.5/210;F02 LLA;BOT_TSS;38325;175;LLANO
05-06-2023;PATH01;C793OXE;CAT 793 OXE;Media Ley;OXE/F04/2144/4030;FASE 04 ENC;CHANCADO-ENCUENTRO;8800;40;ENCUENTRO
05-06-2023;PATH01;C793OXE;CAT 793 OXE;Media Ley;OXE/F04/2144/4030;FASE 04 ENC;MOD C;3520;16;ENCUENTRO
05-06-2023;PATH01;C793OXE;CAT 793 OXE;OBR;MOD_E_REM;ENCUENTRO OXE;CHANCADO-ENCUENTRO;1320;6;ENCUENTRO
05-06-2023;PATH01;C793OXE;CAT 793 OXE;OBR;MOD_F_REM;ENCUENTRO OXE;CHANCADO-ENCUENTRO;660;3;ENCUENTRO
05-06-2023;PATH01;C793OXE;CAT 793 OXE;OXIDO ALTA LEY (OXAL);OXE/F04/2144/4030;FASE 04 ENC;CHANCADO-ENCUENTRO;16060;73;ENCUENTRO
05-06-2023;PATH01;C793OXE;CAT 793 OXE;OXIDO ALTA LEY (OXAL);OXE/F04/2144/4030;FASE 04 ENC;MOD A;14960;68;ENCUENTRO
05-06-2023;PATH01;C793OXE;CAT 793 OXE;OXIDO ALTA LEY (OXAL);OXE/F04/2144/4030;FASE 04 ENC;MOD B;5280;24;ENCUENTRO
05-06-2023;PATH01;C793OXE;CAT 793 OXE;OXIDO ALTA LEY (OXAL);OXE/F04/2144/4030;FASE 04 ENC;MOD C;880;4;ENCUENTRO
05-06-2023;PATH01;C793OXE;CAT 793 OXE;Oxido Baja Ley;OXE/F04/2160/420;FASE 04 ENC;CHANCADO-ENCUENTRO;2200;10;ENCUENTRO
05-06-2023;PATH01;C793OXE;CAT 793 OXE;Oxido Baja Ley;OXE/F04/2160/420;FASE 04 ENC;MOD F;4620;21;ENCUENTRO
05-06-2023;PATH01;C930OXE;KOM 930OXE;L21;04_2376_455;FASE 04 ENC;BOT.2420;43500;150;ENCUENTRO
05-06-2023;PATH01;C930OXE;KOM 930OXE;Media Ley;OXE/F04/2144/4030;FASE 04 ENC;MOD C;4640;16;ENCUENTRO
05-06-2023;PATH01;C930OXE;KOM 930OXE;OXIDO MARGINAL (OXMAR);OXE/F04/2144/4030;FASE 04 ENC;MOD D;2900;10;ENCUENTRO