Fecha;Carguio;Camión;Flota;Material;Origen;Zona;Destino;Tonelaje;Ciclos;Rajo
06-06-2023;CF2;C12;CAT 797 B;Lastre Sulfurado;ESP/F07/2120/727;FASE 7;BOT_2380_INT;346,4039917;1;ESPERANZA
06-06-2023;CF2;C15;CAT 797 B;Lastre Sulfurado;ESP/F07/2120/727;FASE 7;BOT_2380_INT;346,4039917;1;ESPERANZA
06-06-2023;CF2;C19;CAT 797 F;Lastre Sulfurado;ESP/F07/2120/727;FASE 7;BOT_2380_INT;346,4039917;1;ESPERANZA
06-06-2023;CF2;C21;CAT 797 F;Lastre Sulfurado;ESP/F07/2120/727;FASE 7;BOT_2380_INT;346,4039917;1;ESPERANZA
06-06-2023;CF2;C23;CAT 797 F;Lastre Sulfurado;ESP/F07/2120/727;FASE 7;BOT_2380_INT;346,4039917;1;ESPERANZA
06-06-2023;CF2;C41;CAT 797 F;Lastre Sulfurado;ESP/F07/2120/727;FASE 7;BOT_2380_INT;346,4039917;1;ESPERANZA
06-06-2023;CF2;C42;CAT 797 F;Lastre Sulfurado;ESP/F07/2120/727;FASE 7;BOT_2380_INT;346,4039917;1;ESPERANZA
06-06-2023;CF2;C52;KOM 930 E;Lastre Sulfurado;ESP/F07/2120/727;FASE 7;BOT_2380_INT;291;1;ESPERANZA
06-06-2023;CF2;C54;KOM 930 E;Lastre Sulfurado;ESP/F07/2120/727;FASE 7;BOT_2380_INT;291;1;ESPERANZA
06-06-2023;CF232;C121;CAT 793 C;Baja Ley 1;ST-TS_18;OXIDO;CHANCADO-OXIDO;3030,112976;14;TESORO
06-06-2023;CF232;C122;CAT 793 C;Baja Ley 1;ST-TS_18;OXIDO;CHANCADO-OXIDO;216,4360046;1;TESORO
06-06-2023;CF232;C130;CAT 793 C;Baja Ley 1;ST-TS_18;OXIDO;CHANCADO-OXIDO;4112,294952;19;TESORO
06-06-2023;CF232;C131;CAT 793 C;Baja Ley 1;ST-TS_18;OXIDO;CHANCADO-OXIDO;865,7459717;4;TESORO
06-06-2023;CF232;C153;CAT 793 F;Baja Ley 1;ST-TS_18;OXIDO;CHANCADO-OXIDO;216,4360046;1;TESORO
06-06-2023;CF232;C161;CAT 793 F;Baja Ley 1;ST-TS_18;OXIDO;CHANCADO-OXIDO;2164,365021;10;TESORO
06-06-2023;CF233;C128;CAT 793 C;Lastre Oxidado;ESP/F10/2328/125;FASE 10;BOT_RAMPA_SUPERIOR;216,4360046;1;ESPERANZA
06-06-2023;CF233;C135;CAT 793 C;Lastre Oxidado;ESP/F10/2328/125;FASE 10;BOT_RAMPA_SUPERIOR;216,4360046;1;ESPERANZA
06-06-2023;CF234;C121;CAT 793 C;Marginal Alta;STM-NE-02;OXIDO;CHANCADO-OXIDO;3030,112976;14;TESORO
06-06-2023;CF234;C122;CAT 793 C;Marginal Alta;STM-NE-02;OXIDO;CHANCADO-OXIDO;649,309021;3;TESORO
06-06-2023;CF234;C123;CAT 793 C;Marginal Alta;STM-NE-02;OXIDO;CHANCADO-OXIDO;9956,063873;46;TESORO
06-06-2023;CF234;C125;CAT 793 C;Marginal Alta;STM-NE-02;OXIDO;CHANCADO-OXIDO;216,4360046;1;TESORO
06-06-2023;CF234;C130;CAT 793 C;Marginal Alta;STM-NE-02;OXIDO;CHANCADO-OXIDO;4112,291046;19;TESORO
06-06-2023;CF234;C131;CAT 793 C;Marginal Alta;STM-NE-02;OXIDO;CHANCADO-OXIDO;216,4360046;1;TESORO
06-06-2023;CF234;C151;CAT 793 F;Marginal Alta;STM-NE-02;OXIDO;CHANCADO-OXIDO;649,309021;3;TESORO
06-06-2023;CF234;C153;CAT 793 F;Marginal Alta;STM-NE-02;OXIDO;CHANCADO-OXIDO;1082,180054;5;TESORO
06-06-2023;CF234;C162;CAT 793 F;Marginal Alta;STM-NE-02;OXIDO;CHANCADO-OXIDO;649,3089905;3;TESORO
06-06-2023;CF234;C163;CAT 793 F;Marginal Alta;STM-NE-02;OXIDO;CHANCADO-OXIDO;4545,158936;21;TESORO
06-06-2023;CF3;C07;CAT 797 B;Lastre Sulfurado;ESP/F07/2104/706;FASE 7;BOT_2380_INT;346,4039917;1;ESPERANZA
06-06-2023;CF3;C07;CAT 797 B;Lastre Sulfurado;ESP/F07/2120/727;FASE 7;BOT_2380_INT;346,4039917;1;ESPERANZA
06-06-2023;CF3;C08;CAT 797 B;Lastre Sulfurado;ESP/F07/2104/706;FASE 7;BOT_2380_INT;346,4039917;1;ESPERANZA
06-06-2023;CF3;C10;CAT 797 B;Lastre Sulfurado;ESP/F07/2104/706;FASE 7;BOT_2380_INT;1039,211975;3;ESPERANZA
06-06-2023;CF3;C12;CAT 797 B;Lastre Sulfurado;ESP/F07/2104/706;FASE 7;BOT_2380_INT;1039,211975;3;ESPERANZA
06-06-2023;CF3;C13;CAT 797 B;Lastre Sulfurado;ESP/F07/2104/706;FASE 7;BOT_2380_INT;346,4039917;1;ESPERANZA
06-06-2023;CF3;C135;CAT 793 C;Lastre Sulfurado;ESP/F07/2104/706;FASE 7;BOT_2380_INT;216,4360046;1;ESPERANZA
06-06-2023;CF3;C14;CAT 797 B;Lastre Sulfurado;ESP/F07/2104/706;FASE 7;BOT_2380_INT;692,8079834;2;ESPERANZA
06-06-2023;CF3;C14;CAT 797 B;Lastre Sulfurado;ESP/F07/2120/727;FASE 7;BOT_2380_INT;692,8079834;2;ESPERANZA
06-06-2023;CF3;C15;CAT 797 B;Lastre Sulfurado;ESP/F07/2104/706;FASE 7;BOT_2380_INT;346,4039917;1;ESPERANZA
06-06-2023;CF3;C15;CAT 797 B;Lastre Sulfurado;ESP/F07/2120/727;FASE 7;BOT_2380_INT;346,4039917;1;ESPERANZA
06-06-2023;CF3;C152;CAT 793 F;Lastre Sulfurado;ESP/F07/2104/706;FASE 7;BOT_2380_INT;216,4360046;1;ESPERANZA
06-06-2023;CF3;C155;CAT 793 F;Lastre Sulfurado;ESP/F07/2120/727;FASE 7;BOT_2380_INT;216,4360046;1;ESPERANZA
06-06-2023;CF3;C17;CAT 797 F;Lastre Sulfurado;ESP/F07/2104/706;FASE 7;BOT_2380_INT;1385,615967;4;ESPERANZA
06-06-2023;CF3;C18;CAT 797 F;Lastre Sulfurado;ESP/F07/2104/706;FASE 7;BOT_2380_INT;1039,209961;3;ESPERANZA
06-06-2023;CF3;C20;CAT 797 F;Lastre Sulfurado;ESP/F07/2104/706;FASE 7;BOT_2380_INT;692,8079834;2;ESPERANZA
06-06-2023;CF3;C20;CAT 797 F;Lastre Sulfurado;ESP/F07/2120/727;FASE 7;BOT_2380_INT;346,4039917;1;ESPERANZA
06-06-2023;CF3;C21;CAT 797 F;Lastre Sulfurado;ESP/F07/2104/706;FASE 7;BOT_2380_INT;346,4039917;1;ESPERANZA
06-06-2023;CF3;C21;CAT 797 F;Lastre Sulfurado;ESP/F07/2120/727;FASE 7;BOT_2380_INT;692,8079834;2;ESPERANZA
06-06-2023;CF3;C22;CAT 797 F;Lastre Sulfurado;ESP/F07/2104/706;FASE 7;BOT_2380_INT;1732,017944;5;ESPERANZA
06-06-2023;CF3;C23;CAT 797 F;Lastre Sulfurado;ESP/F07/2104/706;FASE 7;BOT_2380_INT;1039,211975;3;ESPERANZA
06-06-2023;CF3;C23;CAT 797 F;Lastre Sulfurado;ESP/F07/2120/727;FASE 7;BOT_2380_INT;346,4039917;1;ESPERANZA
06-06-2023;CF3;C25;CAT 797 F;Lastre Sulfurado;ESP/F07/2104/706;FASE 7;BOT_2380_INT;346,4039917;1;ESPERANZA
06-06-2023;CF3;C32;CAT 797 F;Lastre Sulfurado;ESP/F07/2104/706;FASE 7;BOT_2380_INT;692,8079834;2;ESPERANZA
06-06-2023;CF3;C32;CAT 797 F;Lastre Sulfurado;ESP/F07/2120/727;FASE 7;BOT_2380_INT;692,8079834;2;ESPERANZA
06-06-2023;CF3;C34;CAT 797 F;Lastre Sulfurado;ESP/F07/2104/706;FASE 7;BOT_2380_INT;692,8079834;2;ESPERANZA
06-06-2023;CF3;C34;CAT 797 F;Lastre Sulfurado;ESP/F07/2120/727;FASE 7;BOT_2380_INT;692,8079834;2;ESPERANZA
06-06-2023;CF3;C36;CAT 797 F;Lastre Sulfurado;ESP/F07/2104/706;FASE 7;BOT_2380_INT;1039,209961;3;ESPERANZA
06-06-2023;CF3;C36;CAT 797 F;Lastre Sulfurado;ESP/F07/2120/727;FASE 7;BOT_2380_INT;346,4039917;1;ESPERANZA
06-06-2023;CF3;C37;CAT 797 F;Lastre Sulfurado;ESP/F07/2104/706;FASE 7;BOT_2380_INT;692,8079834;2;ESPERANZA
06-06-2023;CF3;C37;CAT 797 F;Lastre Sulfurado;ESP/F07/2120/727;FASE 7;BOT_2380_INT;692,8079834;2;ESPERANZA
06-06-2023;CF3;C38;CAT 797 F;Lastre Sulfurado;ESP/F07/2104/706;FASE 7;BOT_2380_INT;1039,211975;3;ESPERANZA
06-06-2023;CF3;C38;CAT 797 F;Lastre Sulfurado;ESP/F07/2120/727;FASE 7;BOT_2380_INT;1039,209961;3;ESPERANZA
06-06-2023;CF3;C39;CAT 797 F;Lastre Sulfurado;ESP/F07/2104/706;FASE 7;BOT_2380_INT;346,4039917;1;ESPERANZA
06-06-2023;CF3;C39;CAT 797 F;Lastre Sulfurado;ESP/F07/2120/727;FASE 7;BOT_2380_INT;1039,209961;3;ESPERANZA
06-06-2023;CF3;C41;CAT 797 F;Lastre Sulfurado;ESP/F07/2104/706;FASE 7;BOT_2380_INT;346,4039917;1;ESPERANZA
06-06-2023;CF3;C41;CAT 797 F;Lastre Sulfurado;ESP/F07/2120/727;FASE 7;BOT_2380_INT;346,4039917;1;ESPERANZA
06-06-2023;CF3;C42;CAT 797 F;Lastre Sulfurado;ESP/F07/2104/706;FASE 7;BOT_2380_INT;692,8079834;2;ESPERANZA
06-06-2023;CF3;C42;CAT 797 F;Lastre Sulfurado;ESP/F07/2120/727;FASE 7;BOT_2380_INT;346,4039917;1;ESPERANZA
06-06-2023;CF3;C42;CAT 797 F;Lastre Sulfurado;ESP/F07/2120/727;FASE 7;BOT_INT_RB;692,8079834;2;ESPERANZA
06-06-2023;CF3;C43;CAT 797 F;Lastre Sulfurado;ESP/F07/2104/706;FASE 7;BOT_2380_INT;692,8079834;2;ESPERANZA
06-06-2023;CF3;C43;CAT 797 F;Lastre Sulfurado;ESP/F07/2120/727;FASE 7;BOT_2380_INT;692,8079834;2;ESPERANZA
06-06-2023;CF3;C45;CAT 797 F;Lastre Sulfurado;ESP/F07/2104/706;FASE 7;BOT_2380_INT;1039,209961;3;ESPERANZA
06-06-2023;CF3;C46;CAT 797 F;Lastre Sulfurado;ESP/F07/2104/706;FASE 7;BOT_2380_INT;1039,211975;3;ESPERANZA
06-06-2023;CF3;C47;CAT 797 F;Lastre Sulfurado;ESP/F07/2104/706;FASE 7;BOT_2380_INT;1039,209961;3;ESPERANZA
06-06-2023;CF3;C47;CAT 797 F;Lastre Sulfurado;ESP/F07/2120/727;FASE 7;BOT_2380_INT;1385,619995;4;ESPERANZA
06-06-2023;CF3;C48;CAT 797 F;Lastre Sulfurado;ESP/F07/2104/706;FASE 7;BOT_2380_INT;692,8079834;2;ESPERANZA
06-06-2023;CF3;C59;KOM 930 E;Lastre Sulfurado;ESP/F07/2104/706;FASE 7;BOT_2380_INT;291;1;ESPERANZA
06-06-2023;CF4;C980AHSESPS;Kom 980 AHS;Lastre Sulfurado;ESS/F03/2200/306;F03 ESPSUR;BOTADERO_2021;16200;45;ESPERANZA_SUR
06-06-2023;CF4;C980AHSESPS;Kom 980 AHS;Sulfuro Baja Ley;ESS/F02/2104/201;F02 ESPSUR;STOCK_SBL_ESS;4680;13;ESPERANZA_SUR
06-06-2023;PA1;C07;CAT 797 B;Lastre Oxidado;ESP/F07/2104/703;FASE 7;BOT_2380_INT;1039,209961;3;ESPERANZA
06-06-2023;PA1;C07;CAT 797 B;Lastre Oxidado;ESP/F07/2104/703;FASE 7;BOT_INT_RB;692,8079834;2;ESPERANZA
06-06-2023;PA1;C07;CAT 797 B;Lastre Sulfurado;ESP/F07/2104/701;FASE 7;BOT_RAMPA_SUPERIOR;346,4039917;1;ESPERANZA
06-06-2023;PA1;C08;CAT 797 B;Lastre Oxidado;ESP/F07/2104/703;FASE 7;BOT_2380_INT;1732,02002;5;ESPERANZA
06-06-2023;PA1;C08;CAT 797 B;Lastre Oxidado;ESP/F07/2104/703;FASE 7;BOT_INT_RB;346,4039917;1;ESPERANZA
06-06-2023;PA1;C08;CAT 797 B;Lastre Oxidado;ESP/F07/2120/7130;FASE 7;BOT_2380_INT;346,4039917;1;ESPERANZA
06-06-2023;PA1;C08;CAT 797 B;Lastre Sulfurado;ESP/F07/2104/701;FASE 7;BOT_2380_INT;1385,619995;4;ESPERANZA
06-06-2023;PA1;C09;CAT 797 B;Lastre Oxidado;ESP/F07/2104/703;FASE 7;BOT_2380_INT;1039,209961;3;ESPERANZA
06-06-2023;PA1;C09;CAT 797 B;Lastre Oxidado;ESP/F07/2104/703;FASE 7;BOT_INT_RB;1385,613953;4;ESPERANZA
06-06-2023;PA1;C09;CAT 797 B;Lastre Sulfurado;ESP/F07/2104/701;FASE 7;BOT_2380_INT;346,4039917;1;ESPERANZA
06-06-2023;PA1;C10;CAT 797 B;Lastre Oxidado;ESP/F07/2104/703;FASE 7;BOT_2380_INT;1732,017944;5;ESPERANZA
06-06-2023;PA1;C10;CAT 797 B;Lastre Oxidado;ESP/F07/2104/703;FASE 7;BOT_INT_RB;1039,209961;3;ESPERANZA
06-06-2023;PA1;C10;CAT 797 B;Lastre Sulfurado;ESP/F07/2104/701;FASE 7;BOT_2380_INT;346,4039917;1;ESPERANZA
06-06-2023;PA1;C11;CAT 797 B;Lastre Oxidado;ESP/F07/2104/703;FASE 7;BOT_2380_INT;2424,83197;7;ESPERANZA
06-06-2023;PA1;C11;CAT 797 B;Lastre Oxidado;ESP/F07/2104/703;FASE 7;BOT_INT_RB;692,8079834;2;ESPERANZA
06-06-2023;PA1;C11;CAT 797 B;Lastre Sulfurado;ESP/F07/2104/701;FASE 7;BOT_2380_INT;1732,02002;5;ESPERANZA
06-06-2023;PA1;C12;CAT 797 B;Lastre Oxidado;ESP/F07/2104/703;FASE 7;BOT_2380_INT;1039,211975;3;ESPERANZA
06-06-2023;PA1;C12;CAT 797 B;Lastre Oxidado;ESP/F07/2104/703;FASE 7;BOT_INT_RB;1732,023987;5;ESPERANZA
06-06-2023;PA1;C12;CAT 797 B;Lastre Sulfurado;ESP/F07/2104/701;FASE 7;BOT_2380_INT;1385,619995;4;ESPERANZA
06-06-2023;PA1;C13;CAT 797 B;Lastre Oxidado;ESP/F07/2104/703;FASE 7;BOT_2380_INT;346,4039917;1;ESPERANZA
06-06-2023;PA1;C13;CAT 797 B;Lastre Oxidado;ESP/F07/2104/703;FASE 7;BOT_INT_RB;1039,209961;3;ESPERANZA
06-06-2023;PA1;C13;CAT 797 B;Lastre Sulfurado;ESP/F07/2104/701;FASE 7;BOT_2380_INT;1039,211975;3;ESPERANZA
06-06-2023;PA1;C135;CAT 793 C;Lastre Oxidado;ESP/F07/2104/703;FASE 7;BOT_2380_INT;216,4360046;1;ESPERANZA
06-06-2023;PA1;C14;CAT 797 B;Lastre Oxidado;ESP/F07/2104/703;FASE 7;BOT_2380_INT;692,8079834;2;ESPERANZA
06-06-2023;PA1;C14;CAT 797 B;Lastre Oxidado;ESP/F07/2104/703;FASE 7;BOT_INT_RB;1039,209961;3;ESPERANZA
06-06-2023;PA1;C14;CAT 797 B;Lastre Sulfurado;ESP/F07/2104/701;FASE 7;BOT_2380_INT;346,4039917;1;ESPERANZA
06-06-2023;PA1;C15;CAT 797 B;Lastre Oxidado;ESP/F07/2104/703;FASE 7;BOT_2380_INT;1039,211975;3;ESPERANZA
06-06-2023;PA1;C15;CAT 797 B;Lastre Oxidado;ESP/F07/2104/703;FASE 7;BOT_INT_RB;692,8079834;2;ESPERANZA
06-06-2023;PA1;C15;CAT 797 B;Lastre Sulfurado;ESP/F07/2104/701;FASE 7;BOT_2380_INT;1039,211975;3;ESPERANZA
06-06-2023;PA1;C152;CAT 793 F;Lastre Oxidado;ESP/F07/2104/703;FASE 7;BOT_2380_INT;216,4360046;1;ESPERANZA
06-06-2023;PA1;C155;CAT 793 F;Lastre Oxidado;ESP/F07/2104/703;FASE 7;BOT_2380_INT;649,309021;3;ESPERANZA
06-06-2023;PA1;C16;CAT 797 B;Lastre Oxidado;ESP/F07/2104/703;FASE 7;BOT_2380_INT;3117,633972;9;ESPERANZA
06-06-2023;PA1;C16;CAT 797 B;Lastre Oxidado;ESP/F07/2104/703;FASE 7;BOT_INT_RB;1039,209961;3;ESPERANZA
06-06-2023;PA1;C17;CAT 797 F;Lastre Oxidado;ESP/F07/2104/703;FASE 7;BOT_2380_INT;1039,211975;3;ESPERANZA
06-06-2023;PA1;C17;CAT 797 F;Lastre Oxidado;ESP/F07/2104/703;FASE 7;BOT_INT_RB;1039,209961;3;ESPERANZA
06-06-2023;PA1;C17;CAT 797 F;Lastre Sulfurado;ESP/F07/2104/701;FASE 7;BOT_2380_INT;2078,427979;6;ESPERANZA
06-06-2023;PA1;C18;CAT 797 F;Lastre Oxidado;ESP/F07/2104/703;FASE 7;BOT_2380_INT;346,4039917;1;ESPERANZA
06-06-2023;PA1;C18;CAT 797 F;Lastre Oxidado;ESP/F07/2104/703;FASE 7;BOT_INT_RB;1039,211975;3;ESPERANZA
06-06-2023;PA1;C18;CAT 797 F;Lastre Sulfurado;ESP/F07/2104/701;FASE 7;BOT_2380_INT;1732,02002;5;ESPERANZA
06-06-2023;PA1;C19;CAT 797 F;Lastre Sulfurado;ESP/F07/2104/701;FASE 7;BOT_2380_INT;1039,211975;3;ESPERANZA
06-06-2023;PA1;C20;CAT 797 F;Lastre Oxidado;ESP/F07/2104/703;FASE 7;BOT_2380_INT;1385,615967;4;ESPERANZA
06-06-2023;PA1;C20;CAT 797 F;Lastre Oxidado;ESP/F07/2104/703;FASE 7;BOT_INT_RB;2424,830078;7;ESPERANZA
06-06-2023;PA1;C20;CAT 797 F;Lastre Sulfurado;ESP/F07/2104/701;FASE 7;BOT_2380_INT;1732,02002;5;ESPERANZA
06-06-2023;PA1;C21;CAT 797 F;Lastre Oxidado;ESP/F07/2104/703;FASE 7;BOT_INT_RB;346,4039917;1;ESPERANZA
06-06-2023;PA1;C22;CAT 797 F;Lastre Oxidado;ESP/F07/2104/703;FASE 7;BOT_2380_INT;692,8079834;2;ESPERANZA
06-06-2023;PA1;C22;CAT 797 F;Lastre Sulfurado;ESP/F07/2104/701;FASE 7;BOT_2380_INT;2078,419922;6;ESPERANZA
06-06-2023;PA1;C23;CAT 797 F;Lastre Oxidado;ESP/F07/2104/703;FASE 7;BOT_2380_INT;346,4039917;1;ESPERANZA
06-06-2023;PA1;C23;CAT 797 F;Lastre Oxidado;ESP/F07/2120/7130;FASE 7;BOT_2380_INT;346,4039917;1;ESPERANZA
06-06-2023;PA1;C23;CAT 797 F;Lastre Sulfurado;ESP/F07/2104/701;FASE 7;BOT_2380_INT;346,4039917;1;ESPERANZA
06-06-2023;PA1;C24;CAT 797 F;Lastre Oxidado;ESP/F07/2104/703;FASE 7;BOT_2380_INT;692,8079834;2;ESPERANZA
06-06-2023;PA1;C24;CAT 797 F;Lastre Oxidado;ESP/F07/2104/703;FASE 7;BOT_INT_RB;346,4039917;1;ESPERANZA
06-06-2023;PA1;C25;CAT 797 F;Lastre Oxidado;ESP/F07/2104/703;FASE 7;BOT_2380_INT;1385,619995;4;ESPERANZA
06-06-2023;PA1;C32;CAT 797 F;Lastre Oxidado;ESP/F07/2104/703;FASE 7;BOT_2380_INT;346,4039917;1;ESPERANZA
06-06-2023;PA1;C32;CAT 797 F;Lastre Oxidado;ESP/F07/2104/703;FASE 7;BOT_INT_RB;1385,613953;4;ESPERANZA
06-06-2023;PA1;C32;CAT 797 F;Lastre Sulfurado;ESP/F07/2104/701;FASE 7;BOT_2380_INT;2078,427979;6;ESPERANZA
06-06-2023;PA1;C34;CAT 797 F;Lastre Oxidado;ESP/F07/2104/703;FASE 7;BOT_INT_RB;346,4039917;1;ESPERANZA
06-06-2023;PA1;C34;CAT 797 F;Lastre Sulfurado;ESP/F07/2104/701;FASE 7;BOT_2380_INT;2424,823914;7;ESPERANZA
06-06-2023;PA1;C36;CAT 797 F;Lastre Oxidado;ESP/F07/2104/703;FASE 7;BOT_2380_INT;692,8079834;2;ESPERANZA
06-06-2023;PA1;C36;CAT 797 F;Lastre Oxidado;ESP/F07/2104/703;FASE 7;BOT_INT_RB;346,4039917;1;ESPERANZA
06-06-2023;PA1;C36;CAT 797 F;Lastre Oxidado;ESP/F07/2104/703;FASE 7;BOT_RAMPA_SUPERIOR;346,4039917;1;ESPERANZA
06-06-2023;PA1;C36;CAT 797 F;Lastre Sulfurado;ESP/F07/2104/701;FASE 7;BOT_2380_INT;2078,424011;6;ESPERANZA
06-06-2023;PA1;C37;CAT 797 F;Lastre Oxidado;ESP/F07/2104/703;FASE 7;BOT_2380_INT;1732,019958;5;ESPERANZA
06-06-2023;PA1;C37;CAT 797 F;Lastre Oxidado;ESP/F07/2104/703;FASE 7;BOT_INT_RB;692,8079834;2;ESPERANZA
06-06-2023;PA1;C37;CAT 797 F;Lastre Sulfurado;ESP/F07/2104/701;FASE 7;BOT_2380_INT;1385,619995;4;ESPERANZA
06-06-2023;PA1;C38;CAT 797 F;Lastre Oxidado;ESP/F07/2104/703;FASE 7;BOT_2380_INT;1039,209961;3;ESPERANZA
06-06-2023;PA1;C38;CAT 797 F;Lastre Oxidado;ESP/F07/2104/703;FASE 7;BOT_INT_RB;692,8079834;2;ESPERANZA
06-06-2023;PA1;C38;CAT 797 F;Lastre Sulfurado;ESP/F07/2104/701;FASE 7;BOT_2380_INT;692,8079834;2;ESPERANZA
06-06-2023;PA1;C39;CAT 797 F;Lastre Oxidado;ESP/F07/2104/703;FASE 7;BOT_INT_RB;692,8079834;2;ESPERANZA
06-06-2023;PA1;C39;CAT 797 F;Lastre Sulfurado;ESP/F07/2104/701;FASE 7;BOT_2380_INT;2424,823914;7;ESPERANZA
06-06-2023;PA1;C39;CAT 797 F;Lastre Sulfurado;ESP/F07/2120/727;FASE 7;BOT_2380_INT;346,4039917;1;ESPERANZA
06-06-2023;PA1;C41;CAT 797 F;Lastre Oxidado;ESP/F07/2104/703;FASE 7;BOT_2380_INT;1039,209961;3;ESPERANZA
06-06-2023;PA1;C41;CAT 797 F;Lastre Oxidado;ESP/F07/2104/703;FASE 7;BOT_INT_RB;1039,211975;3;ESPERANZA
06-06-2023;PA1;C41;CAT 797 F;Lastre Sulfurado;ESP/F07/2104/701;FASE 7;BOT_2380_INT;1385,615967;4;ESPERANZA
06-06-2023;PA1;C42;CAT 797 F;Lastre Oxidado;ESP/F07/2104/703;FASE 7;BOT_2380_INT;1732,017944;5;ESPERANZA
06-06-2023;PA1;C42;CAT 797 F;Lastre Oxidado;ESP/F07/2104/703;FASE 7;BOT_INT_RB;346,4039917;1;ESPERANZA
06-06-2023;PA1;C42;CAT 797 F;Lastre Sulfurado;ESP/F07/2104/701;FASE 7;BOT_2380_INT;1039,211975;3;ESPERANZA
06-06-2023;PA1;C43;CAT 797 F;Lastre Oxidado;ESP/F07/2104/703;FASE 7;BOT_2380_INT;346,4039917;1;ESPERANZA
06-06-2023;PA1;C43;CAT 797 F;Lastre Oxidado;ESP/F07/2104/703;FASE 7;BOT_INT_RB;692,8079834;2;ESPERANZA
06-06-2023;PA1;C43;CAT 797 F;Lastre Sulfurado;ESP/F07/2104/701;FASE 7;BOT_2380_INT;2771,227905;8;ESPERANZA
06-06-2023;PA1;C44;CAT 797 F;Lastre Oxidado;ESP/F07/2104/703;FASE 7;BOT_2380_INT;346,4039917;1;ESPERANZA
06-06-2023;PA1;C44;CAT 797 F;Lastre Sulfurado;ESP/F07/2104/701;FASE 7;BOT_2380_INT;1039,211975;3;ESPERANZA
06-06-2023;PA1;C45;CAT 797 F;Lastre Oxidado;ESP/F07/2104/703;FASE 7;BOT_INT_RB;692,8079834;2;ESPERANZA
06-06-2023;PA1;C46;CAT 797 F;Lastre Oxidado;ESP/F07/2104/703;FASE 7;BOT_2380_INT;346,4039917;1;ESPERANZA
06-06-2023;PA1;C46;CAT 797 F;Lastre Oxidado;ESP/F07/2104/703;FASE 7;BOT_INT_RB;1039,209961;3;ESPERANZA
06-06-2023;PA1;C46;CAT 797 F;Lastre Sulfurado;ESP/F07/2104/701;FASE 7;BOT_2380_INT;1039,209961;3;ESPERANZA
06-06-2023;PA1;C46;CAT 797 F;Lastre Sulfurado;ESP/F07/2120/727;FASE 7;BOT_2380_INT;692,8079834;2;ESPERANZA
06-06-2023;PA1;C47;CAT 797 F;Lastre Oxidado;ESP/F07/2104/703;FASE 7;BOT_INT_RB;346,4039917;1;ESPERANZA
06-06-2023;PA1;C47;CAT 797 F;Lastre Sulfurado;ESP/F07/2104/701;FASE 7;BOT_2380_INT;1039,209961;3;ESPERANZA
06-06-2023;PA1;C48;CAT 797 F;Lastre Oxidado;ESP/F07/2104/703;FASE 7;BOT_2380_INT;346,4039917;1;ESPERANZA
06-06-2023;PA1;C48;CAT 797 F;Lastre Sulfurado;ESP/F07/2104/701;FASE 7;BOT_2380_INT;1039,211975;3;ESPERANZA
06-06-2023;PA1;C55;KOM 930 E;Lastre Sulfurado;ESP/F07/2104/701;FASE 7;BOT_2380_INT;291;1;ESPERANZA
06-06-2023;PA10;C980AHSESPS;Kom 980 AHS;Lastre Oxidado;ESS/F03/2216/3231;F03 ESPSUR;BOTADERO_2021;54000;150;ESPERANZA_SUR
06-06-2023;PA11;C20115ESPS;KOM 980 ESPS;Sulfuro Baja Ley;ESS/F02/2120/213;F02 ESPSUR;CHANCADO-SULFURO;19080;53;ESPERANZA_SUR
06-06-2023;PA11;C20115ESPS;KOM 980 ESPS;Sulfuro Baja Ley;ESS/F02/2120/2130;F02 ESPSUR;CHANCADO-SULFURO;360;1;ESPERANZA_SUR
06-06-2023;PA11;C20115ESPS;KOM 980 ESPS;Sulfuro de Media;ESS/F02/2120/2130;F02 ESPSUR;CHANCADO-SULFURO;4680;13;ESPERANZA_SUR
06-06-2023;PA11;C980AHSESPS;Kom 980 AHS;Sulfuro Baja Ley;ESS/F02/2104/201;F02 ESPSUR;STOCK_SBL_ESS;23400;65;ESPERANZA_SUR
06-06-2023;PA11;C980AHSESPS;Kom 980 AHS;Sulfuro Baja Ley;ESS/F02/2120/213;F02 ESPSUR;STOCK_SBL_ESS;12960;36;ESPERANZA_SUR
06-06-2023;PA11;C980AHSESPS;Kom 980 AHS;Sulfuro Baja Ley;ESS/F02/2120/2130;F02 ESPSUR;STOCK_SBL_ESS;720;2;ESPERANZA_SUR
06-06-2023;PA11;C980AHSESPS;Kom 980 AHS;Sulfuro de Media;ESS/F02/2104/201;F02 ESPSUR;STOCK_SME_ESS;3960;11;ESPERANZA_SUR
06-06-2023;PA11;C980AHSESPS;Kom 980 AHS;Sulfuro de Media;ESS/F02/2120/2130;F02 ESPSUR;STOCK_SME_ESS;4680;13;ESPERANZA_SUR
06-06-2023;PA2;C07;CAT 797 B;Sulfuro de Media;ESP/F08/1784/815;FASE 8;CHANCADO-SULFURO;346,4039917;1;ESPERANZA
06-06-2023;PA2;C09;CAT 797 B;Sulfuro de Media;ESP/F08/1784/815;FASE 8;STOCK_SME;1732,017944;5;ESPERANZA
06-06-2023;PA2;C09;CAT 797 B;Sulfuro Planta;ESP/F08/1784/815;FASE 8;STOCK_SPL_DIN;346,4039917;1;ESPERANZA
06-06-2023;PA2;C14;CAT 797 B;Sulfuro de Media;ESP/F08/1784/815;FASE 8;STOCK_SME;692,8079834;2;ESPERANZA
06-06-2023;PA2;C151;CAT 793 F;Sulfuro Planta;ESP/F08/1784/815;FASE 8;STOCK_SPL_DIN;216,4360046;1;ESPERANZA
06-06-2023;PA2;C154;CAT 793 F;Sulfuro Planta;ESP/F08/1784/815;FASE 8;CHANCADO-SULFURO;216,4360046;1;ESPERANZA
06-06-2023;PA2;C154;CAT 793 F;Sulfuro Planta;ESP/F08/1784/815;FASE 8;STOCK_SPL_DIN;216,4360046;1;ESPERANZA
06-06-2023;PA2;C156;CAT 793 F;Sulfuro de Media;ESP/F08/1784/815;FASE 8;CHANCADO-SULFURO;216,4360046;1;ESPERANZA
06-06-2023;PA2;C156;CAT 793 F;Sulfuro Planta;ESP/F08/1784/815;FASE 8;STOCK_SPL_DIN;216,4360046;1;ESPERANZA
06-06-2023;PA2;C159;CAT 793 F;Sulfuro de Media;ESP/F08/1784/815;FASE 8;CHANCADO-SULFURO;216,4360046;1;ESPERANZA
06-06-2023;PA2;C16;CAT 797 B;Sulfuro Planta;ESP/F08/1784/815;FASE 8;STOCK_SPL_DIN;346,4039917;1;ESPERANZA
06-06-2023;PA2;C160;CAT 793 F;Sulfuro de Media;ESP/F08/1784/815;FASE 8;CHANCADO-SULFURO;216,4360046;1;ESPERANZA
06-06-2023;PA2;C160;CAT 793 F;Sulfuro Planta;ESP/F08/1784/815;FASE 8;CHANCADO-SULFURO;216,4360046;1;ESPERANZA
06-06-2023;PA2;C21;CAT 797 F;Sulfuro de Media;ESP/F08/1784/815;FASE 8;STOCK_SME;1039,209961;3;ESPERANZA
06-06-2023;PA2;C21;CAT 797 F;Sulfuro Planta;ESP/F08/1784/815;FASE 8;STOCK_SPL_DIN;346,4039917;1;ESPERANZA
06-06-2023;PA2;C23;CAT 797 F;Sulfuro de Media;ESP/F08/1784/815;FASE 8;CHANCADO-SULFURO;346,4039917;1;ESPERANZA
06-06-2023;PA2;C23;CAT 797 F;Sulfuro de Media;ESP/F08/1784/815;FASE 8;STOCK_SME;346,4039917;1;ESPERANZA
06-06-2023;PA2;C23;CAT 797 F;Sulfuro Planta;ESP/F08/1784/815;FASE 8;STOCK_SPL_DIN;346,4039917;1;ESPERANZA
06-06-2023;PA2;C24;CAT 797 F;Sulfuro de Media;ESP/F08/1784/815;FASE 8;STOCK_SME;1385,613953;4;ESPERANZA
06-06-2023;PA2;C25;CAT 797 F;Sulfuro de Media;ESP/F08/1784/815;FASE 8;STOCK_SME;1385,613953;4;ESPERANZA
06-06-2023;PA2;C25;CAT 797 F;Sulfuro Planta;ESP/F08/1784/815;FASE 8;STOCK_SPL_DIN;346,4039917;1;ESPERANZA
06-06-2023;PA2;C34;CAT 797 F;Sulfuro Planta;ESP/F08/1784/815;FASE 8;CHANCADO-SULFURO;346,4039917;1;ESPERANZA
06-06-2023;PA2;C36;CAT 797 F;Sulfuro de Media;ESP/F08/1784/815;FASE 8;CHANCADO-SULFURO;692,8079834;2;ESPERANZA
06-06-2023;PA2;C36;CAT 797 F;Sulfuro Planta;ESP/F08/1784/815;FASE 8;CHANCADO-SULFURO;346,4039917;1;ESPERANZA
06-06-2023;PA2;C38;CAT 797 F;Sulfuro de Media;ESP/F08/1784/815;FASE 8;STOCK_SME;346,4039917;1;ESPERANZA
06-06-2023;PA2;C41;CAT 797 F;Sulfuro Planta;ESP/F08/1784/815;FASE 8;CHANCADO-SULFURO;346,4039917;1;ESPERANZA
06-06-2023;PA2;C44;CAT 797 F;Sulfuro de Media;ESP/F08/1784/815;FASE 8;CHANCADO-SULFURO;346,4039917;1;ESPERANZA
06-06-2023;PA2;C44;CAT 797 F;Sulfuro de Media;ESP/F08/1784/815;FASE 8;STOCK_SME;1732,019958;5;ESPERANZA
06-06-2023;PA2;C44;CAT 797 F;Sulfuro Planta;ESP/F08/1784/815;FASE 8;CHANCADO-SULFURO;692,8079834;2;ESPERANZA
06-06-2023;PA2;C44;CAT 797 F;Sulfuro Planta;ESP/F08/1784/815;FASE 8;STOCK_SPL_DIN;346,4039917;1;ESPERANZA
06-06-2023;PA2;C45;CAT 797 F;Sulfuro de Media;ESP/F08/1784/815;FASE 8;CHANCADO-SULFURO;346,4039917;1;ESPERANZA
06-06-2023;PA2;C45;CAT 797 F;Sulfuro de Media;ESP/F08/1784/815;FASE 8;STOCK_SME;346,4039917;1;ESPERANZA
06-06-2023;PA2;C45;CAT 797 F;Sulfuro Planta;ESP/F08/1784/815;FASE 8;CHANCADO-SULFURO;692,8079834;2;ESPERANZA
06-06-2023;PA2;C46;CAT 797 F;Sulfuro de Media;ESP/F08/1784/815;FASE 8;CHANCADO-SULFURO;346,4039917;1;ESPERANZA
06-06-2023;PA2;C46;CAT 797 F;Sulfuro Planta;ESP/F08/1784/815;FASE 8;CHANCADO-SULFURO;346,4039917;1;ESPERANZA
06-06-2023;PA2;C48;CAT 797 F;Sulfuro de Media;ESP/F08/1784/815;FASE 8;CHANCADO-SULFURO;346,4039917;1;ESPERANZA
06-06-2023;PA2;C48;CAT 797 F;Sulfuro de Media;ESP/F08/1784/815;FASE 8;STOCK_SME;2078,419922;6;ESPERANZA
06-06-2023;PA2;C49;KOM 930 E;Sulfuro Baja Ley;ESP/F08/1784/815;FASE 8;CHANCADO-SULFURO;582;2;ESPERANZA
06-06-2023;PA2;C49;KOM 930 E;Sulfuro de Media;ESP/F08/1784/815;FASE 8;CHANCADO-SULFURO;873;3;ESPERANZA
06-06-2023;PA2;C49;KOM 930 E;Sulfuro de Media;ESP/F08/1784/815;FASE 8;STOCK_SME;1746;6;ESPERANZA
06-06-2023;PA2;C49;KOM 930 E;Sulfuro Planta;ESP/F08/1784/815;FASE 8;CHANCADO-SULFURO;582;2;ESPERANZA
06-06-2023;PA2;C49;KOM 930 E;Sulfuro Planta;ESP/F08/1784/815;FASE 8;STOCK_SPL_DIN;582;2;ESPERANZA
06-06-2023;PA2;C50;KOM 930 E;Sulfuro de Media;ESP/F08/1784/815;FASE 8;CHANCADO-SULFURO;582;2;ESPERANZA
06-06-2023;PA2;C50;KOM 930 E;Sulfuro de Media;ESP/F08/1784/815;FASE 8;STOCK_SME;2910;10;ESPERANZA
06-06-2023;PA2;C50;KOM 930 E;Sulfuro Planta;ESP/F08/1784/815;FASE 8;CHANCADO-SULFURO;1455;5;ESPERANZA
06-06-2023;PA2;C50;KOM 930 E;Sulfuro Planta;ESP/F08/1784/815;FASE 8;STOCK_SPL_DIN;582;2;ESPERANZA
06-06-2023;PA2;C51;KOM 930 E;Sulfuro de Media;ESP/F08/1784/815;FASE 8;STOCK_SME;873;3;ESPERANZA
06-06-2023;PA2;C52;KOM 930 E;Sulfuro de Media;ESP/F08/1784/815;FASE 8;CHANCADO-SULFURO;291;1;ESPERANZA
06-06-2023;PA2;C52;KOM 930 E;Sulfuro de Media;ESP/F08/1784/815;FASE 8;STOCK_SME;2328;8;ESPERANZA
06-06-2023;PA2;C52;KOM 930 E;Sulfuro Planta;ESP/F08/1784/815;FASE 8;CHANCADO-SULFURO;1164;4;ESPERANZA
06-06-2023;PA2;C52;KOM 930 E;Sulfuro Planta;ESP/F08/1784/815;FASE 8;STOCK_SPL_DIN;873;3;ESPERANZA
06-06-2023;PA2;C53;KOM 930 E;Sulfuro de Media;ESP/F08/1784/815;FASE 8;CHANCADO-SULFURO;873;3;ESPERANZA
06-06-2023;PA2;C53;KOM 930 E;Sulfuro de Media;ESP/F08/1784/815;FASE 8;STOCK_SME;2910;10;ESPERANZA
06-06-2023;PA2;C53;KOM 930 E;Sulfuro Planta;ESP/F08/1784/815;FASE 8;CHANCADO-SULFURO;1455;5;ESPERANZA
06-06-2023;PA2;C53;KOM 930 E;Sulfuro Planta;ESP/F08/1784/815;FASE 8;STOCK_SPL_DIN;873;3;ESPERANZA
06-06-2023;PA2;C54;KOM 930 E;Sulfuro de Media;ESP/F08/1784/815;FASE 8;CHANCADO-SULFURO;873;3;ESPERANZA
06-06-2023;PA2;C54;KOM 930 E;Sulfuro de Media;ESP/F08/1784/815;FASE 8;STOCK_SME;2328;8;ESPERANZA
06-06-2023;PA2;C54;KOM 930 E;Sulfuro Planta;ESP/F08/1784/815;FASE 8;CHANCADO-SULFURO;873;3;ESPERANZA
06-06-2023;PA2;C54;KOM 930 E;Sulfuro Planta;ESP/F08/1784/815;FASE 8;STOCK_SPL_DIN;582;2;ESPERANZA
06-06-2023;PA2;C55;KOM 930 E;Sulfuro Baja Ley;ESP/F08/1784/815;FASE 8;STOCK_SBL1;291;1;ESPERANZA
06-06-2023;PA2;C55;KOM 930 E;Sulfuro de Media;ESP/F08/1784/815;FASE 8;STOCK_SME;2619;9;ESPERANZA
06-06-2023;PA2;C55;KOM 930 E;Sulfuro Planta;ESP/F08/1784/815;FASE 8;CHANCADO-SULFURO;582;2;ESPERANZA
06-06-2023;PA2;C55;KOM 930 E;Sulfuro Planta;ESP/F08/1784/815;FASE 8;STOCK_SPL_DIN;582;2;ESPERANZA
06-06-2023;PA2;C56;KOM 930 E;Sulfuro de Media;ESP/F08/1784/815;FASE 8;STOCK_SME;582;2;ESPERANZA
06-06-2023;PA2;C57;KOM 930 E;Sulfuro Baja Ley;ESP/F08/1784/815;FASE 8;CHANCADO-SULFURO;582;2;ESPERANZA
06-06-2023;PA2;C57;KOM 930 E;Sulfuro de Media;ESP/F08/1784/815;FASE 8;CHANCADO-SULFURO;291;1;ESPERANZA
06-06-2023;PA2;C57;KOM 930 E;Sulfuro de Media;ESP/F08/1784/815;FASE 8;STOCK_SME;2619;9;ESPERANZA
06-06-2023;PA2;C57;KOM 930 E;Sulfuro Planta;ESP/F08/1784/815;FASE 8;CHANCADO-SULFURO;291;1;ESPERANZA
06-06-2023;PA2;C57;KOM 930 E;Sulfuro Planta;ESP/F08/1784/815;FASE 8;STOCK_SPL_DIN;873;3;ESPERANZA
06-06-2023;PA2;C58;KOM 930 E;Sulfuro Baja Ley;ESP/F08/1784/815;FASE 8;CHANCADO-SULFURO;291;1;ESPERANZA
06-06-2023;PA2;C58;KOM 930 E;Sulfuro de Media;ESP/F08/1784/815;FASE 8;CHANCADO-SULFURO;582;2;ESPERANZA
06-06-2023;PA2;C58;KOM 930 E;Sulfuro de Media;ESP/F08/1784/815;FASE 8;STOCK_SME;1164;4;ESPERANZA
06-06-2023;PA2;C58;KOM 930 E;Sulfuro Planta;ESP/F08/1784/815;FASE 8;CHANCADO-SULFURO;291;1;ESPERANZA
06-06-2023;PA2;C59;KOM 930 E;Sulfuro de Media;ESP/F08/1784/815;FASE 8;CHANCADO-SULFURO;873;3;ESPERANZA
06-06-2023;PA2;C59;KOM 930 E;Sulfuro de Media;ESP/F08/1784/815;FASE 8;STOCK_SME;1746;6;ESPERANZA
06-06-2023;PA2;C59;KOM 930 E;Sulfuro Planta;ESP/F08/1784/815;FASE 8;CHANCADO-SULFURO;1164;4;ESPERANZA
06-06-2023;PA2;C59;KOM 930 E;Sulfuro Planta;ESP/F08/1784/815;FASE 8;STOCK_SPL_DIN;291;1;ESPERANZA
06-06-2023;PA2;C60;KOM 930 E;Sulfuro Baja Ley;ESP/F08/1784/815;FASE 8;CHANCADO-SULFURO;582;2;ESPERANZA
06-06-2023;PA2;C60;KOM 930 E;Sulfuro de Media;ESP/F08/1784/815;FASE 8;CHANCADO-SULFURO;582;2;ESPERANZA
06-06-2023;PA2;C60;KOM 930 E;Sulfuro de Media;ESP/F08/1784/815;FASE 8;STOCK_SME;2910;10;ESPERANZA
06-06-2023;PA2;C60;KOM 930 E;Sulfuro Planta;ESP/F08/1784/815;FASE 8;CHANCADO-SULFURO;873;3;ESPERANZA
06-06-2023;PA2;C60;KOM 930 E;Sulfuro Planta;ESP/F08/1784/815;FASE 8;STOCK_SPL_DIN;873;3;ESPERANZA
06-06-2023;PA2;C61;KOM 930 E;Sulfuro Baja Ley;ESP/F08/1784/815;FASE 8;CHANCADO-SULFURO;291;1;ESPERANZA
06-06-2023;PA2;C61;KOM 930 E;Sulfuro de Media;ESP/F08/1784/815;FASE 8;CHANCADO-SULFURO;1164;4;ESPERANZA
06-06-2023;PA2;C61;KOM 930 E;Sulfuro de Media;ESP/F08/1784/815;FASE 8;STOCK_SME;2328;8;ESPERANZA
06-06-2023;PA2;C61;KOM 930 E;Sulfuro Planta;ESP/F08/1784/815;FASE 8;CHANCADO-SULFURO;873;3;ESPERANZA
06-06-2023;PA2;C61;KOM 930 E;Sulfuro Planta;ESP/F08/1784/815;FASE 8;STOCK_SPL_DIN;291;1;ESPERANZA
06-06-2023;PA211;C07;CAT 797 B;Lastre Oxidado;ESP/F10/2296/1031;FASE 10;BOT_RAMPA_SUPERIOR;346,4039917;1;ESPERANZA
06-06-2023;PA211;C11;CAT 797 B;Lastre Oxidado;ESP/F10/2296/1031;FASE 10;BOT_RAMPA_SUPERIOR;346,4039917;1;ESPERANZA
06-06-2023;PA211;C122;CAT 793 C;Lastre Oxidado;ESP/F10/2296/1031;FASE 10;BOT_RAMPA_SUPERIOR;3030,109985;14;ESPERANZA
06-06-2023;PA211;C125;CAT 793 C;Lastre Oxidado;ESP/F10/2296/1031;FASE 10;BOT_RAMPA_SUPERIOR;649,309021;3;ESPERANZA
06-06-2023;PA211;C128;CAT 793 C;Lastre Oxidado;ESP/F10/2296/1031;FASE 10;BOT_RAMPA_SUPERIOR;3679,426117;17;ESPERANZA
06-06-2023;PA211;C130;CAT 793 C;Lastre Oxidado;ESP/F10/2296/1031;FASE 10;BOT_RAMPA_SUPERIOR;649,309021;3;ESPERANZA
06-06-2023;PA211;C131;CAT 793 C;Lastre Oxidado;ESP/F10/2296/1031;FASE 10;BOT_RAMPA_SUPERIOR;865,7459717;4;ESPERANZA
06-06-2023;PA211;C132;CAT 793 C;Lastre Oxidado;ESP/F10/2296/1031;FASE 10;BOT_RAMPA_SUPERIOR;1515,054993;7;ESPERANZA
06-06-2023;PA211;C134;CAT 793 C;Lastre Oxidado;ESP/F10/2296/1031;FASE 10;BOT_RAMPA_SUPERIOR;2164,365967;10;ESPERANZA
06-06-2023;PA211;C135;CAT 793 C;Lastre Oxidado;ESP/F10/2296/1031;FASE 10;BOT_RAMPA_SUPERIOR;1298,617981;6;ESPERANZA
06-06-2023;PA211;C151;CAT 793 F;Lastre Oxidado;ESP/F10/2296/1031;FASE 10;BOT_RAMPA_SUPERIOR;1515,054047;7;ESPERANZA
06-06-2023;PA211;C152;CAT 793 F;Lastre Oxidado;ESP/F10/2296/1031;FASE 10;BOT_RAMPA_SUPERIOR;2164,365021;10;ESPERANZA
06-06-2023;PA211;C153;CAT 793 F;Lastre Oxidado;ESP/F10/2296/1031;FASE 10;BOT_RAMPA_SUPERIOR;2380,802063;11;ESPERANZA
06-06-2023;PA211;C154;CAT 793 F;Lastre Oxidado;ESP/F10/2296/1031;FASE 10;BOT_RAMPA_SUPERIOR;3895,851074;18;ESPERANZA
06-06-2023;PA211;C155;CAT 793 F;Lastre Oxidado;ESP/F10/2296/1031;FASE 10;BOT_RAMPA_SUPERIOR;1731,489075;8;ESPERANZA
06-06-2023;PA211;C156;CAT 793 F;Lastre Oxidado;ESP/F10/2296/1031;FASE 10;BOT_RAMPA_SUPERIOR;2597,240112;12;ESPERANZA
06-06-2023;PA211;C159;CAT 793 F;Lastre Oxidado;ESP/F10/2296/1031;FASE 10;BOT_RAMPA_SUPERIOR;1082,182007;5;ESPERANZA
06-06-2023;PA211;C160;CAT 793 F;Lastre Oxidado;ESP/F10/2296/1031;FASE 10;BOT_RAMPA_SUPERIOR;865,7459717;4;ESPERANZA
06-06-2023;PA211;C161;CAT 793 F;Lastre Oxidado;ESP/F10/2296/1031;FASE 10;BOT_RAMPA_SUPERIOR;1947,932068;9;ESPERANZA
06-06-2023;PA211;C162;CAT 793 F;Lastre Oxidado;ESP/F10/2296/1031;FASE 10;BOT_RAMPA_SUPERIOR;649,309021;3;ESPERANZA
06-06-2023;PA211;C163;CAT 793 F;Lastre Oxidado;ESP/F10/2296/1031;FASE 10;BOT_RAMPA_SUPERIOR;216,4360046;1;ESPERANZA
06-06-2023;PA211;C164;CAT 793 F;Lastre Oxidado;ESP/F10/2296/1031;FASE 10;BOT_RAMPA_SUPERIOR;1298,618011;6;ESPERANZA
06-06-2023;PA211;C24;CAT 797 F;Lastre Oxidado;ESP/F10/2296/1031;FASE 10;BOT_RAMPA_SUPERIOR;346,4039917;1;ESPERANZA
06-06-2023;PA211;C47;CAT 797 F;Lastre Oxidado;ESP/F10/2296/1031;FASE 10;BOT_RAMPA_SUPERIOR;692,8079834;2;ESPERANZA
06-06-2023;PA211;C49;KOM 930 E;Lastre Oxidado;ESP/F10/2296/1031;FASE 10;BOT_RAMPA_SUPERIOR;291;1;ESPERANZA
06-06-2023;PA211;C50;KOM 930 E;Lastre Oxidado;ESP/F10/2296/1031;FASE 10;BOT_RAMPA_SUPERIOR;291;1;ESPERANZA
06-06-2023;PA211;C51;KOM 930 E;Lastre Oxidado;ESP/F10/2296/1031;FASE 10;BOT_RAMPA_SUPERIOR;291;1;ESPERANZA
06-06-2023;PA211;C52;KOM 930 E;Lastre Oxidado;ESP/F10/2296/1031;FASE 10;BOT_RAMPA_SUPERIOR;582;2;ESPERANZA
06-06-2023;PA211;C54;KOM 930 E;Lastre Oxidado;ESP/F10/2296/1031;FASE 10;BOT_RAMPA_SUPERIOR;291;1;ESPERANZA
06-06-2023;PA211;C55;KOM 930 E;Lastre Oxidado;ESP/F10/2296/1031;FASE 10;BOT_RAMPA_SUPERIOR;582;2;ESPERANZA
06-06-2023;PA211;C56;KOM 930 E;Lastre Oxidado;ESP/F10/2296/1031;FASE 10;BOT_RAMPA_SUPERIOR;291;1;ESPERANZA
06-06-2023;PA211;C59;KOM 930 E;Lastre Oxidado;ESP/F10/2296/1031;FASE 10;BOT_RAMPA_SUPERIOR;2037;7;ESPERANZA
06-06-2023;PA26;C08;CAT 797 B;Lastre Oxidado;ESP/F07/2120/705;FASE 7;BOT_2380_INT;1385,615967;4;ESPERANZA
06-06-2023;PA26;C09;CAT 797 B;Lastre Oxidado;ESP/F07/2120/705;FASE 7;BOT_2380_INT;346,4039917;1;ESPERANZA
06-06-2023;PA26;C11;CAT 797 B;Lastre Oxidado;ESP/F07/2120/705;FASE 7;BOT_2380_INT;692,8079834;2;ESPERANZA
06-06-2023;PA26;C11;CAT 797 B;Lastre Oxidado;ESP/F07/2120/705;FASE 7;BOT_INT_RB;346,4039917;1;ESPERANZA
06-06-2023;PA26;C12;CAT 797 B;Lastre Oxidado;ESP/F07/2120/705;FASE 7;BOT_2380_INT;1385,615967;4;ESPERANZA
06-06-2023;PA26;C125;CAT 793 C;Lastre Oxidado;ESP/F07/2120/705;FASE 7;BOT_2380_INT;216,4360046;1;ESPERANZA
06-06-2023;PA26;C13;CAT 797 B;Lastre Oxidado;ESP/F07/2120/705;FASE 7;BOT_2380_INT;1732,019958;5;ESPERANZA
06-06-2023;PA26;C135;CAT 793 C;Lastre Oxidado;ESP/F07/2120/705;FASE 7;BOT_2380_INT;216,4360046;1;ESPERANZA
06-06-2023;PA26;C152;CAT 793 F;Lastre Oxidado;ESP/F07/2120/705;FASE 7;BOT_2380_INT;216,4360046;1;ESPERANZA
06-06-2023;PA26;C16;CAT 797 B;Lastre Oxidado;ESP/F07/2120/705;FASE 7;BOT_2380_INT;1385,615967;4;ESPERANZA
06-06-2023;PA26;C17;CAT 797 F;Lastre Oxidado;ESP/F07/2120/705;FASE 7;BOT_2380_INT;692,8079834;2;ESPERANZA
06-06-2023;PA26;C18;CAT 797 F;Lastre Oxidado;ESP/F07/2120/705;FASE 7;BOT_2380_INT;346,4039917;1;ESPERANZA
06-06-2023;PA26;C19;CAT 797 F;Lastre Oxidado;ESP/F07/2120/705;FASE 7;BOT_2380_INT;346,4039917;1;ESPERANZA
06-06-2023;PA26;C20;CAT 797 F;Lastre Oxidado;ESP/F07/2120/705;FASE 7;BOT_2380_INT;1039,211975;3;ESPERANZA
06-06-2023;PA26;C21;CAT 797 F;Lastre Oxidado;ESP/F07/2120/705;FASE 7;BOT_2380_INT;1385,615967;4;ESPERANZA
06-06-2023;PA26;C22;CAT 797 F;Lastre Oxidado;ESP/F07/2120/705;FASE 7;BOT_2380_INT;692,8079834;2;ESPERANZA
06-06-2023;PA26;C23;CAT 797 F;Lastre Oxidado;ESP/F07/2120/705;FASE 7;BOT_2380_INT;1385,615967;4;ESPERANZA
06-06-2023;PA26;C24;CAT 797 F;Lastre Oxidado;ESP/F07/2120/705;FASE 7;BOT_2380_INT;346,4039917;1;ESPERANZA
06-06-2023;PA26;C32;CAT 797 F;Lastre Oxidado;ESP/F07/2120/705;FASE 7;BOT_2380_INT;692,8079834;2;ESPERANZA
06-06-2023;PA26;C34;CAT 797 F;Lastre Oxidado;ESP/F07/2120/705;FASE 7;BOT_2380_INT;692,8079834;2;ESPERANZA
06-06-2023;PA26;C36;CAT 797 F;Lastre Oxidado;ESP/F07/2120/705;FASE 7;BOT_2380_INT;1039,211975;3;ESPERANZA
06-06-2023;PA26;C37;CAT 797 F;Lastre Oxidado;ESP/F07/2120/705;FASE 7;BOT_2380_INT;692,8079834;2;ESPERANZA
06-06-2023;PA26;C38;CAT 797 F;Lastre Oxidado;ESP/F07/2120/705;FASE 7;BOT_2380_INT;346,4039917;1;ESPERANZA
06-06-2023;PA26;C39;CAT 797 F;Lastre Oxidado;ESP/F07/2120/705;FASE 7;BOT_2380_INT;692,8079834;2;ESPERANZA
06-06-2023;PA26;C43;CAT 797 F;Lastre Oxidado;ESP/F07/2120/705;FASE 7;BOT_2380_INT;692,8079834;2;ESPERANZA
06-06-2023;PA26;C43;CAT 797 F;Lastre Oxidado;ESP/F07/2120/705;FASE 7;BOT_INT_RB;346,4039917;1;ESPERANZA
06-06-2023;PA26;C44;CAT 797 F;Lastre Oxidado;ESP/F07/2120/705;FASE 7;BOT_2380_INT;346,4039917;1;ESPERANZA
06-06-2023;PA26;C46;CAT 797 F;Lastre Oxidado;ESP/F07/2120/705;FASE 7;BOT_2380_INT;346,4039917;1;ESPERANZA
06-06-2023;PA26;C46;CAT 797 F;Lastre Oxidado;ESP/F07/2120/705;FASE 7;BOT_INT_RB;346,4039917;1;ESPERANZA
06-06-2023;PA26;C47;CAT 797 F;Lastre Oxidado;ESP/F07/2120/705;FASE 7;BOT_2380_INT;692,8079834;2;ESPERANZA
06-06-2023;PA3;C07;CAT 797 B;Lastre Oxidado;ESP/F07/2120/729;FASE 7;BOT_2380_INT;346,4039917;1;ESPERANZA
06-06-2023;PA3;C07;CAT 797 B;Lastre Oxidado;ESP/F07/2120/730;FASE 7;BOT_2380_INT;346,4039917;1;ESPERANZA
06-06-2023;PA3;C08;CAT 797 B;Lastre Oxidado;ESP/F07/2120/730;FASE 7;BOT_2380_INT;1039,209961;3;ESPERANZA
06-06-2023;PA3;C09;CAT 797 B;Lastre Oxidado;ESP/F07/2120/729;FASE 7;BOT_2380_INT;346,4039917;1;ESPERANZA
06-06-2023;PA3;C09;CAT 797 B;Lastre Oxidado;ESP/F07/2120/730;FASE 7;BOT_2380_INT;1385,619995;4;ESPERANZA
06-06-2023;PA3;C10;CAT 797 B;Lastre Oxidado;ESP/F07/2120/730;FASE 7;BOT_2380_INT;692,8079834;2;ESPERANZA
06-06-2023;PA3;C11;CAT 797 B;Lastre Oxidado;ESP/F07/2120/729;FASE 7;BOT_2380_INT;346,4039917;1;ESPERANZA
06-06-2023;PA3;C11;CAT 797 B;Lastre Oxidado;ESP/F07/2120/730;FASE 7;BOT_2380_INT;346,4039917;1;ESPERANZA
06-06-2023;PA3;C12;CAT 797 B;Lastre Oxidado;ESP/F07/2120/729;FASE 7;BOT_2380_INT;346,4039917;1;ESPERANZA
06-06-2023;PA3;C12;CAT 797 B;Lastre Oxidado;ESP/F07/2120/730;FASE 7;BOT_2380_INT;1039,209961;3;ESPERANZA
06-06-2023;PA3;C125;CAT 793 C;Lastre Oxidado;ESP/F07/2120/730;FASE 7;BOT_2380_INT;216,4360046;1;ESPERANZA
06-06-2023;PA3;C13;CAT 797 B;Lastre Oxidado;ESP/F07/2120/729;FASE 7;BOT_2380_INT;346,4039917;1;ESPERANZA
06-06-2023;PA3;C13;CAT 797 B;Lastre Oxidado;ESP/F07/2120/730;FASE 7;BOT_2380_INT;1039,209961;3;ESPERANZA
06-06-2023;PA3;C14;CAT 797 B;Lastre Oxidado;ESP/F07/2120/729;FASE 7;BOT_2380_INT;346,4039917;1;ESPERANZA
06-06-2023;PA3;C14;CAT 797 B;Lastre Oxidado;ESP/F07/2120/730;FASE 7;BOT_2380_INT;1039,211975;3;ESPERANZA
06-06-2023;PA3;C15;CAT 797 B;Lastre Oxidado;ESP/F07/2120/730;FASE 7;BOT_2380_INT;346,4039917;1;ESPERANZA
06-06-2023;PA3;C152;CAT 793 F;Lastre Oxidado;ESP/F07/2120/730;FASE 7;BOT_2380_INT;216,4360046;1;ESPERANZA
06-06-2023;PA3;C16;CAT 797 B;Lastre Oxidado;ESP/F07/2120/729;FASE 7;BOT_2380_INT;346,4039917;1;ESPERANZA
06-06-2023;PA3;C17;CAT 797 F;Lastre Oxidado;ESP/F07/2120/730;FASE 7;BOT_2380_INT;692,8079834;2;ESPERANZA
06-06-2023;PA3;C18;CAT 797 F;Lastre Oxidado;ESP/F07/2120/730;FASE 7;BOT_2380_INT;2078,427979;6;ESPERANZA
06-06-2023;PA3;C20;CAT 797 F;Lastre Oxidado;ESP/F07/2120/729;FASE 7;BOT_2380_INT;346,4039917;1;ESPERANZA
06-06-2023;PA3;C22;CAT 797 F;Lastre Oxidado;ESP/F07/2120/729;FASE 7;BOT_2380_INT;346,4039917;1;ESPERANZA
06-06-2023;PA3;C22;CAT 797 F;Lastre Oxidado;ESP/F07/2120/730;FASE 7;BOT_2380_INT;346,4039917;1;ESPERANZA
06-06-2023;PA3;C23;CAT 797 F;Lastre Oxidado;ESP/F07/2120/729;FASE 7;BOT_2380_INT;346,4039917;1;ESPERANZA
06-06-2023;PA3;C23;CAT 797 F;Lastre Oxidado;ESP/F07/2120/730;FASE 7;BOT_2380_INT;1385,619995;4;ESPERANZA
06-06-2023;PA3;C24;CAT 797 F;Lastre Oxidado;ESP/F07/2120/729;FASE 7;BOT_2380_INT;346,4039917;1;ESPERANZA
06-06-2023;PA3;C24;CAT 797 F;Lastre Oxidado;ESP/F07/2120/730;FASE 7;BOT_2380_INT;1039,209961;3;ESPERANZA
06-06-2023;PA3;C25;CAT 797 F;Lastre Oxidado;ESP/F07/2120/730;FASE 7;BOT_2380_INT;1039,209961;3;ESPERANZA
06-06-2023;PA3;C32;CAT 797 F;Lastre Oxidado;ESP/F07/2120/729;FASE 7;BOT_2380_INT;346,4039917;1;ESPERANZA
06-06-2023;PA3;C32;CAT 797 F;Lastre Oxidado;ESP/F07/2120/730;FASE 7;BOT_2380_INT;1385,619995;4;ESPERANZA
06-06-2023;PA3;C34;CAT 797 F;Lastre Oxidado;ESP/F07/2120/729;FASE 7;BOT_2380_INT;346,4039917;1;ESPERANZA
06-06-2023;PA3;C34;CAT 797 F;Lastre Oxidado;ESP/F07/2120/730;FASE 7;BOT_2380_INT;1039,209961;3;ESPERANZA
06-06-2023;PA3;C37;CAT 797 F;Lastre Oxidado;ESP/F07/2120/730;FASE 7;BOT_2380_INT;1039,209961;3;ESPERANZA
06-06-2023;PA3;C38;CAT 797 F;Lastre Oxidado;ESP/F07/2120/730;FASE 7;BOT_2380_INT;692,8079834;2;ESPERANZA
06-06-2023;PA3;C39;CAT 797 F;Lastre Oxidado;ESP/F07/2120/729;FASE 7;BOT_2380_INT;346,4039917;1;ESPERANZA
06-06-2023;PA3;C39;CAT 797 F;Lastre Oxidado;ESP/F07/2120/730;FASE 7;BOT_2380_INT;1039,209961;3;ESPERANZA
06-06-2023;PA3;C41;CAT 797 F;Lastre Oxidado;ESP/F07/2120/730;FASE 7;BOT_2380_INT;692,8079834;2;ESPERANZA
06-06-2023;PA3;C42;CAT 797 F;Lastre Oxidado;ESP/F07/2120/730;FASE 7;BOT_2380_INT;1039,209961;3;ESPERANZA
06-06-2023;PA3;C43;CAT 797 F;Lastre Oxidado;ESP/F07/2120/730;FASE 7;BOT_2380_INT;346,4039917;1;ESPERANZA
06-06-2023;PA3;C44;CAT 797 F;Lastre Oxidado;ESP/F07/2120/729;FASE 7;BOT_2380_INT;346,4039917;1;ESPERANZA
06-06-2023;PA3;C44;CAT 797 F;Lastre Oxidado;ESP/F07/2120/730;FASE 7;BOT_2380_INT;692,8079834;2;ESPERANZA
06-06-2023;PA3;C45;CAT 797 F;Lastre Oxidado;ESP/F07/2120/729;FASE 7;BOT_2380_INT;346,4039917;1;ESPERANZA
06-06-2023;PA3;C45;CAT 797 F;Lastre Oxidado;ESP/F07/2120/730;FASE 7;BOT_2380_INT;346,4039917;1;ESPERANZA
06-06-2023;PA3;C46;CAT 797 F;Lastre Oxidado;ESP/F07/2120/729;FASE 7;BOT_2380_INT;346,4039917;1;ESPERANZA
06-06-2023;PA3;C46;CAT 797 F;Lastre Oxidado;ESP/F07/2120/730;FASE 7;BOT_2380_INT;346,4039917;1;ESPERANZA
06-06-2023;PA3;C47;CAT 797 F;Lastre Oxidado;ESP/F07/2120/729;FASE 7;BOT_2380_INT;346,4039917;1;ESPERANZA
06-06-2023;PA3;C47;CAT 797 F;Lastre Oxidado;ESP/F07/2120/730;FASE 7;BOT_2380_INT;1385,619995;4;ESPERANZA
06-06-2023;PA3;C48;CAT 797 F;Lastre Oxidado;ESP/F07/2120/729;FASE 7;BOT_2380_INT;346,4039917;1;ESPERANZA
06-06-2023;PA3;C48;CAT 797 F;Lastre Oxidado;ESP/F07/2120/730;FASE 7;BOT_2380_INT;692,8079834;2;ESPERANZA
06-06-2023;PA4;C122;CAT 793 C;Lastre Sulfurado;ESP/F10/2328/1240;FASE 10;BOT_RAMPA_SUPERIOR;1082,182007;5;ESPERANZA
06-06-2023;PA4;C125;CAT 793 C;Lastre Sulfurado;ESP/F10/2328/1240;FASE 10;BOT_RAMPA_SUPERIOR;649,3089905;3;ESPERANZA
06-06-2023;PA4;C128;CAT 793 C;Lastre Sulfurado;ESP/F10/2328/1240;FASE 10;BOT_MIJO;865,7449951;4;ESPERANZA
06-06-2023;PA4;C128;CAT 793 C;Lastre Sulfurado;ESP/F10/2328/1240;FASE 10;BOT_RAMPA_SUPERIOR;2380,798035;11;ESPERANZA
06-06-2023;PA4;C130;CAT 793 C;Lastre Sulfurado;ESP/F10/2328/1240;FASE 10;BOT_RAMPA_SUPERIOR;216,4360046;1;ESPERANZA
06-06-2023;PA4;C131;CAT 793 C;Lastre Sulfurado;ESP/F10/2328/1240;FASE 10;BOT_MIJO;216,4360046;1;ESPERANZA
06-06-2023;PA4;C131;CAT 793 C;Lastre Sulfurado;ESP/F10/2328/1240;FASE 10;BOT_RAMPA_SUPERIOR;649,309021;3;ESPERANZA
06-06-2023;PA4;C132;CAT 793 C;Lastre Sulfurado;ESP/F10/2328/1240;FASE 10;BOT_MIJO;1082,181976;5;ESPERANZA
06-06-2023;PA4;C132;CAT 793 C;Lastre Sulfurado;ESP/F10/2328/1240;FASE 10;BOT_RAMPA_SUPERIOR;3679,418976;17;ESPERANZA
06-06-2023;PA4;C134;CAT 793 C;Lastre Sulfurado;ESP/F10/2328/1240;FASE 10;BOT_RAMPA_SUPERIOR;1082,181976;5;ESPERANZA
06-06-2023;PA4;C135;CAT 793 C;Lastre Sulfurado;ESP/F10/2328/1240;FASE 10;BOT_RAMPA_SUPERIOR;1298,618958;6;ESPERANZA
06-06-2023;PA4;C151;CAT 793 F;Lastre Sulfurado;ESP/F10/2328/1240;FASE 10;BOT_MIJO;216,4360046;1;ESPERANZA
06-06-2023;PA4;C151;CAT 793 F;Lastre Sulfurado;ESP/F10/2328/1240;FASE 10;BOT_RAMPA_SUPERIOR;2380,799988;11;ESPERANZA
06-06-2023;PA4;C152;CAT 793 F;Lastre Sulfurado;ESP/F10/2328/1240;FASE 10;BOT_MIJO;649,3089905;3;ESPERANZA
06-06-2023;PA4;C152;CAT 793 F;Lastre Sulfurado;ESP/F10/2328/1240;FASE 10;BOT_RAMPA_SUPERIOR;2813,677094;13;ESPERANZA
06-06-2023;PA4;C153;CAT 793 F;Lastre Sulfurado;ESP/F10/2328/1240;FASE 10;BOT_MIJO;649,3089905;3;ESPERANZA
06-06-2023;PA4;C153;CAT 793 F;Lastre Sulfurado;ESP/F10/2328/1240;FASE 10;BOT_RAMPA_SUPERIOR;1082,18103;5;ESPERANZA
06-06-2023;PA4;C154;CAT 793 F;Lastre Sulfurado;ESP/F10/2328/1240;FASE 10;BOT_MIJO;216,4360046;1;ESPERANZA
06-06-2023;PA4;C154;CAT 793 F;Lastre Sulfurado;ESP/F10/2328/1240;FASE 10;BOT_RAMPA_SUPERIOR;2164,361084;10;ESPERANZA
06-06-2023;PA4;C155;CAT 793 F;Lastre Sulfurado;ESP/F10/2328/1240;FASE 10;BOT_RAMPA_SUPERIOR;1515,054016;7;ESPERANZA
06-06-2023;PA4;C156;CAT 793 F;Lastre Sulfurado;ESP/F10/2328/1240;FASE 10;BOT_MIJO;1298,619995;6;ESPERANZA
06-06-2023;PA4;C156;CAT 793 F;Lastre Sulfurado;ESP/F10/2328/1240;FASE 10;BOT_RAMPA_SUPERIOR;1947,927063;9;ESPERANZA
06-06-2023;PA4;C159;CAT 793 F;Lastre Sulfurado;ESP/F10/2328/1240;FASE 10;BOT_MIJO;1298,616058;6;ESPERANZA
06-06-2023;PA4;C159;CAT 793 F;Lastre Sulfurado;ESP/F10/2328/1240;FASE 10;BOT_RAMPA_SUPERIOR;1947,927002;9;ESPERANZA
06-06-2023;PA4;C160;CAT 793 F;Lastre Sulfurado;ESP/F10/2328/1240;FASE 10;BOT_RAMPA_SUPERIOR;865,7450256;4;ESPERANZA
06-06-2023;PA4;C161;CAT 793 F;Lastre Sulfurado;ESP/F10/2328/1240;FASE 10;BOT_MIJO;432,8729858;2;ESPERANZA
06-06-2023;PA4;C161;CAT 793 F;Lastre Sulfurado;ESP/F10/2328/1240;FASE 10;BOT_RAMPA_SUPERIOR;649,3089905;3;ESPERANZA
06-06-2023;PA4;C162;CAT 793 F;Lastre Sulfurado;ESP/F10/2328/1240;FASE 10;BOT_MIJO;865,7459717;4;ESPERANZA
06-06-2023;PA4;C162;CAT 793 F;Lastre Sulfurado;ESP/F10/2328/1240;FASE 10;BOT_RAMPA_SUPERIOR;865,7440186;4;ESPERANZA
06-06-2023;PA4;C164;CAT 793 F;Lastre Sulfurado;ESP/F10/2328/1240;FASE 10;BOT_RAMPA_SUPERIOR;3462,988068;16;ESPERANZA
06-06-2023;PA4;C24;CAT 797 F;Lastre Sulfurado;ESP/F10/2328/1240;FASE 10;BOT_RAMPA_SUPERIOR;346,4039917;1;ESPERANZA
06-06-2023;PA4;C49;KOM 930 E;Lastre Sulfurado;ESP/F10/2328/1240;FASE 10;BOT_RAMPA_SUPERIOR;582;2;ESPERANZA
06-06-2023;PA4;C54;KOM 930 E;Lastre Sulfurado;ESP/F10/2328/1240;FASE 10;BOT_RAMPA_SUPERIOR;873;3;ESPERANZA
06-06-2023;PA4;C55;KOM 930 E;Lastre Sulfurado;ESP/F10/2328/1240;FASE 10;BOT_RAMPA_SUPERIOR;582;2;ESPERANZA
06-06-2023;PA4;C59;KOM 930 E;Lastre Sulfurado;ESP/F10/2328/1240;FASE 10;BOT_RAMPA_SUPERIOR;291;1;ESPERANZA
06-06-2023;PA6;C121;CAT 793 C;Lastre Sulfurado;ESP/F10/2296/1040;FASE 10;BOT_MIJO;1082,180054;5;ESPERANZA
06-06-2023;PA6;C122;CAT 793 C;Lastre Oxidado;ESP/F10/2296/1030;FASE 10;BOT_RAMPA_SUPERIOR;1082,180054;5;ESPERANZA
06-06-2023;PA6;C122;CAT 793 C;Lastre Sulfurado;ESP/F10/2296/1040;FASE 10;BOT_MIJO;216,4360046;1;ESPERANZA
06-06-2023;PA6;C122;CAT 793 C;Lastre Sulfurado;ESP/F10/2296/1040;FASE 10;BOT_RAMPA_SUPERIOR;1298,618958;6;ESPERANZA
06-06-2023;PA6;C125;CAT 793 C;Lastre Sulfurado;ESP/F10/2296/1040;FASE 10;BOT_RAMPA_SUPERIOR;216,4360046;1;ESPERANZA
06-06-2023;PA6;C128;CAT 793 C;Lastre Sulfurado;ESP/F10/2296/1040;FASE 10;BOT_MIJO;649,3089905;3;ESPERANZA
06-06-2023;PA6;C128;CAT 793 C;Lastre Sulfurado;ESP/F10/2296/1040;FASE 10;BOT_RAMPA_SUPERIOR;1515,052063;7;ESPERANZA
06-06-2023;PA6;C131;CAT 793 C;Lastre Sulfurado;ESP/F10/2296/1040;FASE 10;BOT_RAMPA_SUPERIOR;1082,180054;5;ESPERANZA
06-06-2023;PA6;C132;CAT 793 C;Lastre Oxidado;ESP/F10/2296/1030;FASE 10;BOT_RAMPA_SUPERIOR;216,4360046;1;ESPERANZA
06-06-2023;PA6;C132;CAT 793 C;Lastre Sulfurado;ESP/F10/2296/1040;FASE 10;BOT_MIJO;649,3089905;3;ESPERANZA
06-06-2023;PA6;C132;CAT 793 C;Lastre Sulfurado;ESP/F10/2296/1040;FASE 10;BOT_RAMPA_SUPERIOR;1298,616058;6;ESPERANZA
06-06-2023;PA6;C134;CAT 793 C;Lastre Sulfurado;ESP/F10/2296/1040;FASE 10;BOT_RAMPA_SUPERIOR;1298,619995;6;ESPERANZA
06-06-2023;PA6;C14;CAT 797 B;Lastre Sulfurado;ESP/F10/2296/1040;FASE 10;BOT_RAMPA_SUPERIOR;1039,211975;3;ESPERANZA
06-06-2023;PA6;C151;CAT 793 F;Lastre Oxidado;ESP/F10/2296/1030;FASE 10;BOT_RAMPA_SUPERIOR;865,7449951;4;ESPERANZA
06-06-2023;PA6;C151;CAT 793 F;Lastre Sulfurado;ESP/F10/2296/1040;FASE 10;BOT_MIJO;432,8729858;2;ESPERANZA
06-06-2023;PA6;C151;CAT 793 F;Lastre Sulfurado;ESP/F10/2296/1040;FASE 10;BOT_RAMPA_SUPERIOR;865,7449951;4;ESPERANZA
06-06-2023;PA6;C152;CAT 793 F;Lastre Oxidado;ESP/F10/2296/1030;FASE 10;BOT_RAMPA_SUPERIOR;216,4360046;1;ESPERANZA
06-06-2023;PA6;C152;CAT 793 F;Lastre Sulfurado;ESP/F10/2296/1040;FASE 10;BOT_MIJO;649,3089905;3;ESPERANZA
06-06-2023;PA6;C152;CAT 793 F;Lastre Sulfurado;ESP/F10/2296/1040;FASE 10;BOT_RAMPA_SUPERIOR;649,3089905;3;ESPERANZA
06-06-2023;PA6;C153;CAT 793 F;Lastre Oxidado;ESP/F10/2296/1030;FASE 10;BOT_RAMPA_SUPERIOR;1082,180054;5;ESPERANZA
06-06-2023;PA6;C153;CAT 793 F;Lastre Sulfurado;ESP/F10/2296/1040;FASE 10;BOT_RAMPA_SUPERIOR;1298,618042;6;ESPERANZA
06-06-2023;PA6;C154;CAT 793 F;Lastre Oxidado;ESP/F10/2296/1030;FASE 10;BOT_RAMPA_SUPERIOR;649,309021;3;ESPERANZA
06-06-2023;PA6;C154;CAT 793 F;Lastre Sulfurado;ESP/F10/2296/1040;FASE 10;BOT_MIJO;432,8729858;2;ESPERANZA
06-06-2023;PA6;C154;CAT 793 F;Lastre Sulfurado;ESP/F10/2296/1040;FASE 10;BOT_RAMPA_SUPERIOR;865,7450256;4;ESPERANZA
06-06-2023;PA6;C155;CAT 793 F;Lastre Oxidado;ESP/F10/2296/1030;FASE 10;BOT_RAMPA_SUPERIOR;865,7459717;4;ESPERANZA
06-06-2023;PA6;C155;CAT 793 F;Lastre Sulfurado;ESP/F10/2296/1040;FASE 10;BOT_RAMPA_SUPERIOR;216,4360046;1;ESPERANZA
06-06-2023;PA6;C156;CAT 793 F;Lastre Oxidado;ESP/F10/2296/1030;FASE 10;BOT_RAMPA_SUPERIOR;865,7459717;4;ESPERANZA
06-06-2023;PA6;C156;CAT 793 F;Lastre Sulfurado;ESP/F10/2296/1040;FASE 10;BOT_RAMPA_SUPERIOR;865,7450256;4;ESPERANZA
06-06-2023;PA6;C159;CAT 793 F;Lastre Oxidado;ESP/F10/2296/1030;FASE 10;BOT_RAMPA_SUPERIOR;216,4360046;1;ESPERANZA
06-06-2023;PA6;C159;CAT 793 F;Lastre Sulfurado;ESP/F10/2296/1040;FASE 10;BOT_MIJO;432,8729858;2;ESPERANZA
06-06-2023;PA6;C159;CAT 793 F;Lastre Sulfurado;ESP/F10/2296/1040;FASE 10;BOT_RAMPA_SUPERIOR;216,4360046;1;ESPERANZA
06-06-2023;PA6;C160;CAT 793 F;Lastre Oxidado;ESP/F10/2296/1030;FASE 10;BOT_RAMPA_SUPERIOR;216,4360046;1;ESPERANZA
06-06-2023;PA6;C161;CAT 793 F;Lastre Oxidado;ESP/F10/2296/1030;FASE 10;BOT_RAMPA_SUPERIOR;432,8729858;2;ESPERANZA
06-06-2023;PA6;C161;CAT 793 F;Lastre Sulfurado;ESP/F10/2296/1040;FASE 10;BOT_RAMPA_SUPERIOR;649,309021;3;ESPERANZA
06-06-2023;PA6;C162;CAT 793 F;Lastre Oxidado;ESP/F10/2296/1030;FASE 10;BOT_RAMPA_SUPERIOR;865,7459717;4;ESPERANZA
06-06-2023;PA6;C162;CAT 793 F;Lastre Sulfurado;ESP/F10/2296/1040;FASE 10;BOT_RAMPA_SUPERIOR;649,3089905;3;ESPERANZA
06-06-2023;PA6;C164;CAT 793 F;Lastre Oxidado;ESP/F10/2296/1030;FASE 10;BOT_RAMPA_SUPERIOR;865,7459717;4;ESPERANZA
06-06-2023;PA6;C164;CAT 793 F;Lastre Sulfurado;ESP/F10/2296/1040;FASE 10;BOT_MIJO;432,8729858;2;ESPERANZA
06-06-2023;PA6;C164;CAT 793 F;Lastre Sulfurado;ESP/F10/2296/1040;FASE 10;BOT_RAMPA_SUPERIOR;649,3089905;3;ESPERANZA
06-06-2023;PA6;C23;CAT 797 F;Lastre Sulfurado;ESP/F10/2296/1040;FASE 10;BOT_RAMPA_SUPERIOR;346,4039917;1;ESPERANZA
06-06-2023;PA6;C24;CAT 797 F;Lastre Sulfurado;ESP/F10/2296/1040;FASE 10;BOT_RAMPA_SUPERIOR;346,4039917;1;ESPERANZA
06-06-2023;PA6;C34;CAT 797 F;Lastre Sulfurado;ESP/F10/2296/1040;FASE 10;BOT_RAMPA_SUPERIOR;346,4039917;1;ESPERANZA
06-06-2023;PA6;C55;KOM 930 E;Lastre Sulfurado;ESP/F10/2296/1040;FASE 10;BOT_RAMPA_SUPERIOR;291;1;ESPERANZA
06-06-2023;PA7;C07;CAT 797 B;Lastre Sulfurado;ESP/F07/2120/727;FASE 7;BOT_2380_INT;692,8079834;2;ESPERANZA
06-06-2023;PA7;C08;CAT 797 B;Lastre Sulfurado;ESP/F07/2120/727;FASE 7;BOT_2380_INT;692,8079834;2;ESPERANZA
06-06-2023;PA7;C11;CAT 797 B;Lastre Sulfurado;ESP/F07/2120/727;FASE 7;BOT_2380_INT;1385,619995;4;ESPERANZA
06-06-2023;PA7;C12;CAT 797 B;Lastre Sulfurado;ESP/F07/2120/727;FASE 7;BOT_2380_INT;1039,209961;3;ESPERANZA
06-06-2023;PA7;C13;CAT 797 B;Lastre Sulfurado;ESP/F07/2120/727;FASE 7;BOT_2380_INT;346,4039917;1;ESPERANZA
06-06-2023;PA7;C14;CAT 797 B;Lastre Sulfurado;ESP/F07/2120/727;FASE 7;BOT_2380_INT;1039,209961;3;ESPERANZA
06-06-2023;PA7;C15;CAT 797 B;Lastre Sulfurado;ESP/F07/2120/727;FASE 7;BOT_2380_INT;1039,209961;3;ESPERANZA
06-06-2023;PA7;C15;CAT 797 B;Lastre Sulfurado;ESP/F07/2120/727;FASE 7;BOT_RAMPA_SUPERIOR;346,4039917;1;ESPERANZA
06-06-2023;PA7;C16;CAT 797 B;Lastre Sulfurado;ESP/F07/2120/727;FASE 7;BOT_2380_INT;1732,02002;5;ESPERANZA
06-06-2023;PA7;C164;CAT 793 F;Lastre Sulfurado;ESP/F07/2120/727;FASE 7;BOT_2380_INT;216,4360046;1;ESPERANZA
06-06-2023;PA7;C17;CAT 797 F;Lastre Sulfurado;ESP/F07/2120/727;FASE 7;BOT_2380_INT;346,4039917;1;ESPERANZA
06-06-2023;PA7;C18;CAT 797 F;Lastre Sulfurado;ESP/F07/2120/727;FASE 7;BOT_2380_INT;346,4039917;1;ESPERANZA
06-06-2023;PA7;C19;CAT 797 F;Lastre Sulfurado;ESP/F07/2120/727;FASE 7;BOT_2380_INT;1039,209961;3;ESPERANZA
06-06-2023;PA7;C21;CAT 797 F;Lastre Sulfurado;ESP/F07/2120/727;FASE 7;BOT_2380_INT;692,8079834;2;ESPERANZA
06-06-2023;PA7;C22;CAT 797 F;Lastre Sulfurado;ESP/F07/2120/727;FASE 7;BOT_2380_INT;1039,209961;3;ESPERANZA
06-06-2023;PA7;C23;CAT 797 F;Lastre Sulfurado;ESP/F07/2120/727;FASE 7;BOT_2380_INT;1039,209961;3;ESPERANZA
06-06-2023;PA7;C32;CAT 797 F;Lastre Sulfurado;ESP/F07/2120/727;FASE 7;BOT_2380_INT;1385,619995;4;ESPERANZA
06-06-2023;PA7;C34;CAT 797 F;Lastre Sulfurado;ESP/F07/2120/727;FASE 7;BOT_2380_INT;692,8079834;2;ESPERANZA
06-06-2023;PA7;C36;CAT 797 F;Lastre Sulfurado;ESP/F07/2120/727;FASE 7;BOT_2380_INT;1039,211975;3;ESPERANZA
06-06-2023;PA7;C37;CAT 797 F;Lastre Sulfurado;ESP/F07/2120/727;FASE 7;BOT_2380_INT;1732,02002;5;ESPERANZA
06-06-2023;PA7;C38;CAT 797 F;Lastre Sulfurado;ESP/F07/2120/727;FASE 7;BOT_2380_INT;1385,619995;4;ESPERANZA
06-06-2023;PA7;C39;CAT 797 F;Lastre Sulfurado;ESP/F07/2120/727;FASE 7;BOT_2380_INT;346,4039917;1;ESPERANZA
06-06-2023;PA7;C41;CAT 797 F;Lastre Sulfurado;ESP/F07/2120/727;FASE 7;BOT_2380_INT;692,8079834;2;ESPERANZA
06-06-2023;PA7;C42;CAT 797 F;Lastre Sulfurado;ESP/F07/2120/727;FASE 7;BOT_2380_INT;1039,209961;3;ESPERANZA
06-06-2023;PA7;C43;CAT 797 F;Lastre Sulfurado;ESP/F07/2120/727;FASE 7;BOT_2380_INT;692,8079834;2;ESPERANZA
06-06-2023;PA7;C44;CAT 797 F;Lastre Sulfurado;ESP/F07/2120/727;FASE 7;BOT_2380_INT;1039,211975;3;ESPERANZA
06-06-2023;PA7;C45;CAT 797 F;Lastre Sulfurado;ESP/F07/2120/727;FASE 7;BOT_2380_INT;1732,02002;5;ESPERANZA
06-06-2023;PA7;C46;CAT 797 F;Lastre Sulfurado;ESP/F07/2120/727;FASE 7;BOT_2380_INT;346,4039917;1;ESPERANZA
06-06-2023;PA7;C47;CAT 797 F;Lastre Sulfurado;ESP/F07/2120/727;FASE 7;BOT_2380_INT;1385,619995;4;ESPERANZA
06-06-2023;PA7;C52;KOM 930 E;Lastre Sulfurado;ESP/F07/2120/727;FASE 7;BOT_2380_INT;582;2;ESPERANZA
06-06-2023;PA7;C54;KOM 930 E;Lastre Sulfurado;ESP/F07/2120/727;FASE 7;BOT_2380_INT;291;1;ESPERANZA
06-06-2023;PA7;C59;KOM 930 E;Lastre Sulfurado;ESP/F07/2120/727;FASE 7;BOT_2380_INT;291;1;ESPERANZA
06-06-2023;PA9;C07;CAT 797 B;Lastre Sulfurado;ESP/F07/2104/701;FASE 7;BOT_2380_INT;346,4039917;1;ESPERANZA
06-06-2023;PA9;C07;CAT 797 B;Lastre Sulfurado;ESP/F07/2104/701;FASE 7;BOT_MIJO;692,8079834;2;ESPERANZA
06-06-2023;PA9;C07;CAT 797 B;Lastre Sulfurado;ESP/F07/2104/701;FASE 7;BOT_RAMPA_SUPERIOR;3810,443909;11;ESPERANZA
06-06-2023;PA9;C08;CAT 797 B;Lastre Sulfurado;ESP/F07/2104/701;FASE 7;BOT_2380_INT;692,8079834;2;ESPERANZA
06-06-2023;PA9;C08;CAT 797 B;Lastre Sulfurado;ESP/F07/2104/701;FASE 7;BOT_RAMPA_SUPERIOR;692,8079834;2;ESPERANZA
06-06-2023;PA9;C10;CAT 797 B;Lastre Sulfurado;ESP/F07/2104/701;FASE 7;BOT_MIJO;346,4039917;1;ESPERANZA
06-06-2023;PA9;C10;CAT 797 B;Lastre Sulfurado;ESP/F07/2104/701;FASE 7;BOT_RAMPA_SUPERIOR;1385,619995;4;ESPERANZA
06-06-2023;PA9;C11;CAT 797 B;Lastre Sulfurado;ESP/F07/2104/701;FASE 7;BOT_RAMPA_SUPERIOR;346,4039917;1;ESPERANZA
06-06-2023;PA9;C13;CAT 797 B;Lastre Sulfurado;ESP/F07/2104/701;FASE 7;BOT_RAMPA_SUPERIOR;4156,848022;12;ESPERANZA
06-06-2023;PA9;C135;CAT 793 C;Lastre Sulfurado;ESP/F07/2104/701;FASE 7;BOT_MIJO;865,7459717;4;ESPERANZA
06-06-2023;PA9;C135;CAT 793 C;Lastre Sulfurado;ESP/F07/2104/701;FASE 7;BOT_RAMPA_SUPERIOR;432,8720093;2;ESPERANZA
06-06-2023;PA9;C14;CAT 797 B;Lastre Sulfurado;ESP/F07/2104/701;FASE 7;BOT_RAMPA_SUPERIOR;1385,619995;4;ESPERANZA
06-06-2023;PA9;C15;CAT 797 B;Lastre Sulfurado;ESP/F07/2104/701;FASE 7;BOT_2380_INT;346,4039917;1;ESPERANZA
06-06-2023;PA9;C15;CAT 797 B;Lastre Sulfurado;ESP/F07/2104/701;FASE 7;BOT_MIJO;346,4039917;1;ESPERANZA
06-06-2023;PA9;C15;CAT 797 B;Lastre Sulfurado;ESP/F07/2104/701;FASE 7;BOT_RAMPA_SUPERIOR;1385,619995;4;ESPERANZA
06-06-2023;PA9;C154;CAT 793 F;Lastre Sulfurado;ESP/F07/2104/701;FASE 7;BOT_RAMPA_SUPERIOR;216,4360046;1;ESPERANZA
06-06-2023;PA9;C155;CAT 793 F;Lastre Sulfurado;ESP/F07/2104/701;FASE 7;BOT_RAMPA_SUPERIOR;216,4360046;1;ESPERANZA
06-06-2023;PA9;C160;CAT 793 F;Lastre Sulfurado;ESP/F07/2104/701;FASE 7;BOT_RAMPA_SUPERIOR;216,4360046;1;ESPERANZA
06-06-2023;PA9;C164;CAT 793 F;Lastre Sulfurado;ESP/F07/2104/701;FASE 7;BOT_MIJO;432,8729858;2;ESPERANZA
06-06-2023;PA9;C164;CAT 793 F;Lastre Sulfurado;ESP/F07/2104/701;FASE 7;BOT_RAMPA_SUPERIOR;216,4360046;1;ESPERANZA
06-06-2023;PA9;C20;CAT 797 F;Lastre Sulfurado;ESP/F07/2104/701;FASE 7;BOT_RAMPA_SUPERIOR;1732,023987;5;ESPERANZA
06-06-2023;PA9;C23;CAT 797 F;Lastre Sulfurado;ESP/F07/2104/701;FASE 7;BOT_RAMPA_SUPERIOR;346,4039917;1;ESPERANZA
06-06-2023;PA9;C24;CAT 797 F;Lastre Sulfurado;ESP/F07/2104/701;FASE 7;BOT_2380_INT;692,8079834;2;ESPERANZA
06-06-2023;PA9;C24;CAT 797 F;Lastre Sulfurado;ESP/F07/2104/701;FASE 7;BOT_MIJO;1732,023987;5;ESPERANZA
06-06-2023;PA9;C24;CAT 797 F;Lastre Sulfurado;ESP/F07/2104/701;FASE 7;BOT_RAMPA_SUPERIOR;692,8079834;2;ESPERANZA
06-06-2023;PA9;C25;CAT 797 F;Lastre Sulfurado;ESP/F07/2104/701;FASE 7;BOT_MIJO;346,4039917;1;ESPERANZA
06-06-2023;PA9;C25;CAT 797 F;Lastre Sulfurado;ESP/F07/2104/701;FASE 7;BOT_RAMPA_SUPERIOR;692,8079834;2;ESPERANZA
06-06-2023;PA9;C36;CAT 797 F;Lastre Sulfurado;ESP/F07/2104/701;FASE 7;BOT_MIJO;1039,211975;3;ESPERANZA
06-06-2023;PA9;C42;CAT 797 F;Lastre Sulfurado;ESP/F07/2104/701;FASE 7;BOT_RAMPA_SUPERIOR;2078,424011;6;ESPERANZA
06-06-2023;PA9;C45;CAT 797 F;Lastre Sulfurado;ESP/F07/2104/701;FASE 7;BOT_RAMPA_SUPERIOR;2771,227905;8;ESPERANZA
06-06-2023;PA9;C46;CAT 797 F;Lastre Sulfurado;ESP/F07/2104/701;FASE 7;BOT_RAMPA_SUPERIOR;1732,02002;5;ESPERANZA
06-06-2023;PA9;C47;CAT 797 F;Lastre Sulfurado;ESP/F07/2104/701;FASE 7;BOT_RAMPA_SUPERIOR;1385,615967;4;ESPERANZA
06-06-2023;PA9;C48;CAT 797 F;Lastre Sulfurado;ESP/F07/2104/701;FASE 7;BOT_RAMPA_SUPERIOR;692,8079834;2;ESPERANZA
06-06-2023;PA9;C49;KOM 930 E;Lastre Sulfurado;ESP/F07/2104/701;FASE 7;BOT_RAMPA_SUPERIOR;291;1;ESPERANZA
06-06-2023;PA9;C51;KOM 930 E;Lastre Sulfurado;ESP/F07/2104/701;FASE 7;BOT_RAMPA_SUPERIOR;291;1;ESPERANZA
06-06-2023;PAESPS;C980AHSESPS;Kom 980 AHS;Lastre Sulfurado;ESS/F02/2136/R200;F02 ESPSUR;BOTADERO_2021;15120;42;ESPERANZA_SUR
06-06-2023;PATH01;C121;CAT 793 C;Marginal Rom;STOCK_MRO_MIR;OXIDO;ROM;1540;7;TESORO
06-06-2023;PATH01;C122;CAT 793 C;Marginal Rom;STOCK_MRO_MIR;OXIDO;ROM;440;2;TESORO
06-06-2023;PATH01;C125;CAT 793 C;Marginal Rom;STOCK_MRO_MIR;OXIDO;ROM;3740;17;TESORO
06-06-2023;PATH01;C131;CAT 793 C;Marginal Rom;STOCK_MRO_MIR;OXIDO;ROM;4180;19;TESORO
06-06-2023;PATH01;C135;CAT 793 C;Marginal Rom;STOCK_MRO_MIR;OXIDO;ROM;660;3;TESORO
06-06-2023;PATH01;C162;CAT 793 F;Marginal Rom;STOCK_MRO_MIR;OXIDO;ROM;4050;18;TESORO
06-06-2023;PATH01;C701;LIEBHERR 264 ;LASTRE (LAS);LLA/F01/2295/103;F01 LLA;BOT_TSS;32631;149;LLANO
06-06-2023;PATH01;C701;LIEBHERR 264 ;LASTRE (LAS);LLA/F01/2302.5/1090;F01 LLA;BOT_TSS;4599;21;LLANO
06-06-2023;PATH01;C701;LIEBHERR 264 ;LASTRE (LAS);LLA/F02/2302.5/2030;F02 LLA;BOT_TSS;15111;69;LLANO
06-06-2023;PATH01;C701;LIEBHERR 264 ;LASTRE (LAS);LLA/F02/2302.5/2031;F02 LLA;BOT_TSS;13578;62;LLANO
06-06-2023;PATH01;C701;LIEBHERR 264 ;LASTRE (LAS);LLA/F02/2302.5/2090;F02 LLA;BOT_TSS;13140;60;LLANO
06-06-2023;PATH01;C701;LIEBHERR 264 ;LASTRE (LAS);LLA/F02/2302.5/210;F02 LLA;BOT_TSS;17739;81;LLANO
06-06-2023;PATH01;C702;LIEBHERR 264 ;LASTRE (LAS);LLA/F01/2302.5/1090;F01 LLA;BOT_TSS;3285;15;LLANO
06-06-2023;PATH01;C702;LIEBHERR 264 ;LASTRE (LAS);LLA/F02/2302.5/2030;F02 LLA;BOT_TSS;657;3;LLANO
06-06-2023;PATH01;C702;LIEBHERR 264 ;LASTRE (LAS);LLA/F02/2302.5/2031;F02 LLA;BOT_TSS;12483;57;LLANO
06-06-2023;PATH01;C702;LIEBHERR 264 ;LASTRE (LAS);LLA/F02/2302.5/210;F02 LLA;BOT_TSS;9636;44;LLANO
06-06-2023;PATH01;C793OXE;CAT 793 OXE;Media Ley;OXE/F04/2144/4030;FASE 04 ENC;CHANCADO-ENCUENTRO;2200;10;ENCUENTRO
06-06-2023;PATH01;C793OXE;CAT 793 OXE;Media Ley;OXE/F04/2144/4030;FASE 04 ENC;MOD C;3520;16;ENCUENTRO
06-06-2023;PATH01;C793OXE;CAT 793 OXE;ORM;MOD_B_REM;ENCUENTRO OXE;CHANCADO-ENCUENTRO;19360;88;ENCUENTRO
06-06-2023;PATH01;C793OXE;CAT 793 OXE;Oxido Baja Ley;OXE/F04/2144/403;FASE 04 ENC;CHANCADO-ENCUENTRO;1100;5;ENCUENTRO
06-06-2023;PATH01;C793OXE;CAT 793 OXE;OXIDO MARGINAL (OXMAR);OXE/F04/2144/4030;FASE 04 ENC;MOD D;2640;12;ENCUENTRO
06-06-2023;PATH01;C793OXE;CAT 793 OXE;OXIDO MARGINAL (OXMAR);OXE/F04/2144/4030;FASE 04 ENC;STOCK _MARGINAL_ESTE;8800;40;ENCUENTRO
06-06-2023;PATH01;C930OXE;KOM 930OXE;L21;04_2376_455;FASE 04 ENC;BOT.2420;59160;204;ENCUENTRO