Fecha;Carguio;Camión;Flota;Material;Origen;Zona;Destino;Tonelaje;Ciclos;Rajo
07-06-2023;CF2;C08;CAT 797 B;Lastre Sulfurado;ESP/F10/2328/124;FASE 10;BOT_MIJO;692,8079834;2;ESPERANZA
07-06-2023;CF2;C11;CAT 797 B;Lastre Sulfurado;ESP/F10/2328/124;FASE 10;BOT_RAMPA_SUPERIOR;346,4039917;1;ESPERANZA
07-06-2023;CF2;C121;CAT 793 C;Lastre Sulfurado;ESP/F10/2328/124;FASE 10;BOT_MIJO;432,8720093;2;ESPERANZA
07-06-2023;CF2;C121;CAT 793 C;Lastre Sulfurado;ESP/F10/2328/124;FASE 10;BOT_RAMPA_SUPERIOR;216,4360046;1;ESPERANZA
07-06-2023;CF2;C122;CAT 793 C;Lastre Sulfurado;ESP/F10/2328/124;FASE 10;BOT_MIJO;649,3089905;3;ESPERANZA
07-06-2023;CF2;C123;CAT 793 C;Lastre Sulfurado;ESP/F10/2328/124;FASE 10;BOT_MIJO;432,8720093;2;ESPERANZA
07-06-2023;CF2;C123;CAT 793 C;Lastre Sulfurado;ESP/F10/2328/124;FASE 10;BOT_RAMPA_SUPERIOR;216,4360046;1;ESPERANZA
07-06-2023;CF2;C128;CAT 793 C;Lastre Sulfurado;ESP/F10/2328/124;FASE 10;BOT_MIJO;432,8729858;2;ESPERANZA
07-06-2023;CF2;C128;CAT 793 C;Lastre Sulfurado;ESP/F10/2328/124;FASE 10;BOT_RAMPA_SUPERIOR;216,4360046;1;ESPERANZA
07-06-2023;CF2;C13;CAT 797 B;Lastre Sulfurado;ESP/F10/2328/124;FASE 10;BOT_MIJO;692,8079834;2;ESPERANZA
07-06-2023;CF2;C132;CAT 793 C;Lastre Sulfurado;ESP/F10/2328/124;FASE 10;BOT_MIJO;216,4360046;1;ESPERANZA
07-06-2023;CF2;C134;CAT 793 C;Lastre Sulfurado;ESP/F10/2328/124;FASE 10;BOT_MIJO;649,309021;3;ESPERANZA
07-06-2023;CF2;C14;CAT 797 B;Lastre Sulfurado;ESP/F10/2328/124;FASE 10;BOT_MIJO;692,8079834;2;ESPERANZA
07-06-2023;CF2;C15;CAT 797 B;Lastre Sulfurado;ESP/F07/2120/727;FASE 7;BOT_2380_INT;346,4039917;1;ESPERANZA
07-06-2023;CF2;C154;CAT 793 F;Lastre Sulfurado;ESP/F10/2328/124;FASE 10;BOT_MIJO;216,4360046;1;ESPERANZA
07-06-2023;CF2;C156;CAT 793 F;Lastre Sulfurado;ESP/F10/2328/124;FASE 10;BOT_MIJO;216,4360046;1;ESPERANZA
07-06-2023;CF2;C159;CAT 793 F;Lastre Sulfurado;ESP/F10/2328/124;FASE 10;BOT_MIJO;649,309021;3;ESPERANZA
07-06-2023;CF2;C162;CAT 793 F;Lastre Sulfurado;ESP/F07/2120/727;FASE 7;BOT_2380_INT;216,4360046;1;ESPERANZA
07-06-2023;CF2;C163;CAT 793 F;Lastre Sulfurado;ESP/F10/2328/124;FASE 10;BOT_MIJO;649,3080139;3;ESPERANZA
07-06-2023;CF2;C36;CAT 797 F;Lastre Sulfurado;ESP/F10/2328/124;FASE 10;BOT_MIJO;346,4039917;1;ESPERANZA
07-06-2023;CF2;C44;CAT 797 F;Lastre Sulfurado;ESP/F07/2120/727;FASE 7;BOT_2380_INT;346,4039917;1;ESPERANZA
07-06-2023;CF2;C53;KOM 930 E;Lastre Sulfurado;ESP/F10/2328/124;FASE 10;BOT_MIJO;291;1;ESPERANZA
07-06-2023;CF2;C54;KOM 930 E;Lastre Sulfurado;ESP/F10/2328/124;FASE 10;BOT_RAMPA_SUPERIOR;291;1;ESPERANZA
07-06-2023;CF203;C129;CAT 793 C;Marginal Alta;STM-NE-02;OXIDO;CHANCADO-OXIDO;865,7459717;4;TESORO
07-06-2023;CF203;C135;CAT 793 C;Marginal Alta;STM-NE-02;OXIDO;CHANCADO-OXIDO;432,8729858;2;TESORO
07-06-2023;CF203;C153;CAT 793 F;Marginal Alta;STM-NE-02;OXIDO;CHANCADO-OXIDO;2597,242065;12;TESORO
07-06-2023;CF203;C161;CAT 793 F;Marginal Alta;STM-NE-02;OXIDO;CHANCADO-OXIDO;2164,36908;10;TESORO
07-06-2023;CF203;C164;CAT 793 F;Marginal Alta;STM-NE-02;OXIDO;CHANCADO-OXIDO;1298,619995;6;TESORO
07-06-2023;CF232;C125;CAT 793 C;Baja Ley 1;ST-TS_18;OXIDO;CHANCADO-OXIDO;7358,838013;34;TESORO
07-06-2023;CF232;C129;CAT 793 C;Baja Ley 1;ST-TS_18;OXIDO;CHANCADO-OXIDO;216,4360046;1;TESORO
07-06-2023;CF232;C153;CAT 793 F;Baja Ley 1;ST-TS_18;OXIDO;CHANCADO-OXIDO;2597,23407;12;TESORO
07-06-2023;CF232;C161;CAT 793 F;Baja Ley 1;ST-TS_18;OXIDO;CHANCADO-OXIDO;432,8720093;2;TESORO
07-06-2023;CF232;C163;CAT 793 F;Baja Ley 1;ST-TS_18;OXIDO;CHANCADO-OXIDO;1515,060059;7;TESORO
07-06-2023;CF233;C121;CAT 793 C;Lastre Sulfurado;ESP/F10/2328/1240;FASE 10;BOT_MIJO;865,7459717;4;ESPERANZA
07-06-2023;CF233;C122;CAT 793 C;Lastre Sulfurado;ESP/F10/2328/1240;FASE 10;BOT_MIJO;1515,054047;7;ESPERANZA
07-06-2023;CF233;C123;CAT 793 C;Lastre Sulfurado;ESP/F10/2328/1240;FASE 10;BOT_MIJO;216,4360046;1;ESPERANZA
07-06-2023;CF233;C123;CAT 793 C;Lastre Sulfurado;ESP/F10/2328/1240;FASE 10;BOT_RAMPA_SUPERIOR;216,4360046;1;ESPERANZA
07-06-2023;CF233;C125;CAT 793 C;Marginal Alta;STM-NE-02;OXIDO;CHANCADO-OXIDO;216,4360046;1;TESORO
07-06-2023;CF233;C128;CAT 793 C;Lastre Sulfurado;ESP/F10/2328/1240;FASE 10;BOT_MIJO;1298,618011;6;ESPERANZA
07-06-2023;CF233;C128;CAT 793 C;Lastre Sulfurado;ESP/F10/2328/1240;FASE 10;BOT_RAMPA_SUPERIOR;216,4360046;1;ESPERANZA
07-06-2023;CF233;C130;CAT 793 C;Lastre Sulfurado;ESP/F10/2328/1240;FASE 10;BOT_MIJO;432,8729858;2;ESPERANZA
07-06-2023;CF233;C131;CAT 793 C;Lastre Sulfurado;ESP/F10/2328/1240;FASE 10;BOT_MIJO;216,4360046;1;ESPERANZA
07-06-2023;CF233;C132;CAT 793 C;Lastre Sulfurado;ESP/F10/2328/1240;FASE 10;BOT_MIJO;216,4360046;1;ESPERANZA
07-06-2023;CF233;C134;CAT 793 C;Lastre Sulfurado;ESP/F10/2328/1240;FASE 10;BOT_MIJO;865,7459717;4;ESPERANZA
07-06-2023;CF233;C135;CAT 793 C;Lastre Sulfurado;ESP/F10/2328/1240;FASE 10;DESCARGA_PLATAFORMA;216,4360046;1;ESPERANZA
07-06-2023;CF233;C151;CAT 793 F;Lastre Sulfurado;ESP/F10/2328/1240;FASE 10;BOT_MIJO;216,4360046;1;ESPERANZA
07-06-2023;CF233;C151;CAT 793 F;Lastre Sulfurado;ESP/F10/2328/1240;FASE 10;BOT_RAMPA_SUPERIOR;216,4360046;1;ESPERANZA
07-06-2023;CF233;C152;CAT 793 F;Lastre Sulfurado;ESP/F10/2328/1240;FASE 10;BOT_MIJO;432,8720093;2;ESPERANZA
07-06-2023;CF233;C152;CAT 793 F;Lastre Sulfurado;ESP/F10/2328/1240;FASE 10;BOT_RAMPA_SUPERIOR;216,4360046;1;ESPERANZA
07-06-2023;CF233;C154;CAT 793 F;Lastre Sulfurado;ESP/F10/2328/1240;FASE 10;BOT_MIJO;1515,054993;7;ESPERANZA
07-06-2023;CF233;C156;CAT 793 F;Lastre Sulfurado;ESP/F10/2328/1240;FASE 10;BOT_MIJO;216,4360046;1;ESPERANZA
07-06-2023;CF233;C156;CAT 793 F;Lastre Sulfurado;ESP/F10/2328/1240;FASE 10;BOT_RAMPA_SUPERIOR;432,8729858;2;ESPERANZA
07-06-2023;CF233;C159;CAT 793 F;Lastre Sulfurado;ESP/F10/2328/1240;FASE 10;BOT_MIJO;649,309021;3;ESPERANZA
07-06-2023;CF233;C160;CAT 793 F;Lastre Sulfurado;ESP/F10/2328/1240;FASE 10;BOT_MIJO;432,8729858;2;ESPERANZA
07-06-2023;CF233;C161;CAT 793 F;Marginal Alta;STM-NE-02;OXIDO;CHANCADO-OXIDO;432,8729858;2;TESORO
07-06-2023;CF233;C162;CAT 793 F;Lastre Sulfurado;ESP/F10/2328/1240;FASE 10;BOT_MIJO;432,8729858;2;ESPERANZA
07-06-2023;CF233;C162;CAT 793 F;Lastre Sulfurado;ESP/F10/2328/1240;FASE 10;DESCARGA_PLATAFORMA;216,4360046;1;ESPERANZA
07-06-2023;CF233;C163;CAT 793 F;Lastre Sulfurado;ESP/F10/2328/1240;FASE 10;BOT_MIJO;432,8720093;2;ESPERANZA
07-06-2023;CF233;C163;CAT 793 F;Lastre Sulfurado;ESP/F10/2328/1240;FASE 10;BOT_RAMPA_SUPERIOR;216,4360046;1;ESPERANZA
07-06-2023;CF233;C163;CAT 793 F;Lastre Sulfurado;ESP/F10/2328/1240;FASE 10;DESCARGA_PLATAFORMA;216,4360046;1;ESPERANZA
07-06-2023;CF234;C125;CAT 793 C;Marginal Alta;STM-NE-02;OXIDO;CHANCADO-OXIDO;2380,80304;11;TESORO
07-06-2023;CF234;C125;CAT 793 C;Marginal Alta;STM-NE-02;OXIDO;ST-TS_06;216,4360046;1;TESORO
07-06-2023;CF234;C129;CAT 793 C;Marginal Alta;STM-NE-02;OXIDO;CHANCADO-OXIDO;1082,180054;5;TESORO
07-06-2023;CF234;C153;CAT 793 F;Marginal Alta;STM-NE-02;OXIDO;CHANCADO-OXIDO;2597,23999;12;TESORO
07-06-2023;CF234;C161;CAT 793 F;Marginal Alta;STM-NE-02;OXIDO;CHANCADO-OXIDO;5194,472107;24;TESORO
07-06-2023;CF234;C164;CAT 793 F;Marginal Alta;STM-NE-02;OXIDO;CHANCADO-OXIDO;1082,180054;5;TESORO
07-06-2023;CF3;C07;CAT 797 B;Lastre Sulfurado;ESP/F07/2104/706;FASE 7;BOT_2380_INT;346,4039917;1;ESPERANZA
07-06-2023;CF3;C08;CAT 797 B;Lastre Sulfurado;ESP/F07/2104/706;FASE 7;BOT_2380_INT;346,4039917;1;ESPERANZA
07-06-2023;CF3;C10;CAT 797 B;Lastre Sulfurado;ESP/F07/2104/706;FASE 7;BOT_2380_INT;346,4039917;1;ESPERANZA
07-06-2023;CF3;C130;CAT 793 C;Lastre Sulfurado;ESP/F07/2104/706;FASE 7;BOT_2380_INT;865,7459717;4;ESPERANZA
07-06-2023;CF3;C132;CAT 793 C;Lastre Sulfurado;ESP/F07/2104/706;FASE 7;BOT_2380_INT;216,4360046;1;ESPERANZA
07-06-2023;CF3;C14;CAT 797 B;Lastre Sulfurado;ESP/F07/2104/706;FASE 7;BOT_2380_INT;346,4039917;1;ESPERANZA
07-06-2023;CF3;C151;CAT 793 F;Lastre Sulfurado;ESP/F07/2104/706;FASE 7;BOT_2380_INT;649,3089905;3;ESPERANZA
07-06-2023;CF3;C155;CAT 793 F;Lastre Sulfurado;ESP/F07/2104/706;FASE 7;BOT_2380_INT;649,309021;3;ESPERANZA
07-06-2023;CF3;C156;CAT 793 F;Lastre Sulfurado;ESP/F07/2104/706;FASE 7;BOT_2380_INT;432,8729858;2;ESPERANZA
07-06-2023;CF3;C17;CAT 797 F;Lastre Sulfurado;ESP/F07/2104/706;FASE 7;BOT_2380_INT;2078,419922;6;ESPERANZA
07-06-2023;CF3;C18;CAT 797 F;Lastre Sulfurado;ESP/F07/2104/706;FASE 7;BOT_2380_INT;1732,017944;5;ESPERANZA
07-06-2023;CF3;C20;CAT 797 F;Lastre Sulfurado;ESP/F07/2104/706;FASE 7;BOT_2380_INT;692,8079834;2;ESPERANZA
07-06-2023;CF3;C21;CAT 797 F;Lastre Sulfurado;ESP/F07/2104/706;FASE 7;BOT_2380_INT;1385,613953;4;ESPERANZA
07-06-2023;CF3;C22;CAT 797 F;Lastre Sulfurado;ESP/F07/2104/706;FASE 7;BOT_2380_INT;2078,421936;6;ESPERANZA
07-06-2023;CF3;C23;CAT 797 F;Lastre Sulfurado;ESP/F07/2104/706;FASE 7;BOT_2380_INT;1039,211975;3;ESPERANZA
07-06-2023;CF3;C24;CAT 797 F;Lastre Sulfurado;ESP/F07/2104/706;FASE 7;BOT_2380_INT;692,8079834;2;ESPERANZA
07-06-2023;CF3;C25;CAT 797 F;Lastre Sulfurado;ESP/F07/2104/706;FASE 7;BOT_2380_INT;2424,828003;7;ESPERANZA
07-06-2023;CF3;C32;CAT 797 F;Lastre Sulfurado;ESP/F07/2104/706;FASE 7;BOT_2380_INT;1385,615967;4;ESPERANZA
07-06-2023;CF3;C34;CAT 797 F;Lastre Sulfurado;ESP/F07/2104/706;FASE 7;BOT_2380_INT;1039,209961;3;ESPERANZA
07-06-2023;CF3;C36;CAT 797 F;Lastre Sulfurado;ESP/F07/2104/706;FASE 7;BOT_2380_INT;2078,42395;6;ESPERANZA
07-06-2023;CF3;C36;CAT 797 F;Lastre Sulfurado;ESP/F07/2104/706;FASE 7;BOT_MIJO;346,4039917;1;ESPERANZA
07-06-2023;CF3;C37;CAT 797 F;Lastre Sulfurado;ESP/F07/2104/706;FASE 7;BOT_2380_INT;346,4039917;1;ESPERANZA
07-06-2023;CF3;C38;CAT 797 F;Lastre Sulfurado;ESP/F07/2104/706;FASE 7;BOT_2380_INT;1385,613953;4;ESPERANZA
07-06-2023;CF3;C39;CAT 797 F;Lastre Sulfurado;ESP/F07/2104/706;FASE 7;BOT_2380_INT;2078,424011;6;ESPERANZA
07-06-2023;CF3;C40;CAT 797 F;Lastre Sulfurado;ESP/F07/2104/706;FASE 7;BOT_2380_INT;346,4039917;1;ESPERANZA
07-06-2023;CF3;C41;CAT 797 F;Lastre Sulfurado;ESP/F07/2104/706;FASE 7;BOT_2380_INT;1385,615967;4;ESPERANZA
07-06-2023;CF3;C42;CAT 797 F;Lastre Sulfurado;ESP/F07/2104/706;FASE 7;BOT_2380_INT;692,8079834;2;ESPERANZA
07-06-2023;CF3;C43;CAT 797 F;Lastre Sulfurado;ESP/F07/2104/706;FASE 7;BOT_2380_INT;2424,83197;7;ESPERANZA
07-06-2023;CF3;C44;CAT 797 F;Lastre Sulfurado;ESP/F07/2104/706;FASE 7;BOT_2380_INT;692,8079834;2;ESPERANZA
07-06-2023;CF3;C45;CAT 797 F;Lastre Sulfurado;ESP/F07/2104/706;FASE 7;BOT_2380_INT;1732,017944;5;ESPERANZA
07-06-2023;CF3;C46;CAT 797 F;Lastre Sulfurado;ESP/F07/2104/706;FASE 7;BOT_2380_INT;1385,613953;4;ESPERANZA
07-06-2023;CF3;C47;CAT 797 F;Lastre Sulfurado;ESP/F07/2104/706;FASE 7;BOT_2380_INT;346,4039917;1;ESPERANZA
07-06-2023;CF3;C48;CAT 797 F;Lastre Sulfurado;ESP/F07/2104/706;FASE 7;BOT_2380_INT;2771,229919;8;ESPERANZA
07-06-2023;CF4;C980AHSESPS;Kom 980 AHS;Lastre Oxidado;ESS/F03/2216/308;F03 ESPSUR;BOTADERO_2021;7920;22;ESPERANZA_SUR
07-06-2023;CF4;C980AHSESPS;Kom 980 AHS;Lastre Sulfurado;ESS/F03/2200/306;F03 ESPSUR;BOTADERO_2021;12960;36;ESPERANZA_SUR
07-06-2023;PA1;C07;CAT 797 B;Lastre Oxidado;ESP/F07/2104/703;FASE 7;BOT_2380_INT;692,8079834;2;ESPERANZA
07-06-2023;PA1;C07;CAT 797 B;Lastre Sulfurado;ESP/F07/2104/701;FASE 7;BOT_2380_INT;1039,211975;3;ESPERANZA
07-06-2023;PA1;C07;CAT 797 B;Lastre Sulfurado;ESP/F07/2104/701;FASE 7;BOT_INT_RB;346,4039917;1;ESPERANZA
07-06-2023;PA1;C07;CAT 797 B;Sulfuro Baja Ley;ESP/F07/2104/7060;FASE 7;STOCK_SBL1;1039,211975;3;ESPERANZA
07-06-2023;PA1;C08;CAT 797 B;Lastre Oxidado;ESP/F07/2104/703;FASE 7;BOT_2380_INT;346,4039917;1;ESPERANZA
07-06-2023;PA1;C08;CAT 797 B;Lastre Sulfurado;ESP/F07/2104/701;FASE 7;BOT_2380_INT;1732,02002;5;ESPERANZA
07-06-2023;PA1;C08;CAT 797 B;Sulfuro Baja Ley;ESP/F07/2104/7060;FASE 7;STOCK_SBL1;1039,211975;3;ESPERANZA
07-06-2023;PA1;C09;CAT 797 B;Lastre Oxidado;ESP/F07/2104/703;FASE 7;BOT_2380_INT;692,8079834;2;ESPERANZA
07-06-2023;PA1;C09;CAT 797 B;Lastre Sulfurado;ESP/F07/2104/701;FASE 7;BOT_2380_INT;2424,829956;7;ESPERANZA
07-06-2023;PA1;C09;CAT 797 B;Sulfuro Baja Ley;ESP/F07/2104/7060;FASE 7;STOCK_SBL1;346,4039917;1;ESPERANZA
07-06-2023;PA1;C09;CAT 797 B;Sulfuro Baja Ley;ESP/F07/2104/7060;FASE 7;STOCK_SME;346,4039917;1;ESPERANZA
07-06-2023;PA1;C10;CAT 797 B;Lastre Sulfurado;ESP/F07/2104/701;FASE 7;BOT_2380_INT;1732,017944;5;ESPERANZA
07-06-2023;PA1;C11;CAT 797 B;Lastre Sulfurado;ESP/F07/2104/701;FASE 7;BOT_2380_INT;346,4039917;1;ESPERANZA
07-06-2023;PA1;C11;CAT 797 B;Lastre Sulfurado;ESP/F07/2104/701;FASE 7;BOT_PLATAFORMA;346,4039917;1;ESPERANZA
07-06-2023;PA1;C11;CAT 797 B;Sulfuro Baja Ley;ESP/F07/2104/7060;FASE 7;STOCK_SBL1;1385,615967;4;ESPERANZA
07-06-2023;PA1;C12;CAT 797 B;Lastre Sulfurado;ESP/F07/2104/701;FASE 7;BOT_2380_INT;1732,02002;5;ESPERANZA
07-06-2023;PA1;C12;CAT 797 B;Sulfuro Baja Ley;ESP/F07/2104/7060;FASE 7;STOCK_SBL1;692,8079834;2;ESPERANZA
07-06-2023;PA1;C123;CAT 793 C;Lastre Sulfurado;ESP/F07/2104/701;FASE 7;BOT_2380_INT;216,4360046;1;ESPERANZA
07-06-2023;PA1;C13;CAT 797 B;Lastre Oxidado;ESP/F07/2104/703;FASE 7;BOT_2380_INT;346,4039917;1;ESPERANZA
07-06-2023;PA1;C13;CAT 797 B;Lastre Sulfurado;ESP/F07/2104/701;FASE 7;BOT_2380_INT;1732,019958;5;ESPERANZA
07-06-2023;PA1;C13;CAT 797 B;Sulfuro Baja Ley;ESP/F07/2104/7060;FASE 7;STOCK_SBL1;1039,211975;3;ESPERANZA
07-06-2023;PA1;C130;CAT 793 C;Lastre Sulfurado;ESP/F07/2104/701;FASE 7;BOT_2380_INT;432,8729858;2;ESPERANZA
07-06-2023;PA1;C130;CAT 793 C;Sulfuro Baja Ley;ESP/F07/2104/7060;FASE 7;STOCK_SBL1;216,4360046;1;ESPERANZA
07-06-2023;PA1;C131;CAT 793 C;Lastre Sulfurado;ESP/F07/2104/701;FASE 7;BOT_2380_INT;216,4360046;1;ESPERANZA
07-06-2023;PA1;C135;CAT 793 C;Lastre Oxidado;ESP/F07/2104/703;FASE 7;BOT_2380_INT;216,4360046;1;ESPERANZA
07-06-2023;PA1;C14;CAT 797 B;Lastre Sulfurado;ESP/F07/2104/701;FASE 7;BOT_2380_INT;692,8079834;2;ESPERANZA
07-06-2023;PA1;C14;CAT 797 B;Sulfuro Baja Ley;ESP/F07/2104/7060;FASE 7;STOCK_SBL1;1039,209961;3;ESPERANZA
07-06-2023;PA1;C15;CAT 797 B;Lastre Oxidado;ESP/F07/2104/703;FASE 7;BOT_2380_INT;346,4039917;1;ESPERANZA
07-06-2023;PA1;C15;CAT 797 B;Lastre Sulfurado;ESP/F07/2104/701;FASE 7;BOT_2380_INT;1732,019958;5;ESPERANZA
07-06-2023;PA1;C15;CAT 797 B;Lastre Sulfurado;ESP/F07/2104/701;FASE 7;BOT_INTEGRACION;346,4039917;1;ESPERANZA
07-06-2023;PA1;C15;CAT 797 B;Sulfuro Baja Ley;ESP/F07/2104/7060;FASE 7;STOCK_SBL1;692,8079834;2;ESPERANZA
07-06-2023;PA1;C151;CAT 793 F;Lastre Sulfurado;ESP/F07/2104/701;FASE 7;BOT_2380_INT;1082,181976;5;ESPERANZA
07-06-2023;PA1;C159;CAT 793 F;Lastre Sulfurado;ESP/F07/2104/701;FASE 7;BOT_2380_INT;216,4360046;1;ESPERANZA
07-06-2023;PA1;C16;CAT 797 B;Lastre Oxidado;ESP/F07/2104/703;FASE 7;BOT_2380_INT;346,4039917;1;ESPERANZA
07-06-2023;PA1;C16;CAT 797 B;Lastre Sulfurado;ESP/F07/2104/701;FASE 7;BOT_2380_INT;1039,211975;3;ESPERANZA
07-06-2023;PA1;C16;CAT 797 B;Sulfuro Baja Ley;ESP/F07/2104/7060;FASE 7;STOCK_SBL1;346,4039917;1;ESPERANZA
07-06-2023;PA1;C160;CAT 793 F;Lastre Sulfurado;ESP/F07/2104/701;FASE 7;BOT_2380_INT;216,4360046;1;ESPERANZA
07-06-2023;PA1;C160;CAT 793 F;Sulfuro Baja Ley;ESP/F07/2104/7060;FASE 7;STOCK_SBL1;216,4360046;1;ESPERANZA
07-06-2023;PA1;C162;CAT 793 F;Lastre Sulfurado;ESP/F07/2104/701;FASE 7;BOT_2380_INT;216,4360046;1;ESPERANZA
07-06-2023;PA1;C17;CAT 797 F;Lastre Sulfurado;ESP/F07/2104/701;FASE 7;BOT_2380_INT;692,8079834;2;ESPERANZA
07-06-2023;PA1;C17;CAT 797 F;Sulfuro Baja Ley;ESP/F07/2104/7060;FASE 7;STOCK_SBL1;692,8079834;2;ESPERANZA
07-06-2023;PA1;C18;CAT 797 F;Lastre Oxidado;ESP/F07/2104/703;FASE 7;BOT_2380_INT;1039,211975;3;ESPERANZA
07-06-2023;PA1;C18;CAT 797 F;Lastre Sulfurado;ESP/F07/2104/701;FASE 7;BOT_2380_INT;1385,615967;4;ESPERANZA
07-06-2023;PA1;C18;CAT 797 F;Sulfuro Baja Ley;ESP/F07/2104/7060;FASE 7;STOCK_SBL1;692,8079834;2;ESPERANZA
07-06-2023;PA1;C19;CAT 797 F;Lastre Oxidado;ESP/F07/2104/703;FASE 7;BOT_2380_INT;692,8079834;2;ESPERANZA
07-06-2023;PA1;C19;CAT 797 F;Lastre Sulfurado;ESP/F07/2104/701;FASE 7;BOT_2380_INT;1039,211975;3;ESPERANZA
07-06-2023;PA1;C20;CAT 797 F;Lastre Sulfurado;ESP/F07/2104/701;FASE 7;BOT_2380_INT;346,4039917;1;ESPERANZA
07-06-2023;PA1;C21;CAT 797 F;Lastre Oxidado;ESP/F07/2104/703;FASE 7;BOT_2380_INT;692,8079834;2;ESPERANZA
07-06-2023;PA1;C21;CAT 797 F;Lastre Sulfurado;ESP/F07/2104/701;FASE 7;BOT_2380_INT;1385,613953;4;ESPERANZA
07-06-2023;PA1;C21;CAT 797 F;Sulfuro Baja Ley;ESP/F07/2104/7060;FASE 7;STOCK_SBL1;346,4039917;1;ESPERANZA
07-06-2023;PA1;C22;CAT 797 F;Lastre Sulfurado;ESP/F07/2104/701;FASE 7;BOT_2380_INT;692,8079834;2;ESPERANZA
07-06-2023;PA1;C23;CAT 797 F;Lastre Sulfurado;ESP/F07/2104/701;FASE 7;BOT_2380_INT;1385,615967;4;ESPERANZA
07-06-2023;PA1;C23;CAT 797 F;Sulfuro Baja Ley;ESP/F07/2104/7060;FASE 7;STOCK_SBL1;1732,017944;5;ESPERANZA
07-06-2023;PA1;C24;CAT 797 F;Lastre Oxidado;ESP/F07/2104/703;FASE 7;BOT_2380_INT;346,4039917;1;ESPERANZA
07-06-2023;PA1;C24;CAT 797 F;Lastre Sulfurado;ESP/F07/2104/701;FASE 7;BOT_2380_INT;1385,613953;4;ESPERANZA
07-06-2023;PA1;C24;CAT 797 F;Lastre Sulfurado;ESP/F07/2104/701;FASE 7;BOT_PLATAFORMA;346,4039917;1;ESPERANZA
07-06-2023;PA1;C24;CAT 797 F;Sulfuro Baja Ley;ESP/F07/2104/7060;FASE 7;STOCK_SBL1;346,4039917;1;ESPERANZA
07-06-2023;PA1;C25;CAT 797 F;Lastre Sulfurado;ESP/F07/2104/701;FASE 7;BOT_2380_INT;692,8079834;2;ESPERANZA
07-06-2023;PA1;C25;CAT 797 F;Sulfuro Baja Ley;ESP/F07/2104/7060;FASE 7;STOCK_SBL1;692,8079834;2;ESPERANZA
07-06-2023;PA1;C32;CAT 797 F;Lastre Oxidado;ESP/F07/2104/703;FASE 7;BOT_2380_INT;346,4039917;1;ESPERANZA
07-06-2023;PA1;C32;CAT 797 F;Lastre Sulfurado;ESP/F07/2104/701;FASE 7;BOT_2380_INT;1385,613953;4;ESPERANZA
07-06-2023;PA1;C36;CAT 797 F;Lastre Oxidado;ESP/F07/2104/703;FASE 7;BOT_2380_INT;346,4039917;1;ESPERANZA
07-06-2023;PA1;C36;CAT 797 F;Lastre Sulfurado;ESP/F07/2104/701;FASE 7;BOT_2380_INT;692,8079834;2;ESPERANZA
07-06-2023;PA1;C37;CAT 797 F;Sulfuro Baja Ley;ESP/F07/2104/7060;FASE 7;STOCK_SBL1;346,4039917;1;ESPERANZA
07-06-2023;PA1;C38;CAT 797 F;Lastre Sulfurado;ESP/F07/2104/701;FASE 7;BOT_2380_INT;692,8079834;2;ESPERANZA
07-06-2023;PA1;C39;CAT 797 F;Lastre Sulfurado;ESP/F07/2104/701;FASE 7;BOT_2380_INT;1385,613953;4;ESPERANZA
07-06-2023;PA1;C39;CAT 797 F;Sulfuro Baja Ley;ESP/F07/2104/7060;FASE 7;STOCK_SBL1;692,8079834;2;ESPERANZA
07-06-2023;PA1;C41;CAT 797 F;Lastre Sulfurado;ESP/F07/2104/701;FASE 7;BOT_2380_INT;1039,209961;3;ESPERANZA
07-06-2023;PA1;C41;CAT 797 F;Sulfuro Baja Ley;ESP/F07/2104/7060;FASE 7;STOCK_SBL1;1039,211975;3;ESPERANZA
07-06-2023;PA1;C42;CAT 797 F;Lastre Sulfurado;ESP/F07/2104/701;FASE 7;BOT_2380_INT;692,8079834;2;ESPERANZA
07-06-2023;PA1;C42;CAT 797 F;Sulfuro Baja Ley;ESP/F07/2104/7060;FASE 7;STOCK_SBL1;346,4039917;1;ESPERANZA
07-06-2023;PA1;C43;CAT 797 F;Lastre Oxidado;ESP/F07/2104/703;FASE 7;BOT_2380_INT;346,4039917;1;ESPERANZA
07-06-2023;PA1;C43;CAT 797 F;Lastre Sulfurado;ESP/F07/2104/701;FASE 7;BOT_2380_INT;1385,613953;4;ESPERANZA
07-06-2023;PA1;C43;CAT 797 F;Sulfuro Baja Ley;ESP/F07/2104/7060;FASE 7;STOCK_SBL1;346,4039917;1;ESPERANZA
07-06-2023;PA1;C44;CAT 797 F;Lastre Oxidado;ESP/F07/2104/703;FASE 7;BOT_2380_INT;346,4039917;1;ESPERANZA
07-06-2023;PA1;C44;CAT 797 F;Lastre Sulfurado;ESP/F07/2104/701;FASE 7;BOT_2380_INT;1039,211975;3;ESPERANZA
07-06-2023;PA1;C44;CAT 797 F;Sulfuro Baja Ley;ESP/F07/2104/7060;FASE 7;STOCK_SBL1;346,4039917;1;ESPERANZA
07-06-2023;PA1;C45;CAT 797 F;Lastre Oxidado;ESP/F07/2104/703;FASE 7;BOT_2380_INT;346,4039917;1;ESPERANZA
07-06-2023;PA1;C45;CAT 797 F;Lastre Sulfurado;ESP/F07/2104/701;FASE 7;BOT_2380_INT;692,8079834;2;ESPERANZA
07-06-2023;PA1;C46;CAT 797 F;Lastre Oxidado;ESP/F07/2104/703;FASE 7;BOT_2380_INT;346,4039917;1;ESPERANZA
07-06-2023;PA1;C46;CAT 797 F;Lastre Sulfurado;ESP/F07/2104/701;FASE 7;BOT_2380_INT;346,4039917;1;ESPERANZA
07-06-2023;PA1;C47;CAT 797 F;Lastre Sulfurado;ESP/F07/2104/701;FASE 7;BOT_2380_INT;346,4039917;1;ESPERANZA
07-06-2023;PA1;C47;CAT 797 F;Sulfuro Baja Ley;ESP/F07/2104/7060;FASE 7;STOCK_SBL1;1039,211975;3;ESPERANZA
07-06-2023;PA1;C48;CAT 797 F;Lastre Oxidado;ESP/F07/2104/703;FASE 7;BOT_2380_INT;346,4039917;1;ESPERANZA
07-06-2023;PA1;C48;CAT 797 F;Lastre Sulfurado;ESP/F07/2104/701;FASE 7;BOT_2380_INT;1385,615967;4;ESPERANZA
07-06-2023;PA1;C53;KOM 930 E;Lastre Sulfurado;ESP/F07/2104/701;FASE 7;BOT_2380_INT;291;1;ESPERANZA
07-06-2023;PA1;C56;KOM 930 E;Lastre Sulfurado;ESP/F07/2104/701;FASE 7;BOT_2380_INT;291;1;ESPERANZA
07-06-2023;PA1;C58;KOM 930 E;Lastre Sulfurado;ESP/F07/2104/701;FASE 7;BOT_2380_INT;291;1;ESPERANZA
07-06-2023;PA1;C58;KOM 930 E;Sulfuro Baja Ley;ESP/F07/2104/7060;FASE 7;STOCK_SBL1;291;1;ESPERANZA
07-06-2023;PA1;C59;KOM 930 E;Lastre Sulfurado;ESP/F07/2104/701;FASE 7;BOT_2380_INT;291;1;ESPERANZA
07-06-2023;PA1;C60;KOM 930 E;Lastre Sulfurado;ESP/F07/2104/701;FASE 7;BOT_2380_INT;291;1;ESPERANZA
07-06-2023;PA10;C980AHSESPS;Kom 980 AHS;Lastre Sulfurado;ESS/F03/2216/3233;F03 ESPSUR;BOTADERO_2021;57240;159;ESPERANZA_SUR
07-06-2023;PA11;C980AHSESPS;Kom 980 AHS;Sulfuro Baja Ley;ESS/F02/2104/201;F02 ESPSUR;STOCK_SBL_ESS;64080;178;ESPERANZA_SUR
07-06-2023;PA11;C980AHSESPS;Kom 980 AHS;Sulfuro de Media;ESS/F02/2104/201;F02 ESPSUR;STOCK_SME_ESS;10440;29;ESPERANZA_SUR
07-06-2023;PA2;C07;CAT 797 B;Sulfuro de Media;ESP/F08/1784/815;FASE 8;STOCK_SME;346,4039917;1;ESPERANZA
07-06-2023;PA2;C11;CAT 797 B;Sulfuro de Media;ESP/F08/1784/815;FASE 8;STOCK_SME;346,4039917;1;ESPERANZA
07-06-2023;PA2;C130;CAT 793 C;Sulfuro de Media;ESP/F08/1784/815;FASE 8;STOCK_SME;216,4360046;1;ESPERANZA
07-06-2023;PA2;C154;CAT 793 F;Sulfuro de Media;ESP/F08/1784/815;FASE 8;STOCK_SME;216,4360046;1;ESPERANZA
07-06-2023;PA2;C154;CAT 793 F;Sulfuro Planta;ESP/F08/1784/815;FASE 8;STOCK_SPL_DIN;216,4360046;1;ESPERANZA
07-06-2023;PA2;C156;CAT 793 F;Sulfuro Planta;ESP/F08/1784/815;FASE 8;STOCK_SPL_DIN;432,8729858;2;ESPERANZA
07-06-2023;PA2;C159;CAT 793 F;Sulfuro de Media;ESP/F08/1784/815;FASE 8;STOCK_SME;649,3080139;3;ESPERANZA
07-06-2023;PA2;C159;CAT 793 F;Sulfuro Planta;ESP/F08/1784/815;FASE 8;STOCK_SPL_DIN;432,8729858;2;ESPERANZA
07-06-2023;PA2;C162;CAT 793 F;Sulfuro de Media;ESP/F08/1784/815;FASE 8;STOCK_SME;216,4360046;1;ESPERANZA
07-06-2023;PA2;C162;CAT 793 F;Sulfuro Planta;ESP/F08/1784/815;FASE 8;STOCK_SPL_DIN;865,7459717;4;ESPERANZA
07-06-2023;PA2;C163;CAT 793 F;Sulfuro de Media;ESP/F08/1784/815;FASE 8;STOCK_SME;432,8729858;2;ESPERANZA
07-06-2023;PA2;C163;CAT 793 F;Sulfuro Planta;ESP/F08/1784/815;FASE 8;STOCK_SPL_DIN;216,4360046;1;ESPERANZA
07-06-2023;PA2;C164;CAT 793 F;Sulfuro de Media;ESP/F08/1784/815;FASE 8;STOCK_SME;216,4360046;1;ESPERANZA
07-06-2023;PA2;C19;CAT 797 F;Sulfuro de Media;ESP/F08/1784/815;FASE 8;STOCK_SME;2424,825928;7;ESPERANZA
07-06-2023;PA2;C21;CAT 797 F;Sulfuro de Media;ESP/F08/1784/815;FASE 8;STOCK_SME;692,8079834;2;ESPERANZA
07-06-2023;PA2;C24;CAT 797 F;Sulfuro de Media;ESP/F08/1784/815;FASE 8;STOCK_SME;1039,211975;3;ESPERANZA
07-06-2023;PA2;C25;CAT 797 F;Sulfuro de Media;ESP/F08/1784/815;FASE 8;STOCK_SME;692,8079834;2;ESPERANZA
07-06-2023;PA2;C32;CAT 797 F;Sulfuro de Media;ESP/F08/1784/815;FASE 8;STOCK_SME;1039,211975;3;ESPERANZA
07-06-2023;PA2;C34;CAT 797 F;Sulfuro de Media;ESP/F08/1784/815;FASE 8;STOCK_SME;2771,233948;8;ESPERANZA
07-06-2023;PA2;C36;CAT 797 F;Sulfuro de Media;ESP/F08/1784/815;FASE 8;STOCK_SME;1385,613953;4;ESPERANZA
07-06-2023;PA2;C38;CAT 797 F;Sulfuro de Media;ESP/F08/1784/815;FASE 8;STOCK_SME;346,4039917;1;ESPERANZA
07-06-2023;PA2;C42;CAT 797 F;Sulfuro de Media;ESP/F08/1784/815;FASE 8;STOCK_SME;1732,017944;5;ESPERANZA
07-06-2023;PA2;C43;CAT 797 F;Sulfuro Planta;ESP/F08/1784/815;FASE 8;STOCK_SPL_DIN;346,4039917;1;ESPERANZA
07-06-2023;PA2;C44;CAT 797 F;Sulfuro de Media;ESP/F08/1784/815;FASE 8;STOCK_SME;2424,825928;7;ESPERANZA
07-06-2023;PA2;C45;CAT 797 F;Sulfuro de Media;ESP/F08/1784/815;FASE 8;STOCK_SME;692,8079834;2;ESPERANZA
07-06-2023;PA2;C46;CAT 797 F;Sulfuro de Media;ESP/F08/1784/815;FASE 8;STOCK_SME;2424,83197;7;ESPERANZA
07-06-2023;PA2;C47;CAT 797 F;Sulfuro de Media;ESP/F08/1784/815;FASE 8;STOCK_SME;692,8079834;2;ESPERANZA
07-06-2023;PA2;C48;CAT 797 F;Sulfuro de Media;ESP/F08/1784/815;FASE 8;STOCK_SME;346,4039917;1;ESPERANZA
07-06-2023;PA2;C49;KOM 930 E;Sulfuro de Media;ESP/F08/1784/815;FASE 8;STOCK_SME;3492;12;ESPERANZA
07-06-2023;PA2;C49;KOM 930 E;Sulfuro Planta;ESP/F08/1784/815;FASE 8;STOCK_SPL_DIN;873;3;ESPERANZA
07-06-2023;PA2;C50;KOM 930 E;Sulfuro de Media;ESP/F08/1784/815;FASE 8;STOCK_SME;2910;10;ESPERANZA
07-06-2023;PA2;C50;KOM 930 E;Sulfuro Planta;ESP/F08/1784/815;FASE 8;STOCK_SPL_DIN;873;3;ESPERANZA
07-06-2023;PA2;C51;KOM 930 E;Sulfuro de Media;ESP/F08/1784/815;FASE 8;STOCK_SME;3201;11;ESPERANZA
07-06-2023;PA2;C51;KOM 930 E;Sulfuro Planta;ESP/F08/1784/815;FASE 8;STOCK_SPL_DIN;1164;4;ESPERANZA
07-06-2023;PA2;C52;KOM 930 E;Sulfuro de Media;ESP/F08/1784/815;FASE 8;STOCK_SME;3783;13;ESPERANZA
07-06-2023;PA2;C52;KOM 930 E;Sulfuro Planta;ESP/F08/1784/815;FASE 8;STOCK_SPL_DIN;1164;4;ESPERANZA
07-06-2023;PA2;C53;KOM 930 E;Sulfuro de Media;ESP/F08/1784/815;FASE 8;STOCK_SME;2619;9;ESPERANZA
07-06-2023;PA2;C53;KOM 930 E;Sulfuro Planta;ESP/F08/1784/815;FASE 8;STOCK_SPL_DIN;582;2;ESPERANZA
07-06-2023;PA2;C54;KOM 930 E;Sulfuro Planta;ESP/F08/1784/815;FASE 8;STOCK_SPL_DIN;291;1;ESPERANZA
07-06-2023;PA2;C55;KOM 930 E;Sulfuro de Media;ESP/F08/1784/815;FASE 8;STOCK_SME;3201;11;ESPERANZA
07-06-2023;PA2;C55;KOM 930 E;Sulfuro Planta;ESP/F08/1784/815;FASE 8;STOCK_SPL_DIN;1164;4;ESPERANZA
07-06-2023;PA2;C56;KOM 930 E;Sulfuro de Media;ESP/F08/1784/815;FASE 8;STOCK_SME;1746;6;ESPERANZA
07-06-2023;PA2;C56;KOM 930 E;Sulfuro Planta;ESP/F08/1784/815;FASE 8;STOCK_SPL_DIN;291;1;ESPERANZA
07-06-2023;PA2;C57;KOM 930 E;Sulfuro de Media;ESP/F08/1784/815;FASE 8;STOCK_SME;2910;10;ESPERANZA
07-06-2023;PA2;C57;KOM 930 E;Sulfuro Planta;ESP/F08/1784/815;FASE 8;STOCK_SPL_DIN;582;2;ESPERANZA
07-06-2023;PA2;C58;KOM 930 E;Sulfuro de Media;ESP/F08/1784/815;FASE 8;STOCK_SME;1455;5;ESPERANZA
07-06-2023;PA2;C58;KOM 930 E;Sulfuro Planta;ESP/F08/1784/815;FASE 8;STOCK_SPL_DIN;1164;4;ESPERANZA
07-06-2023;PA2;C59;KOM 930 E;Sulfuro de Media;ESP/F08/1784/815;FASE 8;STOCK_SME;2328;8;ESPERANZA
07-06-2023;PA2;C59;KOM 930 E;Sulfuro Planta;ESP/F08/1784/815;FASE 8;STOCK_SPL_DIN;582;2;ESPERANZA
07-06-2023;PA2;C60;KOM 930 E;Sulfuro de Media;ESP/F08/1784/815;FASE 8;STOCK_SME;4656;16;ESPERANZA
07-06-2023;PA2;C60;KOM 930 E;Sulfuro Planta;ESP/F08/1784/815;FASE 8;STOCK_SPL_DIN;873;3;ESPERANZA
07-06-2023;PA2;C61;KOM 930 E;Sulfuro de Media;ESP/F08/1784/815;FASE 8;STOCK_SME;3492;12;ESPERANZA
07-06-2023;PA2;C61;KOM 930 E;Sulfuro Planta;ESP/F08/1784/815;FASE 8;STOCK_SPL_DIN;873;3;ESPERANZA
07-06-2023;PA211;C07;CAT 797 B;Lastre Sulfurado;ESP/F10/2296/1040;FASE 10;BOT_RAMPA_SUPERIOR;2078,424011;6;ESPERANZA
07-06-2023;PA211;C09;CAT 797 B;Lastre Sulfurado;ESP/F10/2296/1040;FASE 10;BOT_RAMPA_SUPERIOR;346,4039917;1;ESPERANZA
07-06-2023;PA211;C10;CAT 797 B;Lastre Sulfurado;ESP/F10/2296/1040;FASE 10;BOT_RAMPA_SUPERIOR;346,4039917;1;ESPERANZA
07-06-2023;PA211;C12;CAT 797 B;Lastre Sulfurado;ESP/F10/2296/1040;FASE 10;BOT_RAMPA_SUPERIOR;1039,211975;3;ESPERANZA
07-06-2023;PA211;C121;CAT 793 C;Lastre Sulfurado;ESP/F10/2296/1040;FASE 10;BOT_RAMPA_SUPERIOR;1082,180054;5;ESPERANZA
07-06-2023;PA211;C122;CAT 793 C;Lastre Sulfurado;ESP/F10/2296/1040;FASE 10;BOT_MIJO;216,4360046;1;ESPERANZA
07-06-2023;PA211;C122;CAT 793 C;Lastre Sulfurado;ESP/F10/2296/1040;FASE 10;BOT_RAMPA_SUPERIOR;1515,054993;7;ESPERANZA
07-06-2023;PA211;C123;CAT 793 C;Lastre Sulfurado;ESP/F10/2296/1040;FASE 10;BOT_RAMPA_SUPERIOR;432,8729858;2;ESPERANZA
07-06-2023;PA211;C128;CAT 793 C;Lastre Sulfurado;ESP/F10/2296/1040;FASE 10;BOT_RAMPA_SUPERIOR;1947,926025;9;ESPERANZA
07-06-2023;PA211;C130;CAT 793 C;Lastre Sulfurado;ESP/F10/2296/1040;FASE 10;BOT_RAMPA_SUPERIOR;1298,619995;6;ESPERANZA
07-06-2023;PA211;C132;CAT 793 C;Lastre Sulfurado;ESP/F10/2296/1040;FASE 10;BOT_RAMPA_SUPERIOR;649,309021;3;ESPERANZA
07-06-2023;PA211;C134;CAT 793 C;Lastre Sulfurado;ESP/F10/2296/1040;FASE 10;BOT_RAMPA_SUPERIOR;1731,491943;8;ESPERANZA
07-06-2023;PA211;C14;CAT 797 B;Lastre Sulfurado;ESP/F10/2296/1040;FASE 10;BOT_RAMPA_SUPERIOR;1385,619995;4;ESPERANZA
07-06-2023;PA211;C15;CAT 797 B;Lastre Sulfurado;ESP/F10/2296/1040;FASE 10;BOT_RAMPA_SUPERIOR;346,4039917;1;ESPERANZA
07-06-2023;PA211;C151;CAT 793 F;Lastre Sulfurado;ESP/F10/2296/1040;FASE 10;BOT_MIJO;216,4360046;1;ESPERANZA
07-06-2023;PA211;C151;CAT 793 F;Lastre Sulfurado;ESP/F10/2296/1040;FASE 10;BOT_RAMPA_SUPERIOR;1298,619995;6;ESPERANZA
07-06-2023;PA211;C152;CAT 793 F;Lastre Sulfurado;ESP/F10/2296/1040;FASE 10;BOT_MIJO;216,4360046;1;ESPERANZA
07-06-2023;PA211;C152;CAT 793 F;Lastre Sulfurado;ESP/F10/2296/1040;FASE 10;BOT_RAMPA_SUPERIOR;2164,36908;10;ESPERANZA
07-06-2023;PA211;C154;CAT 793 F;Lastre Sulfurado;ESP/F10/2296/1040;FASE 10;BOT_RAMPA_SUPERIOR;1515,054993;7;ESPERANZA
07-06-2023;PA211;C156;CAT 793 F;Lastre Sulfurado;ESP/F10/2296/1040;FASE 10;BOT_RAMPA_SUPERIOR;1515,060059;7;ESPERANZA
07-06-2023;PA211;C159;CAT 793 F;Lastre Sulfurado;ESP/F10/2296/1040;FASE 10;BOT_RAMPA_SUPERIOR;1298,618042;6;ESPERANZA
07-06-2023;PA211;C160;CAT 793 F;Lastre Sulfurado;ESP/F10/2296/1040;FASE 10;BOT_RAMPA_SUPERIOR;649,309021;3;ESPERANZA
07-06-2023;PA211;C162;CAT 793 F;Lastre Sulfurado;ESP/F10/2296/1040;FASE 10;BOT_RAMPA_SUPERIOR;2164,364014;10;ESPERANZA
07-06-2023;PA211;C163;CAT 793 F;Lastre Sulfurado;ESP/F10/2296/1040;FASE 10;BOT_RAMPA_SUPERIOR;1082,180054;5;ESPERANZA
07-06-2023;PA211;C18;CAT 797 F;Lastre Sulfurado;ESP/F10/2296/1040;FASE 10;BOT_RAMPA_SUPERIOR;346,4039917;1;ESPERANZA
07-06-2023;PA211;C19;CAT 797 F;Lastre Sulfurado;ESP/F10/2296/1040;FASE 10;BOT_RAMPA_SUPERIOR;346,4039917;1;ESPERANZA
07-06-2023;PA211;C36;CAT 797 F;Lastre Sulfurado;ESP/F10/2296/1040;FASE 10;BOT_RAMPA_SUPERIOR;2078,427979;6;ESPERANZA
07-06-2023;PA211;C37;CAT 797 F;Lastre Sulfurado;ESP/F10/2296/1040;FASE 10;BOT_RAMPA_SUPERIOR;2424,830078;7;ESPERANZA
07-06-2023;PA211;C38;CAT 797 F;Lastre Sulfurado;ESP/F10/2296/1040;FASE 10;BOT_RAMPA_SUPERIOR;346,4039917;1;ESPERANZA
07-06-2023;PA211;C42;CAT 797 F;Lastre Sulfurado;ESP/F10/2296/1040;FASE 10;BOT_RAMPA_SUPERIOR;692,8079834;2;ESPERANZA
07-06-2023;PA211;C45;CAT 797 F;Lastre Sulfurado;ESP/F10/2296/1040;FASE 10;BOT_RAMPA_SUPERIOR;346,4039917;1;ESPERANZA
07-06-2023;PA211;C49;KOM 930 E;Lastre Sulfurado;ESP/F10/2296/1040;FASE 10;BOT_RAMPA_SUPERIOR;582;2;ESPERANZA
07-06-2023;PA211;C50;KOM 930 E;Lastre Sulfurado;ESP/F10/2296/1040;FASE 10;BOT_RAMPA_SUPERIOR;582;2;ESPERANZA
07-06-2023;PA211;C52;KOM 930 E;Lastre Sulfurado;ESP/F10/2296/1040;FASE 10;BOT_RAMPA_SUPERIOR;291;1;ESPERANZA
07-06-2023;PA211;C53;KOM 930 E;Lastre Sulfurado;ESP/F10/2296/1040;FASE 10;BOT_RAMPA_SUPERIOR;1455;5;ESPERANZA
07-06-2023;PA211;C56;KOM 930 E;Lastre Sulfurado;ESP/F10/2296/1040;FASE 10;BOT_RAMPA_SUPERIOR;291;1;ESPERANZA
07-06-2023;PA211;C58;KOM 930 E;Lastre Sulfurado;ESP/F10/2296/1040;FASE 10;BOT_RAMPA_SUPERIOR;582;2;ESPERANZA
07-06-2023;PA211;C59;KOM 930 E;Lastre Sulfurado;ESP/F10/2296/1040;FASE 10;BOT_RAMPA_SUPERIOR;291;1;ESPERANZA
07-06-2023;PA211;C60;KOM 930 E;Lastre Sulfurado;ESP/F10/2296/1040;FASE 10;BOT_RAMPA_SUPERIOR;582;2;ESPERANZA
07-06-2023;PA211;C61;KOM 930 E;Lastre Sulfurado;ESP/F10/2296/1040;FASE 10;BOT_RAMPA_SUPERIOR;873;3;ESPERANZA
07-06-2023;PA26;C07;CAT 797 B;Lastre Oxidado;ESP/F07/2104/709;FASE 7;BOT_2380_INT;346,4039917;1;ESPERANZA
07-06-2023;PA26;C08;CAT 797 B;Lastre Sulfurado;ESP/F07/2104/708;FASE 7;BOT_2380_INT;346,4039917;1;ESPERANZA
07-06-2023;PA26;C09;CAT 797 B;Lastre Oxidado;ESP/F07/2104/709;FASE 7;BOT_2380_INT;692,8079834;2;ESPERANZA
07-06-2023;PA26;C09;CAT 797 B;Lastre Sulfurado;ESP/F07/2104/708;FASE 7;BOT_2380_INT;346,4039917;1;ESPERANZA
07-06-2023;PA26;C10;CAT 797 B;Lastre Oxidado;ESP/F07/2104/709;FASE 7;BOT_2380_INT;346,4039917;1;ESPERANZA
07-06-2023;PA26;C10;CAT 797 B;Lastre Sulfurado;ESP/F07/2104/708;FASE 7;BOT_2380_INT;346,4039917;1;ESPERANZA
07-06-2023;PA26;C11;CAT 797 B;Lastre Sulfurado;ESP/F07/2104/708;FASE 7;BOT_2380_INT;346,4039917;1;ESPERANZA
07-06-2023;PA26;C12;CAT 797 B;Lastre Oxidado;ESP/F07/2104/709;FASE 7;BOT_2380_INT;346,4039917;1;ESPERANZA
07-06-2023;PA26;C12;CAT 797 B;Lastre Sulfurado;ESP/F07/2104/708;FASE 7;BOT_2380_INT;346,4039917;1;ESPERANZA
07-06-2023;PA26;C13;CAT 797 B;Lastre Sulfurado;ESP/F07/2104/708;FASE 7;BOT_2380_INT;346,4039917;1;ESPERANZA
07-06-2023;PA26;C15;CAT 797 B;Lastre Oxidado;ESP/F07/2104/709;FASE 7;BOT_2380_INT;692,8079834;2;ESPERANZA
07-06-2023;PA26;C15;CAT 797 B;Lastre Sulfurado;ESP/F07/2104/708;FASE 7;BOT_2380_INT;346,4039917;1;ESPERANZA
07-06-2023;PA26;C16;CAT 797 B;Lastre Oxidado;ESP/F07/2104/709;FASE 7;BOT_2380_INT;346,4039917;1;ESPERANZA
07-06-2023;PA26;C18;CAT 797 F;Lastre Sulfurado;ESP/F07/2104/708;FASE 7;BOT_2380_INT;346,4039917;1;ESPERANZA
07-06-2023;PA26;C20;CAT 797 F;Lastre Oxidado;ESP/F07/2104/709;FASE 7;BOT_2380_INT;692,8079834;2;ESPERANZA
07-06-2023;PA26;C23;CAT 797 F;Lastre Oxidado;ESP/F07/2104/709;FASE 7;BOT_2380_INT;346,4039917;1;ESPERANZA
07-06-2023;PA26;C23;CAT 797 F;Lastre Sulfurado;ESP/F07/2104/708;FASE 7;BOT_2380_INT;692,8079834;2;ESPERANZA
07-06-2023;PA26;C32;CAT 797 F;Lastre Oxidado;ESP/F07/2104/709;FASE 7;BOT_2380_INT;346,4039917;1;ESPERANZA
07-06-2023;PA26;C36;CAT 797 F;Lastre Sulfurado;ESP/F07/2104/708;FASE 7;BOT_2380_INT;346,4039917;1;ESPERANZA
07-06-2023;PA26;C37;CAT 797 F;Lastre Oxidado;ESP/F07/2104/709;FASE 7;BOT_2380_INT;346,4039917;1;ESPERANZA
07-06-2023;PA26;C38;CAT 797 F;Lastre Oxidado;ESP/F07/2104/709;FASE 7;BOT_2380_INT;346,4039917;1;ESPERANZA
07-06-2023;PA26;C41;CAT 797 F;Lastre Oxidado;ESP/F07/2104/709;FASE 7;BOT_2380_INT;346,4039917;1;ESPERANZA
07-06-2023;PA26;C42;CAT 797 F;Lastre Oxidado;ESP/F07/2104/709;FASE 7;BOT_2380_INT;346,4039917;1;ESPERANZA
07-06-2023;PA26;C43;CAT 797 F;Lastre Sulfurado;ESP/F07/2104/708;FASE 7;BOT_2380_INT;692,8079834;2;ESPERANZA
07-06-2023;PA26;C44;CAT 797 F;Lastre Oxidado;ESP/F07/2104/709;FASE 7;BOT_2380_INT;346,4039917;1;ESPERANZA
07-06-2023;PA26;C48;CAT 797 F;Lastre Sulfurado;ESP/F07/2104/708;FASE 7;BOT_2380_INT;692,8079834;2;ESPERANZA
07-06-2023;PA26;C57;KOM 930 E;Lastre Oxidado;ESP/F07/2104/709;FASE 7;BOT_2380_INT;291;1;ESPERANZA
07-06-2023;PA3;C08;CAT 797 B;Lastre Oxidado;ESP/F07/2120/730;FASE 7;BOT_2380_INT;346,4039917;1;ESPERANZA
07-06-2023;PA3;C08;CAT 797 B;Lastre Sulfurado;ESP/F07/2120/731;FASE 7;BOT_2380_INT;346,4039917;1;ESPERANZA
07-06-2023;PA3;C09;CAT 797 B;Lastre Oxidado;ESP/F07/2120/730;FASE 7;BOT_2380_INT;346,4039917;1;ESPERANZA
07-06-2023;PA3;C12;CAT 797 B;Lastre Oxidado;ESP/F07/2120/730;FASE 7;BOT_2380_INT;346,4039917;1;ESPERANZA
07-06-2023;PA3;C130;CAT 793 C;Lastre Sulfurado;ESP/F07/2120/731;FASE 7;BOT_2380_INT;432,8729858;2;ESPERANZA
07-06-2023;PA3;C135;CAT 793 C;Lastre Oxidado;ESP/F07/2120/730;FASE 7;BOT_2380_INT;216,4360046;1;ESPERANZA
07-06-2023;PA3;C135;CAT 793 C;Lastre Sulfurado;ESP/F07/2120/731;FASE 7;BOT_2380_INT;432,8729858;2;ESPERANZA
07-06-2023;PA3;C151;CAT 793 F;Lastre Oxidado;ESP/F07/2120/730;FASE 7;BOT_2380_INT;216,4360046;1;ESPERANZA
07-06-2023;PA3;C155;CAT 793 F;Lastre Oxidado;ESP/F07/2120/730;FASE 7;BOT_2380_INT;216,4360046;1;ESPERANZA
07-06-2023;PA3;C16;CAT 797 B;Lastre Oxidado;ESP/F07/2120/730;FASE 7;BOT_2380_INT;692,8079834;2;ESPERANZA
07-06-2023;PA3;C16;CAT 797 B;Lastre Sulfurado;ESP/F07/2120/731;FASE 7;BOT_2380_INT;692,8079834;2;ESPERANZA
07-06-2023;PA3;C162;CAT 793 F;Lastre Oxidado;ESP/F07/2120/730;FASE 7;BOT_2380_INT;432,8729858;2;ESPERANZA
07-06-2023;PA3;C17;CAT 797 F;Lastre Oxidado;ESP/F07/2120/730;FASE 7;BOT_2380_INT;1039,209961;3;ESPERANZA
07-06-2023;PA3;C17;CAT 797 F;Lastre Sulfurado;ESP/F07/2120/731;FASE 7;BOT_2380_INT;346,4039917;1;ESPERANZA
07-06-2023;PA3;C19;CAT 797 F;Lastre Sulfurado;ESP/F07/2120/731;FASE 7;BOT_2380_INT;692,8079834;2;ESPERANZA
07-06-2023;PA3;C20;CAT 797 F;Lastre Oxidado;ESP/F07/2120/730;FASE 7;BOT_2380_INT;346,4039917;1;ESPERANZA
07-06-2023;PA3;C20;CAT 797 F;Lastre Sulfurado;ESP/F07/2120/731;FASE 7;BOT_2380_INT;346,4039917;1;ESPERANZA
07-06-2023;PA3;C21;CAT 797 F;Lastre Sulfurado;ESP/F07/2120/731;FASE 7;BOT_2380_INT;346,4039917;1;ESPERANZA
07-06-2023;PA3;C22;CAT 797 F;Lastre Oxidado;ESP/F07/2120/730;FASE 7;BOT_2380_INT;692,8079834;2;ESPERANZA
07-06-2023;PA3;C24;CAT 797 F;Lastre Oxidado;ESP/F07/2120/730;FASE 7;BOT_2380_INT;346,4039917;1;ESPERANZA
07-06-2023;PA3;C24;CAT 797 F;Lastre Sulfurado;ESP/F07/2120/731;FASE 7;BOT_2380_INT;346,4039917;1;ESPERANZA
07-06-2023;PA3;C25;CAT 797 F;Lastre Oxidado;ESP/F07/2120/730;FASE 7;BOT_2380_INT;346,4039917;1;ESPERANZA
07-06-2023;PA3;C25;CAT 797 F;Lastre Sulfurado;ESP/F07/2120/731;FASE 7;BOT_2380_INT;346,4039917;1;ESPERANZA
07-06-2023;PA3;C32;CAT 797 F;Lastre Sulfurado;ESP/F07/2120/731;FASE 7;BOT_2380_INT;346,4039917;1;ESPERANZA
07-06-2023;PA3;C36;CAT 797 F;Lastre Oxidado;ESP/F07/2120/730;FASE 7;BOT_2380_INT;346,4039917;1;ESPERANZA
07-06-2023;PA3;C37;CAT 797 F;Lastre Oxidado;ESP/F07/2120/730;FASE 7;BOT_2380_INT;692,8079834;2;ESPERANZA
07-06-2023;PA3;C37;CAT 797 F;Lastre Sulfurado;ESP/F07/2120/731;FASE 7;BOT_2380_INT;346,4039917;1;ESPERANZA
07-06-2023;PA3;C38;CAT 797 F;Lastre Oxidado;ESP/F07/2120/730;FASE 7;BOT_2380_INT;346,4039917;1;ESPERANZA
07-06-2023;PA3;C38;CAT 797 F;Lastre Sulfurado;ESP/F07/2120/731;FASE 7;BOT_2380_INT;346,4039917;1;ESPERANZA
07-06-2023;PA3;C40;CAT 797 F;Lastre Oxidado;ESP/F07/2120/730;FASE 7;BOT_2380_INT;346,4039917;1;ESPERANZA
07-06-2023;PA3;C40;CAT 797 F;Lastre Sulfurado;ESP/F07/2120/731;FASE 7;BOT_2380_INT;692,8079834;2;ESPERANZA
07-06-2023;PA3;C41;CAT 797 F;Lastre Oxidado;ESP/F07/2120/730;FASE 7;BOT_2380_INT;346,4039917;1;ESPERANZA
07-06-2023;PA3;C41;CAT 797 F;Lastre Sulfurado;ESP/F07/2120/731;FASE 7;BOT_2380_INT;346,4039917;1;ESPERANZA
07-06-2023;PA3;C44;CAT 797 F;Lastre Sulfurado;ESP/F07/2120/731;FASE 7;BOT_2380_INT;692,8079834;2;ESPERANZA
07-06-2023;PA3;C46;CAT 797 F;Lastre Sulfurado;ESP/F07/2120/731;FASE 7;BOT_2380_INT;692,8079834;2;ESPERANZA
07-06-2023;PA3;C47;CAT 797 F;Lastre Sulfurado;ESP/F07/2120/731;FASE 7;BOT_2380_INT;346,4039917;1;ESPERANZA
07-06-2023;PA3;C48;CAT 797 F;Lastre Oxidado;ESP/F07/2120/730;FASE 7;BOT_2380_INT;692,8079834;2;ESPERANZA
07-06-2023;PA3;C48;CAT 797 F;Lastre Sulfurado;ESP/F07/2120/731;FASE 7;BOT_2380_INT;346,4039917;1;ESPERANZA
07-06-2023;PA4;C07;CAT 797 B;Lastre Oxidado;ESP/F10/2328/125;FASE 10;BOT_MIJO;346,4039917;1;ESPERANZA
07-06-2023;PA4;C07;CAT 797 B;Lastre Oxidado;ESP/F10/2328/125;FASE 10;BOT_RAMPA_SUPERIOR;346,4039917;1;ESPERANZA
07-06-2023;PA4;C07;CAT 797 B;Lastre Sulfurado;ESP/F10/2328/1240;FASE 10;BOT_MIJO;346,4039917;1;ESPERANZA
07-06-2023;PA4;C08;CAT 797 B;Lastre Oxidado;ESP/F10/2328/125;FASE 10;BOT_MIJO;346,4039917;1;ESPERANZA
07-06-2023;PA4;C09;CAT 797 B;Lastre Sulfurado;ESP/F10/2328/1240;FASE 10;BOT_MIJO;692,8079834;2;ESPERANZA
07-06-2023;PA4;C11;CAT 797 B;Lastre Oxidado;ESP/F10/2328/125;FASE 10;BOT_MIJO;1039,209961;3;ESPERANZA
07-06-2023;PA4;C11;CAT 797 B;Lastre Oxidado;ESP/F10/2328/125;FASE 10;BOT_RAMPA_SUPERIOR;346,4039917;1;ESPERANZA
07-06-2023;PA4;C12;CAT 797 B;Lastre Oxidado;ESP/F10/2328/125;FASE 10;BOT_MIJO;346,4039917;1;ESPERANZA
07-06-2023;PA4;C121;CAT 793 C;Lastre Oxidado;ESP/F10/2328/125;FASE 10;BOT_MIJO;865,7459717;4;ESPERANZA
07-06-2023;PA4;C121;CAT 793 C;Lastre Oxidado;ESP/F10/2328/125;FASE 10;BOT_RAMPA_SUPERIOR;432,8729858;2;ESPERANZA
07-06-2023;PA4;C122;CAT 793 C;Lastre Oxidado;ESP/F10/2328/125;FASE 10;BOT_MIJO;1298,616058;6;ESPERANZA
07-06-2023;PA4;C122;CAT 793 C;Lastre Oxidado;ESP/F10/2328/125;FASE 10;BOT_RAMPA_SUPERIOR;432,8729858;2;ESPERANZA
07-06-2023;PA4;C122;CAT 793 C;Lastre Sulfurado;ESP/F10/2328/1240;FASE 10;BOT_MIJO;649,309021;3;ESPERANZA
07-06-2023;PA4;C123;CAT 793 C;Lastre Oxidado;ESP/F10/2328/125;FASE 10;BOT_MIJO;649,309021;3;ESPERANZA
07-06-2023;PA4;C123;CAT 793 C;Lastre Oxidado;ESP/F10/2328/125;FASE 10;BOT_RAMPA_SUPERIOR;649,309021;3;ESPERANZA
07-06-2023;PA4;C128;CAT 793 C;Lastre Oxidado;ESP/F10/2328/125;FASE 10;BOT_MIJO;649,3089905;3;ESPERANZA
07-06-2023;PA4;C128;CAT 793 C;Lastre Oxidado;ESP/F10/2328/125;FASE 10;BOT_RAMPA_SUPERIOR;216,4360046;1;ESPERANZA
07-06-2023;PA4;C128;CAT 793 C;Lastre Sulfurado;ESP/F10/2328/1240;FASE 10;BOT_MIJO;216,4360046;1;ESPERANZA
07-06-2023;PA4;C128;CAT 793 C;Lastre Sulfurado;ESP/F10/2328/1240;FASE 10;BOT_RAMPA_SUPERIOR;432,8729858;2;ESPERANZA
07-06-2023;PA4;C13;CAT 797 B;Lastre Sulfurado;ESP/F10/2328/1240;FASE 10;BOT_RAMPA_SUPERIOR;346,4039917;1;ESPERANZA
07-06-2023;PA4;C130;CAT 793 C;Lastre Oxidado;ESP/F10/2328/125;FASE 10;BOT_MIJO;432,8729858;2;ESPERANZA
07-06-2023;PA4;C130;CAT 793 C;Lastre Sulfurado;ESP/F10/2328/1240;FASE 10;BOT_RAMPA_SUPERIOR;216,4360046;1;ESPERANZA
07-06-2023;PA4;C131;CAT 793 C;Lastre Sulfurado;ESP/F10/2328/1240;FASE 10;BOT_MIJO;216,4360046;1;ESPERANZA
07-06-2023;PA4;C132;CAT 793 C;Lastre Oxidado;ESP/F10/2328/125;FASE 10;BOT_MIJO;865,7459717;4;ESPERANZA
07-06-2023;PA4;C132;CAT 793 C;Lastre Sulfurado;ESP/F10/2328/1240;FASE 10;BOT_RAMPA_SUPERIOR;216,4360046;1;ESPERANZA
07-06-2023;PA4;C134;CAT 793 C;Lastre Oxidado;ESP/F10/2328/125;FASE 10;BOT_MIJO;865,7450256;4;ESPERANZA
07-06-2023;PA4;C134;CAT 793 C;Lastre Oxidado;ESP/F10/2328/125;FASE 10;BOT_RAMPA_SUPERIOR;865,7459717;4;ESPERANZA
07-06-2023;PA4;C134;CAT 793 C;Lastre Sulfurado;ESP/F10/2328/1240;FASE 10;BOT_RAMPA_SUPERIOR;216,4360046;1;ESPERANZA
07-06-2023;PA4;C135;CAT 793 C;Lastre Sulfurado;ESP/F10/2328/1240;FASE 10;BOT_MIJO;432,8720093;2;ESPERANZA
07-06-2023;PA4;C135;CAT 793 C;Lastre Sulfurado;ESP/F10/2328/1240;FASE 10;BOT_RAMPA_SUPERIOR;216,4360046;1;ESPERANZA
07-06-2023;PA4;C14;CAT 797 B;Lastre Oxidado;ESP/F10/2328/125;FASE 10;BOT_MIJO;2424,823914;7;ESPERANZA
07-06-2023;PA4;C14;CAT 797 B;Lastre Oxidado;ESP/F10/2328/125;FASE 10;BOT_RAMPA_SUPERIOR;346,4039917;1;ESPERANZA
07-06-2023;PA4;C151;CAT 793 F;Lastre Oxidado;ESP/F10/2328/125;FASE 10;BOT_MIJO;216,4360046;1;ESPERANZA
07-06-2023;PA4;C151;CAT 793 F;Lastre Sulfurado;ESP/F10/2328/1240;FASE 10;BOT_MIJO;432,8720093;2;ESPERANZA
07-06-2023;PA4;C151;CAT 793 F;Lastre Sulfurado;ESP/F10/2328/1240;FASE 10;BOT_RAMPA_SUPERIOR;216,4360046;1;ESPERANZA
07-06-2023;PA4;C152;CAT 793 F;Lastre Oxidado;ESP/F10/2328/125;FASE 10;BOT_RAMPA_SUPERIOR;432,8720093;2;ESPERANZA
07-06-2023;PA4;C152;CAT 793 F;Lastre Sulfurado;ESP/F10/2328/1240;FASE 10;BOT_MIJO;432,8729858;2;ESPERANZA
07-06-2023;PA4;C152;CAT 793 F;Lastre Sulfurado;ESP/F10/2328/1240;FASE 10;BOT_RAMPA_SUPERIOR;216,4360046;1;ESPERANZA
07-06-2023;PA4;C154;CAT 793 F;Lastre Oxidado;ESP/F10/2328/125;FASE 10;BOT_RAMPA_SUPERIOR;216,4360046;1;ESPERANZA
07-06-2023;PA4;C154;CAT 793 F;Lastre Sulfurado;ESP/F10/2328/1240;FASE 10;BOT_MIJO;1082,180054;5;ESPERANZA
07-06-2023;PA4;C156;CAT 793 F;Lastre Oxidado;ESP/F10/2328/125;FASE 10;BOT_MIJO;1082,181976;5;ESPERANZA
07-06-2023;PA4;C156;CAT 793 F;Lastre Oxidado;ESP/F10/2328/125;FASE 10;BOT_RAMPA_SUPERIOR;216,4360046;1;ESPERANZA
07-06-2023;PA4;C156;CAT 793 F;Lastre Sulfurado;ESP/F10/2328/1240;FASE 10;BOT_MIJO;1515,05304;7;ESPERANZA
07-06-2023;PA4;C159;CAT 793 F;Lastre Oxidado;ESP/F10/2328/125;FASE 10;BOT_MIJO;1082,182007;5;ESPERANZA
07-06-2023;PA4;C159;CAT 793 F;Lastre Oxidado;ESP/F10/2328/125;FASE 10;BOT_RAMPA_SUPERIOR;432,8729858;2;ESPERANZA
07-06-2023;PA4;C160;CAT 793 F;Lastre Oxidado;ESP/F10/2328/125;FASE 10;BOT_RAMPA_SUPERIOR;216,4360046;1;ESPERANZA
07-06-2023;PA4;C162;CAT 793 F;Lastre Oxidado;ESP/F10/2328/125;FASE 10;BOT_MIJO;216,4360046;1;ESPERANZA
07-06-2023;PA4;C162;CAT 793 F;Lastre Oxidado;ESP/F10/2328/125;FASE 10;BOT_RAMPA_SUPERIOR;216,4360046;1;ESPERANZA
07-06-2023;PA4;C162;CAT 793 F;Lastre Sulfurado;ESP/F10/2328/1240;FASE 10;BOT_MIJO;1082,181976;5;ESPERANZA
07-06-2023;PA4;C163;CAT 793 F;Lastre Oxidado;ESP/F10/2328/125;FASE 10;BOT_MIJO;1082,181976;5;ESPERANZA
07-06-2023;PA4;C164;CAT 793 F;Lastre Sulfurado;ESP/F10/2328/1240;FASE 10;BOT_RAMPA_SUPERIOR;432,8729858;2;ESPERANZA
07-06-2023;PA4;C18;CAT 797 F;Lastre Sulfurado;ESP/F10/2328/1240;FASE 10;BOT_MIJO;346,4039917;1;ESPERANZA
07-06-2023;PA4;C19;CAT 797 F;Lastre Sulfurado;ESP/F10/2328/1240;FASE 10;BOT_MIJO;346,4039917;1;ESPERANZA
07-06-2023;PA4;C36;CAT 797 F;Lastre Oxidado;ESP/F10/2328/125;FASE 10;BOT_MIJO;692,8079834;2;ESPERANZA
07-06-2023;PA4;C36;CAT 797 F;Lastre Sulfurado;ESP/F10/2328/1240;FASE 10;BOT_MIJO;346,4039917;1;ESPERANZA
07-06-2023;PA4;C37;CAT 797 F;Lastre Oxidado;ESP/F10/2328/125;FASE 10;BOT_RAMPA_SUPERIOR;1385,619995;4;ESPERANZA
07-06-2023;PA4;C37;CAT 797 F;Lastre Sulfurado;ESP/F10/2328/1240;FASE 10;BOT_MIJO;346,4039917;1;ESPERANZA
07-06-2023;PA4;C37;CAT 797 F;Lastre Sulfurado;ESP/F10/2328/1240;FASE 10;BOT_RAMPA_SUPERIOR;1039,209961;3;ESPERANZA
07-06-2023;PA4;C49;KOM 930 E;Lastre Sulfurado;ESP/F10/2328/1240;FASE 10;BOT_MIJO;291;1;ESPERANZA
07-06-2023;PA4;C55;KOM 930 E;Lastre Oxidado;ESP/F10/2328/125;FASE 10;BOT_CENTRAL_SUR_SUP;291;1;ESPERANZA
07-06-2023;PA4;C55;KOM 930 E;Lastre Sulfurado;ESP/F10/2328/1240;FASE 10;BOT_MIJO;291;1;ESPERANZA
07-06-2023;PA4;C59;KOM 930 E;Lastre Sulfurado;ESP/F10/2328/1240;FASE 10;BOT_MIJO;291;1;ESPERANZA
07-06-2023;PA6;C07;CAT 797 B;Lastre Sulfurado;ESP/F10/2296/1040;FASE 10;BOT_MIJO;1039,209961;3;ESPERANZA
07-06-2023;PA6;C08;CAT 797 B;Lastre Sulfurado;ESP/F10/2296/1040;FASE 10;BOT_MIJO;346,4039917;1;ESPERANZA
07-06-2023;PA6;C11;CAT 797 B;Lastre Sulfurado;ESP/F10/2296/1040;FASE 10;BOT_MIJO;346,4039917;1;ESPERANZA
07-06-2023;PA6;C11;CAT 797 B;Lastre Sulfurado;ESP/F10/2296/1040;FASE 10;BOT_RAMPA_SUPERIOR;1039,209961;3;ESPERANZA
07-06-2023;PA6;C121;CAT 793 C;Lastre Sulfurado;ESP/F10/2296/1040;FASE 10;BOT_MIJO;216,4360046;1;ESPERANZA
07-06-2023;PA6;C121;CAT 793 C;Lastre Sulfurado;ESP/F10/2296/1040;FASE 10;BOT_RAMPA_SUPERIOR;432,8729858;2;ESPERANZA
07-06-2023;PA6;C122;CAT 793 C;Lastre Sulfurado;ESP/F10/2296/1040;FASE 10;BOT_MIJO;432,8729858;2;ESPERANZA
07-06-2023;PA6;C122;CAT 793 C;Lastre Sulfurado;ESP/F10/2296/1040;FASE 10;BOT_RAMPA_SUPERIOR;1731,491943;8;ESPERANZA
07-06-2023;PA6;C123;CAT 793 C;Lastre Sulfurado;ESP/F10/2296/1040;FASE 10;BOT_RAMPA_SUPERIOR;432,8729858;2;ESPERANZA
07-06-2023;PA6;C128;CAT 793 C;Lastre Sulfurado;ESP/F10/2296/1040;FASE 10;BOT_MIJO;216,4360046;1;ESPERANZA
07-06-2023;PA6;C128;CAT 793 C;Lastre Sulfurado;ESP/F10/2296/1040;FASE 10;BOT_RAMPA_SUPERIOR;1515,05304;7;ESPERANZA
07-06-2023;PA6;C13;CAT 797 B;Lastre Sulfurado;ESP/F10/2296/1040;FASE 10;BOT_RAMPA_SUPERIOR;2078,419922;6;ESPERANZA
07-06-2023;PA6;C130;CAT 793 C;Lastre Sulfurado;ESP/F10/2296/1040;FASE 10;BOT_MIJO;865,7450256;4;ESPERANZA
07-06-2023;PA6;C131;CAT 793 C;Lastre Sulfurado;ESP/F10/2296/1040;FASE 10;BOT_MIJO;432,8729858;2;ESPERANZA
07-06-2023;PA6;C132;CAT 793 C;Lastre Sulfurado;ESP/F10/2296/1040;FASE 10;BOT_MIJO;649,3089905;3;ESPERANZA
07-06-2023;PA6;C132;CAT 793 C;Lastre Sulfurado;ESP/F10/2296/1040;FASE 10;BOT_RAMPA_SUPERIOR;216,4360046;1;ESPERANZA
07-06-2023;PA6;C134;CAT 793 C;Lastre Sulfurado;ESP/F10/2296/1040;FASE 10;BOT_MIJO;1947,926025;9;ESPERANZA
07-06-2023;PA6;C134;CAT 793 C;Lastre Sulfurado;ESP/F10/2296/1040;FASE 10;BOT_RAMPA_SUPERIOR;865,7450256;4;ESPERANZA
07-06-2023;PA6;C14;CAT 797 B;Lastre Sulfurado;ESP/F10/2296/1040;FASE 10;BOT_RAMPA_SUPERIOR;346,4039917;1;ESPERANZA
07-06-2023;PA6;C15;CAT 797 B;Lastre Sulfurado;ESP/F10/2296/1040;FASE 10;BOT_MIJO;346,4039917;1;ESPERANZA
07-06-2023;PA6;C151;CAT 793 F;Lastre Sulfurado;ESP/F10/2296/1040;FASE 10;BOT_MIJO;865,7450256;4;ESPERANZA
07-06-2023;PA6;C151;CAT 793 F;Lastre Sulfurado;ESP/F10/2296/1040;FASE 10;BOT_RAMPA_SUPERIOR;216,4360046;1;ESPERANZA
07-06-2023;PA6;C152;CAT 793 F;Lastre Sulfurado;ESP/F10/2296/1040;FASE 10;BOT_MIJO;1082,180054;5;ESPERANZA
07-06-2023;PA6;C152;CAT 793 F;Lastre Sulfurado;ESP/F10/2296/1040;FASE 10;BOT_RAMPA_SUPERIOR;216,4360046;1;ESPERANZA
07-06-2023;PA6;C154;CAT 793 F;Lastre Sulfurado;ESP/F10/2296/1040;FASE 10;BOT_MIJO;649,309021;3;ESPERANZA
07-06-2023;PA6;C156;CAT 793 F;Lastre Sulfurado;ESP/F10/2296/1040;FASE 10;BOT_RAMPA_SUPERIOR;649,3089905;3;ESPERANZA
07-06-2023;PA6;C159;CAT 793 F;Lastre Sulfurado;ESP/F10/2296/1040;FASE 10;BOT_MIJO;649,3089905;3;ESPERANZA
07-06-2023;PA6;C159;CAT 793 F;Lastre Sulfurado;ESP/F10/2296/1040;FASE 10;BOT_RAMPA_SUPERIOR;432,8720093;2;ESPERANZA
07-06-2023;PA6;C160;CAT 793 F;Lastre Sulfurado;ESP/F10/2296/1040;FASE 10;BOT_RAMPA_SUPERIOR;216,4360046;1;ESPERANZA
07-06-2023;PA6;C162;CAT 793 F;Lastre Sulfurado;ESP/F10/2296/1040;FASE 10;BOT_MIJO;649,3089905;3;ESPERANZA
07-06-2023;PA6;C162;CAT 793 F;Lastre Sulfurado;ESP/F10/2296/1040;FASE 10;BOT_RAMPA_SUPERIOR;432,8720093;2;ESPERANZA
07-06-2023;PA6;C163;CAT 793 F;Lastre Sulfurado;ESP/F10/2296/1040;FASE 10;BOT_RAMPA_SUPERIOR;216,4360046;1;ESPERANZA
07-06-2023;PA6;C18;CAT 797 F;Lastre Sulfurado;ESP/F10/2296/1040;FASE 10;BOT_MIJO;692,8079834;2;ESPERANZA
07-06-2023;PA6;C36;CAT 797 F;Lastre Sulfurado;ESP/F10/2296/1040;FASE 10;BOT_MIJO;692,8079834;2;ESPERANZA
07-06-2023;PA6;C37;CAT 797 F;Lastre Sulfurado;ESP/F10/2296/1040;FASE 10;BOT_RAMPA_SUPERIOR;346,4039917;1;ESPERANZA
07-06-2023;PA6;C41;CAT 797 F;Lastre Sulfurado;ESP/F10/2296/1040;FASE 10;BOT_RAMPA_SUPERIOR;346,4039917;1;ESPERANZA
07-06-2023;PA6;C42;CAT 797 F;Lastre Sulfurado;ESP/F10/2296/1040;FASE 10;BOT_RAMPA_SUPERIOR;346,4039917;1;ESPERANZA
07-06-2023;PA6;C50;KOM 930 E;Lastre Sulfurado;ESP/F10/2296/1040;FASE 10;BOT_RAMPA_SUPERIOR;582;2;ESPERANZA
07-06-2023;PA6;C53;KOM 930 E;Lastre Sulfurado;ESP/F10/2296/1040;FASE 10;BOT_RAMPA_SUPERIOR;873;3;ESPERANZA
07-06-2023;PA6;C55;KOM 930 E;Lastre Sulfurado;ESP/F10/2296/1040;FASE 10;BOT_MIJO;291;1;ESPERANZA
07-06-2023;PA6;C56;KOM 930 E;Lastre Sulfurado;ESP/F10/2296/1040;FASE 10;BOT_MIJO;582;2;ESPERANZA
07-06-2023;PA6;C58;KOM 930 E;Lastre Sulfurado;ESP/F10/2296/1040;FASE 10;BOT_MIJO;291;1;ESPERANZA
07-06-2023;PA6;C61;KOM 930 E;Lastre Sulfurado;ESP/F10/2296/1040;FASE 10;BOT_MIJO;873;3;ESPERANZA
07-06-2023;PA7;C07;CAT 797 B;Lastre Sulfurado;ESP/F07/2120/727;FASE 7;BOT_2380_INT;1385,615967;4;ESPERANZA
07-06-2023;PA7;C08;CAT 797 B;Lastre Sulfurado;ESP/F07/2120/727;FASE 7;BOT_2380_INT;3117,633972;9;ESPERANZA
07-06-2023;PA7;C09;CAT 797 B;Lastre Sulfurado;ESP/F07/2120/727;FASE 7;BOT_2380_INT;4503,254089;13;ESPERANZA
07-06-2023;PA7;C10;CAT 797 B;Lastre Sulfurado;ESP/F07/2120/727;FASE 7;BOT_2380_INT;1039,211975;3;ESPERANZA
07-06-2023;PA7;C11;CAT 797 B;Lastre Sulfurado;ESP/F07/2120/727;FASE 7;BOT_2380_INT;2771,235962;8;ESPERANZA
07-06-2023;PA7;C12;CAT 797 B;Lastre Sulfurado;ESP/F07/2120/727;FASE 7;BOT_2380_INT;4156,843933;12;ESPERANZA
07-06-2023;PA7;C123;CAT 793 C;Lastre Sulfurado;ESP/F07/2120/727;FASE 7;BOT_2380_INT;216,4360046;1;ESPERANZA
07-06-2023;PA7;C13;CAT 797 B;Lastre Sulfurado;ESP/F07/2120/727;FASE 7;BOT_2380_INT;1732,023987;5;ESPERANZA
07-06-2023;PA7;C130;CAT 793 C;Lastre Sulfurado;ESP/F07/2120/727;FASE 7;BOT_2380_INT;216,4360046;1;ESPERANZA
07-06-2023;PA7;C131;CAT 793 C;Lastre Sulfurado;ESP/F07/2120/727;FASE 7;BOT_2380_INT;432,8729858;2;ESPERANZA
07-06-2023;PA7;C132;CAT 793 C;Lastre Sulfurado;ESP/F07/2120/727;FASE 7;BOT_2380_INT;432,8729858;2;ESPERANZA
07-06-2023;PA7;C135;CAT 793 C;Lastre Sulfurado;ESP/F07/2120/727;FASE 7;BOT_2380_INT;432,8729858;2;ESPERANZA
07-06-2023;PA7;C14;CAT 797 B;Lastre Sulfurado;ESP/F07/2120/727;FASE 7;BOT_2380_INT;1385,613953;4;ESPERANZA
07-06-2023;PA7;C15;CAT 797 B;Lastre Sulfurado;ESP/F07/2120/727;FASE 7;BOT_2380_INT;4849,657959;14;ESPERANZA
07-06-2023;PA7;C151;CAT 793 F;Lastre Sulfurado;ESP/F07/2120/727;FASE 7;BOT_2380_INT;649,309021;3;ESPERANZA
07-06-2023;PA7;C155;CAT 793 F;Lastre Sulfurado;ESP/F07/2120/727;FASE 7;BOT_2380_INT;865,7450256;4;ESPERANZA
07-06-2023;PA7;C156;CAT 793 F;Lastre Sulfurado;ESP/F07/2120/727;FASE 7;BOT_2380_INT;216,4360046;1;ESPERANZA
07-06-2023;PA7;C16;CAT 797 B;Lastre Sulfurado;ESP/F07/2120/727;FASE 7;BOT_2380_INT;1039,211975;3;ESPERANZA
07-06-2023;PA7;C160;CAT 793 F;Lastre Sulfurado;ESP/F07/2120/727;FASE 7;BOT_2380_INT;216,4360046;1;ESPERANZA
07-06-2023;PA7;C163;CAT 793 F;Lastre Sulfurado;ESP/F07/2120/727;FASE 7;BOT_2380_INT;216,4360046;1;ESPERANZA
07-06-2023;PA7;C17;CAT 797 F;Lastre Sulfurado;ESP/F07/2120/727;FASE 7;BOT_2380_INT;3117,633972;9;ESPERANZA
07-06-2023;PA7;C18;CAT 797 F;Lastre Sulfurado;ESP/F07/2120/727;FASE 7;BOT_2380_INT;2771,227905;8;ESPERANZA
07-06-2023;PA7;C19;CAT 797 F;Lastre Sulfurado;ESP/F07/2120/727;FASE 7;BOT_2380_INT;1039,211975;3;ESPERANZA
07-06-2023;PA7;C20;CAT 797 F;Lastre Sulfurado;ESP/F07/2120/727;FASE 7;BOT_2380_INT;1385,619995;4;ESPERANZA
07-06-2023;PA7;C21;CAT 797 F;Lastre Sulfurado;ESP/F07/2120/727;FASE 7;BOT_2380_INT;1732,017944;5;ESPERANZA
07-06-2023;PA7;C22;CAT 797 F;Lastre Sulfurado;ESP/F07/2120/727;FASE 7;BOT_2380_INT;1732,017944;5;ESPERANZA
07-06-2023;PA7;C23;CAT 797 F;Lastre Sulfurado;ESP/F07/2120/727;FASE 7;BOT_2380_INT;2078,427979;6;ESPERANZA
07-06-2023;PA7;C24;CAT 797 F;Lastre Sulfurado;ESP/F07/2120/727;FASE 7;BOT_2380_INT;1732,017944;5;ESPERANZA
07-06-2023;PA7;C25;CAT 797 F;Lastre Sulfurado;ESP/F07/2120/727;FASE 7;BOT_2380_INT;1039,211975;3;ESPERANZA
07-06-2023;PA7;C32;CAT 797 F;Lastre Sulfurado;ESP/F07/2120/727;FASE 7;BOT_2380_INT;2424,83197;7;ESPERANZA
07-06-2023;PA7;C34;CAT 797 F;Lastre Sulfurado;ESP/F07/2120/727;FASE 7;BOT_2380_INT;692,8079834;2;ESPERANZA
07-06-2023;PA7;C36;CAT 797 F;Lastre Sulfurado;ESP/F07/2120/727;FASE 7;BOT_2380_INT;346,4039917;1;ESPERANZA
07-06-2023;PA7;C37;CAT 797 F;Lastre Sulfurado;ESP/F07/2120/727;FASE 7;BOT_2380_INT;1039,211975;3;ESPERANZA
07-06-2023;PA7;C38;CAT 797 F;Lastre Sulfurado;ESP/F07/2120/727;FASE 7;BOT_2380_INT;3810,443909;11;ESPERANZA
07-06-2023;PA7;C39;CAT 797 F;Lastre Sulfurado;ESP/F07/2120/727;FASE 7;BOT_2380_INT;3810,443909;11;ESPERANZA
07-06-2023;PA7;C40;CAT 797 F;Lastre Sulfurado;ESP/F07/2120/727;FASE 7;BOT_2380_INT;1039,209961;3;ESPERANZA
07-06-2023;PA7;C41;CAT 797 F;Lastre Sulfurado;ESP/F07/2120/727;FASE 7;BOT_2380_INT;3464,047974;10;ESPERANZA
07-06-2023;PA7;C42;CAT 797 F;Lastre Sulfurado;ESP/F07/2120/727;FASE 7;BOT_2380_INT;346,4039917;1;ESPERANZA
07-06-2023;PA7;C43;CAT 797 F;Lastre Sulfurado;ESP/F07/2120/727;FASE 7;BOT_2380_INT;2771,233948;8;ESPERANZA
07-06-2023;PA7;C44;CAT 797 F;Lastre Sulfurado;ESP/F07/2120/727;FASE 7;BOT_2380_INT;1039,211975;3;ESPERANZA
07-06-2023;PA7;C45;CAT 797 F;Lastre Sulfurado;ESP/F07/2120/727;FASE 7;BOT_2380_INT;3117,639954;9;ESPERANZA
07-06-2023;PA7;C45;CAT 797 F;Lastre Sulfurado;ESP/F07/2120/727;FASE 7;BOT_RAMPA_SUPERIOR;346,4039917;1;ESPERANZA
07-06-2023;PA7;C46;CAT 797 F;Lastre Sulfurado;ESP/F07/2120/727;FASE 7;BOT_2380_INT;692,8079834;2;ESPERANZA
07-06-2023;PA7;C47;CAT 797 F;Lastre Sulfurado;ESP/F07/2120/727;FASE 7;BOT_2380_INT;1385,613953;4;ESPERANZA
07-06-2023;PA7;C48;CAT 797 F;Lastre Sulfurado;ESP/F07/2120/727;FASE 7;BOT_2380_INT;2424,825928;7;ESPERANZA
07-06-2023;PA7;C49;KOM 930 E;Lastre Sulfurado;ESP/F07/2120/727;FASE 7;BOT_2380_INT;291;1;ESPERANZA
07-06-2023;PA7;C52;KOM 930 E;Lastre Sulfurado;ESP/F07/2120/727;FASE 7;BOT_2380_INT;291;1;ESPERANZA
07-06-2023;PA7;C54;KOM 930 E;Lastre Sulfurado;ESP/F07/2120/727;FASE 7;BOT_2380_INT;291;1;ESPERANZA
07-06-2023;PA7;C55;KOM 930 E;Lastre Sulfurado;ESP/F07/2120/727;FASE 7;BOT_2380_INT;291;1;ESPERANZA
07-06-2023;PA7;C57;KOM 930 E;Lastre Sulfurado;ESP/F07/2120/727;FASE 7;BOT_2380_INT;1455;5;ESPERANZA
07-06-2023;PA7;C58;KOM 930 E;Lastre Sulfurado;ESP/F07/2120/727;FASE 7;BOT_2380_INT;873;3;ESPERANZA
07-06-2023;PA9;C10;CAT 797 B;Lastre Sulfurado;ESP/F07/2104/701;FASE 7;BOT_RAMPA_SUPERIOR;1039,209961;3;ESPERANZA
07-06-2023;PA9;C122;CAT 793 C;Lastre Sulfurado;ESP/F07/2104/701;FASE 7;BOT_RAMPA_SUPERIOR;649,3089905;3;ESPERANZA
07-06-2023;PA9;C130;CAT 793 C;Lastre Sulfurado;ESP/F07/2104/701;FASE 7;BOT_RAMPA_SUPERIOR;649,309021;3;ESPERANZA
07-06-2023;PA9;C131;CAT 793 C;Lastre Sulfurado;ESP/F07/2104/701;FASE 7;BOT_RAMPA_SUPERIOR;649,309021;3;ESPERANZA
07-06-2023;PA9;C134;CAT 793 C;Lastre Sulfurado;ESP/F07/2104/701;FASE 7;BOT_RAMPA_SUPERIOR;432,8729858;2;ESPERANZA
07-06-2023;PA9;C135;CAT 793 C;Lastre Sulfurado;ESP/F07/2104/701;FASE 7;BOT_RAMPA_SUPERIOR;432,8729858;2;ESPERANZA
07-06-2023;PA9;C151;CAT 793 F;Lastre Sulfurado;ESP/F07/2104/701;FASE 7;BOT_RAMPA_SUPERIOR;649,309021;3;ESPERANZA
07-06-2023;PA9;C152;CAT 793 F;Lastre Sulfurado;ESP/F07/2104/701;FASE 7;BOT_RAMPA_SUPERIOR;865,7459717;4;ESPERANZA
07-06-2023;PA9;C154;CAT 793 F;Lastre Sulfurado;ESP/F07/2104/701;FASE 7;BOT_RAMPA_SUPERIOR;1298,618958;6;ESPERANZA
07-06-2023;PA9;C159;CAT 793 F;Lastre Sulfurado;ESP/F07/2104/701;FASE 7;BOT_RAMPA_SUPERIOR;216,4360046;1;ESPERANZA
07-06-2023;PA9;C16;CAT 797 B;Lastre Sulfurado;ESP/F07/2104/701;FASE 7;BOT_RAMPA_SUPERIOR;1732,023987;5;ESPERANZA
07-06-2023;PA9;C164;CAT 793 F;Lastre Sulfurado;ESP/F07/2104/701;FASE 7;BOT_RAMPA_SUPERIOR;649,309021;3;ESPERANZA
07-06-2023;PA9;C17;CAT 797 F;Lastre Sulfurado;ESP/F07/2104/701;FASE 7;BOT_RAMPA_SUPERIOR;1039,209961;3;ESPERANZA
07-06-2023;PA9;C19;CAT 797 F;Lastre Sulfurado;ESP/F07/2104/701;FASE 7;BOT_RAMPA_SUPERIOR;346,4039917;1;ESPERANZA
07-06-2023;PA9;C21;CAT 797 F;Lastre Sulfurado;ESP/F07/2104/701;FASE 7;BOT_RAMPA_SUPERIOR;1732,02002;5;ESPERANZA
07-06-2023;PA9;C23;CAT 797 F;Lastre Sulfurado;ESP/F07/2104/701;FASE 7;BOT_2380_INT;346,4039917;1;ESPERANZA
07-06-2023;PA9;C24;CAT 797 F;Lastre Sulfurado;ESP/F07/2104/701;FASE 7;BOT_RAMPA_SUPERIOR;346,4039917;1;ESPERANZA
07-06-2023;PA9;C32;CAT 797 F;Lastre Sulfurado;ESP/F07/2104/701;FASE 7;BOT_RAMPA_SUPERIOR;1039,211975;3;ESPERANZA
07-06-2023;PA9;C38;CAT 797 F;Lastre Sulfurado;ESP/F07/2104/701;FASE 7;BOT_2380_INT;346,4039917;1;ESPERANZA
07-06-2023;PA9;C39;CAT 797 F;Lastre Sulfurado;ESP/F07/2104/701;FASE 7;BOT_RAMPA_SUPERIOR;1039,209961;3;ESPERANZA
07-06-2023;PA9;C42;CAT 797 F;Lastre Sulfurado;ESP/F07/2104/701;FASE 7;BOT_RAMPA_SUPERIOR;346,4039917;1;ESPERANZA
07-06-2023;PA9;C44;CAT 797 F;Lastre Sulfurado;ESP/F07/2104/701;FASE 7;BOT_RAMPA_SUPERIOR;346,4039917;1;ESPERANZA
07-06-2023;PA9;C46;CAT 797 F;Lastre Sulfurado;ESP/F07/2104/701;FASE 7;BOT_RAMPA_SUPERIOR;1039,211975;3;ESPERANZA
07-06-2023;PA9;C48;CAT 797 F;Lastre Sulfurado;ESP/F07/2104/701;FASE 7;BOT_RAMPA_SUPERIOR;1039,209961;3;ESPERANZA
07-06-2023;PA9;C49;KOM 930 E;Lastre Sulfurado;ESP/F07/2104/701;FASE 7;BOT_RAMPA_SUPERIOR;291;1;ESPERANZA
07-06-2023;PA9;C50;KOM 930 E;Lastre Sulfurado;ESP/F07/2104/701;FASE 7;BOT_RAMPA_SUPERIOR;582;2;ESPERANZA
07-06-2023;PA9;C51;KOM 930 E;Lastre Sulfurado;ESP/F07/2104/701;FASE 7;BOT_RAMPA_SUPERIOR;291;1;ESPERANZA
07-06-2023;PA9;C52;KOM 930 E;Lastre Sulfurado;ESP/F07/2104/701;FASE 7;BOT_RAMPA_SUPERIOR;291;1;ESPERANZA
07-06-2023;PA9;C53;KOM 930 E;Lastre Sulfurado;ESP/F07/2104/701;FASE 7;BOT_RAMPA_SUPERIOR;582;2;ESPERANZA
07-06-2023;PA9;C56;KOM 930 E;Lastre Sulfurado;ESP/F07/2104/701;FASE 7;BOT_RAMPA_SUPERIOR;582;2;ESPERANZA
07-06-2023;PA9;C57;KOM 930 E;Lastre Sulfurado;ESP/F07/2104/701;FASE 7;BOT_RAMPA_SUPERIOR;582;2;ESPERANZA
07-06-2023;PA9;C59;KOM 930 E;Lastre Sulfurado;ESP/F07/2104/701;FASE 7;BOT_RAMPA_SUPERIOR;1164;4;ESPERANZA
07-06-2023;PA9;C60;KOM 930 E;Lastre Sulfurado;ESP/F07/2104/701;FASE 7;BOT_RAMPA_SUPERIOR;291;1;ESPERANZA
07-06-2023;PA9;C61;KOM 930 E;Lastre Sulfurado;ESP/F07/2104/701;FASE 7;BOT_RAMPA_SUPERIOR;582;2;ESPERANZA
07-06-2023;PAESPS;C980AHSESPS;Kom 980 AHS;Sulfuro Baja Ley;ESS/F02/2120/213;F02 ESPSUR;STOCK_SBL_ESS;5040;14;ESPERANZA_SUR
07-06-2023;PATH01;C121;CAT 793 C;Marginal Rom;STOCK_MRO_MIR;OXIDO;ROM;4620;21;TESORO
07-06-2023;PATH01;C122;CAT 793 C;Marginal Rom;STOCK_MRO_MIR;OXIDO;ROM;220;1;TESORO
07-06-2023;PATH01;C123;CAT 793 C;Marginal Rom;STOCK_MRO_MIR;OXIDO;ROM;5060;23;TESORO
07-06-2023;PATH01;C125;CAT 793 C;Marginal Rom;STOCK_MRO_MIR;OXIDO;ROM;660;3;TESORO
07-06-2023;PATH01;C129;CAT 793 C;Marginal Rom;STOCK_MRO_MIR;OXIDO;ROM;1100;5;TESORO
07-06-2023;PATH01;C130;CAT 793 C;Marginal Rom;STOCK_MRO_MIR;OXIDO;ROM;1100;5;TESORO
07-06-2023;PATH01;C131;CAT 793 C;Marginal Rom;STOCK_MRO_MIR;OXIDO;ROM;220;1;TESORO
07-06-2023;PATH01;C135;CAT 793 C;Marginal Rom;STOCK_MRO_MIR;OXIDO;ROM;1760;8;TESORO
07-06-2023;PATH01;C155;CAT 793 F;Marginal Rom;STOCK_MRO_MIR;OXIDO;ROM;2700;12;TESORO
07-06-2023;PATH01;C156;CAT 793 F;Marginal Rom;STOCK_MRO_MIR;OXIDO;ROM;900;4;TESORO
07-06-2023;PATH01;C160;CAT 793 F;Marginal Rom;STOCK_MRO_MIR;OXIDO;ROM;3375;15;TESORO
07-06-2023;PATH01;C161;CAT 793 F;Marginal Rom;STOCK_MRO_MIR;OXIDO;ROM;1350;6;TESORO
07-06-2023;PATH01;C163;CAT 793 F;Marginal Rom;STOCK_MRO_MIR;OXIDO;ROM;1575;7;TESORO
07-06-2023;PATH01;C164;CAT 793 F;Marginal Rom;STOCK_MRO_MIR;OXIDO;ROM;900;4;TESORO
07-06-2023;PATH01;C701;LIEBHERR 264 ;LASTRE (LAS);LLA/F01/2310/105;F01 LLA;BOT_TSS;37668;172;LLANO
07-06-2023;PATH01;C701;LIEBHERR 264 ;LASTRE (LAS);LLA/F01/2310/1052;F01 LLA;BOT_TSS;6132;28;LLANO
07-06-2023;PATH01;C702;LIEBHERR 264 ;LASTRE (LAS);LLA/F01/2310/105;F01 LLA;BOT_TSS;65481;299;LLANO
07-06-2023;PATH01;C702;LIEBHERR 264 ;LASTRE (LAS);LLA/F02/2302.5/2030;F02 LLA;BOT_TSS;5256;24;LLANO
07-06-2023;PATH01;C793OXE;CAT 793 OXE;L21;04_2376_455;FASE 04 ENC;BOT_2400_1;84260;383;ENCUENTRO
07-06-2023;PATH01;C793OXE;CAT 793 OXE;OAR;MOD_A_REM;ENCUENTRO OXE;CHANCADO-ENCUENTRO;37180;169;ENCUENTRO
07-06-2023;PATH01;C793OXE;CAT 793 OXE;ORM;MOD_B_REM;ENCUENTRO OXE;CHANCADO-ENCUENTRO;440;2;ENCUENTRO
07-06-2023;PATH01;C793OXE;CAT 793 OXE;Oxido Baja Ley;OXE/F04/2144/405;FASE 04 ENC;CHANCADO-ENCUENTRO;2420;11;ENCUENTRO
07-06-2023;PATH01;C793OXE;CAT 793 OXE;Oxido Baja Ley;OXE/F04/2144/405;FASE 04 ENC;MOD F;4180;19;ENCUENTRO
07-06-2023;PATH01;C793OXE;CAT 793 OXE;Oxido Baja Ley;OXE/F04/2160/420;FASE 04 ENC;MOD F;5720;26;ENCUENTRO
07-06-2023;PATH01;C793OXE;CAT 793 OXE;OXIDO MARGINAL (OXMAR);OXE/F04/2144/4030;FASE 04 ENC;MOD D;3300;15;ENCUENTRO
07-06-2023;PATH01;C793OXE;CAT 793 OXE;OXIDO MARGINAL (OXMAR);OXE/F04/2144/4030;FASE 04 ENC;STOCK _MARGINAL_ESTE;20900;95;ENCUENTRO