Fecha;Carguio;Camión;Flota;Material;Origen;Zona;Destino;Tonelaje;Ciclos;Rajo
08-06-2023;CF2;C07;CAT 797 B;Lastre Sulfurado;ESP/F10/2328/124;FASE 10;BOT_MIJO;346,4039917;1;ESPERANZA
08-06-2023;CF2;C07;CAT 797 B;Lastre Sulfurado;ESP/F10/2328/124;FASE 10;BOT_RAMPA_SUPERIOR;692,8079834;2;ESPERANZA
08-06-2023;CF2;C07;CAT 797 B;Sulfuro Baja Ley;STOCK_SBL_ESS;ESPERANZA_SUR;CHANCADO-SULFURO;2424,825928;7;ESPERANZA_SUR
08-06-2023;CF2;C08;CAT 797 B;Lastre Oxidado;ESP/F10/2296/1051;FASE 10;BOT_CENTRAL_SUR_INF;1385,613953;4;ESPERANZA
08-06-2023;CF2;C08;CAT 797 B;Lastre Oxidado;ESP/F10/2296/1051;FASE 10;BOT_MIJO;346,4039917;1;ESPERANZA
08-06-2023;CF2;C08;CAT 797 B;Lastre Sulfurado;ESP/F10/2328/124;FASE 10;BOT_MIJO;692,8079834;2;ESPERANZA
08-06-2023;CF2;C08;CAT 797 B;Sulfuro Baja Ley;STOCK_SBL_ESS;ESPERANZA_SUR;CHANCADO-SULFURO;346,4039917;1;ESPERANZA_SUR
08-06-2023;CF2;C09;CAT 797 B;Lastre Sulfurado;ESP/F10/2328/124;FASE 10;BOT_RAMPA_SUPERIOR;692,8079834;2;ESPERANZA
08-06-2023;CF2;C10;CAT 797 B;Lastre Sulfurado;ESP/F10/2328/124;FASE 10;BOT_MIJO;692,8079834;2;ESPERANZA
08-06-2023;CF2;C10;CAT 797 B;Sulfuro Baja Ley;STOCK_SBL_ESS;ESPERANZA_SUR;CHANCADO-SULFURO;346,4039917;1;ESPERANZA_SUR
08-06-2023;CF2;C11;CAT 797 B;Lastre Oxidado;ESP/F10/2296/1051;FASE 10;BOT_CENTRAL_SUR_INF;1732,017944;5;ESPERANZA
08-06-2023;CF2;C11;CAT 797 B;Lastre Oxidado;ESP/F10/2296/1051;FASE 10;BOT_MIJO;346,4039917;1;ESPERANZA
08-06-2023;CF2;C11;CAT 797 B;Lastre Oxidado;ESP/F10/2296/1051;FASE 10;BOT_RAMPA_SUPERIOR;346,4039917;1;ESPERANZA
08-06-2023;CF2;C11;CAT 797 B;Lastre Sulfurado;ESP/F10/2328/124;FASE 10;BOT_MIJO;346,4039917;1;ESPERANZA
08-06-2023;CF2;C11;CAT 797 B;Sulfuro Baja Ley;STOCK_SBL_ESS;ESPERANZA_SUR;CHANCADO-SULFURO;1385,615967;4;ESPERANZA_SUR
08-06-2023;CF2;C12;CAT 797 B;Lastre Oxidado;ESP/F10/2296/1051;FASE 10;BOT_CENTRAL_SUR_INF;692,8079834;2;ESPERANZA
08-06-2023;CF2;C121;CAT 793 C;Lastre Oxidado;ESP/F10/2296/1051;FASE 10;BOT_RAMPA_SUPERIOR;216,4360046;1;ESPERANZA
08-06-2023;CF2;C123;CAT 793 C;Lastre Oxidado;ESP/F10/2296/1051;FASE 10;BOT_CENTRAL_SUR_INF;216,4360046;1;ESPERANZA
08-06-2023;CF2;C123;CAT 793 C;Lastre Sulfurado;ESP/F10/2328/124;FASE 10;BOT_RAMPA_SUPERIOR;432,8729858;2;ESPERANZA
08-06-2023;CF2;C125;CAT 793 C;Lastre Sulfurado;ESP/F10/2328/124;FASE 10;BOT_RAMPA_SUPERIOR;216,4360046;1;ESPERANZA
08-06-2023;CF2;C128;CAT 793 C;Lastre Sulfurado;ESP/F10/2328/124;FASE 10;BOT_2380_INT;216,4360046;1;ESPERANZA
08-06-2023;CF2;C128;CAT 793 C;Lastre Sulfurado;ESP/F10/2328/124;FASE 10;BOT_RAMPA_SUPERIOR;432,8729858;2;ESPERANZA
08-06-2023;CF2;C128;CAT 793 C;Sulfuro Baja Ley;STOCK_SBL_ESS;ESPERANZA_SUR;CHANCADO-SULFURO;216,9600067;1;ESPERANZA_SUR
08-06-2023;CF2;C13;CAT 797 B;Lastre Sulfurado;ESP/F10/2328/124;FASE 10;BOT_RAMPA_SUPERIOR;346,4039917;1;ESPERANZA
08-06-2023;CF2;C131;CAT 793 C;Lastre Oxidado;ESP/F10/2296/1051;FASE 10;BOT_CENTRAL_SUR_INF;216,4360046;1;ESPERANZA
08-06-2023;CF2;C131;CAT 793 C;Lastre Oxidado;ESP/F10/2296/1051;FASE 10;BOT_MIJO;216,4360046;1;ESPERANZA
08-06-2023;CF2;C132;CAT 793 C;Lastre Sulfurado;ESP/F10/2328/124;FASE 10;BOT_MIJO;216,4360046;1;ESPERANZA
08-06-2023;CF2;C134;CAT 793 C;Lastre Oxidado;ESP/F10/2296/1051;FASE 10;BOT_CENTRAL_SUR_INF;216,4360046;1;ESPERANZA
08-06-2023;CF2;C134;CAT 793 C;Lastre Oxidado;ESP/F10/2296/1051;FASE 10;BOT_MIJO;216,4360046;1;ESPERANZA
08-06-2023;CF2;C14;CAT 797 B;Lastre Oxidado;ESP/F10/2296/1051;FASE 10;BOT_CENTRAL_SUR_INF;1732,02002;5;ESPERANZA
08-06-2023;CF2;C14;CAT 797 B;Lastre Oxidado;ESP/F10/2296/1051;FASE 10;BOT_MIJO;692,8079834;2;ESPERANZA
08-06-2023;CF2;C14;CAT 797 B;Lastre Oxidado;ESP/F10/2296/1051;FASE 10;BOT_RAMPA_SUPERIOR;692,8079834;2;ESPERANZA
08-06-2023;CF2;C14;CAT 797 B;Lastre Sulfurado;ESP/F10/2328/124;FASE 10;BOT_MIJO;1385,613953;4;ESPERANZA
08-06-2023;CF2;C15;CAT 797 B;Lastre Oxidado;ESP/F10/2296/1051;FASE 10;BOT_CENTRAL_SUR_INF;346,4039917;1;ESPERANZA
08-06-2023;CF2;C15;CAT 797 B;Lastre Oxidado;ESP/F10/2296/1051;FASE 10;BOT_RAMPA_SUPERIOR;346,4039917;1;ESPERANZA
08-06-2023;CF2;C15;CAT 797 B;Lastre Sulfurado;ESP/F10/2328/124;FASE 10;BOT_MIJO;346,4039917;1;ESPERANZA
08-06-2023;CF2;C15;CAT 797 B;Lastre Sulfurado;ESP/F10/2328/124;FASE 10;BOT_RAMPA_SUPERIOR;346,4039917;1;ESPERANZA
08-06-2023;CF2;C15;CAT 797 B;Sulfuro Baja Ley;STOCK_SBL_ESS;ESPERANZA_SUR;CHANCADO-SULFURO;1385,615967;4;ESPERANZA_SUR
08-06-2023;CF2;C151;CAT 793 F;Lastre Sulfurado;ESP/F10/2328/124;FASE 10;BOT_MIJO;432,8729858;2;ESPERANZA
08-06-2023;CF2;C154;CAT 793 F;Lastre Sulfurado;ESP/F10/2328/124;FASE 10;BOT_MIJO;649,309021;3;ESPERANZA
08-06-2023;CF2;C159;CAT 793 F;Lastre Oxidado;ESP/F10/2296/1051;FASE 10;BOT_CENTRAL_SUR_INF;216,4360046;1;ESPERANZA
08-06-2023;CF2;C159;CAT 793 F;Lastre Oxidado;ESP/F10/2296/1051;FASE 10;BOT_MIJO;432,8729858;2;ESPERANZA
08-06-2023;CF2;C162;CAT 793 F;Lastre Oxidado;ESP/F10/2296/1051;FASE 10;BOT_CENTRAL_SUR_INF;216,4360046;1;ESPERANZA
08-06-2023;CF2;C162;CAT 793 F;Lastre Oxidado;ESP/F10/2296/1051;FASE 10;BOT_MIJO;649,309021;3;ESPERANZA
08-06-2023;CF2;C162;CAT 793 F;Lastre Oxidado;ESP/F10/2296/1051;FASE 10;BOT_RAMPA_SUPERIOR;216,4360046;1;ESPERANZA
08-06-2023;CF2;C162;CAT 793 F;Lastre Sulfurado;ESP/F10/2328/124;FASE 10;BOT_MIJO;432,8729858;2;ESPERANZA
08-06-2023;CF2;C162;CAT 793 F;Lastre Sulfurado;ESP/F10/2328/124;FASE 10;BOT_RAMPA_SUPERIOR;432,8729858;2;ESPERANZA
08-06-2023;CF2;C17;CAT 797 F;Lastre Oxidado;ESP/F10/2296/1051;FASE 10;BOT_MIJO;346,4039917;1;ESPERANZA
08-06-2023;CF2;C21;CAT 797 F;Lastre Sulfurado;ESP/F10/2328/124;FASE 10;BOT_RAMPA_SUPERIOR;346,4039917;1;ESPERANZA
08-06-2023;CF2;C32;CAT 797 F;Lastre Sulfurado;ESP/F10/2328/124;FASE 10;BOT_RAMPA_SUPERIOR;692,8079834;2;ESPERANZA
08-06-2023;CF2;C36;CAT 797 F;Lastre Sulfurado;ESP/F10/2328/124;FASE 10;BOT_MIJO;1385,619995;4;ESPERANZA
08-06-2023;CF2;C37;CAT 797 F;Lastre Oxidado;ESP/F10/2296/1051;FASE 10;BOT_MIJO;346,4039917;1;ESPERANZA
08-06-2023;CF2;C37;CAT 797 F;Lastre Oxidado;ESP/F10/2296/1051;FASE 10;BOT_RAMPA_SUPERIOR;346,4039917;1;ESPERANZA
08-06-2023;CF2;C37;CAT 797 F;Sulfuro Baja Ley;STOCK_SBL_ESS;ESPERANZA_SUR;CHANCADO-SULFURO;346,4039917;1;ESPERANZA_SUR
08-06-2023;CF2;C53;KOM 930 E;Lastre Oxidado;ESP/F10/2296/1051;FASE 10;BOT_CENTRAL_SUR_INF;291;1;ESPERANZA
08-06-2023;CF2;C53;KOM 930 E;Lastre Sulfurado;ESP/F10/2328/124;FASE 10;BOT_RAMPA_SUPERIOR;291;1;ESPERANZA
08-06-2023;CF2;C54;KOM 930 E;Lastre Oxidado;ESP/F10/2296/1051;FASE 10;BOT_CENTRAL_SUR_INF;291;1;ESPERANZA
08-06-2023;CF2;C54;KOM 930 E;Lastre Oxidado;ESP/F10/2296/1051;FASE 10;BOT_RAMPA_SUPERIOR;291;1;ESPERANZA
08-06-2023;CF232;C130;CAT 793 C;Baja Ley 1;ST-TS_18;OXIDO;CHANCADO-OXIDO;4328,726166;20;TESORO
08-06-2023;CF232;C135;CAT 793 C;Baja Ley 1;ST-TS_18;OXIDO;CHANCADO-OXIDO;1515,05304;7;TESORO
08-06-2023;CF232;C153;CAT 793 F;Baja Ley 1;ST-TS_18;OXIDO;CHANCADO-OXIDO;2164,369049;10;TESORO
08-06-2023;CF232;C161;CAT 793 F;Baja Ley 1;ST-TS_18;OXIDO;CHANCADO-OXIDO;649,3089905;3;TESORO
08-06-2023;CF233;C121;CAT 793 C;Lastre Oxidado;ESP/F10/2328/125;FASE 10;BOT_CENTRAL_SUR_INF;432,8729858;2;ESPERANZA
08-06-2023;CF233;C121;CAT 793 C;Lastre Sulfurado;ESP/F10/2328/1240;FASE 10;BOT_CENTRAL_SUR_INF;2164,36908;10;ESPERANZA
08-06-2023;CF233;C121;CAT 793 C;Sulfuro Planta;STOCK_SPL_DIN;ESPERANZA;CHANCADO-SULFURO;650,8809814;3;ESPERANZA
08-06-2023;CF233;C122;CAT 793 C;Lastre Sulfurado;ESP/F10/2328/1240;FASE 10;BOT_MIJO;649,309021;3;ESPERANZA
08-06-2023;CF233;C123;CAT 793 C;Lastre Sulfurado;ESP/F10/2328/1240;FASE 10;BOT_MIJO;1082,180054;5;ESPERANZA
08-06-2023;CF233;C123;CAT 793 C;Lastre Sulfurado;ESP/F10/2328/1240;FASE 10;BOT_RAMPA_SUPERIOR;865,7450256;4;ESPERANZA
08-06-2023;CF233;C125;CAT 793 C;Lastre Sulfurado;ESP/F10/2328/1240;FASE 10;BOT_MIJO;1082,180054;5;ESPERANZA
08-06-2023;CF233;C128;CAT 793 C;Lastre Sulfurado;ESP/F10/2328/1240;FASE 10;BOT_MIJO;432,8729858;2;ESPERANZA
08-06-2023;CF233;C128;CAT 793 C;Lastre Sulfurado;ESP/F10/2328/1240;FASE 10;BOT_RAMPA_SUPERIOR;216,4360046;1;ESPERANZA
08-06-2023;CF233;C131;CAT 793 C;Lastre Oxidado;ESP/F10/2328/125;FASE 10;BOT_CENTRAL_SUR_INF;432,8729858;2;ESPERANZA
08-06-2023;CF233;C131;CAT 793 C;Lastre Sulfurado;ESP/F10/2328/1240;FASE 10;BOT_CENTRAL_SUR_INF;2164,362976;10;ESPERANZA
08-06-2023;CF233;C131;CAT 793 C;Lastre Sulfurado;ESP/F10/2328/1240;FASE 10;BOT_MIJO;432,8729858;2;ESPERANZA
08-06-2023;CF233;C131;CAT 793 C;Lastre Sulfurado;ESP/F10/2328/1240;FASE 10;BOT_RAMPA_SUPERIOR;216,4360046;1;ESPERANZA
08-06-2023;CF233;C131;CAT 793 C;Sulfuro Planta;STOCK_SPL_DIN;ESPERANZA;CHANCADO-SULFURO;650,8809814;3;ESPERANZA
08-06-2023;CF233;C134;CAT 793 C;Lastre Sulfurado;ESP/F10/2328/1240;FASE 10;BOT_2380_INT;216,4360046;1;ESPERANZA
08-06-2023;CF233;C134;CAT 793 C;Lastre Sulfurado;ESP/F10/2328/1240;FASE 10;BOT_CENTRAL_SUR_INF;649,3089905;3;ESPERANZA
08-06-2023;CF233;C134;CAT 793 C;Lastre Sulfurado;ESP/F10/2328/1240;FASE 10;BOT_MIJO;2164,360107;10;ESPERANZA
08-06-2023;CF233;C134;CAT 793 C;Lastre Sulfurado;ESP/F10/2328/1240;FASE 10;BOT_RAMPA_SUPERIOR;216,4360046;1;ESPERANZA
08-06-2023;CF233;C135;CAT 793 C;Lastre Sulfurado;ESP/F10/2328/1240;FASE 10;BOT_MIJO;216,4360046;1;ESPERANZA
08-06-2023;CF233;C151;CAT 793 F;Lastre Sulfurado;ESP/F10/2328/1240;FASE 10;BOT_MIJO;649,309021;3;ESPERANZA
08-06-2023;CF233;C151;CAT 793 F;Lastre Sulfurado;ESP/F10/2328/1240;FASE 10;BOT_RAMPA_SUPERIOR;216,4360046;1;ESPERANZA
08-06-2023;CF233;C154;CAT 793 F;Lastre Oxidado;ESP/F10/2328/125;FASE 10;BOT_RAMPA_SUPERIOR;216,4360046;1;ESPERANZA
08-06-2023;CF233;C154;CAT 793 F;Lastre Sulfurado;ESP/F10/2328/1240;FASE 10;BOT_CENTRAL_SUR_INF;649,3089905;3;ESPERANZA
08-06-2023;CF233;C154;CAT 793 F;Lastre Sulfurado;ESP/F10/2328/1240;FASE 10;BOT_MIJO;649,309021;3;ESPERANZA
08-06-2023;CF233;C154;CAT 793 F;Lastre Sulfurado;ESP/F10/2328/1240;FASE 10;BOT_RAMPA_SUPERIOR;216,4360046;1;ESPERANZA
08-06-2023;CF233;C155;CAT 793 F;Lastre Sulfurado;ESP/F10/2328/1240;FASE 10;BOT_CENTRAL_SUR_INF;216,4360046;1;ESPERANZA
08-06-2023;CF233;C155;CAT 793 F;Lastre Sulfurado;ESP/F10/2328/1240;FASE 10;BOT_MIJO;216,4360046;1;ESPERANZA
08-06-2023;CF233;C155;CAT 793 F;Lastre Sulfurado;ESP/F10/2328/1240;FASE 10;DESCARGA_PLATAFORMA;216,4360046;1;ESPERANZA
08-06-2023;CF233;C156;CAT 793 F;Lastre Oxidado;ESP/F10/2328/125;FASE 10;BOT_CENTRAL_SUR_INF;649,309021;3;ESPERANZA
08-06-2023;CF233;C159;CAT 793 F;Lastre Sulfurado;ESP/F10/2328/1240;FASE 10;BOT_CENTRAL_SUR_INF;1298,619995;6;ESPERANZA
08-06-2023;CF233;C159;CAT 793 F;Lastre Sulfurado;ESP/F10/2328/1240;FASE 10;BOT_RAMPA_SUPERIOR;432,8720093;2;ESPERANZA
08-06-2023;CF233;C161;CAT 793 F;Lastre Oxidado;ESP/F10/2328/125;FASE 10;BOT_CENTRAL_SUR_INF;216,4360046;1;ESPERANZA
08-06-2023;CF233;C162;CAT 793 F;Lastre Oxidado;ESP/F10/2328/125;FASE 10;BOT_CENTRAL_SUR_INF;432,8729858;2;ESPERANZA
08-06-2023;CF233;C162;CAT 793 F;Lastre Sulfurado;ESP/F10/2328/1240;FASE 10;BOT_CENTRAL_SUR_INF;649,309021;3;ESPERANZA
08-06-2023;CF233;C162;CAT 793 F;Lastre Sulfurado;ESP/F10/2328/1240;FASE 10;BOT_RAMPA_SUPERIOR;216,4360046;1;ESPERANZA
08-06-2023;CF234;C129;CAT 793 C;Marginal Alta;STM-NE-02;OXIDO;CHANCADO-OXIDO;8441,015045;39;TESORO
08-06-2023;CF234;C135;CAT 793 C;Marginal Alta;STM-NE-02;OXIDO;CHANCADO-OXIDO;1731,489044;8;TESORO
08-06-2023;CF234;C152;CAT 793 F;Marginal Alta;STM-NE-02;OXIDO;CHANCADO-OXIDO;1082,182007;5;TESORO
08-06-2023;CF234;C160;CAT 793 F;Marginal Alta;STM-NE-02;OXIDO;CHANCADO-OXIDO;5627,33902;26;TESORO
08-06-2023;CF234;C163;CAT 793 F;Marginal Alta;STM-NE-02;OXIDO;CHANCADO-OXIDO;1947,930054;9;TESORO
08-06-2023;CF234;C163;CAT 793 F;Marginal Alta;STM-NE-02;OXIDO;STM-NE-02;216,4360046;1;TESORO
08-06-2023;CF3;C11;CAT 797 B;Lastre Sulfurado;ESP/F07/2104/706;FASE 7;BOT_2380_INT;346,4039917;1;ESPERANZA
08-06-2023;CF3;C130;CAT 793 C;Lastre Sulfurado;ESP/F07/2104/706;FASE 7;BOT_2380_INT;216,4360046;1;ESPERANZA
08-06-2023;CF3;C135;CAT 793 C;Lastre Sulfurado;ESP/F07/2104/706;FASE 7;BOT_2380_INT;216,4360046;1;ESPERANZA
08-06-2023;CF3;C152;CAT 793 F;Sulfuro Baja Ley;ESP/F08/1768/8051;FASE 8;STOCK_SBL1;216,4360046;1;ESPERANZA
08-06-2023;CF3;C152;CAT 793 F;Sulfuro Planta;ESP/F08/1784/815;FASE 8;STOCK_SPL_DIN;432,8729858;2;ESPERANZA
08-06-2023;CF3;C153;CAT 793 F;Sulfuro Baja Ley;ESP/F08/1768/8051;FASE 8;STOCK_SBL1;216,4360046;1;ESPERANZA
08-06-2023;CF3;C154;CAT 793 F;Sulfuro Planta;ESP/F08/1784/815;FASE 8;CHANCADO-SULFURO;216,4360046;1;ESPERANZA
08-06-2023;CF3;C155;CAT 793 F;Sulfuro Baja Ley;ESP/F08/1768/8051;FASE 8;STOCK_SBL1;216,4360046;1;ESPERANZA
08-06-2023;CF3;C156;CAT 793 F;Sulfuro Baja Ley;ESP/F08/1768/8051;FASE 8;STOCK_SBL1;432,8729858;2;ESPERANZA
08-06-2023;CF3;C159;CAT 793 F;Sulfuro Baja Ley;ESP/F08/1768/8051;FASE 8;STOCK_SBL1;216,4360046;1;ESPERANZA
08-06-2023;CF3;C161;CAT 793 F;Sulfuro Baja Ley;ESP/F08/1768/8051;FASE 8;STOCK_SBL1;432,8729858;2;ESPERANZA
08-06-2023;CF3;C161;CAT 793 F;Sulfuro Planta;ESP/F08/1784/815;FASE 8;CHANCADO-SULFURO;216,4360046;1;ESPERANZA
08-06-2023;CF3;C163;CAT 793 F;Sulfuro Baja Ley;ESP/F08/1768/8051;FASE 8;STOCK_SBL1;649,309021;3;ESPERANZA
08-06-2023;CF3;C163;CAT 793 F;Sulfuro Planta;ESP/F08/1784/815;FASE 8;CHANCADO-SULFURO;216,4360046;1;ESPERANZA
08-06-2023;CF3;C163;CAT 793 F;Sulfuro Planta;ESP/F08/1784/815;FASE 8;STOCK_SPL_DIN;216,4360046;1;ESPERANZA
08-06-2023;CF3;C164;CAT 793 F;Sulfuro Baja Ley;ESP/F08/1768/8051;FASE 8;STOCK_SBL1;432,8729858;2;ESPERANZA
08-06-2023;CF3;C164;CAT 793 F;Sulfuro Planta;ESP/F08/1784/815;FASE 8;STOCK_SPL_DIN;216,4360046;1;ESPERANZA
08-06-2023;CF3;C18;CAT 797 F;Lastre Sulfurado;ESP/F07/2104/706;FASE 7;BOT_2380_INT;692,8079834;2;ESPERANZA
08-06-2023;CF3;C20;CAT 797 F;Lastre Sulfurado;ESP/F07/2104/706;FASE 7;BOT_2380_INT;346,4039917;1;ESPERANZA
08-06-2023;CF3;C21;CAT 797 F;Sulfuro Baja Ley;ESP/F08/1768/8051;FASE 8;STOCK_SBL1;346,4039917;1;ESPERANZA
08-06-2023;CF3;C22;CAT 797 F;Lastre Sulfurado;ESP/F07/2104/706;FASE 7;BOT_2380_INT;1385,613953;4;ESPERANZA
08-06-2023;CF3;C24;CAT 797 F;Lastre Sulfurado;ESP/F07/2104/706;FASE 7;BOT_2380_INT;346,4039917;1;ESPERANZA
08-06-2023;CF3;C25;CAT 797 F;Lastre Sulfurado;ESP/F07/2104/706;FASE 7;BOT_2380_INT;692,8079834;2;ESPERANZA
08-06-2023;CF3;C36;CAT 797 F;Lastre Sulfurado;ESP/F07/2104/706;FASE 7;BOT_2380_INT;1039,209961;3;ESPERANZA
08-06-2023;CF3;C37;CAT 797 F;Lastre Sulfurado;ESP/F07/2104/706;FASE 7;BOT_2380_INT;346,4039917;1;ESPERANZA
08-06-2023;CF3;C40;CAT 797 F;Sulfuro Baja Ley;ESP/F08/1768/8051;FASE 8;STOCK_SBL1;346,4039917;1;ESPERANZA
08-06-2023;CF3;C43;CAT 797 F;Sulfuro Baja Ley;ESP/F08/1768/8051;FASE 8;STOCK_SBL1;346,4039917;1;ESPERANZA
08-06-2023;CF3;C44;CAT 797 F;Lastre Sulfurado;ESP/F07/2104/706;FASE 7;BOT_2380_INT;1385,619995;4;ESPERANZA
08-06-2023;CF3;C45;CAT 797 F;Lastre Sulfurado;ESP/F07/2104/706;FASE 7;BOT_2380_INT;346,4039917;1;ESPERANZA
08-06-2023;CF3;C46;CAT 797 F;Lastre Sulfurado;ESP/F07/2104/706;FASE 7;BOT_2380_INT;692,8079834;2;ESPERANZA
08-06-2023;CF3;C47;CAT 797 F;Lastre Sulfurado;ESP/F07/2104/706;FASE 7;BOT_2380_INT;346,4039917;1;ESPERANZA
08-06-2023;CF3;C49;KOM 930 E;Sulfuro Baja Ley;ESP/F08/1768/8051;FASE 8;CHANCADO-SULFURO;291;1;ESPERANZA
08-06-2023;CF3;C49;KOM 930 E;Sulfuro Baja Ley;ESP/F08/1768/8051;FASE 8;STOCK_SBL1;582;2;ESPERANZA
08-06-2023;CF3;C50;KOM 930 E;Sulfuro Baja Ley;ESP/F08/1768/8051;FASE 8;STOCK_SBL1;291;1;ESPERANZA
08-06-2023;CF3;C51;KOM 930 E;Sulfuro Baja Ley;ESP/F08/1768/8051;FASE 8;STOCK_SBL1;291;1;ESPERANZA
08-06-2023;CF3;C53;KOM 930 E;Sulfuro Baja Ley;ESP/F08/1768/8051;FASE 8;STOCK_SBL1;291;1;ESPERANZA
08-06-2023;CF3;C54;KOM 930 E;Sulfuro Baja Ley;ESP/F08/1768/8051;FASE 8;STOCK_SBL1;582;2;ESPERANZA
08-06-2023;CF3;C55;KOM 930 E;Sulfuro Baja Ley;ESP/F08/1768/8051;FASE 8;STOCK_SBL1;291;1;ESPERANZA
08-06-2023;CF3;C56;KOM 930 E;Sulfuro Baja Ley;ESP/F08/1768/8051;FASE 8;STOCK_SBL1;873;3;ESPERANZA
08-06-2023;CF3;C57;KOM 930 E;Sulfuro Baja Ley;ESP/F08/1768/8051;FASE 8;STOCK_SBL1;582;2;ESPERANZA
08-06-2023;CF3;C57;KOM 930 E;Sulfuro Planta;ESP/F08/1784/815;FASE 8;STOCK_SPL_DIN;291;1;ESPERANZA
08-06-2023;CF3;C59;KOM 930 E;Sulfuro Baja Ley;ESP/F08/1768/8051;FASE 8;STOCK_SBL1;582;2;ESPERANZA
08-06-2023;CF3;C60;KOM 930 E;Sulfuro Baja Ley;ESP/F08/1768/8051;FASE 8;STOCK_SBL1;582;2;ESPERANZA
08-06-2023;CF3;C61;KOM 930 E;Sulfuro Baja Ley;ESP/F08/1768/8051;FASE 8;STOCK_SBL1;291;1;ESPERANZA
08-06-2023;CF4;C980AHSESPS;Kom 980 AHS;Lastre Oxidado;ESS/F03/2216/308;F03 ESPSUR;BOTADERO_2021;14040;39;ESPERANZA_SUR
08-06-2023;CF4;C980AHSESPS;Kom 980 AHS;Lastre Sulfurado;ESS/F03/2200/306;F03 ESPSUR;BOTADERO_2021;22320;62;ESPERANZA_SUR
08-06-2023;PA1;C07;CAT 797 B;Sulfuro Baja Ley;ESP/F07/2104/7060;FASE 7;STOCK_SBL1;692,8079834;2;ESPERANZA
08-06-2023;PA1;C08;CAT 797 B;Lastre Sulfurado;ESP/F07/2104/701;FASE 7;BOT_2380_INT;692,8079834;2;ESPERANZA
08-06-2023;PA1;C09;CAT 797 B;Lastre Sulfurado;ESP/F07/2104/701;FASE 7;BOT_2380_INT;3117,629883;9;ESPERANZA
08-06-2023;PA1;C09;CAT 797 B;Sulfuro Baja Ley;ESP/F07/2104/7060;FASE 7;STOCK_SBL1;2771,22998;8;ESPERANZA
08-06-2023;PA1;C10;CAT 797 B;Lastre Sulfurado;ESP/F07/2104/701;FASE 7;BOT_2380_INT;346,4039917;1;ESPERANZA
08-06-2023;PA1;C10;CAT 797 B;Sulfuro Baja Ley;ESP/F07/2104/7060;FASE 7;STOCK_SBL1;1732,017944;5;ESPERANZA
08-06-2023;PA1;C11;CAT 797 B;Lastre Sulfurado;ESP/F07/2104/701;FASE 7;BOT_2380_INT;692,8079834;2;ESPERANZA
08-06-2023;PA1;C11;CAT 797 B;Sulfuro Baja Ley;ESP/F07/2104/7060;FASE 7;STOCK_SBL1;346,4039917;1;ESPERANZA
08-06-2023;PA1;C12;CAT 797 B;Lastre Sulfurado;ESP/F07/2104/701;FASE 7;BOT_2380_INT;2078,421936;6;ESPERANZA
08-06-2023;PA1;C12;CAT 797 B;Sulfuro Baja Ley;ESP/F07/2104/7060;FASE 7;STOCK_SBL1;346,4039917;1;ESPERANZA
08-06-2023;PA1;C121;CAT 793 C;Lastre Sulfurado;ESP/F07/2104/701;FASE 7;BOT_2380_INT;216,4360046;1;ESPERANZA
08-06-2023;PA1;C122;CAT 793 C;Lastre Sulfurado;ESP/F07/2104/701;FASE 7;BOT_2380_INT;216,4360046;1;ESPERANZA
08-06-2023;PA1;C122;CAT 793 C;Sulfuro Baja Ley;ESP/F07/2104/7060;FASE 7;STOCK_SBL1;216,4360046;1;ESPERANZA
08-06-2023;PA1;C125;CAT 793 C;Lastre Sulfurado;ESP/F07/2104/701;FASE 7;BOT_2380_INT;649,309021;3;ESPERANZA
08-06-2023;PA1;C125;CAT 793 C;Sulfuro Baja Ley;ESP/F07/2104/7060;FASE 7;STOCK_SBL1;649,309021;3;ESPERANZA
08-06-2023;PA1;C129;CAT 793 C;Lastre Sulfurado;ESP/F07/2104/701;FASE 7;BOT_2380_INT;216,4360046;1;ESPERANZA
08-06-2023;PA1;C129;CAT 793 C;Sulfuro Baja Ley;ESP/F07/2104/7060;FASE 7;STOCK_SBL1;432,8729858;2;ESPERANZA
08-06-2023;PA1;C13;CAT 797 B;Lastre Sulfurado;ESP/F07/2104/701;FASE 7;BOT_2380_INT;1385,613953;4;ESPERANZA
08-06-2023;PA1;C13;CAT 797 B;Sulfuro Baja Ley;ESP/F07/2104/7060;FASE 7;STOCK_SBL1;692,8079834;2;ESPERANZA
08-06-2023;PA1;C132;CAT 793 C;Lastre Sulfurado;ESP/F07/2104/701;FASE 7;BOT_2380_INT;649,3089905;3;ESPERANZA
08-06-2023;PA1;C132;CAT 793 C;Sulfuro Baja Ley;ESP/F07/2104/7060;FASE 7;STOCK_SBL1;216,4360046;1;ESPERANZA
08-06-2023;PA1;C134;CAT 793 C;Sulfuro Baja Ley;ESP/F07/2104/7060;FASE 7;STOCK_SBL1;216,4360046;1;ESPERANZA
08-06-2023;PA1;C135;CAT 793 C;Lastre Sulfurado;ESP/F07/2104/701;FASE 7;BOT_2380_INT;432,8720093;2;ESPERANZA
08-06-2023;PA1;C135;CAT 793 C;Sulfuro Baja Ley;ESP/F07/2104/7060;FASE 7;STOCK_SBL1;432,8729858;2;ESPERANZA
08-06-2023;PA1;C14;CAT 797 B;Lastre Sulfurado;ESP/F07/2104/701;FASE 7;BOT_2380_INT;1385,615967;4;ESPERANZA
08-06-2023;PA1;C14;CAT 797 B;Sulfuro Baja Ley;ESP/F07/2104/7060;FASE 7;STOCK_SBL1;1039,211975;3;ESPERANZA
08-06-2023;PA1;C15;CAT 797 B;Lastre Sulfurado;ESP/F07/2104/701;FASE 7;BOT_2380_INT;1039,211975;3;ESPERANZA
08-06-2023;PA1;C15;CAT 797 B;Sulfuro Baja Ley;ESP/F07/2104/7060;FASE 7;STOCK_SBL1;1039,209961;3;ESPERANZA
08-06-2023;PA1;C152;CAT 793 F;Lastre Sulfurado;ESP/F07/2104/701;FASE 7;BOT_2380_INT;216,4360046;1;ESPERANZA
08-06-2023;PA1;C152;CAT 793 F;Sulfuro Baja Ley;ESP/F07/2104/7060;FASE 7;STOCK_SBL1;216,4360046;1;ESPERANZA
08-06-2023;PA1;C153;CAT 793 F;Sulfuro Baja Ley;ESP/F07/2104/7060;FASE 7;STOCK_SBL1;216,4360046;1;ESPERANZA
08-06-2023;PA1;C154;CAT 793 F;Sulfuro Baja Ley;ESP/F07/2104/7060;FASE 7;STOCK_SBL1;432,8729858;2;ESPERANZA
08-06-2023;PA1;C155;CAT 793 F;Lastre Sulfurado;ESP/F07/2104/701;FASE 7;BOT_2380_INT;432,8720093;2;ESPERANZA
08-06-2023;PA1;C155;CAT 793 F;Sulfuro Baja Ley;ESP/F07/2104/7060;FASE 7;STOCK_SBL1;649,309021;3;ESPERANZA
08-06-2023;PA1;C156;CAT 793 F;Sulfuro Baja Ley;ESP/F07/2104/7060;FASE 7;STOCK_SBL1;216,4360046;1;ESPERANZA
08-06-2023;PA1;C159;CAT 793 F;Lastre Sulfurado;ESP/F07/2104/701;FASE 7;BOT_2380_INT;216,4360046;1;ESPERANZA
08-06-2023;PA1;C159;CAT 793 F;Sulfuro Baja Ley;ESP/F07/2104/7060;FASE 7;STOCK_SBL1;216,4360046;1;ESPERANZA
08-06-2023;PA1;C16;CAT 797 B;Lastre Sulfurado;ESP/F07/2104/701;FASE 7;BOT_2380_INT;1039,211975;3;ESPERANZA
08-06-2023;PA1;C16;CAT 797 B;Lastre Sulfurado;ESP/F07/2104/701;FASE 7;BOT_RAMPA_SUPERIOR;346,4039917;1;ESPERANZA
08-06-2023;PA1;C16;CAT 797 B;Sulfuro Baja Ley;ESP/F07/2104/7060;FASE 7;STOCK_SBL1;692,8079834;2;ESPERANZA
08-06-2023;PA1;C161;CAT 793 F;Sulfuro Baja Ley;ESP/F07/2104/7060;FASE 7;STOCK_SBL1;216,4360046;1;ESPERANZA
08-06-2023;PA1;C162;CAT 793 F;Sulfuro Baja Ley;ESP/F07/2104/7060;FASE 7;STOCK_SBL1;216,4360046;1;ESPERANZA
08-06-2023;PA1;C163;CAT 793 F;Lastre Sulfurado;ESP/F07/2104/701;FASE 7;BOT_2380_INT;216,4360046;1;ESPERANZA
08-06-2023;PA1;C164;CAT 793 F;Lastre Sulfurado;ESP/F07/2104/701;FASE 7;BOT_2380_INT;649,3089905;3;ESPERANZA
08-06-2023;PA1;C164;CAT 793 F;Sulfuro Baja Ley;ESP/F07/2104/7060;FASE 7;STOCK_SBL1;216,4360046;1;ESPERANZA
08-06-2023;PA1;C17;CAT 797 F;Lastre Sulfurado;ESP/F07/2104/701;FASE 7;BOT_2380_INT;2078,424011;6;ESPERANZA
08-06-2023;PA1;C17;CAT 797 F;Sulfuro Baja Ley;ESP/F07/2104/7060;FASE 7;STOCK_SBL1;1385,619995;4;ESPERANZA
08-06-2023;PA1;C18;CAT 797 F;Lastre Sulfurado;ESP/F07/2104/701;FASE 7;BOT_2380_INT;1732,017944;5;ESPERANZA
08-06-2023;PA1;C18;CAT 797 F;Sulfuro Baja Ley;ESP/F07/2104/7060;FASE 7;STOCK_SBL1;1732,017944;5;ESPERANZA
08-06-2023;PA1;C19;CAT 797 F;Lastre Sulfurado;ESP/F07/2104/701;FASE 7;BOT_2380_INT;1732,02002;5;ESPERANZA
08-06-2023;PA1;C19;CAT 797 F;Sulfuro Baja Ley;ESP/F07/2104/7060;FASE 7;STOCK_SBL1;1039,209961;3;ESPERANZA
08-06-2023;PA1;C20;CAT 797 F;Lastre Sulfurado;ESP/F07/2104/701;FASE 7;BOT_2380_INT;2424,823914;7;ESPERANZA
08-06-2023;PA1;C20;CAT 797 F;Sulfuro Baja Ley;ESP/F07/2104/7060;FASE 7;STOCK_SBL1;1732,023987;5;ESPERANZA
08-06-2023;PA1;C21;CAT 797 F;Lastre Sulfurado;ESP/F07/2104/701;FASE 7;BOT_2380_INT;2424,828003;7;ESPERANZA
08-06-2023;PA1;C21;CAT 797 F;Sulfuro Baja Ley;ESP/F07/2104/7060;FASE 7;STOCK_SBL1;1732,023987;5;ESPERANZA
08-06-2023;PA1;C22;CAT 797 F;Lastre Sulfurado;ESP/F07/2104/701;FASE 7;BOT_2380_INT;1385,615967;4;ESPERANZA
08-06-2023;PA1;C22;CAT 797 F;Sulfuro Baja Ley;ESP/F07/2104/7060;FASE 7;STOCK_SBL1;346,4039917;1;ESPERANZA
08-06-2023;PA1;C23;CAT 797 F;Sulfuro Baja Ley;ESP/F07/2104/7060;FASE 7;STOCK_SBL1;346,4039917;1;ESPERANZA
08-06-2023;PA1;C24;CAT 797 F;Lastre Sulfurado;ESP/F07/2104/701;FASE 7;BOT_2380_INT;1385,615967;4;ESPERANZA
08-06-2023;PA1;C24;CAT 797 F;Sulfuro Baja Ley;ESP/F07/2104/7060;FASE 7;STOCK_SBL1;1732,017944;5;ESPERANZA
08-06-2023;PA1;C25;CAT 797 F;Lastre Sulfurado;ESP/F07/2104/701;FASE 7;BOT_2380_INT;1732,017944;5;ESPERANZA
08-06-2023;PA1;C32;CAT 797 F;Lastre Sulfurado;ESP/F07/2104/701;FASE 7;BOT_2380_INT;346,4039917;1;ESPERANZA
08-06-2023;PA1;C32;CAT 797 F;Sulfuro Baja Ley;ESP/F07/2104/7060;FASE 7;STOCK_SBL1;692,8079834;2;ESPERANZA
08-06-2023;PA1;C36;CAT 797 F;Lastre Sulfurado;ESP/F07/2104/701;FASE 7;BOT_2380_INT;2424,823914;7;ESPERANZA
08-06-2023;PA1;C36;CAT 797 F;Sulfuro Baja Ley;ESP/F07/2104/7060;FASE 7;STOCK_SBL1;346,4039917;1;ESPERANZA
08-06-2023;PA1;C37;CAT 797 F;Lastre Sulfurado;ESP/F07/2104/701;FASE 7;BOT_2380_INT;692,8079834;2;ESPERANZA
08-06-2023;PA1;C37;CAT 797 F;Sulfuro Baja Ley;ESP/F07/2104/7060;FASE 7;STOCK_SBL1;346,4039917;1;ESPERANZA
08-06-2023;PA1;C38;CAT 797 F;Lastre Sulfurado;ESP/F07/2104/701;FASE 7;BOT_2380_INT;1039,211975;3;ESPERANZA
08-06-2023;PA1;C38;CAT 797 F;Sulfuro Baja Ley;ESP/F07/2104/7060;FASE 7;STOCK_SBL1;1039,211975;3;ESPERANZA
08-06-2023;PA1;C39;CAT 797 F;Lastre Sulfurado;ESP/F07/2104/701;FASE 7;BOT_2380_INT;2078,424011;6;ESPERANZA
08-06-2023;PA1;C39;CAT 797 F;Sulfuro Baja Ley;ESP/F07/2104/7060;FASE 7;STOCK_SBL1;1039,209961;3;ESPERANZA
08-06-2023;PA1;C40;CAT 797 F;Lastre Sulfurado;ESP/F07/2104/701;FASE 7;BOT_2380_INT;692,8079834;2;ESPERANZA
08-06-2023;PA1;C40;CAT 797 F;Sulfuro Baja Ley;ESP/F07/2104/7060;FASE 7;STOCK_SBL1;1039,209961;3;ESPERANZA
08-06-2023;PA1;C41;CAT 797 F;Lastre Sulfurado;ESP/F07/2104/701;FASE 7;BOT_2380_INT;1039,211975;3;ESPERANZA
08-06-2023;PA1;C41;CAT 797 F;Sulfuro Baja Ley;ESP/F07/2104/7060;FASE 7;STOCK_SBL1;1385,613953;4;ESPERANZA
08-06-2023;PA1;C42;CAT 797 F;Lastre Sulfurado;ESP/F07/2104/701;FASE 7;BOT_2380_INT;1039,211975;3;ESPERANZA
08-06-2023;PA1;C42;CAT 797 F;Sulfuro Baja Ley;ESP/F07/2104/7060;FASE 7;STOCK_SBL1;1732,017944;5;ESPERANZA
08-06-2023;PA1;C43;CAT 797 F;Lastre Sulfurado;ESP/F07/2104/701;FASE 7;BOT_2380_INT;1385,613953;4;ESPERANZA
08-06-2023;PA1;C43;CAT 797 F;Sulfuro Baja Ley;ESP/F07/2104/7060;FASE 7;STOCK_SBL1;692,8079834;2;ESPERANZA
08-06-2023;PA1;C44;CAT 797 F;Lastre Sulfurado;ESP/F07/2104/701;FASE 7;BOT_2380_INT;1385,615967;4;ESPERANZA
08-06-2023;PA1;C44;CAT 797 F;Sulfuro Baja Ley;ESP/F07/2104/7060;FASE 7;STOCK_SBL1;2424,828003;7;ESPERANZA
08-06-2023;PA1;C45;CAT 797 F;Lastre Sulfurado;ESP/F07/2104/701;FASE 7;BOT_2380_INT;1385,615967;4;ESPERANZA
08-06-2023;PA1;C45;CAT 797 F;Sulfuro Baja Ley;ESP/F07/2104/7060;FASE 7;STOCK_SBL1;346,4039917;1;ESPERANZA
08-06-2023;PA1;C46;CAT 797 F;Lastre Sulfurado;ESP/F07/2104/701;FASE 7;BOT_2380_INT;3117,643982;9;ESPERANZA
08-06-2023;PA1;C46;CAT 797 F;Sulfuro Baja Ley;ESP/F07/2104/7060;FASE 7;STOCK_SBL1;346,4039917;1;ESPERANZA
08-06-2023;PA1;C47;CAT 797 F;Lastre Sulfurado;ESP/F07/2104/701;FASE 7;BOT_2380_INT;692,8079834;2;ESPERANZA
08-06-2023;PA1;C47;CAT 797 F;Lastre Sulfurado;ESP/F07/2104/701;FASE 7;BOT_MIJO;346,4039917;1;ESPERANZA
08-06-2023;PA1;C47;CAT 797 F;Sulfuro Baja Ley;ESP/F07/2104/7060;FASE 7;STOCK_SBL1;1039,211975;3;ESPERANZA
08-06-2023;PA1;C48;CAT 797 F;Lastre Sulfurado;ESP/F07/2104/701;FASE 7;BOT_2380_INT;2424,825928;7;ESPERANZA
08-06-2023;PA1;C49;KOM 930 E;Lastre Sulfurado;ESP/F07/2104/701;FASE 7;BOT_2380_INT;291;1;ESPERANZA
08-06-2023;PA1;C50;KOM 930 E;Lastre Sulfurado;ESP/F07/2104/701;FASE 7;BOT_2380_INT;291;1;ESPERANZA
08-06-2023;PA1;C51;KOM 930 E;Lastre Sulfurado;ESP/F07/2104/701;FASE 7;BOT_2380_INT;291;1;ESPERANZA
08-06-2023;PA1;C51;KOM 930 E;Sulfuro Baja Ley;ESP/F07/2104/7060;FASE 7;STOCK_SBL1;291;1;ESPERANZA
08-06-2023;PA1;C52;KOM 930 E;Lastre Sulfurado;ESP/F07/2104/701;FASE 7;BOT_2380_INT;291;1;ESPERANZA
08-06-2023;PA1;C53;KOM 930 E;Lastre Sulfurado;ESP/F07/2104/701;FASE 7;BOT_2380_INT;291;1;ESPERANZA
08-06-2023;PA1;C54;KOM 930 E;Lastre Sulfurado;ESP/F07/2104/701;FASE 7;BOT_2380_INT;291;1;ESPERANZA
08-06-2023;PA1;C55;KOM 930 E;Lastre Sulfurado;ESP/F07/2104/701;FASE 7;BOT_2380_INT;582;2;ESPERANZA
08-06-2023;PA1;C57;KOM 930 E;Lastre Sulfurado;ESP/F07/2104/701;FASE 7;BOT_2380_INT;291;1;ESPERANZA
08-06-2023;PA1;C60;KOM 930 E;Lastre Sulfurado;ESP/F07/2104/701;FASE 7;BOT_2380_INT;291;1;ESPERANZA
08-06-2023;PA1;C61;KOM 930 E;Lastre Sulfurado;ESP/F07/2104/701;FASE 7;BOT_2380_INT;582;2;ESPERANZA
08-06-2023;PA1;C61;KOM 930 E;Sulfuro Baja Ley;ESP/F07/2104/7060;FASE 7;STOCK_SBL1;291;1;ESPERANZA
08-06-2023;PA10;C980AHSESPS;Kom 980 AHS;Lastre Sulfurado;ESS/F03/2216/3233;F03 ESPSUR;BOTADERO_2021;52560;146;ESPERANZA_SUR
08-06-2023;PA11;C980AHSESPS;Kom 980 AHS;Sulfuro Baja Ley;ESS/F02/2104/201;F02 ESPSUR;STOCK_SBL_ESS;20160;56;ESPERANZA_SUR
08-06-2023;PA11;C980AHSESPS;Kom 980 AHS;Sulfuro de Media;ESS/F02/2104/201;F02 ESPSUR;STOCK_SME_ESS;15840;44;ESPERANZA_SUR
08-06-2023;PA2;C151;CAT 793 F;Sulfuro Planta;ESP/F08/1784/815;FASE 8;STOCK_SPL_DIN;1298,618958;6;ESPERANZA
08-06-2023;PA2;C152;CAT 793 F;Sulfuro de Media;ESP/F08/1768/8051;FASE 8;CHANCADO-SULFURO;216,4360046;1;ESPERANZA
08-06-2023;PA2;C152;CAT 793 F;Sulfuro Planta;ESP/F08/1784/815;FASE 8;STOCK_SPL_DIN;216,4360046;1;ESPERANZA
08-06-2023;PA2;C153;CAT 793 F;Sulfuro de Media;ESP/F08/1768/8051;FASE 8;STOCK_SME;216,4360046;1;ESPERANZA
08-06-2023;PA2;C153;CAT 793 F;Sulfuro Planta;ESP/F08/1784/815;FASE 8;STOCK_SPL_DIN;432,8729858;2;ESPERANZA
08-06-2023;PA2;C155;CAT 793 F;Sulfuro Planta;ESP/F08/1784/815;FASE 8;STOCK_SPL_DIN;216,4360046;1;ESPERANZA
08-06-2023;PA2;C156;CAT 793 F;Sulfuro Planta;ESP/F08/1784/815;FASE 8;STOCK_SPL_DIN;1298,618042;6;ESPERANZA
08-06-2023;PA2;C159;CAT 793 F;Sulfuro Planta;ESP/F08/1784/815;FASE 8;STOCK_SPL_DIN;649,309021;3;ESPERANZA
08-06-2023;PA2;C161;CAT 793 F;Sulfuro de Media;ESP/F08/1768/8051;FASE 8;STOCK_SME;216,4360046;1;ESPERANZA
08-06-2023;PA2;C162;CAT 793 F;Sulfuro Planta;ESP/F08/1784/815;FASE 8;STOCK_SPL_DIN;649,3089905;3;ESPERANZA
08-06-2023;PA2;C164;CAT 793 F;Sulfuro Baja Ley;ESP/F08/1768/8051;FASE 8;STOCK_SBL1;216,4360046;1;ESPERANZA
08-06-2023;PA2;C164;CAT 793 F;Sulfuro Planta;ESP/F08/1784/815;FASE 8;STOCK_SPL_DIN;1947,927979;9;ESPERANZA
08-06-2023;PA2;C20;CAT 797 F;Sulfuro Baja Ley;ESP/F08/1768/8051;FASE 8;CHANCADO-SULFURO;346,4039917;1;ESPERANZA
08-06-2023;PA2;C20;CAT 797 F;Sulfuro de Media;ESP/F08/1768/8051;FASE 8;STOCK_SME;346,4039917;1;ESPERANZA
08-06-2023;PA2;C24;CAT 797 F;Sulfuro de Media;ESP/F08/1768/8051;FASE 8;CHANCADO-SULFURO;346,4039917;1;ESPERANZA
08-06-2023;PA2;C25;CAT 797 F;Sulfuro Baja Ley;ESP/F08/1768/8051;FASE 8;CHANCADO-SULFURO;346,4039917;1;ESPERANZA
08-06-2023;PA2;C25;CAT 797 F;Sulfuro de Media;ESP/F08/1768/8051;FASE 8;STOCK_SME;346,4039917;1;ESPERANZA
08-06-2023;PA2;C25;CAT 797 F;Sulfuro Planta;ESP/F08/1784/815;FASE 8;STOCK_SPL_DIN;346,4039917;1;ESPERANZA
08-06-2023;PA2;C32;CAT 797 F;Sulfuro Baja Ley;ESP/F08/1768/8051;FASE 8;CHANCADO-SULFURO;346,4039917;1;ESPERANZA
08-06-2023;PA2;C32;CAT 797 F;Sulfuro Baja Ley;ESP/F08/1768/8051;FASE 8;STOCK_SBL1;346,4039917;1;ESPERANZA
08-06-2023;PA2;C32;CAT 797 F;Sulfuro de Media;ESP/F08/1768/8051;FASE 8;CHANCADO-SULFURO;346,4039917;1;ESPERANZA
08-06-2023;PA2;C32;CAT 797 F;Sulfuro Planta;ESP/F08/1784/815;FASE 8;STOCK_SPL_DIN;346,4039917;1;ESPERANZA
08-06-2023;PA2;C36;CAT 797 F;Sulfuro Planta;ESP/F08/1784/815;FASE 8;STOCK_SPL_DIN;692,8079834;2;ESPERANZA
08-06-2023;PA2;C37;CAT 797 F;Sulfuro de Media;ESP/F08/1768/8051;FASE 8;CHANCADO-SULFURO;346,4039917;1;ESPERANZA
08-06-2023;PA2;C38;CAT 797 F;Sulfuro de Media;ESP/F08/1768/8051;FASE 8;CHANCADO-SULFURO;346,4039917;1;ESPERANZA
08-06-2023;PA2;C39;CAT 797 F;Sulfuro Baja Ley;ESP/F08/1768/8051;FASE 8;CHANCADO-SULFURO;346,4039917;1;ESPERANZA
08-06-2023;PA2;C39;CAT 797 F;Sulfuro de Media;ESP/F08/1768/8051;FASE 8;CHANCADO-SULFURO;346,4039917;1;ESPERANZA
08-06-2023;PA2;C40;CAT 797 F;Sulfuro Baja Ley;ESP/F08/1768/8051;FASE 8;STOCK_SBL1;346,4039917;1;ESPERANZA
08-06-2023;PA2;C43;CAT 797 F;Sulfuro de Media;ESP/F08/1768/8051;FASE 8;CHANCADO-SULFURO;346,4039917;1;ESPERANZA
08-06-2023;PA2;C43;CAT 797 F;Sulfuro de Media;ESP/F08/1768/8051;FASE 8;STOCK_SME;346,4039917;1;ESPERANZA
08-06-2023;PA2;C45;CAT 797 F;Sulfuro Baja Ley;ESP/F08/1768/8051;FASE 8;CHANCADO-SULFURO;346,4039917;1;ESPERANZA
08-06-2023;PA2;C45;CAT 797 F;Sulfuro Planta;ESP/F08/1784/815;FASE 8;STOCK_SPL_DIN;346,4039917;1;ESPERANZA
08-06-2023;PA2;C46;CAT 797 F;Sulfuro Baja Ley;ESP/F08/1768/8051;FASE 8;CHANCADO-SULFURO;346,4039917;1;ESPERANZA
08-06-2023;PA2;C46;CAT 797 F;Sulfuro de Media;ESP/F08/1768/8051;FASE 8;STOCK_SME;346,4039917;1;ESPERANZA
08-06-2023;PA2;C48;CAT 797 F;Sulfuro Planta;ESP/F08/1784/815;FASE 8;STOCK_SPL_DIN;692,8079834;2;ESPERANZA
08-06-2023;PA2;C49;KOM 930 E;Sulfuro de Media;ESP/F08/1768/8051;FASE 8;STOCK_SME;291;1;ESPERANZA
08-06-2023;PA2;C49;KOM 930 E;Sulfuro Planta;ESP/F08/1784/815;FASE 8;STOCK_SPL_DIN;3492;12;ESPERANZA
08-06-2023;PA2;C50;KOM 930 E;Sulfuro de Media;ESP/F08/1768/8051;FASE 8;CHANCADO-SULFURO;291;1;ESPERANZA
08-06-2023;PA2;C50;KOM 930 E;Sulfuro de Media;ESP/F08/1768/8051;FASE 8;STOCK_SME;291;1;ESPERANZA
08-06-2023;PA2;C50;KOM 930 E;Sulfuro Planta;ESP/F08/1784/815;FASE 8;STOCK_SPL_DIN;3201;11;ESPERANZA
08-06-2023;PA2;C51;KOM 930 E;Sulfuro Baja Ley;ESP/F08/1768/8051;FASE 8;CHANCADO-SULFURO;291;1;ESPERANZA
08-06-2023;PA2;C51;KOM 930 E;Sulfuro de Media;ESP/F08/1768/8051;FASE 8;STOCK_SME;582;2;ESPERANZA
08-06-2023;PA2;C51;KOM 930 E;Sulfuro Planta;ESP/F08/1784/815;FASE 8;STOCK_SPL_DIN;3783;13;ESPERANZA
08-06-2023;PA2;C52;KOM 930 E;Sulfuro de Media;ESP/F08/1768/8051;FASE 8;CHANCADO-SULFURO;291;1;ESPERANZA
08-06-2023;PA2;C52;KOM 930 E;Sulfuro de Media;ESP/F08/1768/8051;FASE 8;STOCK_SME;291;1;ESPERANZA
08-06-2023;PA2;C52;KOM 930 E;Sulfuro Planta;ESP/F08/1784/815;FASE 8;STOCK_SPL_DIN;2910;10;ESPERANZA
08-06-2023;PA2;C53;KOM 930 E;Sulfuro de Media;ESP/F08/1768/8051;FASE 8;STOCK_SME;291;1;ESPERANZA
08-06-2023;PA2;C53;KOM 930 E;Sulfuro Planta;ESP/F08/1784/815;FASE 8;STOCK_SPL_DIN;2910;10;ESPERANZA
08-06-2023;PA2;C54;KOM 930 E;Sulfuro de Media;ESP/F08/1768/8051;FASE 8;STOCK_SME;291;1;ESPERANZA
08-06-2023;PA2;C54;KOM 930 E;Sulfuro Planta;ESP/F08/1784/815;FASE 8;STOCK_SPL_DIN;1164;4;ESPERANZA
08-06-2023;PA2;C55;KOM 930 E;Sulfuro de Media;ESP/F08/1768/8051;FASE 8;STOCK_SME;582;2;ESPERANZA
08-06-2023;PA2;C55;KOM 930 E;Sulfuro Planta;ESP/F08/1784/815;FASE 8;STOCK_SPL_DIN;2619;9;ESPERANZA
08-06-2023;PA2;C56;KOM 930 E;Sulfuro Planta;ESP/F08/1784/815;FASE 8;STOCK_SPL_DIN;291;1;ESPERANZA
08-06-2023;PA2;C57;KOM 930 E;Sulfuro Baja Ley;ESP/F08/1768/8051;FASE 8;STOCK_SBL1;291;1;ESPERANZA
08-06-2023;PA2;C57;KOM 930 E;Sulfuro Planta;ESP/F08/1784/815;FASE 8;STOCK_SPL_DIN;2037;7;ESPERANZA
08-06-2023;PA2;C58;KOM 930 E;Sulfuro Planta;ESP/F08/1784/815;FASE 8;STOCK_SPL_DIN;1164;4;ESPERANZA
08-06-2023;PA2;C59;KOM 930 E;Sulfuro de Media;ESP/F08/1768/8051;FASE 8;CHANCADO-SULFURO;291;1;ESPERANZA
08-06-2023;PA2;C59;KOM 930 E;Sulfuro Planta;ESP/F08/1784/815;FASE 8;STOCK_SPL_DIN;1746;6;ESPERANZA
08-06-2023;PA2;C60;KOM 930 E;Sulfuro de Media;ESP/F08/1768/8051;FASE 8;STOCK_SME;582;2;ESPERANZA
08-06-2023;PA2;C60;KOM 930 E;Sulfuro Planta;ESP/F08/1784/815;FASE 8;STOCK_SPL_DIN;2910;10;ESPERANZA
08-06-2023;PA2;C61;KOM 930 E;Sulfuro de Media;ESP/F08/1768/8051;FASE 8;CHANCADO-SULFURO;582;2;ESPERANZA
08-06-2023;PA2;C61;KOM 930 E;Sulfuro Planta;ESP/F08/1784/815;FASE 8;STOCK_SPL_DIN;3201;11;ESPERANZA
08-06-2023;PA211;C07;CAT 797 B;Lastre Sulfurado;ESP/F10/2296/1040;FASE 10;BOT_MIJO;346,4039917;1;ESPERANZA
08-06-2023;PA211;C12;CAT 797 B;Lastre Sulfurado;ESP/F10/2296/1040;FASE 10;BOT_CENTRAL_SUR_INF;346,4039917;1;ESPERANZA
08-06-2023;PA211;C12;CAT 797 B;Lastre Sulfurado;ESP/F10/2296/1040;FASE 10;BOT_MIJO;346,4039917;1;ESPERANZA
08-06-2023;PA211;C121;CAT 793 C;Lastre Sulfurado;ESP/F10/2296/1040;FASE 10;BOT_MIJO;216,4360046;1;ESPERANZA
08-06-2023;PA211;C128;CAT 793 C;Lastre Sulfurado;ESP/F10/2296/1040;FASE 10;BOT_MIJO;1298,619995;6;ESPERANZA
08-06-2023;PA211;C13;CAT 797 B;Lastre Sulfurado;ESP/F10/2296/1040;FASE 10;BOT_CENTRAL_SUR_INF;346,4039917;1;ESPERANZA
08-06-2023;PA211;C13;CAT 797 B;Lastre Sulfurado;ESP/F10/2296/1040;FASE 10;BOT_MIJO;1385,619995;4;ESPERANZA
08-06-2023;PA211;C131;CAT 793 C;Lastre Sulfurado;ESP/F10/2296/1040;FASE 10;BOT_CENTRAL_SUR_INF;216,4360046;1;ESPERANZA
08-06-2023;PA211;C134;CAT 793 C;Lastre Sulfurado;ESP/F10/2296/1040;FASE 10;BOT_MIJO;1298,619995;6;ESPERANZA
08-06-2023;PA211;C152;CAT 793 F;Lastre Sulfurado;ESP/F10/2296/1040;FASE 10;BOT_MIJO;432,8729858;2;ESPERANZA
08-06-2023;PA211;C155;CAT 793 F;Lastre Sulfurado;ESP/F10/2296/1040;FASE 10;BOT_MIJO;1082,180054;5;ESPERANZA
08-06-2023;PA211;C156;CAT 793 F;Lastre Sulfurado;ESP/F10/2296/1040;FASE 10;BOT_MIJO;649,309021;3;ESPERANZA
08-06-2023;PA211;C161;CAT 793 F;Lastre Sulfurado;ESP/F10/2296/1040;FASE 10;BOT_MIJO;216,4360046;1;ESPERANZA
08-06-2023;PA211;C162;CAT 793 F;Lastre Sulfurado;ESP/F10/2296/1040;FASE 10;BOT_MIJO;216,4360046;1;ESPERANZA
08-06-2023;PA211;C24;CAT 797 F;Lastre Sulfurado;ESP/F10/2296/1040;FASE 10;BOT_MIJO;346,4039917;1;ESPERANZA
08-06-2023;PA211;C32;CAT 797 F;Lastre Sulfurado;ESP/F10/2296/1040;FASE 10;BOT_CENTRAL_SUR_INF;346,4039917;1;ESPERANZA
08-06-2023;PA211;C40;CAT 797 F;Lastre Sulfurado;ESP/F10/2296/1040;FASE 10;BOT_MIJO;346,4039917;1;ESPERANZA
08-06-2023;PA211;C44;CAT 797 F;Lastre Sulfurado;ESP/F10/2296/1040;FASE 10;BOT_MIJO;346,4039917;1;ESPERANZA
08-06-2023;PA211;C45;CAT 797 F;Lastre Sulfurado;ESP/F10/2296/1040;FASE 10;BOT_MIJO;346,4039917;1;ESPERANZA
08-06-2023;PA211;C46;CAT 797 F;Lastre Sulfurado;ESP/F10/2296/1040;FASE 10;BOT_MIJO;346,4039917;1;ESPERANZA
08-06-2023;PA211;C50;KOM 930 E;Lastre Sulfurado;ESP/F10/2296/1040;FASE 10;BOT_MIJO;291;1;ESPERANZA
08-06-2023;PA26;C07;CAT 797 B;Lastre Oxidado;ESP/F07/2104/709;FASE 7;BOT_2380_INT;346,4039917;1;ESPERANZA
08-06-2023;PA26;C10;CAT 797 B;Lastre Oxidado;ESP/F07/2104/709;FASE 7;BOT_2380_INT;346,4039917;1;ESPERANZA
08-06-2023;PA26;C10;CAT 797 B;Lastre Oxidado;ESP/F07/2104/709;FASE 7;BOT_RAMPA_SUPERIOR;346,4039917;1;ESPERANZA
08-06-2023;PA26;C11;CAT 797 B;Lastre Oxidado;ESP/F07/2104/709;FASE 7;BOT_2380_INT;346,4039917;1;ESPERANZA
08-06-2023;PA26;C12;CAT 797 B;Lastre Oxidado;ESP/F07/2104/709;FASE 7;BOT_2380_INT;346,4039917;1;ESPERANZA
08-06-2023;PA26;C125;CAT 793 C;Lastre Oxidado;ESP/F07/2104/709;FASE 7;BOT_2380_INT;432,8720093;2;ESPERANZA
08-06-2023;PA26;C129;CAT 793 C;Lastre Oxidado;ESP/F07/2104/709;FASE 7;BOT_2380_INT;216,4360046;1;ESPERANZA
08-06-2023;PA26;C13;CAT 797 B;Lastre Oxidado;ESP/F07/2104/709;FASE 7;BOT_2380_INT;346,4039917;1;ESPERANZA
08-06-2023;PA26;C130;CAT 793 C;Lastre Oxidado;ESP/F07/2104/709;FASE 7;BOT_2380_INT;216,4360046;1;ESPERANZA
08-06-2023;PA26;C135;CAT 793 C;Lastre Oxidado;ESP/F07/2104/709;FASE 7;BOT_2380_INT;432,8729858;2;ESPERANZA
08-06-2023;PA26;C15;CAT 797 B;Lastre Oxidado;ESP/F07/2104/709;FASE 7;BOT_2380_INT;346,4039917;1;ESPERANZA
08-06-2023;PA26;C17;CAT 797 F;Lastre Oxidado;ESP/F07/2104/709;FASE 7;BOT_2380_INT;1385,619995;4;ESPERANZA
08-06-2023;PA26;C19;CAT 797 F;Lastre Oxidado;ESP/F07/2104/709;FASE 7;BOT_2380_INT;346,4039917;1;ESPERANZA
08-06-2023;PA26;C25;CAT 797 F;Lastre Oxidado;ESP/F07/2104/709;FASE 7;BOT_2380_INT;346,4039917;1;ESPERANZA
08-06-2023;PA26;C32;CAT 797 F;Lastre Oxidado;ESP/F07/2104/709;FASE 7;BOT_2380_INT;692,8079834;2;ESPERANZA
08-06-2023;PA26;C43;CAT 797 F;Lastre Oxidado;ESP/F07/2104/709;FASE 7;BOT_2380_INT;346,4039917;1;ESPERANZA
08-06-2023;PA26;C44;CAT 797 F;Lastre Oxidado;ESP/F07/2104/709;FASE 7;BOT_2380_INT;346,4039917;1;ESPERANZA
08-06-2023;PA26;C45;CAT 797 F;Lastre Oxidado;ESP/F07/2104/709;FASE 7;BOT_2380_INT;346,4039917;1;ESPERANZA
08-06-2023;PA26;C46;CAT 797 F;Lastre Oxidado;ESP/F07/2104/709;FASE 7;BOT_2380_INT;346,4039917;1;ESPERANZA
08-06-2023;PA26;C48;CAT 797 F;Lastre Oxidado;ESP/F07/2104/709;FASE 7;BOT_2380_INT;1039,209961;3;ESPERANZA
08-06-2023;PA3;C08;CAT 797 B;Lastre Sulfurado;ESP/F07/2120/731;FASE 7;BOT_2380_INT;346,4039917;1;ESPERANZA
08-06-2023;PA3;C09;CAT 797 B;Lastre Sulfurado;ESP/F07/2120/731;FASE 7;BOT_2380_INT;2078,424011;6;ESPERANZA
08-06-2023;PA3;C10;CAT 797 B;Lastre Sulfurado;ESP/F07/2120/731;FASE 7;BOT_2380_INT;692,8079834;2;ESPERANZA
08-06-2023;PA3;C11;CAT 797 B;Lastre Sulfurado;ESP/F07/2120/731;FASE 7;BOT_2380_INT;692,8079834;2;ESPERANZA
08-06-2023;PA3;C12;CAT 797 B;Lastre Sulfurado;ESP/F07/2120/731;FASE 7;BOT_2380_INT;1732,017944;5;ESPERANZA
08-06-2023;PA3;C122;CAT 793 C;Lastre Sulfurado;ESP/F07/2120/731;FASE 7;BOT_2380_INT;865,7459717;4;ESPERANZA
08-06-2023;PA3;C125;CAT 793 C;Lastre Sulfurado;ESP/F07/2120/731;FASE 7;BOT_2380_INT;1298,616058;6;ESPERANZA
08-06-2023;PA3;C128;CAT 793 C;Lastre Sulfurado;ESP/F07/2120/731;FASE 7;BOT_2380_INT;216,4360046;1;ESPERANZA
08-06-2023;PA3;C13;CAT 797 B;Lastre Sulfurado;ESP/F07/2120/731;FASE 7;BOT_2380_INT;2424,83197;7;ESPERANZA
08-06-2023;PA3;C131;CAT 793 C;Lastre Sulfurado;ESP/F07/2120/731;FASE 7;BOT_2380_INT;432,8729858;2;ESPERANZA
08-06-2023;PA3;C132;CAT 793 C;Lastre Sulfurado;ESP/F07/2120/731;FASE 7;BOT_2380_INT;432,8729858;2;ESPERANZA
08-06-2023;PA3;C134;CAT 793 C;Lastre Sulfurado;ESP/F07/2120/731;FASE 7;BOT_2380_INT;216,4360046;1;ESPERANZA
08-06-2023;PA3;C135;CAT 793 C;Lastre Sulfurado;ESP/F07/2120/731;FASE 7;BOT_2380_INT;216,4360046;1;ESPERANZA
08-06-2023;PA3;C14;CAT 797 B;Lastre Sulfurado;ESP/F07/2120/731;FASE 7;BOT_2380_INT;346,4039917;1;ESPERANZA
08-06-2023;PA3;C15;CAT 797 B;Lastre Sulfurado;ESP/F07/2120/731;FASE 7;BOT_2380_INT;2078,427979;6;ESPERANZA
08-06-2023;PA3;C152;CAT 793 F;Lastre Sulfurado;ESP/F07/2120/731;FASE 7;BOT_2380_INT;216,4360046;1;ESPERANZA
08-06-2023;PA3;C153;CAT 793 F;Lastre Sulfurado;ESP/F07/2120/731;FASE 7;BOT_2380_INT;432,8729858;2;ESPERANZA
08-06-2023;PA3;C154;CAT 793 F;Lastre Sulfurado;ESP/F07/2120/731;FASE 7;BOT_2380_INT;649,3089905;3;ESPERANZA
08-06-2023;PA3;C155;CAT 793 F;Lastre Sulfurado;ESP/F07/2120/731;FASE 7;BOT_2380_INT;432,8729858;2;ESPERANZA
08-06-2023;PA3;C159;CAT 793 F;Lastre Sulfurado;ESP/F07/2120/731;FASE 7;BOT_2380_INT;649,309021;3;ESPERANZA
08-06-2023;PA3;C16;CAT 797 B;Lastre Sulfurado;ESP/F07/2120/731;FASE 7;BOT_2380_INT;1385,619995;4;ESPERANZA
08-06-2023;PA3;C161;CAT 793 F;Lastre Sulfurado;ESP/F07/2120/731;FASE 7;BOT_2380_INT;432,8729858;2;ESPERANZA
08-06-2023;PA3;C162;CAT 793 F;Lastre Sulfurado;ESP/F07/2120/731;FASE 7;BOT_2380_INT;432,8729858;2;ESPERANZA
08-06-2023;PA3;C163;CAT 793 F;Lastre Sulfurado;ESP/F07/2120/731;FASE 7;BOT_2380_INT;216,4360046;1;ESPERANZA
08-06-2023;PA3;C17;CAT 797 F;Lastre Sulfurado;ESP/F07/2120/731;FASE 7;BOT_2380_INT;1732,019958;5;ESPERANZA
08-06-2023;PA3;C17;CAT 797 F;Lastre Sulfurado;ESP/F07/2120/731;FASE 7;BOT_RAMPA_SUPERIOR;346,4039917;1;ESPERANZA
08-06-2023;PA3;C18;CAT 797 F;Lastre Sulfurado;ESP/F07/2120/731;FASE 7;BOT_2380_INT;1385,619995;4;ESPERANZA
08-06-2023;PA3;C19;CAT 797 F;Lastre Sulfurado;ESP/F07/2120/731;FASE 7;BOT_2380_INT;2424,828003;7;ESPERANZA
08-06-2023;PA3;C20;CAT 797 F;Lastre Sulfurado;ESP/F07/2120/731;FASE 7;BOT_2380_INT;1732,017944;5;ESPERANZA
08-06-2023;PA3;C21;CAT 797 F;Lastre Sulfurado;ESP/F07/2120/731;FASE 7;BOT_2380_INT;2078,421936;6;ESPERANZA
08-06-2023;PA3;C22;CAT 797 F;Lastre Sulfurado;ESP/F07/2120/731;FASE 7;BOT_2380_INT;692,8079834;2;ESPERANZA
08-06-2023;PA3;C24;CAT 797 F;Lastre Sulfurado;ESP/F07/2120/731;FASE 7;BOT_2380_INT;1732,019958;5;ESPERANZA
08-06-2023;PA3;C25;CAT 797 F;Lastre Sulfurado;ESP/F07/2120/731;FASE 7;BOT_2380_INT;346,4039917;1;ESPERANZA
08-06-2023;PA3;C32;CAT 797 F;Lastre Sulfurado;ESP/F07/2120/731;FASE 7;BOT_2380_INT;2078,421936;6;ESPERANZA
08-06-2023;PA3;C36;CAT 797 F;Lastre Sulfurado;ESP/F07/2120/731;FASE 7;BOT_2380_INT;1385,615967;4;ESPERANZA
08-06-2023;PA3;C37;CAT 797 F;Lastre Sulfurado;ESP/F07/2120/731;FASE 7;BOT_2380_INT;1385,615967;4;ESPERANZA
08-06-2023;PA3;C38;CAT 797 F;Lastre Sulfurado;ESP/F07/2120/731;FASE 7;BOT_2380_INT;1385,615967;4;ESPERANZA
08-06-2023;PA3;C39;CAT 797 F;Lastre Sulfurado;ESP/F07/2120/731;FASE 7;BOT_2380_INT;2078,421936;6;ESPERANZA
08-06-2023;PA3;C40;CAT 797 F;Lastre Sulfurado;ESP/F07/2120/731;FASE 7;BOT_2380_INT;2078,421936;6;ESPERANZA
08-06-2023;PA3;C41;CAT 797 F;Lastre Sulfurado;ESP/F07/2120/731;FASE 7;BOT_2380_INT;3117,631897;9;ESPERANZA
08-06-2023;PA3;C42;CAT 797 F;Lastre Sulfurado;ESP/F07/2120/731;FASE 7;BOT_2380_INT;3464,039917;10;ESPERANZA
08-06-2023;PA3;C43;CAT 797 F;Lastre Sulfurado;ESP/F07/2120/731;FASE 7;BOT_2380_INT;1385,613953;4;ESPERANZA
08-06-2023;PA3;C44;CAT 797 F;Lastre Sulfurado;ESP/F07/2120/731;FASE 7;BOT_2380_INT;2078,427979;6;ESPERANZA
08-06-2023;PA3;C45;CAT 797 F;Lastre Sulfurado;ESP/F07/2120/731;FASE 7;BOT_2380_INT;346,4039917;1;ESPERANZA
08-06-2023;PA3;C46;CAT 797 F;Lastre Sulfurado;ESP/F07/2120/731;FASE 7;BOT_2380_INT;1732,017944;5;ESPERANZA
08-06-2023;PA3;C47;CAT 797 F;Lastre Sulfurado;ESP/F07/2120/731;FASE 7;BOT_2380_INT;1385,615967;4;ESPERANZA
08-06-2023;PA3;C48;CAT 797 F;Lastre Sulfurado;ESP/F07/2120/731;FASE 7;BOT_2380_INT;1385,615967;4;ESPERANZA
08-06-2023;PA3;C50;KOM 930 E;Lastre Sulfurado;ESP/F07/2120/731;FASE 7;BOT_2380_INT;582;2;ESPERANZA
08-06-2023;PA3;C51;KOM 930 E;Lastre Sulfurado;ESP/F07/2120/731;FASE 7;BOT_2380_INT;873;3;ESPERANZA
08-06-2023;PA3;C52;KOM 930 E;Lastre Sulfurado;ESP/F07/2120/731;FASE 7;BOT_2380_INT;873;3;ESPERANZA
08-06-2023;PA3;C53;KOM 930 E;Lastre Sulfurado;ESP/F07/2120/731;FASE 7;BOT_2380_INT;582;2;ESPERANZA
08-06-2023;PA3;C53;KOM 930 E;Lastre Sulfurado;ESP/F07/2120/731;FASE 7;BOT_CENTRAL_SUR_INF;291;1;ESPERANZA
08-06-2023;PA3;C54;KOM 930 E;Lastre Sulfurado;ESP/F07/2120/731;FASE 7;BOT_2380_INT;291;1;ESPERANZA
08-06-2023;PA3;C55;KOM 930 E;Lastre Sulfurado;ESP/F07/2120/731;FASE 7;BOT_2380_INT;1164;4;ESPERANZA
08-06-2023;PA3;C56;KOM 930 E;Lastre Sulfurado;ESP/F07/2120/731;FASE 7;BOT_2380_INT;291;1;ESPERANZA
08-06-2023;PA3;C57;KOM 930 E;Lastre Sulfurado;ESP/F07/2120/731;FASE 7;BOT_2380_INT;582;2;ESPERANZA
08-06-2023;PA3;C59;KOM 930 E;Lastre Sulfurado;ESP/F07/2120/731;FASE 7;BOT_2380_INT;873;3;ESPERANZA
08-06-2023;PA3;C60;KOM 930 E;Lastre Sulfurado;ESP/F07/2120/731;FASE 7;BOT_2380_INT;291;1;ESPERANZA
08-06-2023;PA3;C61;KOM 930 E;Lastre Sulfurado;ESP/F07/2120/731;FASE 7;BOT_2380_INT;291;1;ESPERANZA
08-06-2023;PA4;C07;CAT 797 B;Lastre Oxidado;ESP/F10/2328/125;FASE 10;BOT_MIJO;1732,017944;5;ESPERANZA
08-06-2023;PA4;C07;CAT 797 B;Lastre Oxidado;ESP/F10/2328/125;FASE 10;BOT_RAMPA_SUPERIOR;1385,619995;4;ESPERANZA
08-06-2023;PA4;C08;CAT 797 B;Lastre Oxidado;ESP/F10/2328/125;FASE 10;BOT_MIJO;1385,613953;4;ESPERANZA
08-06-2023;PA4;C08;CAT 797 B;Lastre Oxidado;ESP/F10/2328/1250;FASE 10;BOT_MIJO;1039,209961;3;ESPERANZA
08-06-2023;PA4;C08;CAT 797 B;Lastre Sulfurado;ESP/F10/2328/1240;FASE 10;BOT_MIJO;692,8079834;2;ESPERANZA
08-06-2023;PA4;C08;CAT 797 B;Lastre Sulfurado;ESP/F10/2328/1240;FASE 10;DESCARGA_PLATAFORMA;346,4039917;1;ESPERANZA
08-06-2023;PA4;C09;CAT 797 B;Lastre Oxidado;ESP/F10/2328/125;FASE 10;BOT_RAMPA_SUPERIOR;692,8079834;2;ESPERANZA
08-06-2023;PA4;C10;CAT 797 B;Lastre Oxidado;ESP/F10/2328/125;FASE 10;BOT_RAMPA_SUPERIOR;346,4039917;1;ESPERANZA
08-06-2023;PA4;C11;CAT 797 B;Lastre Oxidado;ESP/F10/2328/125;FASE 10;BOT_RAMPA_SUPERIOR;346,4039917;1;ESPERANZA
08-06-2023;PA4;C11;CAT 797 B;Lastre Oxidado;ESP/F10/2328/1250;FASE 10;BOT_MIJO;692,8079834;2;ESPERANZA
08-06-2023;PA4;C11;CAT 797 B;Lastre Sulfurado;ESP/F10/2328/1240;FASE 10;BOT_MIJO;692,8079834;2;ESPERANZA
08-06-2023;PA4;C12;CAT 797 B;Lastre Oxidado;ESP/F10/2328/125;FASE 10;BOT_RAMPA_SUPERIOR;346,4039917;1;ESPERANZA
08-06-2023;PA4;C12;CAT 797 B;Lastre Sulfurado;ESP/F10/2328/1240;FASE 10;BOT_MIJO;346,4039917;1;ESPERANZA
08-06-2023;PA4;C121;CAT 793 C;Lastre Oxidado;ESP/F10/2328/125;FASE 10;BOT_CENTRAL_SUR_INF;216,4360046;1;ESPERANZA
08-06-2023;PA4;C121;CAT 793 C;Lastre Sulfurado;ESP/F10/2328/1240;FASE 10;BOT_CENTRAL_SUR_INF;1082,180054;5;ESPERANZA
08-06-2023;PA4;C121;CAT 793 C;Lastre Sulfurado;ESP/F10/2328/1240;FASE 10;BOT_MIJO;649,309021;3;ESPERANZA
08-06-2023;PA4;C122;CAT 793 C;Lastre Oxidado;ESP/F10/2328/125;FASE 10;BOT_MIJO;216,4360046;1;ESPERANZA
08-06-2023;PA4;C128;CAT 793 C;Lastre Oxidado;ESP/F10/2328/125;FASE 10;BOT_RAMPA_SUPERIOR;216,4360046;1;ESPERANZA
08-06-2023;PA4;C128;CAT 793 C;Lastre Sulfurado;ESP/F10/2328/1240;FASE 10;BOT_CENTRAL_SUR_INF;216,4360046;1;ESPERANZA
08-06-2023;PA4;C128;CAT 793 C;Lastre Sulfurado;ESP/F10/2328/1240;FASE 10;BOT_MIJO;216,4360046;1;ESPERANZA
08-06-2023;PA4;C128;CAT 793 C;Lastre Sulfurado;ESP/F10/2328/1240;FASE 10;BOT_RAMPA_SUPERIOR;216,4360046;1;ESPERANZA
08-06-2023;PA4;C13;CAT 797 B;Lastre Oxidado;ESP/F10/2328/125;FASE 10;BOT_CENTRAL_SUR_INF;346,4039917;1;ESPERANZA
08-06-2023;PA4;C13;CAT 797 B;Lastre Oxidado;ESP/F10/2328/125;FASE 10;BOT_MIJO;692,8079834;2;ESPERANZA
08-06-2023;PA4;C131;CAT 793 C;Lastre Oxidado;ESP/F10/2328/125;FASE 10;BOT_MIJO;649,3089905;3;ESPERANZA
08-06-2023;PA4;C131;CAT 793 C;Lastre Oxidado;ESP/F10/2328/125;FASE 10;BOT_RAMPA_SUPERIOR;216,4360046;1;ESPERANZA
08-06-2023;PA4;C131;CAT 793 C;Lastre Sulfurado;ESP/F10/2328/1240;FASE 10;BOT_CENTRAL_SUR_INF;649,309021;3;ESPERANZA
08-06-2023;PA4;C131;CAT 793 C;Lastre Sulfurado;ESP/F10/2328/1240;FASE 10;BOT_MIJO;865,7459717;4;ESPERANZA
08-06-2023;PA4;C132;CAT 793 C;Lastre Oxidado;ESP/F10/2328/125;FASE 10;BOT_RAMPA_SUPERIOR;432,8729858;2;ESPERANZA
08-06-2023;PA4;C134;CAT 793 C;Lastre Oxidado;ESP/F10/2328/125;FASE 10;BOT_MIJO;432,8729858;2;ESPERANZA
08-06-2023;PA4;C134;CAT 793 C;Lastre Sulfurado;ESP/F10/2328/1240;FASE 10;BOT_CENTRAL_SUR_INF;216,4360046;1;ESPERANZA
08-06-2023;PA4;C134;CAT 793 C;Lastre Sulfurado;ESP/F10/2328/1240;FASE 10;BOT_MIJO;1298,619995;6;ESPERANZA
08-06-2023;PA4;C14;CAT 797 B;Lastre Oxidado;ESP/F10/2328/125;FASE 10;BOT_MIJO;1039,211975;3;ESPERANZA
08-06-2023;PA4;C14;CAT 797 B;Lastre Oxidado;ESP/F10/2328/1250;FASE 10;BOT_MIJO;692,8079834;2;ESPERANZA
08-06-2023;PA4;C14;CAT 797 B;Lastre Sulfurado;ESP/F10/2328/1240;FASE 10;BOT_MIJO;346,4039917;1;ESPERANZA
08-06-2023;PA4;C15;CAT 797 B;Lastre Oxidado;ESP/F10/2328/125;FASE 10;BOT_MIJO;1385,619995;4;ESPERANZA
08-06-2023;PA4;C15;CAT 797 B;Lastre Oxidado;ESP/F10/2328/125;FASE 10;BOT_RAMPA_SUPERIOR;346,4039917;1;ESPERANZA
08-06-2023;PA4;C15;CAT 797 B;Lastre Sulfurado;ESP/F10/2328/1240;FASE 10;BOT_MIJO;346,4039917;1;ESPERANZA
08-06-2023;PA4;C154;CAT 793 F;Lastre Oxidado;ESP/F10/2328/125;FASE 10;BOT_MIJO;216,4360046;1;ESPERANZA
08-06-2023;PA4;C155;CAT 793 F;Lastre Oxidado;ESP/F10/2328/125;FASE 10;BOT_MIJO;216,4360046;1;ESPERANZA
08-06-2023;PA4;C155;CAT 793 F;Lastre Sulfurado;ESP/F10/2328/1240;FASE 10;BOT_CENTRAL_SUR_INF;432,8729858;2;ESPERANZA
08-06-2023;PA4;C155;CAT 793 F;Lastre Sulfurado;ESP/F10/2328/1240;FASE 10;BOT_MIJO;432,8729858;2;ESPERANZA
08-06-2023;PA4;C156;CAT 793 F;Lastre Oxidado;ESP/F10/2328/125;FASE 10;BOT_RAMPA_SUPERIOR;216,4360046;1;ESPERANZA
08-06-2023;PA4;C156;CAT 793 F;Lastre Sulfurado;ESP/F10/2328/1240;FASE 10;BOT_CENTRAL_SUR_INF;216,4360046;1;ESPERANZA
08-06-2023;PA4;C156;CAT 793 F;Lastre Sulfurado;ESP/F10/2328/1240;FASE 10;BOT_MIJO;432,8729858;2;ESPERANZA
08-06-2023;PA4;C159;CAT 793 F;Lastre Oxidado;ESP/F10/2328/125;FASE 10;BOT_RAMPA_SUPERIOR;216,4360046;1;ESPERANZA
08-06-2023;PA4;C162;CAT 793 F;Lastre Oxidado;ESP/F10/2328/1250;FASE 10;BOT_MIJO;216,4360046;1;ESPERANZA
08-06-2023;PA4;C162;CAT 793 F;Lastre Sulfurado;ESP/F10/2328/1240;FASE 10;BOT_CENTRAL_SUR_INF;1082,180054;5;ESPERANZA
08-06-2023;PA4;C162;CAT 793 F;Lastre Sulfurado;ESP/F10/2328/1240;FASE 10;BOT_MIJO;865,7459717;4;ESPERANZA
08-06-2023;PA4;C163;CAT 793 F;Lastre Sulfurado;ESP/F10/2328/1240;FASE 10;BOT_MIJO;216,4360046;1;ESPERANZA
08-06-2023;PA4;C17;CAT 797 F;Lastre Oxidado;ESP/F10/2328/125;FASE 10;BOT_MIJO;346,4039917;1;ESPERANZA
08-06-2023;PA4;C18;CAT 797 F;Lastre Oxidado;ESP/F10/2328/125;FASE 10;BOT_RAMPA_SUPERIOR;346,4039917;1;ESPERANZA
08-06-2023;PA4;C22;CAT 797 F;Lastre Oxidado;ESP/F10/2328/125;FASE 10;BOT_CENTRAL_SUR_INF;346,4039917;1;ESPERANZA
08-06-2023;PA4;C22;CAT 797 F;Lastre Oxidado;ESP/F10/2328/125;FASE 10;BOT_MIJO;346,4039917;1;ESPERANZA
08-06-2023;PA4;C22;CAT 797 F;Lastre Oxidado;ESP/F10/2328/125;FASE 10;BOT_RAMPA_SUPERIOR;346,4039917;1;ESPERANZA
08-06-2023;PA4;C32;CAT 797 F;Lastre Oxidado;ESP/F10/2328/125;FASE 10;BOT_RAMPA_SUPERIOR;346,4039917;1;ESPERANZA
08-06-2023;PA4;C42;CAT 797 F;Lastre Oxidado;ESP/F10/2328/125;FASE 10;BOT_MIJO;346,4039917;1;ESPERANZA
08-06-2023;PA4;C42;CAT 797 F;Lastre Oxidado;ESP/F10/2328/125;FASE 10;BOT_RAMPA_SUPERIOR;692,8079834;2;ESPERANZA
08-06-2023;PA4;C46;CAT 797 F;Lastre Oxidado;ESP/F10/2328/125;FASE 10;BOT_RAMPA_SUPERIOR;1039,209961;3;ESPERANZA
08-06-2023;PA4;C54;KOM 930 E;Lastre Oxidado;ESP/F10/2328/125;FASE 10;BOT_MIJO;291;1;ESPERANZA
08-06-2023;PA4;C59;KOM 930 E;Lastre Sulfurado;ESP/F10/2328/1240;FASE 10;BOT_MIJO;291;1;ESPERANZA
08-06-2023;PA6;C07;CAT 797 B;Lastre Sulfurado;ESP/F10/2296/1040;FASE 10;BOT_RAMPA_SUPERIOR;346,4039917;1;ESPERANZA
08-06-2023;PA6;C08;CAT 797 B;Lastre Sulfurado;ESP/F10/2296/1040;FASE 10;BOT_CENTRAL_SUR_INF;692,8079834;2;ESPERANZA
08-06-2023;PA6;C08;CAT 797 B;Lastre Sulfurado;ESP/F10/2296/1040;FASE 10;BOT_RAMPA_SUPERIOR;346,4039917;1;ESPERANZA
08-06-2023;PA6;C10;CAT 797 B;Lastre Sulfurado;ESP/F10/2296/1040;FASE 10;BOT_MIJO;346,4039917;1;ESPERANZA
08-06-2023;PA6;C10;CAT 797 B;Lastre Sulfurado;ESP/F10/2296/1040;FASE 10;BOT_RAMPA_SUPERIOR;346,4039917;1;ESPERANZA
08-06-2023;PA6;C12;CAT 797 B;Lastre Sulfurado;ESP/F10/2296/1040;FASE 10;BOT_CENTRAL_SUR_INF;346,4039917;1;ESPERANZA
08-06-2023;PA6;C12;CAT 797 B;Lastre Sulfurado;ESP/F10/2296/1040;FASE 10;BOT_RAMPA_SUPERIOR;1039,209961;3;ESPERANZA
08-06-2023;PA6;C121;CAT 793 C;Lastre Sulfurado;ESP/F10/2296/1040;FASE 10;BOT_CENTRAL_SUR_INF;865,7459717;4;ESPERANZA
08-06-2023;PA6;C122;CAT 793 C;Lastre Sulfurado;ESP/F10/2296/1040;FASE 10;BOT_RAMPA_SUPERIOR;216,4360046;1;ESPERANZA
08-06-2023;PA6;C123;CAT 793 C;Lastre Sulfurado;ESP/F10/2296/1040;FASE 10;BOT_CENTRAL_SUR_INF;216,4360046;1;ESPERANZA
08-06-2023;PA6;C125;CAT 793 C;Lastre Sulfurado;ESP/F10/2296/1040;FASE 10;BOT_RAMPA_SUPERIOR;216,4360046;1;ESPERANZA
08-06-2023;PA6;C128;CAT 793 C;Lastre Sulfurado;ESP/F10/2296/1040;FASE 10;BOT_CENTRAL_SUR_INF;865,7459717;4;ESPERANZA
08-06-2023;PA6;C128;CAT 793 C;Lastre Sulfurado;ESP/F10/2296/1040;FASE 10;BOT_RAMPA_SUPERIOR;865,7459717;4;ESPERANZA
08-06-2023;PA6;C13;CAT 797 B;Lastre Sulfurado;ESP/F10/2296/1040;FASE 10;BOT_MIJO;346,4039917;1;ESPERANZA
08-06-2023;PA6;C13;CAT 797 B;Lastre Sulfurado;ESP/F10/2296/1040;FASE 10;BOT_RAMPA_SUPERIOR;1039,211975;3;ESPERANZA
08-06-2023;PA6;C131;CAT 793 C;Lastre Sulfurado;ESP/F10/2296/1040;FASE 10;BOT_CENTRAL_SUR_INF;432,8720093;2;ESPERANZA
08-06-2023;PA6;C131;CAT 793 C;Lastre Sulfurado;ESP/F10/2296/1040;FASE 10;BOT_RAMPA_SUPERIOR;216,4360046;1;ESPERANZA
08-06-2023;PA6;C134;CAT 793 C;Lastre Sulfurado;ESP/F10/2296/1040;FASE 10;BOT_CENTRAL_SUR_INF;432,8729858;2;ESPERANZA
08-06-2023;PA6;C14;CAT 797 B;Lastre Sulfurado;ESP/F10/2296/1040;FASE 10;BOT_RAMPA_SUPERIOR;1039,211975;3;ESPERANZA
08-06-2023;PA6;C152;CAT 793 F;Lastre Sulfurado;ESP/F10/2296/1040;FASE 10;BOT_CENTRAL_SUR_INF;216,4360046;1;ESPERANZA
08-06-2023;PA6;C154;CAT 793 F;Lastre Sulfurado;ESP/F10/2296/1040;FASE 10;BOT_CENTRAL_SUR_INF;216,4360046;1;ESPERANZA
08-06-2023;PA6;C154;CAT 793 F;Lastre Sulfurado;ESP/F10/2296/1040;FASE 10;BOT_MIJO;216,4360046;1;ESPERANZA
08-06-2023;PA6;C155;CAT 793 F;Lastre Sulfurado;ESP/F10/2296/1040;FASE 10;BOT_CENTRAL_SUR_INF;216,4360046;1;ESPERANZA
08-06-2023;PA6;C155;CAT 793 F;Lastre Sulfurado;ESP/F10/2296/1040;FASE 10;BOT_MIJO;216,4360046;1;ESPERANZA
08-06-2023;PA6;C155;CAT 793 F;Lastre Sulfurado;ESP/F10/2296/1040;FASE 10;BOT_RAMPA_SUPERIOR;216,4360046;1;ESPERANZA
08-06-2023;PA6;C156;CAT 793 F;Lastre Sulfurado;ESP/F10/2296/1040;FASE 10;BOT_CENTRAL_SUR_INF;216,4360046;1;ESPERANZA
08-06-2023;PA6;C156;CAT 793 F;Lastre Sulfurado;ESP/F10/2296/1040;FASE 10;BOT_RAMPA_SUPERIOR;216,4360046;1;ESPERANZA
08-06-2023;PA6;C159;CAT 793 F;Lastre Sulfurado;ESP/F10/2296/1040;FASE 10;BOT_RAMPA_SUPERIOR;216,4360046;1;ESPERANZA
08-06-2023;PA6;C160;CAT 793 F;Lastre Sulfurado;ESP/F10/2296/1040;FASE 10;BOT_RAMPA_SUPERIOR;432,8720093;2;ESPERANZA
08-06-2023;PA6;C162;CAT 793 F;Lastre Sulfurado;ESP/F10/2296/1040;FASE 10;BOT_CENTRAL_SUR_INF;432,8729858;2;ESPERANZA
08-06-2023;PA6;C162;CAT 793 F;Lastre Sulfurado;ESP/F10/2296/1040;FASE 10;BOT_MIJO;216,4360046;1;ESPERANZA
08-06-2023;PA6;C23;CAT 797 F;Lastre Sulfurado;ESP/F10/2296/1040;FASE 10;BOT_CENTRAL_SUR_INF;346,4039917;1;ESPERANZA
08-06-2023;PA6;C32;CAT 797 F;Lastre Sulfurado;ESP/F10/2296/1040;FASE 10;BOT_CENTRAL_SUR_INF;346,4039917;1;ESPERANZA
08-06-2023;PA6;C48;CAT 797 F;Lastre Sulfurado;ESP/F10/2296/1040;FASE 10;BOT_CENTRAL_SUR_INF;346,4039917;1;ESPERANZA
08-06-2023;PA6;C53;KOM 930 E;Lastre Sulfurado;ESP/F10/2296/1040;FASE 10;BOT_CENTRAL_SUR_INF;582;2;ESPERANZA
08-06-2023;PA6;C59;KOM 930 E;Lastre Sulfurado;ESP/F10/2296/1040;FASE 10;BOT_CENTRAL_SUR_INF;291;1;ESPERANZA
08-06-2023;PA6;C60;KOM 930 E;Lastre Sulfurado;ESP/F10/2296/1040;FASE 10;BOT_CENTRAL_SUR_INF;291;1;ESPERANZA
08-06-2023;PA7;C07;CAT 797 B;Lastre Sulfurado;ESP/F07/2120/727;FASE 7;BOT_2380_INT;692,8079834;2;ESPERANZA
08-06-2023;PA7;C08;CAT 797 B;Lastre Sulfurado;ESP/F07/2120/727;FASE 7;BOT_2380_INT;1385,619995;4;ESPERANZA
08-06-2023;PA7;C09;CAT 797 B;Lastre Sulfurado;ESP/F07/2120/727;FASE 7;BOT_2380_INT;2078,421936;6;ESPERANZA
08-06-2023;PA7;C10;CAT 797 B;Lastre Sulfurado;ESP/F07/2120/727;FASE 7;BOT_2380_INT;1732,017944;5;ESPERANZA
08-06-2023;PA7;C11;CAT 797 B;Lastre Sulfurado;ESP/F07/2120/727;FASE 7;BOT_2380_INT;1039,211975;3;ESPERANZA
08-06-2023;PA7;C12;CAT 797 B;Lastre Sulfurado;ESP/F07/2120/727;FASE 7;BOT_2380_INT;2078,419922;6;ESPERANZA
08-06-2023;PA7;C122;CAT 793 C;Lastre Sulfurado;ESP/F07/2120/727;FASE 7;BOT_2380_INT;649,309021;3;ESPERANZA
08-06-2023;PA7;C125;CAT 793 C;Lastre Sulfurado;ESP/F07/2120/727;FASE 7;BOT_2380_INT;865,7459717;4;ESPERANZA
08-06-2023;PA7;C129;CAT 793 C;Lastre Sulfurado;ESP/F07/2120/727;FASE 7;BOT_2380_INT;649,309021;3;ESPERANZA
08-06-2023;PA7;C13;CAT 797 B;Lastre Sulfurado;ESP/F07/2120/727;FASE 7;BOT_2380_INT;1039,211975;3;ESPERANZA
08-06-2023;PA7;C131;CAT 793 C;Lastre Sulfurado;ESP/F07/2120/727;FASE 7;BOT_2380_INT;216,4360046;1;ESPERANZA
08-06-2023;PA7;C132;CAT 793 C;Lastre Sulfurado;ESP/F07/2120/727;FASE 7;BOT_2380_INT;865,7459717;4;ESPERANZA
08-06-2023;PA7;C135;CAT 793 C;Lastre Sulfurado;ESP/F07/2120/727;FASE 7;BOT_2380_INT;865,7459717;4;ESPERANZA
08-06-2023;PA7;C14;CAT 797 B;Lastre Sulfurado;ESP/F07/2120/727;FASE 7;BOT_2380_INT;1385,619995;4;ESPERANZA
08-06-2023;PA7;C15;CAT 797 B;Lastre Sulfurado;ESP/F07/2120/727;FASE 7;BOT_2380_INT;346,4039917;1;ESPERANZA
08-06-2023;PA7;C153;CAT 793 F;Lastre Sulfurado;ESP/F07/2120/727;FASE 7;BOT_2380_INT;216,4360046;1;ESPERANZA
08-06-2023;PA7;C154;CAT 793 F;Lastre Sulfurado;ESP/F07/2120/727;FASE 7;BOT_2380_INT;865,7459717;4;ESPERANZA
08-06-2023;PA7;C155;CAT 793 F;Lastre Sulfurado;ESP/F07/2120/727;FASE 7;BOT_2380_INT;216,4360046;1;ESPERANZA
08-06-2023;PA7;C156;CAT 793 F;Lastre Sulfurado;ESP/F07/2120/727;FASE 7;BOT_2380_INT;216,4360046;1;ESPERANZA
08-06-2023;PA7;C159;CAT 793 F;Lastre Sulfurado;ESP/F07/2120/727;FASE 7;BOT_2380_INT;216,4360046;1;ESPERANZA
08-06-2023;PA7;C16;CAT 797 B;Lastre Sulfurado;ESP/F07/2120/727;FASE 7;BOT_2380_INT;2424,823914;7;ESPERANZA
08-06-2023;PA7;C163;CAT 793 F;Lastre Sulfurado;ESP/F07/2120/727;FASE 7;BOT_2380_INT;216,4360046;1;ESPERANZA
08-06-2023;PA7;C17;CAT 797 F;Lastre Sulfurado;ESP/F07/2120/727;FASE 7;BOT_2380_INT;1039,211975;3;ESPERANZA
08-06-2023;PA7;C18;CAT 797 F;Lastre Sulfurado;ESP/F07/2120/727;FASE 7;BOT_2380_INT;2424,828003;7;ESPERANZA
08-06-2023;PA7;C19;CAT 797 F;Lastre Sulfurado;ESP/F07/2120/727;FASE 7;BOT_2380_INT;2771,23407;8;ESPERANZA
08-06-2023;PA7;C20;CAT 797 F;Lastre Sulfurado;ESP/F07/2120/727;FASE 7;BOT_2380_INT;1385,613953;4;ESPERANZA
08-06-2023;PA7;C21;CAT 797 F;Lastre Sulfurado;ESP/F07/2120/727;FASE 7;BOT_2380_INT;2078,419922;6;ESPERANZA
08-06-2023;PA7;C22;CAT 797 F;Lastre Sulfurado;ESP/F07/2120/727;FASE 7;BOT_2380_INT;4849,659912;14;ESPERANZA
08-06-2023;PA7;C23;CAT 797 F;Lastre Sulfurado;ESP/F07/2120/727;FASE 7;BOT_2380_INT;346,4039917;1;ESPERANZA
08-06-2023;PA7;C24;CAT 797 F;Lastre Sulfurado;ESP/F07/2120/727;FASE 7;BOT_2380_INT;692,8079834;2;ESPERANZA
08-06-2023;PA7;C25;CAT 797 F;Lastre Sulfurado;ESP/F07/2120/727;FASE 7;BOT_2380_INT;692,8079834;2;ESPERANZA
08-06-2023;PA7;C32;CAT 797 F;Lastre Sulfurado;ESP/F07/2120/727;FASE 7;BOT_2380_INT;2078,424011;6;ESPERANZA
08-06-2023;PA7;C36;CAT 797 F;Lastre Sulfurado;ESP/F07/2120/727;FASE 7;BOT_2380_INT;1732,019958;5;ESPERANZA
08-06-2023;PA7;C37;CAT 797 F;Lastre Sulfurado;ESP/F07/2120/727;FASE 7;BOT_2380_INT;2424,828003;7;ESPERANZA
08-06-2023;PA7;C38;CAT 797 F;Lastre Sulfurado;ESP/F07/2120/727;FASE 7;BOT_2380_INT;1732,019958;5;ESPERANZA
08-06-2023;PA7;C39;CAT 797 F;Lastre Sulfurado;ESP/F07/2120/727;FASE 7;BOT_2380_INT;1039,211975;3;ESPERANZA
08-06-2023;PA7;C40;CAT 797 F;Lastre Sulfurado;ESP/F07/2120/727;FASE 7;BOT_2380_INT;2771,231995;8;ESPERANZA
08-06-2023;PA7;C41;CAT 797 F;Lastre Sulfurado;ESP/F07/2120/727;FASE 7;BOT_2380_INT;2771,227905;8;ESPERANZA
08-06-2023;PA7;C42;CAT 797 F;Lastre Sulfurado;ESP/F07/2120/727;FASE 7;BOT_2380_INT;692,8079834;2;ESPERANZA
08-06-2023;PA7;C43;CAT 797 F;Lastre Sulfurado;ESP/F07/2120/727;FASE 7;BOT_2380_INT;2424,829956;7;ESPERANZA
08-06-2023;PA7;C44;CAT 797 F;Lastre Sulfurado;ESP/F07/2120/727;FASE 7;BOT_2380_INT;2078,427979;6;ESPERANZA
08-06-2023;PA7;C45;CAT 797 F;Lastre Sulfurado;ESP/F07/2120/727;FASE 7;BOT_2380_INT;2771,227905;8;ESPERANZA
08-06-2023;PA7;C46;CAT 797 F;Lastre Sulfurado;ESP/F07/2120/727;FASE 7;BOT_2380_INT;3117,640015;9;ESPERANZA
08-06-2023;PA7;C47;CAT 797 F;Lastre Sulfurado;ESP/F07/2120/727;FASE 7;BOT_2380_INT;1732,023987;5;ESPERANZA
08-06-2023;PA7;C48;CAT 797 F;Lastre Sulfurado;ESP/F07/2120/727;FASE 7;BOT_2380_INT;2078,421936;6;ESPERANZA
08-06-2023;PA7;C50;KOM 930 E;Lastre Sulfurado;ESP/F07/2120/727;FASE 7;BOT_2380_INT;873;3;ESPERANZA
08-06-2023;PA7;C53;KOM 930 E;Lastre Sulfurado;ESP/F07/2120/727;FASE 7;BOT_2380_INT;291;1;ESPERANZA
08-06-2023;PA7;C54;KOM 930 E;Lastre Sulfurado;ESP/F07/2120/727;FASE 7;BOT_2380_INT;873;3;ESPERANZA
08-06-2023;PA7;C55;KOM 930 E;Lastre Sulfurado;ESP/F07/2120/727;FASE 7;BOT_2380_INT;1164;4;ESPERANZA
08-06-2023;PA7;C56;KOM 930 E;Lastre Sulfurado;ESP/F07/2120/727;FASE 7;BOT_2380_INT;582;2;ESPERANZA
08-06-2023;PA7;C59;KOM 930 E;Lastre Sulfurado;ESP/F07/2120/727;FASE 7;BOT_2380_INT;291;1;ESPERANZA
08-06-2023;PA7;C60;KOM 930 E;Lastre Sulfurado;ESP/F07/2120/727;FASE 7;BOT_2380_INT;582;2;ESPERANZA
08-06-2023;PA7;C61;KOM 930 E;Lastre Sulfurado;ESP/F07/2120/727;FASE 7;BOT_2380_INT;291;1;ESPERANZA
08-06-2023;PA9;C09;CAT 797 B;Lastre Sulfurado;ESP/F07/2104/701;FASE 7;BOT_RAMPA_SUPERIOR;346,4039917;1;ESPERANZA
08-06-2023;PA9;C10;CAT 797 B;Lastre Sulfurado;ESP/F07/2104/701;FASE 7;BOT_MIJO;692,8079834;2;ESPERANZA
08-06-2023;PA9;C11;CAT 797 B;Lastre Sulfurado;ESP/F07/2104/701;FASE 7;BOT_MIJO;692,8079834;2;ESPERANZA
08-06-2023;PA9;C11;CAT 797 B;Lastre Sulfurado;ESP/F07/2104/701;FASE 7;BOT_RAMPA_SUPERIOR;346,4039917;1;ESPERANZA
08-06-2023;PA9;C12;CAT 797 B;Lastre Sulfurado;ESP/F07/2104/701;FASE 7;BOT_CENTRAL_SUR_INF;346,4039917;1;ESPERANZA
08-06-2023;PA9;C13;CAT 797 B;Lastre Sulfurado;ESP/F07/2104/701;FASE 7;BOT_MIJO;346,4039917;1;ESPERANZA
08-06-2023;PA9;C15;CAT 797 B;Lastre Sulfurado;ESP/F07/2104/701;FASE 7;BOT_CENTRAL_SUR_INF;346,4039917;1;ESPERANZA
08-06-2023;PA9;C15;CAT 797 B;Lastre Sulfurado;ESP/F07/2104/701;FASE 7;BOT_MIJO;346,4039917;1;ESPERANZA
08-06-2023;PA9;C15;CAT 797 B;Lastre Sulfurado;ESP/F07/2104/701;FASE 7;BOT_RAMPA_SUPERIOR;346,4039917;1;ESPERANZA
08-06-2023;PA9;C151;CAT 793 F;Lastre Sulfurado;ESP/F07/2104/701;FASE 7;BOT_MIJO;865,7459717;4;ESPERANZA
08-06-2023;PA9;C151;CAT 793 F;Lastre Sulfurado;ESP/F07/2104/701;FASE 7;BOT_RAMPA_SUPERIOR;216,4360046;1;ESPERANZA
08-06-2023;PA9;C154;CAT 793 F;Lastre Sulfurado;ESP/F07/2104/701;FASE 7;BOT_MIJO;649,309021;3;ESPERANZA
08-06-2023;PA9;C154;CAT 793 F;Lastre Sulfurado;ESP/F07/2104/701;FASE 7;BOT_RAMPA_SUPERIOR;432,8729858;2;ESPERANZA
08-06-2023;PA9;C155;CAT 793 F;Lastre Sulfurado;ESP/F07/2104/701;FASE 7;BOT_MIJO;865,7459717;4;ESPERANZA
08-06-2023;PA9;C155;CAT 793 F;Lastre Sulfurado;ESP/F07/2104/701;FASE 7;BOT_RAMPA_SUPERIOR;216,4360046;1;ESPERANZA
08-06-2023;PA9;C159;CAT 793 F;Lastre Sulfurado;ESP/F07/2104/701;FASE 7;BOT_RAMPA_SUPERIOR;216,4360046;1;ESPERANZA
08-06-2023;PA9;C164;CAT 793 F;Lastre Sulfurado;ESP/F07/2104/701;FASE 7;BOT_MIJO;216,4360046;1;ESPERANZA
08-06-2023;PA9;C164;CAT 793 F;Lastre Sulfurado;ESP/F07/2104/701;FASE 7;BOT_RAMPA_SUPERIOR;216,4360046;1;ESPERANZA
08-06-2023;PA9;C19;CAT 797 F;Lastre Sulfurado;ESP/F07/2104/701;FASE 7;BOT_RAMPA_SUPERIOR;692,8079834;2;ESPERANZA
08-06-2023;PA9;C23;CAT 797 F;Lastre Sulfurado;ESP/F07/2104/701;FASE 7;BOT_MIJO;692,8079834;2;ESPERANZA
08-06-2023;PA9;C37;CAT 797 F;Lastre Sulfurado;ESP/F07/2104/701;FASE 7;BOT_MIJO;692,8079834;2;ESPERANZA
08-06-2023;PA9;C38;CAT 797 F;Lastre Sulfurado;ESP/F07/2104/701;FASE 7;BOT_MIJO;346,4039917;1;ESPERANZA
08-06-2023;PA9;C40;CAT 797 F;Lastre Sulfurado;ESP/F07/2104/701;FASE 7;BOT_CENTRAL_SUR_INF;346,4039917;1;ESPERANZA
08-06-2023;PA9;C40;CAT 797 F;Lastre Sulfurado;ESP/F07/2104/701;FASE 7;BOT_MIJO;692,8079834;2;ESPERANZA
08-06-2023;PA9;C41;CAT 797 F;Lastre Sulfurado;ESP/F07/2104/701;FASE 7;BOT_MIJO;346,4039917;1;ESPERANZA
08-06-2023;PA9;C41;CAT 797 F;Lastre Sulfurado;ESP/F07/2104/701;FASE 7;BOT_RAMPA_SUPERIOR;1039,209961;3;ESPERANZA
08-06-2023;PA9;C45;CAT 797 F;Lastre Sulfurado;ESP/F07/2104/701;FASE 7;BOT_MIJO;1732,017944;5;ESPERANZA
08-06-2023;PA9;C45;CAT 797 F;Lastre Sulfurado;ESP/F07/2104/701;FASE 7;BOT_RAMPA_SUPERIOR;346,4039917;1;ESPERANZA
08-06-2023;PA9;C47;CAT 797 F;Lastre Sulfurado;ESP/F07/2104/701;FASE 7;BOT_MIJO;692,8079834;2;ESPERANZA
08-06-2023;PA9;C47;CAT 797 F;Lastre Sulfurado;ESP/F07/2104/701;FASE 7;BOT_RAMPA_SUPERIOR;1385,619995;4;ESPERANZA
08-06-2023;PA9;C49;KOM 930 E;Lastre Sulfurado;ESP/F07/2104/701;FASE 7;BOT_MIJO;1746;6;ESPERANZA
08-06-2023;PA9;C49;KOM 930 E;Lastre Sulfurado;ESP/F07/2104/701;FASE 7;BOT_RAMPA_SUPERIOR;873;3;ESPERANZA
08-06-2023;PA9;C50;KOM 930 E;Lastre Sulfurado;ESP/F07/2104/701;FASE 7;BOT_CENTRAL_SUR_INF;291;1;ESPERANZA
08-06-2023;PA9;C50;KOM 930 E;Lastre Sulfurado;ESP/F07/2104/701;FASE 7;BOT_MIJO;291;1;ESPERANZA
08-06-2023;PA9;C51;KOM 930 E;Lastre Sulfurado;ESP/F07/2104/701;FASE 7;BOT_2380_INT;291;1;ESPERANZA
08-06-2023;PA9;C51;KOM 930 E;Lastre Sulfurado;ESP/F07/2104/701;FASE 7;BOT_RAMPA_SUPERIOR;291;1;ESPERANZA
08-06-2023;PA9;C52;KOM 930 E;Lastre Sulfurado;ESP/F07/2104/701;FASE 7;BOT_2380_INT;291;1;ESPERANZA
08-06-2023;PA9;C53;KOM 930 E;Lastre Sulfurado;ESP/F07/2104/701;FASE 7;BOT_RAMPA_SUPERIOR;582;2;ESPERANZA
08-06-2023;PA9;C54;KOM 930 E;Lastre Sulfurado;ESP/F07/2104/701;FASE 7;BOT_CENTRAL_SUR_INF;291;1;ESPERANZA
08-06-2023;PA9;C54;KOM 930 E;Lastre Sulfurado;ESP/F07/2104/701;FASE 7;BOT_MIJO;1746;6;ESPERANZA
08-06-2023;PA9;C55;KOM 930 E;Lastre Sulfurado;ESP/F07/2104/701;FASE 7;BOT_CENTRAL_SUR_INF;291;1;ESPERANZA
08-06-2023;PA9;C57;KOM 930 E;Lastre Sulfurado;ESP/F07/2104/701;FASE 7;BOT_MIJO;291;1;ESPERANZA
08-06-2023;PA9;C57;KOM 930 E;Lastre Sulfurado;ESP/F07/2104/701;FASE 7;BOT_RAMPA_SUPERIOR;873;3;ESPERANZA
08-06-2023;PA9;C58;KOM 930 E;Lastre Sulfurado;ESP/F07/2104/701;FASE 7;BOT_RAMPA_SUPERIOR;582;2;ESPERANZA
08-06-2023;PA9;C59;KOM 930 E;Lastre Sulfurado;ESP/F07/2104/701;FASE 7;BOT_MIJO;873;3;ESPERANZA
08-06-2023;PA9;C59;KOM 930 E;Lastre Sulfurado;ESP/F07/2104/701;FASE 7;BOT_RAMPA_SUPERIOR;582;2;ESPERANZA
08-06-2023;PA9;C60;KOM 930 E;Lastre Sulfurado;ESP/F07/2104/701;FASE 7;BOT_RAMPA_SUPERIOR;582;2;ESPERANZA
08-06-2023;PA9;C61;KOM 930 E;Lastre Sulfurado;ESP/F07/2104/701;FASE 7;BOT_RAMPA_SUPERIOR;291;1;ESPERANZA
08-06-2023;PAESPS;C980AHSESPS;Kom 980 AHS;Sulfuro Baja Ley;ESS/F02/2120/213;F02 ESPSUR;STOCK_SBL_ESS;18720;52;ESPERANZA_SUR
08-06-2023;PATH01;C125;CAT 793 C;Marginal Rom;STOCK_MRO_MIR;OXIDO;ROM;1980;9;TESORO
08-06-2023;PATH01;C135;CAT 793 C;Marginal Rom;STOCK_MRO_MIR;OXIDO;ROM;1540;7;TESORO
08-06-2023;PATH01;C152;CAT 793 F;Marginal Rom;STOCK_MRO_MIR;OXIDO;ROM;225;1;TESORO
08-06-2023;PATH01;C156;CAT 793 F;Marginal Rom;STOCK_MRO_MIR;OXIDO;ROM;2025;9;TESORO
08-06-2023;PATH01;C160;CAT 793 F;Marginal Rom;STOCK_MRO_MIR;OXIDO;ROM;675;3;TESORO
08-06-2023;PATH01;C161;CAT 793 F;Marginal Rom;STOCK_MRO_MIR;OXIDO;ROM;2925;13;TESORO
08-06-2023;PATH01;C163;CAT 793 F;Marginal Rom;STOCK_MRO_MIR;OXIDO;ROM;3150;14;TESORO
08-06-2023;PATH01;C701;LIEBHERR 264 ;LASTRE (LAS);LLA/F01/2310/1052;F01 LLA;BOT_TSS;37887;173;LLANO
08-06-2023;PATH01;C701;LIEBHERR 264 ;LASTRE (LAS);LLA/F02/2302.5/213;F02 LLA;BOT_TSS;219;1;LLANO
08-06-2023;PATH01;C702;LIEBHERR 264 ;LASTRE (LAS);LLA/F01/2310/1052;F01 LLA;BOT_TSS;49494;226;LLANO
08-06-2023;PATH01;C702;LIEBHERR 264 ;LASTRE (LAS);LLA/F02/2302.5/213;F02 LLA;BOT_TSS;2847;13;LLANO
08-06-2023;PATH01;C793OXE;CAT 793 OXE;L21;04_2376_455;FASE 04 ENC;BOT_2400_1;65340;297;ENCUENTRO
08-06-2023;PATH01;C793OXE;CAT 793 OXE;L21;04_2376_455;FASE 04 ENC;BOT_2440;42680;194;ENCUENTRO
08-06-2023;PATH01;C793OXE;CAT 793 OXE;Mineral Sulfuro Primario(PRI);OXE/F04/2144/4030;FASE 04 ENC;MOD G;28380;129;ENCUENTRO
08-06-2023;PATH01;C793OXE;CAT 793 OXE;OAR;MOD_A_REM;ENCUENTRO OXE;CHANCADO-ENCUENTRO;17820;81;ENCUENTRO
08-06-2023;PATH01;C793OXE;CAT 793 OXE;ORM;MOD_B_REM;ENCUENTRO OXE;CHANCADO-ENCUENTRO;8800;40;ENCUENTRO
08-06-2023;PATH01;C793OXE;CAT 793 OXE;ORM;MOD_C_REM;ENCUENTRO OXE;CHANCADO-ENCUENTRO;15620;71;ENCUENTRO
08-06-2023;PATH01;C793OXE;CAT 793 OXE;OXIDO MARGINAL (OXMAR);OXE/F04/2144/4030;FASE 04 ENC;STOCK _MARGINAL_ESTE;6380;29;ENCUENTRO
08-06-2023;PATH01;C793OXE;CAT 793 OXE;OXIDO MARGINAL (OXMAR);OXE/F04/2144/405;FASE 04 ENC;STOCK _MARGINAL_ESTE;7700;35;ENCUENTRO