Fecha;Carguio;Camión;Flota;Material;Origen;Zona;Destino;Tonelaje;Ciclos;Rajo
09-06-2023;CF2;C07;CAT 797 B;Sulfuro Baja Ley;STOCK_SBL_ESS;ESPERANZA_SUR;CHANCADO-SULFURO;3117,633972;9;ESPERANZA_SUR
09-06-2023;CF2;C07;CAT 797 B;Sulfuro Planta;STOCK_SPL_DIN;ESPERANZA;CHANCADO-SULFURO;692,8079834;2;ESPERANZA
09-06-2023;CF2;C08;CAT 797 B;Sulfuro Baja Ley;STOCK_SBL_ESS;ESPERANZA_SUR;CHANCADO-SULFURO;1039,209961;3;ESPERANZA_SUR
09-06-2023;CF2;C11;CAT 797 B;Sulfuro Baja Ley;STOCK_SBL_ESS;ESPERANZA_SUR;CHANCADO-SULFURO;692,8079834;2;ESPERANZA_SUR
09-06-2023;CF2;C11;CAT 797 B;Sulfuro Planta;STOCK_SPL_DIN;ESPERANZA;CHANCADO-SULFURO;9699,314148;28;ESPERANZA
09-06-2023;CF2;C12;CAT 797 B;Sulfuro Baja Ley;STOCK_SBL_ESS;ESPERANZA_SUR;CHANCADO-SULFURO;2424,830078;7;ESPERANZA_SUR
09-06-2023;CF2;C12;CAT 797 B;Sulfuro Planta;STOCK_SPL_DIN;ESPERANZA;CHANCADO-SULFURO;7620,890137;22;ESPERANZA
09-06-2023;CF2;C15;CAT 797 B;Sulfuro Baja Ley;STOCK_SBL_ESS;ESPERANZA_SUR;CHANCADO-SULFURO;692,8079834;2;ESPERANZA_SUR
09-06-2023;CF2;C155;CAT 793 F;Sulfuro Planta;STOCK_SPL_DIN;ESPERANZA;CHANCADO-SULFURO;1084,800049;5;ESPERANZA
09-06-2023;CF2;C156;CAT 793 F;Sulfuro Planta;STOCK_SPL_DIN;ESPERANZA;CHANCADO-SULFURO;433,92099;2;ESPERANZA
09-06-2023;CF2;C16;CAT 797 B;Sulfuro Planta;STOCK_SPL_DIN;ESPERANZA;CHANCADO-SULFURO;346,4039917;1;ESPERANZA
09-06-2023;CF2;C163;CAT 793 F;Sulfuro Baja Ley;STOCK_SBL_ESS;ESPERANZA_SUR;CHANCADO-SULFURO;216,9600067;1;ESPERANZA_SUR
09-06-2023;CF2;C21;CAT 797 F;Sulfuro Planta;STOCK_SPL_DIN;ESPERANZA;CHANCADO-SULFURO;346,4039917;1;ESPERANZA
09-06-2023;CF2;C25;CAT 797 F;Sulfuro Baja Ley;STOCK_SBL_ESS;ESPERANZA_SUR;CHANCADO-SULFURO;346,4039917;1;ESPERANZA_SUR
09-06-2023;CF2;C36;CAT 797 F;Sulfuro Planta;STOCK_SPL_DIN;ESPERANZA;CHANCADO-SULFURO;1385,613953;4;ESPERANZA
09-06-2023;CF2;C42;CAT 797 F;Sulfuro Baja Ley;STOCK_SBL_ESS;ESPERANZA_SUR;CHANCADO-SULFURO;346,4039917;1;ESPERANZA_SUR
09-06-2023;CF2;C42;CAT 797 F;Sulfuro Planta;STOCK_SPL_DIN;ESPERANZA;CHANCADO-SULFURO;2771,233948;8;ESPERANZA
09-06-2023;CF2;C47;CAT 797 F;Sulfuro Planta;STOCK_SPL_DIN;ESPERANZA;CHANCADO-SULFURO;1385,619995;4;ESPERANZA
09-06-2023;CF2;C53;KOM 930 E;Sulfuro Planta;STOCK_SPL_DIN;ESPERANZA;CHANCADO-SULFURO;873;3;ESPERANZA
09-06-2023;CF2;C58;KOM 930 E;Sulfuro Planta;STOCK_SPL_DIN;ESPERANZA;CHANCADO-SULFURO;582;2;ESPERANZA
09-06-2023;CF2;C59;KOM 930 E;Sulfuro Planta;STOCK_SPL_DIN;ESPERANZA;CHANCADO-SULFURO;582;2;ESPERANZA
09-06-2023;CF2;C60;KOM 930 E;Sulfuro Planta;STOCK_SPL_DIN;ESPERANZA;CHANCADO-SULFURO;582;2;ESPERANZA
09-06-2023;CF2;C60;KOM 930 E;Sulfuro Planta;STOCK_SPL_DIN;ESPERANZA;STOCK_SPL_DIN;291;1;ESPERANZA
09-06-2023;CF203;C129;CAT 793 C;Marginal Alta;STM-NE-02;OXIDO;CHANCADO-OXIDO;216,4360046;1;TESORO
09-06-2023;CF203;C151;CAT 793 F;Marginal Alta;STM-NE-02;OXIDO;CHANCADO-OXIDO;216,4360046;1;TESORO
09-06-2023;CF231;C122;CAT 793 C;Lastre Sulfurado;ESP/F10/2296/1040;FASE 10;BOT_CENTRAL_SUR_INF;432,8729858;2;ESPERANZA
09-06-2023;CF231;C125;CAT 793 C;Lastre Oxidado;ESP/F10/2328/130;FASE 10;BOT_CENTRAL_SUR_INF;216,4360046;1;ESPERANZA
09-06-2023;CF231;C125;CAT 793 C;Lastre Sulfurado;ESP/F10/2296/1040;FASE 10;BOT_CENTRAL_SUR_INF;865,7459717;4;ESPERANZA
09-06-2023;CF231;C128;CAT 793 C;Lastre Sulfurado;ESP/F10/2296/1040;FASE 10;BOT_CENTRAL_SUR_INF;865,7450256;4;ESPERANZA
09-06-2023;CF231;C130;CAT 793 C;Lastre Oxidado;ESP/F10/2328/130;FASE 10;BOT_CENTRAL_SUR_INF;216,4360046;1;ESPERANZA
09-06-2023;CF231;C131;CAT 793 C;Lastre Oxidado;ESP/F10/2328/130;FASE 10;BOT_RAMPA_SUPERIOR;216,4360046;1;ESPERANZA
09-06-2023;CF231;C131;CAT 793 C;Lastre Sulfurado;ESP/F10/2296/1040;FASE 10;BOT_CENTRAL_SUR_INF;865,7459717;4;ESPERANZA
09-06-2023;CF231;C134;CAT 793 C;Lastre Oxidado;ESP/F10/2328/130;FASE 10;BOT_CENTRAL_SUR_INF;216,4360046;1;ESPERANZA
09-06-2023;CF231;C135;CAT 793 C;Lastre Sulfurado;ESP/F10/2296/1040;FASE 10;BOT_CENTRAL_SUR_INF;216,4360046;1;ESPERANZA
09-06-2023;CF231;C151;CAT 793 F;Lastre Sulfurado;ESP/F10/2296/1040;FASE 10;BOT_CENTRAL_SUR_INF;216,4360046;1;ESPERANZA
09-06-2023;CF231;C153;CAT 793 F;Lastre Oxidado;ESP/F10/2328/130;FASE 10;BOT_CENTRAL_SUR_INF;216,4360046;1;ESPERANZA
09-06-2023;CF231;C155;CAT 793 F;Lastre Oxidado;ESP/F10/2328/130;FASE 10;BOT_CENTRAL_SUR_INF;216,4360046;1;ESPERANZA
09-06-2023;CF231;C155;CAT 793 F;Lastre Sulfurado;ESP/F10/2296/1040;FASE 10;BOT_CENTRAL_SUR_INF;649,309021;3;ESPERANZA
09-06-2023;CF231;C156;CAT 793 F;Lastre Oxidado;ESP/F10/2328/130;FASE 10;BOT_CENTRAL_SUR_INF;649,309021;3;ESPERANZA
09-06-2023;CF231;C162;CAT 793 F;Lastre Oxidado;ESP/F10/2328/130;FASE 10;BOT_CENTRAL_SUR_INF;216,4360046;1;ESPERANZA
09-06-2023;CF231;C162;CAT 793 F;Lastre Oxidado;ESP/F10/2328/130;FASE 10;BOT-ESTE;216,4360046;1;ESPERANZA
09-06-2023;CF231;C162;CAT 793 F;Lastre Sulfurado;ESP/F10/2296/1040;FASE 10;BOT_CENTRAL_SUR_INF;432,8729858;2;ESPERANZA
09-06-2023;CF231;C163;CAT 793 F;Lastre Oxidado;ESP/F10/2328/130;FASE 10;BOT_CENTRAL_SUR_INF;865,7459717;4;ESPERANZA
09-06-2023;CF231;C163;CAT 793 F;Lastre Sulfurado;ESP/F10/2296/1040;FASE 10;BOT_CENTRAL_SUR_INF;216,4360046;1;ESPERANZA
09-06-2023;CF231;C164;CAT 793 F;Lastre Oxidado;ESP/F10/2328/130;FASE 10;BOT_CENTRAL_SUR_INF;216,4360046;1;ESPERANZA
09-06-2023;CF232;C121;CAT 793 C;Baja Ley 1;ST-TS_18;OXIDO;CHANCADO-OXIDO;216,4360046;1;TESORO
09-06-2023;CF232;C129;CAT 793 C;Baja Ley 1;ST-TS_18;OXIDO;CHANCADO-OXIDO;3895,859039;18;TESORO
09-06-2023;CF232;C130;CAT 793 C;Baja Ley 1;ST-TS_18;OXIDO;CHANCADO-OXIDO;3679,421967;17;TESORO
09-06-2023;CF232;C135;CAT 793 C;Baja Ley 1;ST-TS_18;OXIDO;CHANCADO-OXIDO;432,8720093;2;TESORO
09-06-2023;CF232;C151;CAT 793 F;Baja Ley 1;ST-TS_18;OXIDO;CHANCADO-OXIDO;649,309021;3;TESORO
09-06-2023;CF232;C152;CAT 793 F;Baja Ley 1;ST-TS_18;OXIDO;CHANCADO-OXIDO;432,8729858;2;TESORO
09-06-2023;CF232;C159;CAT 793 F;Baja Ley 1;ST-TS_18;OXIDO;CHANCADO-OXIDO;432,8729858;2;TESORO
09-06-2023;CF232;C160;CAT 793 F;Baja Ley 1;ST-TS_18;OXIDO;CHANCADO-OXIDO;649,3089905;3;TESORO
09-06-2023;CF232;C161;CAT 793 F;Baja Ley 1;ST-TS_18;OXIDO;CHANCADO-OXIDO;216,4360046;1;TESORO
09-06-2023;CF233;C121;CAT 793 C;Lastre Oxidado;ESP/F10/2328/125;FASE 10;BOT_CENTRAL_SUR_INF;2164,36908;10;ESPERANZA
09-06-2023;CF233;C121;CAT 793 C;Lastre Oxidado;ESP/F10/2328/125;FASE 10;BOT_MIJO;649,309021;3;ESPERANZA
09-06-2023;CF233;C122;CAT 793 C;Lastre Oxidado;ESP/F10/2328/125;FASE 10;BOT_CENTRAL_SUR_INF;1298,619995;6;ESPERANZA
09-06-2023;CF233;C122;CAT 793 C;Lastre Oxidado;ESP/F10/2328/125;FASE 10;BOT_MIJO;432,8729858;2;ESPERANZA
09-06-2023;CF233;C122;CAT 793 C;Lastre Oxidado;ESP/F10/2328/1250;FASE 10;BOT_CENTRAL_SUR_INF;1298,616058;6;ESPERANZA
09-06-2023;CF233;C125;CAT 793 C;Lastre Oxidado;ESP/F10/2328/125;FASE 10;BOT_CENTRAL_SUR_INF;1298,619995;6;ESPERANZA
09-06-2023;CF233;C125;CAT 793 C;Lastre Oxidado;ESP/F10/2328/125;FASE 10;BOT_MIJO;432,8729858;2;ESPERANZA
09-06-2023;CF233;C125;CAT 793 C;Lastre Oxidado;ESP/F10/2328/125;FASE 10;BOT_RAMPA_SUPERIOR;216,4360046;1;ESPERANZA
09-06-2023;CF233;C125;CAT 793 C;Lastre Oxidado;ESP/F10/2328/1250;FASE 10;BOT_CENTRAL_SUR_INF;1082,181976;5;ESPERANZA
09-06-2023;CF233;C128;CAT 793 C;Lastre Oxidado;ESP/F10/2328/125;FASE 10;BOT_CENTRAL_SUR_INF;1298,619995;6;ESPERANZA
09-06-2023;CF233;C128;CAT 793 C;Lastre Oxidado;ESP/F10/2328/125;FASE 10;BOT_MIJO;1731,48999;8;ESPERANZA
09-06-2023;CF233;C128;CAT 793 C;Lastre Oxidado;ESP/F10/2328/1250;FASE 10;BOT_CENTRAL_SUR_INF;865,7459717;4;ESPERANZA
09-06-2023;CF233;C131;CAT 793 C;Lastre Oxidado;ESP/F10/2328/125;FASE 10;BOT_CENTRAL_SUR_INF;216,4360046;1;ESPERANZA
09-06-2023;CF233;C131;CAT 793 C;Lastre Oxidado;ESP/F10/2328/125;FASE 10;BOT_MIJO;432,8729858;2;ESPERANZA
09-06-2023;CF233;C131;CAT 793 C;Lastre Oxidado;ESP/F10/2328/1250;FASE 10;BOT_CENTRAL_SUR_INF;216,4360046;1;ESPERANZA
09-06-2023;CF233;C132;CAT 793 C;Lastre Oxidado;ESP/F10/2328/1250;FASE 10;BOT_CENTRAL_SUR_INF;1515,05304;7;ESPERANZA
09-06-2023;CF233;C134;CAT 793 C;Lastre Oxidado;ESP/F10/2328/1250;FASE 10;BOT_CENTRAL_SUR_INF;865,7450256;4;ESPERANZA
09-06-2023;CF233;C135;CAT 793 C;Lastre Oxidado;ESP/F10/2328/125;FASE 10;BOT_CENTRAL_SUR_INF;649,309021;3;ESPERANZA
09-06-2023;CF233;C135;CAT 793 C;Lastre Oxidado;ESP/F10/2328/125;FASE 10;BOT_MIJO;865,7459717;4;ESPERANZA
09-06-2023;CF233;C151;CAT 793 F;Lastre Oxidado;ESP/F10/2328/1250;FASE 10;BOT_CENTRAL_SUR_INF;865,7459717;4;ESPERANZA
09-06-2023;CF233;C153;CAT 793 F;Lastre Oxidado;ESP/F10/2328/125;FASE 10;BOT_CENTRAL_SUR_INF;432,8720093;2;ESPERANZA
09-06-2023;CF233;C153;CAT 793 F;Lastre Oxidado;ESP/F10/2328/1250;FASE 10;BOT_CENTRAL_SUR_INF;432,8720093;2;ESPERANZA
09-06-2023;CF233;C155;CAT 793 F;Lastre Oxidado;ESP/F10/2328/125;FASE 10;BOT_CENTRAL_SUR_INF;432,8720093;2;ESPERANZA
09-06-2023;CF233;C155;CAT 793 F;Lastre Oxidado;ESP/F10/2328/1250;FASE 10;BOT_CENTRAL_SUR_INF;216,4360046;1;ESPERANZA
09-06-2023;CF233;C156;CAT 793 F;Lastre Oxidado;ESP/F10/2328/1250;FASE 10;BOT_CENTRAL_SUR_INF;216,4360046;1;ESPERANZA
09-06-2023;CF233;C160;CAT 793 F;Lastre Oxidado;ESP/F10/2328/125;FASE 10;BOT_CENTRAL_SUR_INF;216,4360046;1;ESPERANZA
09-06-2023;CF233;C161;CAT 793 F;Lastre Oxidado;ESP/F10/2328/1250;FASE 10;BOT_CENTRAL_SUR_INF;216,4360046;1;ESPERANZA
09-06-2023;CF233;C162;CAT 793 F;Lastre Oxidado;ESP/F10/2328/125;FASE 10;BOT_CENTRAL_SUR_INF;649,3089905;3;ESPERANZA
09-06-2023;CF233;C163;CAT 793 F;Lastre Oxidado;ESP/F10/2328/125;FASE 10;BOT_CENTRAL_SUR_INF;216,4360046;1;ESPERANZA
09-06-2023;CF233;C163;CAT 793 F;Lastre Oxidado;ESP/F10/2328/1250;FASE 10;BOT_CENTRAL_SUR_INF;649,309021;3;ESPERANZA
09-06-2023;CF233;C164;CAT 793 F;Lastre Oxidado;ESP/F10/2328/1250;FASE 10;BOT_CENTRAL_SUR_INF;649,309021;3;ESPERANZA
09-06-2023;CF234;C121;CAT 793 C;Marginal Alta;STM-NE-02;OXIDO;CHANCADO-OXIDO;1082,180054;5;TESORO
09-06-2023;CF234;C129;CAT 793 C;Marginal Alta;STM-NE-02;OXIDO;CHANCADO-OXIDO;3895,859039;18;TESORO
09-06-2023;CF234;C130;CAT 793 C;Marginal Alta;STM-NE-02;OXIDO;CHANCADO-OXIDO;4328,725098;20;TESORO
09-06-2023;CF234;C135;CAT 793 C;Marginal Alta;STM-NE-02;OXIDO;CHANCADO-OXIDO;216,4360046;1;TESORO
09-06-2023;CF234;C151;CAT 793 F;Marginal Alta;STM-NE-02;OXIDO;CHANCADO-OXIDO;3462,9841;16;TESORO
09-06-2023;CF234;C152;CAT 793 F;Marginal Alta;STM-NE-02;OXIDO;CHANCADO-OXIDO;5194,46817;24;TESORO
09-06-2023;CF234;C159;CAT 793 F;Marginal Alta;STM-NE-02;OXIDO;CHANCADO-OXIDO;3246,540161;15;TESORO
09-06-2023;CF234;C160;CAT 793 F;Marginal Alta;STM-NE-02;OXIDO;CHANCADO-OXIDO;1298,617981;6;TESORO
09-06-2023;CF234;C161;CAT 793 F;Marginal Alta;STM-NE-02;OXIDO;CHANCADO-OXIDO;649,309021;3;TESORO
09-06-2023;CF3;C131;CAT 793 C;Sulfuro Planta;ESP/F08/1784/815;FASE 8;CHANCADO-SULFURO;432,8729858;2;ESPERANZA
09-06-2023;CF3;C132;CAT 793 C;Sulfuro Planta;ESP/F08/1784/815;FASE 8;CHANCADO-SULFURO;216,4360046;1;ESPERANZA
09-06-2023;CF3;C135;CAT 793 C;Sulfuro Planta;ESP/F08/1784/815;FASE 8;CHANCADO-SULFURO;216,4360046;1;ESPERANZA
09-06-2023;CF3;C153;CAT 793 F;Sulfuro Planta;ESP/F08/1784/815;FASE 8;CHANCADO-SULFURO;432,8720093;2;ESPERANZA
09-06-2023;CF3;C153;CAT 793 F;Sulfuro Planta;ESP/F08/1784/815;FASE 8;STOCK_SPL_DIN;649,309021;3;ESPERANZA
09-06-2023;CF3;C155;CAT 793 F;Sulfuro de Media;ESP/F08/1768/803;FASE 8;CHANCADO-SULFURO;216,4360046;1;ESPERANZA
09-06-2023;CF3;C155;CAT 793 F;Sulfuro Planta;ESP/F08/1784/815;FASE 8;CHANCADO-SULFURO;1082,18103;5;ESPERANZA
09-06-2023;CF3;C155;CAT 793 F;Sulfuro Planta;ESP/F08/1784/815;FASE 8;STOCK_SPL_DIN;216,4360046;1;ESPERANZA
09-06-2023;CF3;C156;CAT 793 F;Sulfuro Planta;ESP/F08/1784/815;FASE 8;CHANCADO-SULFURO;216,4360046;1;ESPERANZA
09-06-2023;CF3;C156;CAT 793 F;Sulfuro Planta;ESP/F08/1784/815;FASE 8;STOCK_SPL_DIN;216,4360046;1;ESPERANZA
09-06-2023;CF3;C159;CAT 793 F;Sulfuro Planta;ESP/F08/1784/815;FASE 8;CHANCADO-SULFURO;216,4360046;1;ESPERANZA
09-06-2023;CF3;C159;CAT 793 F;Sulfuro Planta;ESP/F08/1784/815;FASE 8;STOCK_SPL_DIN;216,4360046;1;ESPERANZA
09-06-2023;CF3;C162;CAT 793 F;Sulfuro Planta;ESP/F08/1784/815;FASE 8;CHANCADO-SULFURO;649,309021;3;ESPERANZA
09-06-2023;CF3;C163;CAT 793 F;Sulfuro Planta;ESP/F08/1784/815;FASE 8;CHANCADO-SULFURO;649,309021;3;ESPERANZA
09-06-2023;CF3;C163;CAT 793 F;Sulfuro Planta;ESP/F08/1784/815;FASE 8;STOCK_SPL_DIN;432,8729858;2;ESPERANZA
09-06-2023;CF3;C164;CAT 793 F;Sulfuro Planta;ESP/F08/1784/815;FASE 8;CHANCADO-SULFURO;1298,617035;6;ESPERANZA
09-06-2023;CF3;C164;CAT 793 F;Sulfuro Planta;ESP/F08/1784/815;FASE 8;STOCK_SPL_DIN;216,4360046;1;ESPERANZA
09-06-2023;CF3;C18;CAT 797 F;Sulfuro de Media;ESP/F08/1768/803;FASE 8;CHANCADO-SULFURO;346,4039917;1;ESPERANZA
09-06-2023;CF3;C20;CAT 797 F;Sulfuro Planta;ESP/F08/1784/815;FASE 8;CHANCADO-SULFURO;692,8079834;2;ESPERANZA
09-06-2023;CF3;C38;CAT 797 F;Sulfuro Planta;ESP/F08/1784/815;FASE 8;CHANCADO-SULFURO;346,4039917;1;ESPERANZA
09-06-2023;CF3;C49;KOM 930 E;Sulfuro de Media;ESP/F08/1768/803;FASE 8;CHANCADO-SULFURO;873;3;ESPERANZA
09-06-2023;CF3;C49;KOM 930 E;Sulfuro Planta;ESP/F08/1784/815;FASE 8;CHANCADO-SULFURO;291;1;ESPERANZA
09-06-2023;CF3;C49;KOM 930 E;Sulfuro Planta;ESP/F08/1784/815;FASE 8;STOCK_SPL_DIN;291;1;ESPERANZA
09-06-2023;CF3;C51;KOM 930 E;Sulfuro de Media;ESP/F08/1768/803;FASE 8;CHANCADO-SULFURO;873;3;ESPERANZA
09-06-2023;CF3;C51;KOM 930 E;Sulfuro Planta;ESP/F08/1784/815;FASE 8;STOCK_SPL_DIN;291;1;ESPERANZA
09-06-2023;CF3;C52;KOM 930 E;Sulfuro de Media;ESP/F08/1768/803;FASE 8;CHANCADO-SULFURO;1164;4;ESPERANZA
09-06-2023;CF3;C53;KOM 930 E;Sulfuro de Media;ESP/F08/1768/803;FASE 8;CHANCADO-SULFURO;582;2;ESPERANZA
09-06-2023;CF3;C54;KOM 930 E;Sulfuro de Media;ESP/F08/1768/803;FASE 8;CHANCADO-SULFURO;873;3;ESPERANZA
09-06-2023;CF3;C54;KOM 930 E;Sulfuro Planta;ESP/F08/1784/815;FASE 8;CHANCADO-SULFURO;291;1;ESPERANZA
09-06-2023;CF3;C55;KOM 930 E;Sulfuro de Media;ESP/F08/1768/803;FASE 8;CHANCADO-SULFURO;873;3;ESPERANZA
09-06-2023;CF3;C55;KOM 930 E;Sulfuro Planta;ESP/F08/1784/815;FASE 8;CHANCADO-SULFURO;291;1;ESPERANZA
09-06-2023;CF3;C55;KOM 930 E;Sulfuro Planta;ESP/F08/1784/815;FASE 8;STOCK_SPL_DIN;291;1;ESPERANZA
09-06-2023;CF3;C56;KOM 930 E;Sulfuro de Media;ESP/F08/1768/803;FASE 8;CHANCADO-SULFURO;1164;4;ESPERANZA
09-06-2023;CF3;C57;KOM 930 E;Sulfuro de Media;ESP/F08/1768/803;FASE 8;CHANCADO-SULFURO;873;3;ESPERANZA
09-06-2023;CF3;C58;KOM 930 E;Sulfuro de Media;ESP/F08/1768/803;FASE 8;CHANCADO-SULFURO;1164;4;ESPERANZA
09-06-2023;CF3;C60;KOM 930 E;Sulfuro de Media;ESP/F08/1768/803;FASE 8;CHANCADO-SULFURO;582;2;ESPERANZA
09-06-2023;CF3;C61;KOM 930 E;Sulfuro de Media;ESP/F08/1768/803;FASE 8;CHANCADO-SULFURO;1164;4;ESPERANZA
09-06-2023;CF3;C61;KOM 930 E;Sulfuro Planta;ESP/F08/1784/815;FASE 8;CHANCADO-SULFURO;291;1;ESPERANZA
09-06-2023;CF4;C980AHSESPS;Kom 980 AHS;Lastre Oxidado;ESS/F03/2200/3040;F03 ESPSUR;BOTADERO_2021;14760;41;ESPERANZA_SUR
09-06-2023;CF4;C980AHSESPS;Kom 980 AHS;Lastre Sulfurado;ESS/F03/2200/306;F03 ESPSUR;BOTADERO_2021;15840;44;ESPERANZA_SUR
09-06-2023;PA1;C07;CAT 797 B;Sulfuro Baja Ley;ESP/F07/2104/7060;FASE 7;STOCK_SBL1;1732,017944;5;ESPERANZA
09-06-2023;PA1;C08;CAT 797 B;Lastre Sulfurado;ESP/F07/2104/701;FASE 7;BOT_2380_INT;346,4039917;1;ESPERANZA
09-06-2023;PA1;C08;CAT 797 B;Lastre Sulfurado;ESP/F07/2104/7060;FASE 7;BOT_2380_INT;346,4039917;1;ESPERANZA
09-06-2023;PA1;C08;CAT 797 B;Sulfuro Baja Ley;ESP/F07/2104/7060;FASE 7;STOCK_SBL1;692,8079834;2;ESPERANZA
09-06-2023;PA1;C09;CAT 797 B;Lastre Sulfurado;ESP/F07/2104/701;FASE 7;BOT_2380_INT;1039,211975;3;ESPERANZA
09-06-2023;PA1;C09;CAT 797 B;Lastre Sulfurado;ESP/F07/2104/7060;FASE 7;BOT_2380_INT;346,4039917;1;ESPERANZA
09-06-2023;PA1;C09;CAT 797 B;Sulfuro Baja Ley;ESP/F07/2104/7060;FASE 7;STOCK_SBL1;1385,615967;4;ESPERANZA
09-06-2023;PA1;C10;CAT 797 B;Lastre Sulfurado;ESP/F07/2104/7060;FASE 7;BOT_2380_INT;692,8079834;2;ESPERANZA
09-06-2023;PA1;C10;CAT 797 B;Sulfuro Baja Ley;ESP/F07/2104/7060;FASE 7;STOCK_SBL1;346,4039917;1;ESPERANZA
09-06-2023;PA1;C12;CAT 797 B;Sulfuro Baja Ley;ESP/F07/2104/7060;FASE 7;STOCK_SBL1;692,8079834;2;ESPERANZA
09-06-2023;PA1;C125;CAT 793 C;Lastre Sulfurado;ESP/F07/2104/701;FASE 7;BOT_2380_INT;216,4360046;1;ESPERANZA
09-06-2023;PA1;C128;CAT 793 C;Lastre Sulfurado;ESP/F07/2104/7060;FASE 7;BOT_2380_INT;216,4360046;1;ESPERANZA
09-06-2023;PA1;C13;CAT 797 B;Lastre Sulfurado;ESP/F07/2104/701;FASE 7;BOT_2380_INT;1385,613953;4;ESPERANZA
09-06-2023;PA1;C13;CAT 797 B;Sulfuro Baja Ley;ESP/F07/2104/7060;FASE 7;STOCK_SBL1;346,4039917;1;ESPERANZA
09-06-2023;PA1;C14;CAT 797 B;Sulfuro Baja Ley;ESP/F07/2104/7060;FASE 7;STOCK_SBL1;1039,209961;3;ESPERANZA
09-06-2023;PA1;C15;CAT 797 B;Lastre Sulfurado;ESP/F07/2104/701;FASE 7;BOT_2380_INT;346,4039917;1;ESPERANZA
09-06-2023;PA1;C15;CAT 797 B;Lastre Sulfurado;ESP/F07/2104/7060;FASE 7;BOT_2380_INT;346,4039917;1;ESPERANZA
09-06-2023;PA1;C15;CAT 797 B;Lastre Sulfurado;ESP/F07/2104/7060;FASE 7;BOT_CENTRAL_SUR_INF;346,4039917;1;ESPERANZA
09-06-2023;PA1;C15;CAT 797 B;Sulfuro Baja Ley;ESP/F07/2104/7060;FASE 7;STOCK_SBL1;1039,211975;3;ESPERANZA
09-06-2023;PA1;C151;CAT 793 F;Lastre Sulfurado;ESP/F07/2104/7060;FASE 7;BOT_2380_INT;216,4360046;1;ESPERANZA
09-06-2023;PA1;C159;CAT 793 F;Lastre Sulfurado;ESP/F07/2104/701;FASE 7;BOT_2380_INT;216,4360046;1;ESPERANZA
09-06-2023;PA1;C16;CAT 797 B;Lastre Sulfurado;ESP/F07/2104/701;FASE 7;BOT_2380_INT;1039,211975;3;ESPERANZA
09-06-2023;PA1;C16;CAT 797 B;Lastre Sulfurado;ESP/F07/2104/7060;FASE 7;BOT_2380_INT;346,4039917;1;ESPERANZA
09-06-2023;PA1;C16;CAT 797 B;Sulfuro Baja Ley;ESP/F07/2104/7060;FASE 7;STOCK_SBL1;1385,615967;4;ESPERANZA
09-06-2023;PA1;C164;CAT 793 F;Lastre Sulfurado;ESP/F07/2104/7060;FASE 7;BOT_2380_INT;216,4360046;1;ESPERANZA
09-06-2023;PA1;C17;CAT 797 F;Lastre Sulfurado;ESP/F07/2104/701;FASE 7;BOT_2380_INT;1385,615967;4;ESPERANZA
09-06-2023;PA1;C17;CAT 797 F;Lastre Sulfurado;ESP/F07/2104/7060;FASE 7;BOT_2380_INT;346,4039917;1;ESPERANZA
09-06-2023;PA1;C17;CAT 797 F;Sulfuro Baja Ley;ESP/F07/2104/7060;FASE 7;STOCK_SBL1;1039,211975;3;ESPERANZA
09-06-2023;PA1;C18;CAT 797 F;Lastre Sulfurado;ESP/F07/2104/701;FASE 7;BOT_2380_INT;346,4039917;1;ESPERANZA
09-06-2023;PA1;C18;CAT 797 F;Lastre Sulfurado;ESP/F07/2104/7060;FASE 7;BOT_2380_INT;346,4039917;1;ESPERANZA
09-06-2023;PA1;C18;CAT 797 F;Lastre Sulfurado;ESP/F07/2104/7060;FASE 7;BOT_CENTRAL_SUR_INF;346,4039917;1;ESPERANZA
09-06-2023;PA1;C19;CAT 797 F;Lastre Sulfurado;ESP/F07/2104/701;FASE 7;BOT_2380_INT;1039,211975;3;ESPERANZA
09-06-2023;PA1;C19;CAT 797 F;Lastre Sulfurado;ESP/F07/2104/701;FASE 7;BOT_CENTRAL_SUR_INF;346,4039917;1;ESPERANZA
09-06-2023;PA1;C19;CAT 797 F;Lastre Sulfurado;ESP/F07/2104/7060;FASE 7;BOT_2380_INT;346,4039917;1;ESPERANZA
09-06-2023;PA1;C19;CAT 797 F;Sulfuro Baja Ley;ESP/F07/2104/7060;FASE 7;STOCK_SBL1;1385,615967;4;ESPERANZA
09-06-2023;PA1;C20;CAT 797 F;Lastre Sulfurado;ESP/F07/2104/7060;FASE 7;BOT_2380_INT;346,4039917;1;ESPERANZA
09-06-2023;PA1;C20;CAT 797 F;Sulfuro Baja Ley;ESP/F07/2104/7060;FASE 7;STOCK_SBL1;1732,017944;5;ESPERANZA
09-06-2023;PA1;C21;CAT 797 F;Lastre Sulfurado;ESP/F07/2104/701;FASE 7;BOT_2380_INT;1385,619995;4;ESPERANZA
09-06-2023;PA1;C21;CAT 797 F;Sulfuro Baja Ley;ESP/F07/2104/7060;FASE 7;STOCK_SBL1;1732,019958;5;ESPERANZA
09-06-2023;PA1;C22;CAT 797 F;Lastre Sulfurado;ESP/F07/2104/701;FASE 7;BOT_2380_INT;1039,211975;3;ESPERANZA
09-06-2023;PA1;C22;CAT 797 F;Lastre Sulfurado;ESP/F07/2104/7060;FASE 7;BOT_2380_INT;346,4039917;1;ESPERANZA
09-06-2023;PA1;C22;CAT 797 F;Sulfuro Baja Ley;ESP/F07/2104/7060;FASE 7;STOCK_SBL1;346,4039917;1;ESPERANZA
09-06-2023;PA1;C23;CAT 797 F;Lastre Sulfurado;ESP/F07/2104/701;FASE 7;BOT_2380_INT;692,8079834;2;ESPERANZA
09-06-2023;PA1;C23;CAT 797 F;Lastre Sulfurado;ESP/F07/2104/7060;FASE 7;BOT_2380_INT;346,4039917;1;ESPERANZA
09-06-2023;PA1;C23;CAT 797 F;Sulfuro Baja Ley;ESP/F07/2104/7060;FASE 7;STOCK_SBL1;692,8079834;2;ESPERANZA
09-06-2023;PA1;C24;CAT 797 F;Lastre Sulfurado;ESP/F07/2104/701;FASE 7;BOT_2380_INT;692,8079834;2;ESPERANZA
09-06-2023;PA1;C24;CAT 797 F;Lastre Sulfurado;ESP/F07/2104/7060;FASE 7;BOT_2380_INT;346,4039917;1;ESPERANZA
09-06-2023;PA1;C24;CAT 797 F;Sulfuro Baja Ley;ESP/F07/2104/7060;FASE 7;STOCK_SBL1;1732,019958;5;ESPERANZA
09-06-2023;PA1;C25;CAT 797 F;Lastre Sulfurado;ESP/F07/2104/701;FASE 7;BOT_2380_INT;692,8079834;2;ESPERANZA
09-06-2023;PA1;C25;CAT 797 F;Sulfuro Baja Ley;ESP/F07/2104/7060;FASE 7;STOCK_SBL1;1732,023987;5;ESPERANZA
09-06-2023;PA1;C34;CAT 797 F;Lastre Sulfurado;ESP/F07/2104/701;FASE 7;BOT_2380_INT;346,4039917;1;ESPERANZA
09-06-2023;PA1;C34;CAT 797 F;Lastre Sulfurado;ESP/F07/2104/7060;FASE 7;BOT_2380_INT;346,4039917;1;ESPERANZA
09-06-2023;PA1;C34;CAT 797 F;Sulfuro Baja Ley;ESP/F07/2104/7060;FASE 7;STOCK_SBL1;346,4039917;1;ESPERANZA
09-06-2023;PA1;C36;CAT 797 F;Lastre Sulfurado;ESP/F07/2104/7060;FASE 7;BOT_2380_INT;346,4039917;1;ESPERANZA
09-06-2023;PA1;C36;CAT 797 F;Sulfuro Baja Ley;ESP/F07/2104/7060;FASE 7;STOCK_SBL1;692,8079834;2;ESPERANZA
09-06-2023;PA1;C37;CAT 797 F;Lastre Sulfurado;ESP/F07/2104/701;FASE 7;BOT_2380_INT;692,8079834;2;ESPERANZA
09-06-2023;PA1;C37;CAT 797 F;Sulfuro Baja Ley;ESP/F07/2104/7060;FASE 7;STOCK_SBL1;346,4039917;1;ESPERANZA
09-06-2023;PA1;C38;CAT 797 F;Lastre Sulfurado;ESP/F07/2104/701;FASE 7;BOT_2380_INT;692,8079834;2;ESPERANZA
09-06-2023;PA1;C38;CAT 797 F;Lastre Sulfurado;ESP/F07/2104/7060;FASE 7;BOT_2380_INT;692,8079834;2;ESPERANZA
09-06-2023;PA1;C38;CAT 797 F;Sulfuro Baja Ley;ESP/F07/2104/7060;FASE 7;STOCK_SBL1;2078,42395;6;ESPERANZA
09-06-2023;PA1;C39;CAT 797 F;Sulfuro Baja Ley;ESP/F07/2104/7060;FASE 7;STOCK_SBL1;2078,42395;6;ESPERANZA
09-06-2023;PA1;C40;CAT 797 F;Lastre Sulfurado;ESP/F07/2104/701;FASE 7;BOT_2380_INT;1385,615967;4;ESPERANZA
09-06-2023;PA1;C40;CAT 797 F;Lastre Sulfurado;ESP/F07/2104/7060;FASE 7;BOT_2380_INT;346,4039917;1;ESPERANZA
09-06-2023;PA1;C40;CAT 797 F;Sulfuro Baja Ley;ESP/F07/2104/7060;FASE 7;STOCK_SBL1;1039,211975;3;ESPERANZA
09-06-2023;PA1;C41;CAT 797 F;Lastre Sulfurado;ESP/F07/2104/701;FASE 7;BOT_2380_INT;692,8079834;2;ESPERANZA
09-06-2023;PA1;C41;CAT 797 F;Sulfuro Baja Ley;ESP/F07/2104/7060;FASE 7;STOCK_SBL1;346,4039917;1;ESPERANZA
09-06-2023;PA1;C42;CAT 797 F;Lastre Sulfurado;ESP/F07/2104/701;FASE 7;BOT_2380_INT;692,8079834;2;ESPERANZA
09-06-2023;PA1;C42;CAT 797 F;Lastre Sulfurado;ESP/F07/2104/7060;FASE 7;BOT_2380_INT;1039,211975;3;ESPERANZA
09-06-2023;PA1;C42;CAT 797 F;Sulfuro Baja Ley;ESP/F07/2104/7060;FASE 7;STOCK_SBL1;1039,211975;3;ESPERANZA
09-06-2023;PA1;C43;CAT 797 F;Lastre Sulfurado;ESP/F07/2104/701;FASE 7;BOT_2380_INT;346,4039917;1;ESPERANZA
09-06-2023;PA1;C43;CAT 797 F;Sulfuro Baja Ley;ESP/F07/2104/7060;FASE 7;STOCK_SBL1;1385,615967;4;ESPERANZA
09-06-2023;PA1;C44;CAT 797 F;Lastre Sulfurado;ESP/F07/2104/701;FASE 7;BOT_2380_INT;346,4039917;1;ESPERANZA
09-06-2023;PA1;C44;CAT 797 F;Lastre Sulfurado;ESP/F07/2104/7060;FASE 7;BOT_2380_INT;692,8079834;2;ESPERANZA
09-06-2023;PA1;C44;CAT 797 F;Sulfuro Baja Ley;ESP/F07/2104/7060;FASE 7;STOCK_SBL1;3117,633972;9;ESPERANZA
09-06-2023;PA1;C45;CAT 797 F;Lastre Sulfurado;ESP/F07/2104/701;FASE 7;BOT_2380_INT;692,8079834;2;ESPERANZA
09-06-2023;PA1;C45;CAT 797 F;Lastre Sulfurado;ESP/F07/2104/7060;FASE 7;BOT_2380_INT;346,4039917;1;ESPERANZA
09-06-2023;PA1;C45;CAT 797 F;Sulfuro Baja Ley;ESP/F07/2104/7060;FASE 7;STOCK_SBL1;692,8079834;2;ESPERANZA
09-06-2023;PA1;C46;CAT 797 F;Lastre Sulfurado;ESP/F07/2104/701;FASE 7;BOT_2380_INT;346,4039917;1;ESPERANZA
09-06-2023;PA1;C46;CAT 797 F;Lastre Sulfurado;ESP/F07/2104/7060;FASE 7;BOT_2380_INT;346,4039917;1;ESPERANZA
09-06-2023;PA1;C46;CAT 797 F;Sulfuro Baja Ley;ESP/F07/2104/7060;FASE 7;STOCK_SBL1;1039,211975;3;ESPERANZA
09-06-2023;PA1;C47;CAT 797 F;Lastre Sulfurado;ESP/F07/2104/701;FASE 7;BOT_2380_INT;692,8079834;2;ESPERANZA
09-06-2023;PA1;C47;CAT 797 F;Sulfuro Baja Ley;ESP/F07/2104/7060;FASE 7;STOCK_SBL1;692,8079834;2;ESPERANZA
09-06-2023;PA1;C48;CAT 797 F;Lastre Sulfurado;ESP/F07/2104/701;FASE 7;BOT_2380_INT;1385,613953;4;ESPERANZA
09-06-2023;PA1;C48;CAT 797 F;Lastre Sulfurado;ESP/F07/2104/7060;FASE 7;BOT_2380_INT;346,4039917;1;ESPERANZA
09-06-2023;PA1;C48;CAT 797 F;Sulfuro Baja Ley;ESP/F07/2104/7060;FASE 7;STOCK_SBL1;1039,211975;3;ESPERANZA
09-06-2023;PA10;C980AHSESPS;Kom 980 AHS;Lastre Sulfurado;ESS/F03/2216/3233;F03 ESPSUR;BOTADERO_2021;50400;140;ESPERANZA_SUR
09-06-2023;PA11;C980AHSESPS;Kom 980 AHS;Lastre Sulfurado;ESS/F02/2120/R200;F02 ESPSUR;BOTADERO_2021;16560;46;ESPERANZA_SUR
09-06-2023;PA2;C131;CAT 793 C;Sulfuro Baja Ley;ESP/F08/1768/8050;FASE 8;STOCK_SBL1;216,4360046;1;ESPERANZA
09-06-2023;PA2;C132;CAT 793 C;Sulfuro Baja Ley;ESP/F08/1768/8050;FASE 8;CHANCADO-SULFURO;649,3089905;3;ESPERANZA
09-06-2023;PA2;C132;CAT 793 C;Sulfuro Baja Ley;ESP/F08/1768/8050;FASE 8;STOCK_SBL1;216,4360046;1;ESPERANZA
09-06-2023;PA2;C135;CAT 793 C;Sulfuro Baja Ley;ESP/F08/1768/8050;FASE 8;STOCK_SBL1;216,4360046;1;ESPERANZA
09-06-2023;PA2;C135;CAT 793 C;Sulfuro Baja Ley;ESP/F08/1768/808;FASE 8;CHANCADO-SULFURO;216,4360046;1;ESPERANZA
09-06-2023;PA2;C153;CAT 793 F;Lastre Sulfurado;ESP/F08/1768/8050;FASE 8;BOT_CENTRAL_SUR_INF;216,4360046;1;ESPERANZA
09-06-2023;PA2;C153;CAT 793 F;Sulfuro Baja Ley;ESP/F08/1768/8050;FASE 8;CHANCADO-SULFURO;432,8720093;2;ESPERANZA
09-06-2023;PA2;C153;CAT 793 F;Sulfuro Baja Ley;ESP/F08/1768/808;FASE 8;CHANCADO-SULFURO;216,4360046;1;ESPERANZA
09-06-2023;PA2;C155;CAT 793 F;Sulfuro de Media;ESP/F08/1768/808;FASE 8;CHANCADO-SULFURO;216,4360046;1;ESPERANZA
09-06-2023;PA2;C160;CAT 793 F;Sulfuro Baja Ley;ESP/F08/1768/8050;FASE 8;STOCK_SBL1;216,4360046;1;ESPERANZA
09-06-2023;PA2;C160;CAT 793 F;Sulfuro Baja Ley;ESP/F08/1768/808;FASE 8;CHANCADO-SULFURO;432,8729858;2;ESPERANZA
09-06-2023;PA2;C161;CAT 793 F;Sulfuro Baja Ley;ESP/F08/1768/808;FASE 8;CHANCADO-SULFURO;216,4360046;1;ESPERANZA
09-06-2023;PA2;C162;CAT 793 F;Sulfuro Baja Ley;ESP/F08/1768/8050;FASE 8;CHANCADO-SULFURO;432,8720093;2;ESPERANZA
09-06-2023;PA2;C163;CAT 793 F;Sulfuro Baja Ley;ESP/F08/1768/8050;FASE 8;CHANCADO-SULFURO;432,8720093;2;ESPERANZA
09-06-2023;PA2;C163;CAT 793 F;Sulfuro Baja Ley;ESP/F08/1768/808;FASE 8;CHANCADO-SULFURO;216,4360046;1;ESPERANZA
09-06-2023;PA2;C164;CAT 793 F;Sulfuro Baja Ley;ESP/F08/1768/8050;FASE 8;CHANCADO-SULFURO;216,4360046;1;ESPERANZA
09-06-2023;PA2;C164;CAT 793 F;Sulfuro Baja Ley;ESP/F08/1768/8051;FASE 8;CHANCADO-SULFURO;216,4360046;1;ESPERANZA
09-06-2023;PA2;C17;CAT 797 F;Sulfuro Baja Ley;ESP/F08/1768/808;FASE 8;CHANCADO-SULFURO;346,4039917;1;ESPERANZA
09-06-2023;PA2;C18;CAT 797 F;Sulfuro Baja Ley;ESP/F08/1768/808;FASE 8;CHANCADO-SULFURO;692,8079834;2;ESPERANZA
09-06-2023;PA2;C22;CAT 797 F;Sulfuro Baja Ley;ESP/F08/1768/8050;FASE 8;CHANCADO-SULFURO;346,4039917;1;ESPERANZA
09-06-2023;PA2;C25;CAT 797 F;Sulfuro Baja Ley;ESP/F08/1768/8050;FASE 8;CHANCADO-SULFURO;346,4039917;1;ESPERANZA
09-06-2023;PA2;C25;CAT 797 F;Sulfuro Baja Ley;ESP/F08/1768/8050;FASE 8;STOCK_SBL1;346,4039917;1;ESPERANZA
09-06-2023;PA2;C32;CAT 797 F;Sulfuro Baja Ley;ESP/F08/1768/8050;FASE 8;CHANCADO-SULFURO;346,4039917;1;ESPERANZA
09-06-2023;PA2;C32;CAT 797 F;Sulfuro Baja Ley;ESP/F08/1768/808;FASE 8;STOCK_SBL1;346,4039917;1;ESPERANZA
09-06-2023;PA2;C36;CAT 797 F;Sulfuro Baja Ley;ESP/F08/1768/8050;FASE 8;CHANCADO-SULFURO;346,4039917;1;ESPERANZA
09-06-2023;PA2;C36;CAT 797 F;Sulfuro Baja Ley;ESP/F08/1768/8051;FASE 8;CHANCADO-SULFURO;346,4039917;1;ESPERANZA
09-06-2023;PA2;C36;CAT 797 F;Sulfuro Baja Ley;ESP/F08/1768/808;FASE 8;CHANCADO-SULFURO;692,8079834;2;ESPERANZA
09-06-2023;PA2;C36;CAT 797 F;Sulfuro de Media;ESP/F08/1768/8051;FASE 8;CHANCADO-SULFURO;346,4039917;1;ESPERANZA
09-06-2023;PA2;C37;CAT 797 F;Sulfuro Baja Ley;ESP/F08/1768/8051;FASE 8;CHANCADO-SULFURO;346,4039917;1;ESPERANZA
09-06-2023;PA2;C38;CAT 797 F;Sulfuro Baja Ley;ESP/F08/1768/8051;FASE 8;CHANCADO-SULFURO;346,4039917;1;ESPERANZA
09-06-2023;PA2;C39;CAT 797 F;Sulfuro Baja Ley;ESP/F08/1768/808;FASE 8;CHANCADO-SULFURO;346,4039917;1;ESPERANZA
09-06-2023;PA2;C39;CAT 797 F;Sulfuro Baja Ley;ESP/F08/1768/808;FASE 8;STOCK_SBL1;346,4039917;1;ESPERANZA
09-06-2023;PA2;C39;CAT 797 F;Sulfuro de Media;ESP/F08/1768/808;FASE 8;CHANCADO-SULFURO;346,4039917;1;ESPERANZA
09-06-2023;PA2;C41;CAT 797 F;Sulfuro Baja Ley;ESP/F08/1768/8050;FASE 8;STOCK_SBL1;692,8079834;2;ESPERANZA
09-06-2023;PA2;C43;CAT 797 F;Sulfuro de Media;ESP/F08/1768/808;FASE 8;CHANCADO-SULFURO;346,4039917;1;ESPERANZA
09-06-2023;PA2;C49;KOM 930 E;Lastre Sulfurado;ESP/F08/1768/8050;FASE 8;BOT_CENTRAL_SUR_INF;291;1;ESPERANZA
09-06-2023;PA2;C49;KOM 930 E;Sulfuro Baja Ley;ESP/F08/1768/8050;FASE 8;CHANCADO-SULFURO;291;1;ESPERANZA
09-06-2023;PA2;C49;KOM 930 E;Sulfuro Baja Ley;ESP/F08/1768/8050;FASE 8;STOCK_SBL1;582;2;ESPERANZA
09-06-2023;PA2;C49;KOM 930 E;Sulfuro Baja Ley;ESP/F08/1768/808;FASE 8;CHANCADO-SULFURO;1455;5;ESPERANZA
09-06-2023;PA2;C49;KOM 930 E;Sulfuro Baja Ley;ESP/F08/1768/808;FASE 8;STOCK_SBL1;291;1;ESPERANZA
09-06-2023;PA2;C49;KOM 930 E;Sulfuro de Media;ESP/F08/1768/8051;FASE 8;CHANCADO-SULFURO;582;2;ESPERANZA
09-06-2023;PA2;C49;KOM 930 E;Sulfuro de Media;ESP/F08/1768/8051;FASE 8;STOCK_SME;291;1;ESPERANZA
09-06-2023;PA2;C49;KOM 930 E;Sulfuro de Media;ESP/F08/1768/808;FASE 8;CHANCADO-SULFURO;873;3;ESPERANZA
09-06-2023;PA2;C50;KOM 930 E;Sulfuro Baja Ley;ESP/F08/1768/8050;FASE 8;CHANCADO-SULFURO;582;2;ESPERANZA
09-06-2023;PA2;C50;KOM 930 E;Sulfuro Baja Ley;ESP/F08/1768/8050;FASE 8;STOCK_SBL1;291;1;ESPERANZA
09-06-2023;PA2;C50;KOM 930 E;Sulfuro Baja Ley;ESP/F08/1768/8051;FASE 8;CHANCADO-SULFURO;291;1;ESPERANZA
09-06-2023;PA2;C50;KOM 930 E;Sulfuro Baja Ley;ESP/F08/1768/808;FASE 8;CHANCADO-SULFURO;582;2;ESPERANZA
09-06-2023;PA2;C50;KOM 930 E;Sulfuro Baja Ley;ESP/F08/1768/808;FASE 8;STOCK_SBL1;291;1;ESPERANZA
09-06-2023;PA2;C50;KOM 930 E;Sulfuro de Media;ESP/F08/1768/8051;FASE 8;CHANCADO-SULFURO;291;1;ESPERANZA
09-06-2023;PA2;C50;KOM 930 E;Sulfuro de Media;ESP/F08/1768/808;FASE 8;CHANCADO-SULFURO;291;1;ESPERANZA
09-06-2023;PA2;C51;KOM 930 E;Lastre Sulfurado;ESP/F08/1768/8050;FASE 8;BOT_CENTRAL_SUR_INF;291;1;ESPERANZA
09-06-2023;PA2;C51;KOM 930 E;Sulfuro Baja Ley;ESP/F08/1768/8050;FASE 8;CHANCADO-SULFURO;582;2;ESPERANZA
09-06-2023;PA2;C51;KOM 930 E;Sulfuro Baja Ley;ESP/F08/1768/8050;FASE 8;STOCK_SBL1;291;1;ESPERANZA
09-06-2023;PA2;C51;KOM 930 E;Sulfuro Baja Ley;ESP/F08/1768/808;FASE 8;CHANCADO-SULFURO;291;1;ESPERANZA
09-06-2023;PA2;C51;KOM 930 E;Sulfuro de Media;ESP/F08/1768/8051;FASE 8;CHANCADO-SULFURO;582;2;ESPERANZA
09-06-2023;PA2;C51;KOM 930 E;Sulfuro de Media;ESP/F08/1768/8051;FASE 8;STOCK_SME;873;3;ESPERANZA
09-06-2023;PA2;C51;KOM 930 E;Sulfuro de Media;ESP/F08/1768/808;FASE 8;CHANCADO-SULFURO;291;1;ESPERANZA
09-06-2023;PA2;C52;KOM 930 E;Sulfuro Baja Ley;ESP/F08/1768/8050;FASE 8;CHANCADO-SULFURO;873;3;ESPERANZA
09-06-2023;PA2;C52;KOM 930 E;Sulfuro Baja Ley;ESP/F08/1768/8050;FASE 8;STOCK_SBL1;291;1;ESPERANZA
09-06-2023;PA2;C52;KOM 930 E;Sulfuro Baja Ley;ESP/F08/1768/808;FASE 8;CHANCADO-SULFURO;1455;5;ESPERANZA
09-06-2023;PA2;C52;KOM 930 E;Sulfuro Baja Ley;ESP/F08/1768/808;FASE 8;STOCK_SBL1;291;1;ESPERANZA
09-06-2023;PA2;C52;KOM 930 E;Sulfuro de Media;ESP/F08/1768/8051;FASE 8;CHANCADO-SULFURO;873;3;ESPERANZA
09-06-2023;PA2;C52;KOM 930 E;Sulfuro de Media;ESP/F08/1768/8051;FASE 8;STOCK_SME;582;2;ESPERANZA
09-06-2023;PA2;C52;KOM 930 E;Sulfuro de Media;ESP/F08/1768/808;FASE 8;CHANCADO-SULFURO;291;1;ESPERANZA
09-06-2023;PA2;C53;KOM 930 E;Lastre Sulfurado;ESP/F08/1768/8050;FASE 8;BOT_CENTRAL_SUR_INF;291;1;ESPERANZA
09-06-2023;PA2;C53;KOM 930 E;Sulfuro Baja Ley;ESP/F08/1768/8050;FASE 8;CHANCADO-SULFURO;873;3;ESPERANZA
09-06-2023;PA2;C53;KOM 930 E;Sulfuro Baja Ley;ESP/F08/1768/808;FASE 8;CHANCADO-SULFURO;1455;5;ESPERANZA
09-06-2023;PA2;C53;KOM 930 E;Sulfuro Baja Ley;ESP/F08/1768/808;FASE 8;STOCK_SBL1;291;1;ESPERANZA
09-06-2023;PA2;C53;KOM 930 E;Sulfuro de Media;ESP/F08/1768/8051;FASE 8;CHANCADO-SULFURO;1746;6;ESPERANZA
09-06-2023;PA2;C53;KOM 930 E;Sulfuro de Media;ESP/F08/1768/8051;FASE 8;STOCK_SME;291;1;ESPERANZA
09-06-2023;PA2;C53;KOM 930 E;Sulfuro de Media;ESP/F08/1768/808;FASE 8;CHANCADO-SULFURO;291;1;ESPERANZA
09-06-2023;PA2;C53;KOM 930 E;Sulfuro de Media;ESP/F08/1768/808;FASE 8;STOCK_SME;291;1;ESPERANZA
09-06-2023;PA2;C54;KOM 930 E;Sulfuro Baja Ley;ESP/F08/1768/8050;FASE 8;CHANCADO-SULFURO;291;1;ESPERANZA
09-06-2023;PA2;C54;KOM 930 E;Sulfuro Baja Ley;ESP/F08/1768/8050;FASE 8;STOCK_SBL1;873;3;ESPERANZA
09-06-2023;PA2;C54;KOM 930 E;Sulfuro Baja Ley;ESP/F08/1768/808;FASE 8;CHANCADO-SULFURO;1455;5;ESPERANZA
09-06-2023;PA2;C54;KOM 930 E;Sulfuro Baja Ley;ESP/F08/1768/808;FASE 8;STOCK_SBL1;291;1;ESPERANZA
09-06-2023;PA2;C54;KOM 930 E;Sulfuro de Media;ESP/F08/1768/8051;FASE 8;CHANCADO-SULFURO;291;1;ESPERANZA
09-06-2023;PA2;C54;KOM 930 E;Sulfuro de Media;ESP/F08/1768/8051;FASE 8;STOCK_SME;291;1;ESPERANZA
09-06-2023;PA2;C54;KOM 930 E;Sulfuro de Media;ESP/F08/1768/808;FASE 8;CHANCADO-SULFURO;582;2;ESPERANZA
09-06-2023;PA2;C55;KOM 930 E;Lastre Sulfurado;ESP/F08/1768/8050;FASE 8;BOT_CENTRAL_SUR_INF;291;1;ESPERANZA
09-06-2023;PA2;C55;KOM 930 E;Sulfuro Baja Ley;ESP/F08/1768/8050;FASE 8;CHANCADO-SULFURO;291;1;ESPERANZA
09-06-2023;PA2;C55;KOM 930 E;Sulfuro Baja Ley;ESP/F08/1768/8051;FASE 8;STOCK_SBL1;291;1;ESPERANZA
09-06-2023;PA2;C55;KOM 930 E;Sulfuro Baja Ley;ESP/F08/1768/808;FASE 8;CHANCADO-SULFURO;291;1;ESPERANZA
09-06-2023;PA2;C55;KOM 930 E;Sulfuro de Media;ESP/F08/1768/8051;FASE 8;CHANCADO-SULFURO;582;2;ESPERANZA
09-06-2023;PA2;C55;KOM 930 E;Sulfuro de Media;ESP/F08/1768/8051;FASE 8;STOCK_SME;291;1;ESPERANZA
09-06-2023;PA2;C55;KOM 930 E;Sulfuro de Media;ESP/F08/1768/808;FASE 8;CHANCADO-SULFURO;873;3;ESPERANZA
09-06-2023;PA2;C55;KOM 930 E;Sulfuro de Media;ESP/F08/1768/808;FASE 8;STOCK_SME;291;1;ESPERANZA
09-06-2023;PA2;C56;KOM 930 E;Lastre Sulfurado;ESP/F08/1768/8050;FASE 8;BOT_CENTRAL_SUR_INF;291;1;ESPERANZA
09-06-2023;PA2;C56;KOM 930 E;Sulfuro Baja Ley;ESP/F08/1768/8050;FASE 8;CHANCADO-SULFURO;1164;4;ESPERANZA
09-06-2023;PA2;C56;KOM 930 E;Sulfuro Baja Ley;ESP/F08/1768/8051;FASE 8;STOCK_SBL1;291;1;ESPERANZA
09-06-2023;PA2;C56;KOM 930 E;Sulfuro Baja Ley;ESP/F08/1768/808;FASE 8;CHANCADO-SULFURO;873;3;ESPERANZA
09-06-2023;PA2;C56;KOM 930 E;Sulfuro de Media;ESP/F08/1768/8051;FASE 8;CHANCADO-SULFURO;582;2;ESPERANZA
09-06-2023;PA2;C57;KOM 930 E;Lastre Sulfurado;ESP/F08/1768/8050;FASE 8;BOT_CENTRAL_SUR_INF;291;1;ESPERANZA
09-06-2023;PA2;C57;KOM 930 E;Sulfuro Baja Ley;ESP/F08/1768/8050;FASE 8;CHANCADO-SULFURO;291;1;ESPERANZA
09-06-2023;PA2;C57;KOM 930 E;Sulfuro Baja Ley;ESP/F08/1768/8050;FASE 8;STOCK_SBL1;873;3;ESPERANZA
09-06-2023;PA2;C57;KOM 930 E;Sulfuro Baja Ley;ESP/F08/1768/808;FASE 8;CHANCADO-SULFURO;1164;4;ESPERANZA
09-06-2023;PA2;C57;KOM 930 E;Sulfuro Baja Ley;ESP/F08/1768/808;FASE 8;STOCK_SBL1;582;2;ESPERANZA
09-06-2023;PA2;C57;KOM 930 E;Sulfuro de Media;ESP/F08/1768/8051;FASE 8;CHANCADO-SULFURO;1164;4;ESPERANZA
09-06-2023;PA2;C57;KOM 930 E;Sulfuro de Media;ESP/F08/1768/808;FASE 8;CHANCADO-SULFURO;291;1;ESPERANZA
09-06-2023;PA2;C57;KOM 930 E;Sulfuro de Media;ESP/F08/1768/808;FASE 8;STOCK_SME;582;2;ESPERANZA
09-06-2023;PA2;C58;KOM 930 E;Lastre Sulfurado;ESP/F08/1768/8050;FASE 8;BOT_CENTRAL_SUR_INF;291;1;ESPERANZA
09-06-2023;PA2;C58;KOM 930 E;Sulfuro Baja Ley;ESP/F08/1768/808;FASE 8;CHANCADO-SULFURO;1455;5;ESPERANZA
09-06-2023;PA2;C58;KOM 930 E;Sulfuro de Media;ESP/F08/1768/8051;FASE 8;CHANCADO-SULFURO;291;1;ESPERANZA
09-06-2023;PA2;C58;KOM 930 E;Sulfuro de Media;ESP/F08/1768/808;FASE 8;CHANCADO-SULFURO;291;1;ESPERANZA
09-06-2023;PA2;C59;KOM 930 E;Lastre Sulfurado;ESP/F08/1768/8050;FASE 8;BOT_CENTRAL_SUR_INF;291;1;ESPERANZA
09-06-2023;PA2;C59;KOM 930 E;Sulfuro Baja Ley;ESP/F08/1768/8050;FASE 8;CHANCADO-SULFURO;582;2;ESPERANZA
09-06-2023;PA2;C59;KOM 930 E;Sulfuro Baja Ley;ESP/F08/1768/8050;FASE 8;STOCK_SBL1;291;1;ESPERANZA
09-06-2023;PA2;C59;KOM 930 E;Sulfuro Baja Ley;ESP/F08/1768/808;FASE 8;CHANCADO-SULFURO;873;3;ESPERANZA
09-06-2023;PA2;C59;KOM 930 E;Sulfuro de Media;ESP/F08/1768/8051;FASE 8;CHANCADO-SULFURO;1164;4;ESPERANZA
09-06-2023;PA2;C59;KOM 930 E;Sulfuro de Media;ESP/F08/1768/808;FASE 8;CHANCADO-SULFURO;291;1;ESPERANZA
09-06-2023;PA2;C60;KOM 930 E;Lastre Sulfurado;ESP/F08/1768/8050;FASE 8;BOT_CENTRAL_SUR_INF;291;1;ESPERANZA
09-06-2023;PA2;C60;KOM 930 E;Sulfuro Baja Ley;ESP/F08/1768/8050;FASE 8;CHANCADO-SULFURO;582;2;ESPERANZA
09-06-2023;PA2;C60;KOM 930 E;Sulfuro Baja Ley;ESP/F08/1768/8050;FASE 8;STOCK_SBL1;873;3;ESPERANZA
09-06-2023;PA2;C60;KOM 930 E;Sulfuro Baja Ley;ESP/F08/1768/8051;FASE 8;CHANCADO-SULFURO;582;2;ESPERANZA
09-06-2023;PA2;C60;KOM 930 E;Sulfuro Baja Ley;ESP/F08/1768/808;FASE 8;CHANCADO-SULFURO;873;3;ESPERANZA
09-06-2023;PA2;C60;KOM 930 E;Sulfuro Baja Ley;ESP/F08/1768/808;FASE 8;STOCK-FIERROS;291;1;ESPERANZA
09-06-2023;PA2;C60;KOM 930 E;Sulfuro de Media;ESP/F08/1768/8051;FASE 8;CHANCADO-SULFURO;291;1;ESPERANZA
09-06-2023;PA2;C60;KOM 930 E;Sulfuro de Media;ESP/F08/1768/808;FASE 8;CHANCADO-SULFURO;1164;4;ESPERANZA
09-06-2023;PA2;C61;KOM 930 E;Sulfuro Baja Ley;ESP/F08/1768/8050;FASE 8;CHANCADO-SULFURO;582;2;ESPERANZA
09-06-2023;PA2;C61;KOM 930 E;Sulfuro Baja Ley;ESP/F08/1768/8050;FASE 8;STOCK_SBL1;582;2;ESPERANZA
09-06-2023;PA2;C61;KOM 930 E;Sulfuro Baja Ley;ESP/F08/1768/808;FASE 8;CHANCADO-SULFURO;1455;5;ESPERANZA
09-06-2023;PA2;C61;KOM 930 E;Sulfuro Baja Ley;ESP/F08/1768/808;FASE 8;STOCK_SPL_DIN;291;1;ESPERANZA
09-06-2023;PA2;C61;KOM 930 E;Sulfuro de Media;ESP/F08/1768/8051;FASE 8;CHANCADO-SULFURO;582;2;ESPERANZA
09-06-2023;PA2;C61;KOM 930 E;Sulfuro de Media;ESP/F08/1768/8051;FASE 8;STOCK_SME;582;2;ESPERANZA
09-06-2023;PA2;C61;KOM 930 E;Sulfuro de Media;ESP/F08/1768/808;FASE 8;CHANCADO-SULFURO;582;2;ESPERANZA
09-06-2023;PA2;C61;KOM 930 E;Sulfuro de Media;ESP/F08/1768/808;FASE 8;STOCK_SME;291;1;ESPERANZA
09-06-2023;PA211;C07;CAT 797 B;Lastre Sulfurado;ESP/F10/2296/1040;FASE 10;BOT_CENTRAL_SUR_INF;346,4039917;1;ESPERANZA
09-06-2023;PA211;C07;CAT 797 B;Lastre Sulfurado;ESP/F10/2296/1040;FASE 10;BOT_MIJO;1039,209961;3;ESPERANZA
09-06-2023;PA211;C07;CAT 797 B;Lastre Sulfurado;ESP/F10/2296/1040;FASE 10;BOT_RAMPA_SUPERIOR;346,4039917;1;ESPERANZA
09-06-2023;PA211;C08;CAT 797 B;Lastre Sulfurado;ESP/F10/2296/1040;FASE 10;BOT_CENTRAL_SUR_INF;692,8079834;2;ESPERANZA
09-06-2023;PA211;C11;CAT 797 B;Lastre Sulfurado;ESP/F10/2296/1040;FASE 10;BOT_CENTRAL_SUR_INF;2771,22998;8;ESPERANZA
09-06-2023;PA211;C11;CAT 797 B;Lastre Sulfurado;ESP/F10/2296/1040;FASE 10;BOT_MIJO;1039,209961;3;ESPERANZA
09-06-2023;PA211;C12;CAT 797 B;Lastre Sulfurado;ESP/F10/2296/1040;FASE 10;BOT_CENTRAL_SUR_INF;2771,22998;8;ESPERANZA
09-06-2023;PA211;C12;CAT 797 B;Lastre Sulfurado;ESP/F10/2296/1040;FASE 10;BOT_MIJO;1732,02002;5;ESPERANZA
09-06-2023;PA211;C122;CAT 793 C;Lastre Sulfurado;ESP/F10/2296/1040;FASE 10;BOT_CENTRAL_SUR_INF;865,7459717;4;ESPERANZA
09-06-2023;PA211;C125;CAT 793 C;Lastre Sulfurado;ESP/F10/2296/1040;FASE 10;BOT_CENTRAL_SUR_INF;1082,181976;5;ESPERANZA
09-06-2023;PA211;C128;CAT 793 C;Lastre Sulfurado;ESP/F10/2296/1040;FASE 10;BOT_CENTRAL_SUR_INF;1731,48999;8;ESPERANZA
09-06-2023;PA211;C128;CAT 793 C;Lastre Sulfurado;ESP/F10/2296/1040;FASE 10;BOT_MIJO;216,4360046;1;ESPERANZA
09-06-2023;PA211;C13;CAT 797 B;Lastre Sulfurado;ESP/F10/2296/1040;FASE 10;BOT_MIJO;692,8079834;2;ESPERANZA
09-06-2023;PA211;C130;CAT 793 C;Lastre Sulfurado;ESP/F10/2296/1040;FASE 10;BOT_CENTRAL_SUR_INF;432,8729858;2;ESPERANZA
09-06-2023;PA211;C131;CAT 793 C;Lastre Sulfurado;ESP/F10/2296/1040;FASE 10;BOT_CENTRAL_SUR_INF;1515,060059;7;ESPERANZA
09-06-2023;PA211;C132;CAT 793 C;Lastre Sulfurado;ESP/F10/2296/1040;FASE 10;BOT_CENTRAL_SUR_INF;1298,618958;6;ESPERANZA
09-06-2023;PA211;C134;CAT 793 C;Lastre Sulfurado;ESP/F10/2296/1040;FASE 10;BOT_CENTRAL_SUR_INF;1082,180054;5;ESPERANZA
09-06-2023;PA211;C15;CAT 797 B;Lastre Sulfurado;ESP/F10/2296/1040;FASE 10;BOT_CENTRAL_SUR_INF;1039,211975;3;ESPERANZA
09-06-2023;PA211;C15;CAT 797 B;Lastre Sulfurado;ESP/F10/2296/1040;FASE 10;BOT_MIJO;346,4039917;1;ESPERANZA
09-06-2023;PA211;C151;CAT 793 F;Lastre Sulfurado;ESP/F10/2296/1040;FASE 10;BOT_CENTRAL_SUR_INF;865,7459717;4;ESPERANZA
09-06-2023;PA211;C153;CAT 793 F;Lastre Sulfurado;ESP/F10/2296/1040;FASE 10;BOT_CENTRAL_SUR_INF;1515,060059;7;ESPERANZA
09-06-2023;PA211;C153;CAT 793 F;Lastre Sulfurado;ESP/F10/2296/1040;FASE 10;BOT_MIJO;216,4360046;1;ESPERANZA
09-06-2023;PA211;C155;CAT 793 F;Lastre Sulfurado;ESP/F10/2296/1040;FASE 10;BOT_CENTRAL_SUR_INF;1298,618958;6;ESPERANZA
09-06-2023;PA211;C156;CAT 793 F;Lastre Sulfurado;ESP/F10/2296/1040;FASE 10;BOT_CENTRAL_SUR_INF;865,7459717;4;ESPERANZA
09-06-2023;PA211;C160;CAT 793 F;Lastre Sulfurado;ESP/F10/2296/1040;FASE 10;BOT_CENTRAL_SUR_INF;216,4360046;1;ESPERANZA
09-06-2023;PA211;C161;CAT 793 F;Lastre Sulfurado;ESP/F10/2296/1040;FASE 10;BOT_CENTRAL_SUR_INF;432,8729858;2;ESPERANZA
09-06-2023;PA211;C162;CAT 793 F;Lastre Sulfurado;ESP/F10/2296/1040;FASE 10;BOT_CENTRAL_SUR_INF;1298,618011;6;ESPERANZA
09-06-2023;PA211;C162;CAT 793 F;Lastre Sulfurado;ESP/F10/2296/1040;FASE 10;BOT_MIJO;216,4360046;1;ESPERANZA
09-06-2023;PA211;C163;CAT 793 F;Lastre Sulfurado;ESP/F10/2296/1040;FASE 10;BOT_CENTRAL_SUR_INF;1082,180054;5;ESPERANZA
09-06-2023;PA211;C164;CAT 793 F;Lastre Sulfurado;ESP/F10/2296/1040;FASE 10;BOT_CENTRAL_SUR_INF;1515,060059;7;ESPERANZA
09-06-2023;PA211;C17;CAT 797 F;Lastre Sulfurado;ESP/F10/2296/1040;FASE 10;BOT_CENTRAL_SUR_INF;1039,209961;3;ESPERANZA
09-06-2023;PA211;C20;CAT 797 F;Lastre Sulfurado;ESP/F10/2296/1040;FASE 10;BOT_CENTRAL_SUR_INF;692,8079834;2;ESPERANZA
09-06-2023;PA211;C20;CAT 797 F;Lastre Sulfurado;ESP/F10/2296/1040;FASE 10;BOT_MIJO;692,8079834;2;ESPERANZA
09-06-2023;PA211;C21;CAT 797 F;Lastre Sulfurado;ESP/F10/2296/1040;FASE 10;BOT_CENTRAL_SUR_INF;692,8079834;2;ESPERANZA
09-06-2023;PA211;C25;CAT 797 F;Lastre Sulfurado;ESP/F10/2296/1040;FASE 10;BOT_CENTRAL_SUR_INF;346,4039917;1;ESPERANZA
09-06-2023;PA211;C32;CAT 797 F;Lastre Sulfurado;ESP/F10/2296/1040;FASE 10;BOT_CENTRAL_SUR_INF;1732,02002;5;ESPERANZA
09-06-2023;PA211;C32;CAT 797 F;Lastre Sulfurado;ESP/F10/2296/1040;FASE 10;BOT_MIJO;1385,619995;4;ESPERANZA
09-06-2023;PA211;C36;CAT 797 F;Lastre Sulfurado;ESP/F10/2296/1040;FASE 10;BOT_CENTRAL_SUR_INF;346,4039917;1;ESPERANZA
09-06-2023;PA211;C38;CAT 797 F;Lastre Sulfurado;ESP/F10/2296/1040;FASE 10;BOT_CENTRAL_SUR_INF;692,8079834;2;ESPERANZA
09-06-2023;PA211;C38;CAT 797 F;Lastre Sulfurado;ESP/F10/2296/1040;FASE 10;BOT_RAMPA_SUPERIOR;692,8079834;2;ESPERANZA
09-06-2023;PA211;C41;CAT 797 F;Lastre Sulfurado;ESP/F10/2296/1040;FASE 10;BOT_MIJO;346,4039917;1;ESPERANZA
09-06-2023;PA211;C44;CAT 797 F;Lastre Sulfurado;ESP/F10/2296/1040;FASE 10;BOT_CENTRAL_SUR_INF;346,4039917;1;ESPERANZA
09-06-2023;PA211;C44;CAT 797 F;Lastre Sulfurado;ESP/F10/2296/1040;FASE 10;BOT_MIJO;692,8079834;2;ESPERANZA
09-06-2023;PA211;C47;CAT 797 F;Lastre Sulfurado;ESP/F10/2296/1040;FASE 10;BOT_CENTRAL_SUR_INF;1039,211975;3;ESPERANZA
09-06-2023;PA211;C49;KOM 930 E;Lastre Sulfurado;ESP/F10/2296/1040;FASE 10;BOT_RAMPA_SUPERIOR;291;1;ESPERANZA
09-06-2023;PA211;C60;KOM 930 E;Lastre Sulfurado;ESP/F10/2296/1040;FASE 10;BOT_MIJO;291;1;ESPERANZA
09-06-2023;PA3;C07;CAT 797 B;Lastre Sulfurado;ESP/F07/2120/7290;FASE 7;BOT_2380_INT;1732,02002;5;ESPERANZA
09-06-2023;PA3;C07;CAT 797 B;Lastre Sulfurado;ESP/F07/2120/731;FASE 7;BOT_2380_INT;1385,613953;4;ESPERANZA
09-06-2023;PA3;C08;CAT 797 B;Lastre Sulfurado;ESP/F07/2120/7290;FASE 7;BOT_2380_INT;1385,613953;4;ESPERANZA
09-06-2023;PA3;C08;CAT 797 B;Lastre Sulfurado;ESP/F07/2120/731;FASE 7;BOT_2380_INT;692,8079834;2;ESPERANZA
09-06-2023;PA3;C09;CAT 797 B;Lastre Sulfurado;ESP/F07/2120/7290;FASE 7;BOT_2380_INT;1385,615967;4;ESPERANZA
09-06-2023;PA3;C09;CAT 797 B;Lastre Sulfurado;ESP/F07/2120/731;FASE 7;BOT_2380_INT;3117,638062;9;ESPERANZA
09-06-2023;PA3;C10;CAT 797 B;Lastre Sulfurado;ESP/F07/2120/7290;FASE 7;BOT_2380_INT;2078,419922;6;ESPERANZA
09-06-2023;PA3;C13;CAT 797 B;Lastre Sulfurado;ESP/F07/2120/7290;FASE 7;BOT_2380_INT;346,4039917;1;ESPERANZA
09-06-2023;PA3;C13;CAT 797 B;Lastre Sulfurado;ESP/F07/2120/731;FASE 7;BOT_2380_INT;1039,209961;3;ESPERANZA
09-06-2023;PA3;C14;CAT 797 B;Lastre Sulfurado;ESP/F07/2120/7290;FASE 7;BOT_2380_INT;346,4039917;1;ESPERANZA
09-06-2023;PA3;C14;CAT 797 B;Lastre Sulfurado;ESP/F07/2120/731;FASE 7;BOT_2380_INT;1385,619995;4;ESPERANZA
09-06-2023;PA3;C15;CAT 797 B;Lastre Sulfurado;ESP/F07/2120/7290;FASE 7;BOT_2380_INT;1039,209961;3;ESPERANZA
09-06-2023;PA3;C15;CAT 797 B;Lastre Sulfurado;ESP/F07/2120/731;FASE 7;BOT_2380_INT;692,8079834;2;ESPERANZA
09-06-2023;PA3;C151;CAT 793 F;Lastre Sulfurado;ESP/F07/2120/731;FASE 7;BOT_2380_INT;216,4360046;1;ESPERANZA
09-06-2023;PA3;C16;CAT 797 B;Lastre Sulfurado;ESP/F07/2120/731;FASE 7;BOT_2380_INT;2424,828003;7;ESPERANZA
09-06-2023;PA3;C161;CAT 793 F;Lastre Sulfurado;ESP/F07/2120/731;FASE 7;BOT_2380_INT;216,4360046;1;ESPERANZA
09-06-2023;PA3;C17;CAT 797 F;Lastre Sulfurado;ESP/F07/2120/7290;FASE 7;BOT_2380_INT;692,8079834;2;ESPERANZA
09-06-2023;PA3;C17;CAT 797 F;Lastre Sulfurado;ESP/F07/2120/731;FASE 7;BOT_2380_INT;2424,830078;7;ESPERANZA
09-06-2023;PA3;C18;CAT 797 F;Lastre Sulfurado;ESP/F07/2120/7290;FASE 7;BOT_2380_INT;692,8079834;2;ESPERANZA
09-06-2023;PA3;C18;CAT 797 F;Lastre Sulfurado;ESP/F07/2120/731;FASE 7;BOT_2380_INT;346,4039917;1;ESPERANZA
09-06-2023;PA3;C19;CAT 797 F;Lastre Sulfurado;ESP/F07/2120/7290;FASE 7;BOT_2380_INT;1732,017944;5;ESPERANZA
09-06-2023;PA3;C19;CAT 797 F;Lastre Sulfurado;ESP/F07/2120/731;FASE 7;BOT_2380_INT;2078,424011;6;ESPERANZA
09-06-2023;PA3;C20;CAT 797 F;Lastre Sulfurado;ESP/F07/2120/7290;FASE 7;BOT_2380_INT;1039,211975;3;ESPERANZA
09-06-2023;PA3;C20;CAT 797 F;Lastre Sulfurado;ESP/F07/2120/731;FASE 7;BOT_2380_INT;346,4039917;1;ESPERANZA
09-06-2023;PA3;C21;CAT 797 F;Lastre Sulfurado;ESP/F07/2120/7290;FASE 7;BOT_2380_INT;1732,023987;5;ESPERANZA
09-06-2023;PA3;C21;CAT 797 F;Lastre Sulfurado;ESP/F07/2120/731;FASE 7;BOT_2380_INT;692,8079834;2;ESPERANZA
09-06-2023;PA3;C22;CAT 797 F;Lastre Sulfurado;ESP/F07/2120/7290;FASE 7;BOT_2380_INT;1732,017944;5;ESPERANZA
09-06-2023;PA3;C22;CAT 797 F;Lastre Sulfurado;ESP/F07/2120/731;FASE 7;BOT_2380_INT;1039,209961;3;ESPERANZA
09-06-2023;PA3;C23;CAT 797 F;Lastre Sulfurado;ESP/F07/2120/7290;FASE 7;BOT_2380_INT;1732,017944;5;ESPERANZA
09-06-2023;PA3;C23;CAT 797 F;Lastre Sulfurado;ESP/F07/2120/731;FASE 7;BOT_2380_INT;2424,828003;7;ESPERANZA
09-06-2023;PA3;C24;CAT 797 F;Lastre Sulfurado;ESP/F07/2120/7290;FASE 7;BOT_2380_INT;692,8079834;2;ESPERANZA
09-06-2023;PA3;C24;CAT 797 F;Lastre Sulfurado;ESP/F07/2120/731;FASE 7;BOT_2380_INT;2424,828003;7;ESPERANZA
09-06-2023;PA3;C25;CAT 797 F;Lastre Sulfurado;ESP/F07/2120/7290;FASE 7;BOT_2380_INT;692,8079834;2;ESPERANZA
09-06-2023;PA3;C25;CAT 797 F;Lastre Sulfurado;ESP/F07/2120/731;FASE 7;BOT_2380_INT;1039,211975;3;ESPERANZA
09-06-2023;PA3;C32;CAT 797 F;Lastre Sulfurado;ESP/F07/2120/7290;FASE 7;BOT_2380_INT;1039,209961;3;ESPERANZA
09-06-2023;PA3;C36;CAT 797 F;Lastre Sulfurado;ESP/F07/2120/7290;FASE 7;BOT_2380_INT;1732,017944;5;ESPERANZA
09-06-2023;PA3;C37;CAT 797 F;Lastre Sulfurado;ESP/F07/2120/7290;FASE 7;BOT_2380_INT;692,8079834;2;ESPERANZA
09-06-2023;PA3;C37;CAT 797 F;Lastre Sulfurado;ESP/F07/2120/731;FASE 7;BOT_2380_INT;2078,427979;6;ESPERANZA
09-06-2023;PA3;C38;CAT 797 F;Lastre Sulfurado;ESP/F07/2120/7290;FASE 7;BOT_2380_INT;346,4039917;1;ESPERANZA
09-06-2023;PA3;C38;CAT 797 F;Lastre Sulfurado;ESP/F07/2120/731;FASE 7;BOT_2380_INT;692,8079834;2;ESPERANZA
09-06-2023;PA3;C39;CAT 797 F;Lastre Sulfurado;ESP/F07/2120/7290;FASE 7;BOT_2380_INT;1385,619995;4;ESPERANZA
09-06-2023;PA3;C39;CAT 797 F;Lastre Sulfurado;ESP/F07/2120/731;FASE 7;BOT_2380_INT;692,8079834;2;ESPERANZA
09-06-2023;PA3;C40;CAT 797 F;Lastre Sulfurado;ESP/F07/2120/7290;FASE 7;BOT_2380_INT;1385,613953;4;ESPERANZA
09-06-2023;PA3;C40;CAT 797 F;Lastre Sulfurado;ESP/F07/2120/731;FASE 7;BOT_2380_INT;1732,023987;5;ESPERANZA
09-06-2023;PA3;C41;CAT 797 F;Lastre Sulfurado;ESP/F07/2120/7290;FASE 7;BOT_2380_INT;1039,211975;3;ESPERANZA
09-06-2023;PA3;C41;CAT 797 F;Lastre Sulfurado;ESP/F07/2120/731;FASE 7;BOT_2380_INT;1732,017944;5;ESPERANZA
09-06-2023;PA3;C42;CAT 797 F;Lastre Sulfurado;ESP/F07/2120/7290;FASE 7;BOT_2380_INT;692,8079834;2;ESPERANZA
09-06-2023;PA3;C42;CAT 797 F;Lastre Sulfurado;ESP/F07/2120/731;FASE 7;BOT_2380_INT;1385,615967;4;ESPERANZA
09-06-2023;PA3;C42;CAT 797 F;Lastre Sulfurado;ESP/F07/2120/731;FASE 7;BOT_RAMPA_SUPERIOR;346,4039917;1;ESPERANZA
09-06-2023;PA3;C43;CAT 797 F;Lastre Sulfurado;ESP/F07/2120/7290;FASE 7;BOT_2380_INT;1039,211975;3;ESPERANZA
09-06-2023;PA3;C43;CAT 797 F;Lastre Sulfurado;ESP/F07/2120/731;FASE 7;BOT_2380_INT;2424,823914;7;ESPERANZA
09-06-2023;PA3;C44;CAT 797 F;Lastre Sulfurado;ESP/F07/2120/7290;FASE 7;BOT_2380_INT;346,4039917;1;ESPERANZA
09-06-2023;PA3;C44;CAT 797 F;Lastre Sulfurado;ESP/F07/2120/731;FASE 7;BOT_2380_INT;1039,209961;3;ESPERANZA
09-06-2023;PA3;C45;CAT 797 F;Lastre Sulfurado;ESP/F07/2120/7290;FASE 7;BOT_2380_INT;1039,209961;3;ESPERANZA
09-06-2023;PA3;C45;CAT 797 F;Lastre Sulfurado;ESP/F07/2120/731;FASE 7;BOT_2380_INT;1732,019958;5;ESPERANZA
09-06-2023;PA3;C46;CAT 797 F;Lastre Sulfurado;ESP/F07/2120/7290;FASE 7;BOT_2380_INT;2771,22998;8;ESPERANZA
09-06-2023;PA3;C46;CAT 797 F;Lastre Sulfurado;ESP/F07/2120/7290;FASE 7;BOT_CENTRAL_SUR_INF;346,4039917;1;ESPERANZA
09-06-2023;PA3;C46;CAT 797 F;Lastre Sulfurado;ESP/F07/2120/731;FASE 7;BOT_2380_INT;1732,017944;5;ESPERANZA
09-06-2023;PA3;C47;CAT 797 F;Lastre Sulfurado;ESP/F07/2120/7290;FASE 7;BOT_2380_INT;1385,615967;4;ESPERANZA
09-06-2023;PA3;C47;CAT 797 F;Lastre Sulfurado;ESP/F07/2120/731;FASE 7;BOT_2380_INT;692,8079834;2;ESPERANZA
09-06-2023;PA3;C48;CAT 797 F;Lastre Sulfurado;ESP/F07/2120/7290;FASE 7;BOT_2380_INT;2078,424011;6;ESPERANZA
09-06-2023;PA3;C48;CAT 797 F;Lastre Sulfurado;ESP/F07/2120/731;FASE 7;BOT_2380_INT;1039,209961;3;ESPERANZA
09-06-2023;PA4;C07;CAT 797 B;Lastre Sulfurado;ESP/F10/2328/1240;FASE 10;BOT_CENTRAL_SUR_INF;346,4039917;1;ESPERANZA
09-06-2023;PA4;C08;CAT 797 B;Lastre Oxidado;ESP/F10/2328/130;FASE 10;BOT_CENTRAL_SUR_INF;692,8079834;2;ESPERANZA
09-06-2023;PA4;C08;CAT 797 B;Lastre Sulfurado;ESP/F10/2328/1240;FASE 10;BOT_CENTRAL_SUR_INF;3810,439941;11;ESPERANZA
09-06-2023;PA4;C08;CAT 797 B;Lastre Sulfurado;ESP/F10/2328/1240;FASE 10;BOT_MIJO;346,4039917;1;ESPERANZA
09-06-2023;PA4;C09;CAT 797 B;Lastre Sulfurado;ESP/F10/2328/1240;FASE 10;BOT_RAMPA_SUPERIOR;346,4039917;1;ESPERANZA
09-06-2023;PA4;C11;CAT 797 B;Lastre Oxidado;ESP/F10/2328/130;FASE 10;BOT_CENTRAL_SUR_INF;692,8079834;2;ESPERANZA
09-06-2023;PA4;C11;CAT 797 B;Lastre Sulfurado;ESP/F10/2328/1240;FASE 10;BOT_CENTRAL_SUR_INF;1039,209961;3;ESPERANZA
09-06-2023;PA4;C12;CAT 797 B;Lastre Oxidado;ESP/F10/2328/130;FASE 10;BOT_CENTRAL_SUR_INF;346,4039917;1;ESPERANZA
09-06-2023;PA4;C12;CAT 797 B;Lastre Sulfurado;ESP/F10/2328/1240;FASE 10;BOT_CENTRAL_SUR_INF;346,4039917;1;ESPERANZA
09-06-2023;PA4;C122;CAT 793 C;Lastre Oxidado;ESP/F10/2328/130;FASE 10;BOT_CENTRAL_SUR_INF;1082,180054;5;ESPERANZA
09-06-2023;PA4;C122;CAT 793 C;Lastre Sulfurado;ESP/F10/2328/1240;FASE 10;BOT_CENTRAL_SUR_INF;649,309021;3;ESPERANZA
09-06-2023;PA4;C122;CAT 793 C;Lastre Sulfurado;ESP/F10/2328/1240;FASE 10;BOT_MIJO;216,4360046;1;ESPERANZA
09-06-2023;PA4;C122;CAT 793 C;Lastre Sulfurado;ESP/F10/2328/1240;FASE 10;BOT_RAMPA_SUPERIOR;216,4360046;1;ESPERANZA
09-06-2023;PA4;C125;CAT 793 C;Lastre Oxidado;ESP/F10/2328/130;FASE 10;BOT_CENTRAL_SUR_INF;865,7459717;4;ESPERANZA
09-06-2023;PA4;C125;CAT 793 C;Lastre Sulfurado;ESP/F10/2328/1240;FASE 10;BOT_CENTRAL_SUR_INF;432,8729858;2;ESPERANZA
09-06-2023;PA4;C125;CAT 793 C;Lastre Sulfurado;ESP/F10/2328/1240;FASE 10;BOT_MIJO;216,4360046;1;ESPERANZA
09-06-2023;PA4;C128;CAT 793 C;Lastre Oxidado;ESP/F10/2328/130;FASE 10;BOT_CENTRAL_SUR_INF;432,8729858;2;ESPERANZA
09-06-2023;PA4;C128;CAT 793 C;Lastre Sulfurado;ESP/F10/2328/1240;FASE 10;BOT_CENTRAL_SUR_INF;865,7450256;4;ESPERANZA
09-06-2023;PA4;C130;CAT 793 C;Lastre Oxidado;ESP/F10/2328/130;FASE 10;BOT_CENTRAL_SUR_INF;432,8729858;2;ESPERANZA
09-06-2023;PA4;C131;CAT 793 C;Lastre Oxidado;ESP/F10/2328/130;FASE 10;BOT_CENTRAL_SUR_INF;432,8729858;2;ESPERANZA
09-06-2023;PA4;C131;CAT 793 C;Lastre Sulfurado;ESP/F10/2328/1240;FASE 10;BOT_CENTRAL_SUR_INF;216,4360046;1;ESPERANZA
09-06-2023;PA4;C132;CAT 793 C;Lastre Oxidado;ESP/F10/2328/130;FASE 10;BOT_CENTRAL_SUR_INF;216,4360046;1;ESPERANZA
09-06-2023;PA4;C132;CAT 793 C;Lastre Sulfurado;ESP/F10/2328/1240;FASE 10;BOT_CENTRAL_SUR_INF;432,8729858;2;ESPERANZA
09-06-2023;PA4;C134;CAT 793 C;Lastre Oxidado;ESP/F10/2328/130;FASE 10;BOT_CENTRAL_SUR_INF;865,7459717;4;ESPERANZA
09-06-2023;PA4;C134;CAT 793 C;Lastre Sulfurado;ESP/F10/2328/1240;FASE 10;BOT_CENTRAL_SUR_INF;216,4360046;1;ESPERANZA
09-06-2023;PA4;C15;CAT 797 B;Lastre Oxidado;ESP/F10/2328/130;FASE 10;BOT_CENTRAL_SUR_INF;346,4039917;1;ESPERANZA
09-06-2023;PA4;C15;CAT 797 B;Lastre Sulfurado;ESP/F10/2328/1240;FASE 10;BOT_CENTRAL_SUR_INF;1039,211975;3;ESPERANZA
09-06-2023;PA4;C151;CAT 793 F;Lastre Oxidado;ESP/F10/2328/130;FASE 10;BOT_CENTRAL_SUR_INF;865,7459717;4;ESPERANZA
09-06-2023;PA4;C153;CAT 793 F;Lastre Oxidado;ESP/F10/2328/130;FASE 10;BOT_CENTRAL_SUR_INF;216,4360046;1;ESPERANZA
09-06-2023;PA4;C155;CAT 793 F;Lastre Oxidado;ESP/F10/2328/130;FASE 10;BOT_CENTRAL_SUR_INF;432,8729858;2;ESPERANZA
09-06-2023;PA4;C155;CAT 793 F;Lastre Sulfurado;ESP/F10/2328/1240;FASE 10;BOT_CENTRAL_SUR_INF;216,4360046;1;ESPERANZA
09-06-2023;PA4;C156;CAT 793 F;Lastre Oxidado;ESP/F10/2328/130;FASE 10;BOT_CENTRAL_SUR_INF;216,4360046;1;ESPERANZA
09-06-2023;PA4;C161;CAT 793 F;Lastre Oxidado;ESP/F10/2328/130;FASE 10;BOT_CENTRAL_SUR_INF;1298,619995;6;ESPERANZA
09-06-2023;PA4;C162;CAT 793 F;Lastre Oxidado;ESP/F10/2328/130;FASE 10;BOT_CENTRAL_SUR_INF;216,4360046;1;ESPERANZA
09-06-2023;PA4;C163;CAT 793 F;Lastre Oxidado;ESP/F10/2328/130;FASE 10;BOT_CENTRAL_SUR_INF;432,8729858;2;ESPERANZA
09-06-2023;PA4;C163;CAT 793 F;Lastre Sulfurado;ESP/F10/2328/1240;FASE 10;BOT_CENTRAL_SUR_INF;216,4360046;1;ESPERANZA
09-06-2023;PA4;C164;CAT 793 F;Lastre Oxidado;ESP/F10/2328/130;FASE 10;BOT_CENTRAL_SUR_INF;865,7459717;4;ESPERANZA
09-06-2023;PA4;C17;CAT 797 F;Lastre Sulfurado;ESP/F10/2328/1240;FASE 10;BOT_CENTRAL_SUR_INF;346,4039917;1;ESPERANZA
09-06-2023;PA4;C17;CAT 797 F;Lastre Sulfurado;ESP/F10/2328/1240;FASE 10;BOT_RAMPA_SUPERIOR;346,4039917;1;ESPERANZA
09-06-2023;PA4;C18;CAT 797 F;Lastre Oxidado;ESP/F10/2328/130;FASE 10;BOT_CENTRAL_SUR_INF;346,4039917;1;ESPERANZA
09-06-2023;PA4;C19;CAT 797 F;Lastre Sulfurado;ESP/F10/2328/1240;FASE 10;BOT_CENTRAL_SUR_INF;346,4039917;1;ESPERANZA
09-06-2023;PA4;C20;CAT 797 F;Lastre Sulfurado;ESP/F10/2328/1240;FASE 10;BOT_CENTRAL_SUR_INF;1039,209961;3;ESPERANZA
09-06-2023;PA4;C21;CAT 797 F;Lastre Sulfurado;ESP/F10/2328/1240;FASE 10;BOT_CENTRAL_SUR_INF;346,4039917;1;ESPERANZA
09-06-2023;PA4;C21;CAT 797 F;Lastre Sulfurado;ESP/F10/2328/1240;FASE 10;BOT_RAMPA_SUPERIOR;346,4039917;1;ESPERANZA
09-06-2023;PA4;C23;CAT 797 F;Lastre Sulfurado;ESP/F10/2328/1240;FASE 10;BOT_CENTRAL_SUR_INF;692,8079834;2;ESPERANZA
09-06-2023;PA4;C25;CAT 797 F;Lastre Sulfurado;ESP/F10/2328/1240;FASE 10;BOT_CENTRAL_SUR_INF;346,4039917;1;ESPERANZA
09-06-2023;PA4;C32;CAT 797 F;Lastre Sulfurado;ESP/F10/2328/1240;FASE 10;BOT_MIJO;346,4039917;1;ESPERANZA
09-06-2023;PA4;C36;CAT 797 F;Lastre Sulfurado;ESP/F10/2328/1240;FASE 10;BOT_CENTRAL_SUR_INF;346,4039917;1;ESPERANZA
09-06-2023;PA4;C36;CAT 797 F;Lastre Sulfurado;ESP/F10/2328/1240;FASE 10;BOT_RAMPA_SUPERIOR;346,4039917;1;ESPERANZA
09-06-2023;PA4;C39;CAT 797 F;Lastre Sulfurado;ESP/F10/2328/1240;FASE 10;BOT_CENTRAL_SUR_INF;346,4039917;1;ESPERANZA
09-06-2023;PA4;C42;CAT 797 F;Lastre Sulfurado;ESP/F10/2328/1240;FASE 10;BOT_CENTRAL_SUR_INF;346,4039917;1;ESPERANZA
09-06-2023;PA4;C45;CAT 797 F;Lastre Sulfurado;ESP/F10/2328/1240;FASE 10;BOT_MIJO;346,4039917;1;ESPERANZA
09-06-2023;PA4;C46;CAT 797 F;Lastre Sulfurado;ESP/F10/2328/1240;FASE 10;BOT_CENTRAL_SUR_INF;692,8079834;2;ESPERANZA
09-06-2023;PA4;C47;CAT 797 F;Lastre Sulfurado;ESP/F10/2328/1240;FASE 10;BOT_CENTRAL_SUR_INF;346,4039917;1;ESPERANZA
09-06-2023;PA4;C48;CAT 797 F;Lastre Sulfurado;ESP/F10/2328/1240;FASE 10;BOT_CENTRAL_SUR_INF;346,4039917;1;ESPERANZA
09-06-2023;PA4;C51;KOM 930 E;Lastre Oxidado;ESP/F10/2328/130;FASE 10;BOT_CENTRAL_SUR_INF;291;1;ESPERANZA
09-06-2023;PA4;C52;KOM 930 E;Lastre Oxidado;ESP/F10/2328/130;FASE 10;BOT_CENTRAL_SUR_INF;291;1;ESPERANZA
09-06-2023;PA6;C07;CAT 797 B;Lastre Sulfurado;ESP/F10/2296/1040;FASE 10;BOT_CENTRAL_SUR_INF;692,8079834;2;ESPERANZA
09-06-2023;PA6;C08;CAT 797 B;Lastre Sulfurado;ESP/F10/2296/1040;FASE 10;BOT_CENTRAL_SUR_INF;1039,211975;3;ESPERANZA
09-06-2023;PA6;C08;CAT 797 B;Lastre Sulfurado;ESP/F10/2296/1040;FASE 10;BOT_RAMPA_SUPERIOR;346,4039917;1;ESPERANZA
09-06-2023;PA6;C11;CAT 797 B;Lastre Sulfurado;ESP/F10/2296/1040;FASE 10;BOT_CENTRAL_SUR_INF;1039,209961;3;ESPERANZA
09-06-2023;PA6;C11;CAT 797 B;Lastre Sulfurado;ESP/F10/2296/1040;FASE 10;BOT_RAMPA_SUPERIOR;346,4039917;1;ESPERANZA
09-06-2023;PA6;C12;CAT 797 B;Lastre Sulfurado;ESP/F10/2296/1040;FASE 10;BOT_CENTRAL_SUR_INF;1039,209961;3;ESPERANZA
09-06-2023;PA6;C122;CAT 793 C;Lastre Sulfurado;ESP/F10/2296/1040;FASE 10;BOT_CENTRAL_SUR_INF;1082,182007;5;ESPERANZA
09-06-2023;PA6;C125;CAT 793 C;Lastre Sulfurado;ESP/F10/2296/1040;FASE 10;BOT_CENTRAL_SUR_INF;2380,799011;11;ESPERANZA
09-06-2023;PA6;C128;CAT 793 C;Lastre Sulfurado;ESP/F10/2296/1040;FASE 10;BOT_CENTRAL_SUR_INF;1298,618958;6;ESPERANZA
09-06-2023;PA6;C130;CAT 793 C;Lastre Sulfurado;ESP/F10/2296/1040;FASE 10;BOT_CENTRAL_SUR_INF;432,8729858;2;ESPERANZA
09-06-2023;PA6;C131;CAT 793 C;Lastre Sulfurado;ESP/F10/2296/1040;FASE 10;BOT_CENTRAL_SUR_INF;2597,236053;12;ESPERANZA
09-06-2023;PA6;C132;CAT 793 C;Lastre Sulfurado;ESP/F10/2296/1040;FASE 10;BOT_CENTRAL_SUR_INF;2813,676025;13;ESPERANZA
09-06-2023;PA6;C134;CAT 793 C;Lastre Sulfurado;ESP/F10/2296/1040;FASE 10;BOT_CENTRAL_SUR_INF;1515,060059;7;ESPERANZA
09-06-2023;PA6;C15;CAT 797 B;Lastre Sulfurado;ESP/F10/2296/1040;FASE 10;BOT_CENTRAL_SUR_INF;2424,828003;7;ESPERANZA
09-06-2023;PA6;C151;CAT 793 F;Lastre Sulfurado;ESP/F10/2296/1040;FASE 10;BOT_CENTRAL_SUR_INF;1731,48999;8;ESPERANZA
09-06-2023;PA6;C153;CAT 793 F;Lastre Sulfurado;ESP/F10/2296/1040;FASE 10;BOT_CENTRAL_SUR_INF;2380,796112;11;ESPERANZA
09-06-2023;PA6;C154;CAT 793 F;Lastre Sulfurado;ESP/F10/2296/1040;FASE 10;BOT_CENTRAL_SUR_INF;216,4360046;1;ESPERANZA
09-06-2023;PA6;C155;CAT 793 F;Lastre Sulfurado;ESP/F10/2296/1040;FASE 10;BOT_CENTRAL_SUR_INF;216,4360046;1;ESPERANZA
09-06-2023;PA6;C156;CAT 793 F;Lastre Sulfurado;ESP/F10/2296/1040;FASE 10;BOT_CENTRAL_SUR_INF;1298,619995;6;ESPERANZA
09-06-2023;PA6;C16;CAT 797 B;Lastre Sulfurado;ESP/F10/2296/1040;FASE 10;BOT_CENTRAL_SUR_INF;692,8079834;2;ESPERANZA
09-06-2023;PA6;C160;CAT 793 F;Lastre Sulfurado;ESP/F10/2296/1040;FASE 10;BOT_MIJO;216,4360046;1;ESPERANZA
09-06-2023;PA6;C161;CAT 793 F;Lastre Sulfurado;ESP/F10/2296/1040;FASE 10;BOT_CENTRAL_SUR_INF;2164,360107;10;ESPERANZA
09-06-2023;PA6;C162;CAT 793 F;Lastre Sulfurado;ESP/F10/2296/1040;FASE 10;BOT_CENTRAL_SUR_INF;1731,48999;8;ESPERANZA
09-06-2023;PA6;C163;CAT 793 F;Lastre Sulfurado;ESP/F10/2296/1040;FASE 10;BOT_CENTRAL_SUR_INF;865,7450256;4;ESPERANZA
09-06-2023;PA6;C164;CAT 793 F;Lastre Sulfurado;ESP/F10/2296/1040;FASE 10;BOT_CENTRAL_SUR_INF;649,309021;3;ESPERANZA
09-06-2023;PA6;C17;CAT 797 F;Lastre Sulfurado;ESP/F10/2296/1040;FASE 10;BOT_CENTRAL_SUR_INF;346,4039917;1;ESPERANZA
09-06-2023;PA6;C20;CAT 797 F;Lastre Sulfurado;ESP/F10/2296/1040;FASE 10;BOT_CENTRAL_SUR_INF;1385,619995;4;ESPERANZA
09-06-2023;PA6;C21;CAT 797 F;Lastre Sulfurado;ESP/F10/2296/1040;FASE 10;BOT_CENTRAL_SUR_INF;346,4039917;1;ESPERANZA
09-06-2023;PA6;C32;CAT 797 F;Lastre Sulfurado;ESP/F10/2296/1040;FASE 10;BOT_CENTRAL_SUR_INF;346,4039917;1;ESPERANZA
09-06-2023;PA6;C32;CAT 797 F;Lastre Sulfurado;ESP/F10/2296/1040;FASE 10;BOT_MIJO;346,4039917;1;ESPERANZA
09-06-2023;PA6;C32;CAT 797 F;Lastre Sulfurado;ESP/F10/2296/1040;FASE 10;BOT_RAMPA_SUPERIOR;692,8079834;2;ESPERANZA
09-06-2023;PA6;C39;CAT 797 F;Lastre Sulfurado;ESP/F10/2296/1040;FASE 10;BOT_CENTRAL_SUR_INF;346,4039917;1;ESPERANZA
09-06-2023;PA6;C47;CAT 797 F;Lastre Sulfurado;ESP/F10/2296/1040;FASE 10;BOT_CENTRAL_SUR_INF;346,4039917;1;ESPERANZA
09-06-2023;PA6;C60;KOM 930 E;Lastre Sulfurado;ESP/F10/2296/1040;FASE 10;BOT_CENTRAL_SUR_INF;291;1;ESPERANZA
09-06-2023;PA6;C61;KOM 930 E;Lastre Sulfurado;ESP/F10/2296/1040;FASE 10;BOT_RAMPA_SUPERIOR;291;1;ESPERANZA
09-06-2023;PA7;C07;CAT 797 B;Lastre Sulfurado;ESP/F07/2104/708;FASE 7;BOT_2380_INT;346,4039917;1;ESPERANZA
09-06-2023;PA7;C07;CAT 797 B;Lastre Sulfurado;ESP/F07/2120/727;FASE 7;BOT_2380_INT;692,8079834;2;ESPERANZA
09-06-2023;PA7;C08;CAT 797 B;Lastre Sulfurado;ESP/F07/2104/708;FASE 7;BOT_2380_INT;1385,613953;4;ESPERANZA
09-06-2023;PA7;C08;CAT 797 B;Lastre Sulfurado;ESP/F07/2120/727;FASE 7;BOT_2380_INT;692,8079834;2;ESPERANZA
09-06-2023;PA7;C09;CAT 797 B;Lastre Sulfurado;ESP/F07/2104/708;FASE 7;BOT_2380_INT;692,8079834;2;ESPERANZA
09-06-2023;PA7;C09;CAT 797 B;Lastre Sulfurado;ESP/F07/2120/727;FASE 7;BOT_2380_INT;1732,023987;5;ESPERANZA
09-06-2023;PA7;C10;CAT 797 B;Lastre Sulfurado;ESP/F07/2104/708;FASE 7;BOT_2380_INT;692,8079834;2;ESPERANZA
09-06-2023;PA7;C12;CAT 797 B;Lastre Sulfurado;ESP/F07/2104/708;FASE 7;BOT_2380_INT;346,4039917;1;ESPERANZA
09-06-2023;PA7;C13;CAT 797 B;Lastre Sulfurado;ESP/F07/2104/708;FASE 7;BOT_2380_INT;1732,017944;5;ESPERANZA
09-06-2023;PA7;C13;CAT 797 B;Lastre Sulfurado;ESP/F07/2120/727;FASE 7;BOT_2380_INT;1385,615967;4;ESPERANZA
09-06-2023;PA7;C14;CAT 797 B;Lastre Sulfurado;ESP/F07/2104/708;FASE 7;BOT_2380_INT;346,4039917;1;ESPERANZA
09-06-2023;PA7;C14;CAT 797 B;Lastre Sulfurado;ESP/F07/2120/727;FASE 7;BOT_2380_INT;1385,619995;4;ESPERANZA
09-06-2023;PA7;C15;CAT 797 B;Lastre Sulfurado;ESP/F07/2104/708;FASE 7;BOT_2380_INT;1385,613953;4;ESPERANZA
09-06-2023;PA7;C15;CAT 797 B;Lastre Sulfurado;ESP/F07/2120/727;FASE 7;BOT_2380_INT;692,8079834;2;ESPERANZA
09-06-2023;PA7;C16;CAT 797 B;Lastre Sulfurado;ESP/F07/2104/708;FASE 7;BOT_2380_INT;1732,019958;5;ESPERANZA
09-06-2023;PA7;C16;CAT 797 B;Lastre Sulfurado;ESP/F07/2120/727;FASE 7;BOT_2380_INT;2078,424011;6;ESPERANZA
09-06-2023;PA7;C17;CAT 797 F;Lastre Sulfurado;ESP/F07/2104/708;FASE 7;BOT_2380_INT;2078,421936;6;ESPERANZA
09-06-2023;PA7;C17;CAT 797 F;Lastre Sulfurado;ESP/F07/2120/727;FASE 7;BOT_2380_INT;346,4039917;1;ESPERANZA
09-06-2023;PA7;C18;CAT 797 F;Lastre Sulfurado;ESP/F07/2104/708;FASE 7;BOT_2380_INT;1385,613953;4;ESPERANZA
09-06-2023;PA7;C18;CAT 797 F;Lastre Sulfurado;ESP/F07/2120/727;FASE 7;BOT_2380_INT;1039,209961;3;ESPERANZA
09-06-2023;PA7;C19;CAT 797 F;Lastre Sulfurado;ESP/F07/2104/708;FASE 7;BOT_2380_INT;692,8079834;2;ESPERANZA
09-06-2023;PA7;C19;CAT 797 F;Lastre Sulfurado;ESP/F07/2120/727;FASE 7;BOT_2380_INT;2424,83197;7;ESPERANZA
09-06-2023;PA7;C20;CAT 797 F;Lastre Sulfurado;ESP/F07/2104/708;FASE 7;BOT_2380_INT;1039,211975;3;ESPERANZA
09-06-2023;PA7;C21;CAT 797 F;Lastre Sulfurado;ESP/F07/2104/708;FASE 7;BOT_2380_INT;1385,613953;4;ESPERANZA
09-06-2023;PA7;C21;CAT 797 F;Lastre Sulfurado;ESP/F07/2120/727;FASE 7;BOT_2380_INT;1039,209961;3;ESPERANZA
09-06-2023;PA7;C22;CAT 797 F;Lastre Sulfurado;ESP/F07/2104/708;FASE 7;BOT_2380_INT;2078,427979;6;ESPERANZA
09-06-2023;PA7;C22;CAT 797 F;Lastre Sulfurado;ESP/F07/2120/727;FASE 7;BOT_2380_INT;2771,227905;8;ESPERANZA
09-06-2023;PA7;C23;CAT 797 F;Lastre Sulfurado;ESP/F07/2104/708;FASE 7;BOT_2380_INT;1732,019958;5;ESPERANZA
09-06-2023;PA7;C23;CAT 797 F;Lastre Sulfurado;ESP/F07/2120/727;FASE 7;BOT_2380_INT;1385,613953;4;ESPERANZA
09-06-2023;PA7;C24;CAT 797 F;Lastre Sulfurado;ESP/F07/2104/708;FASE 7;BOT_2380_INT;1039,211975;3;ESPERANZA
09-06-2023;PA7;C24;CAT 797 F;Lastre Sulfurado;ESP/F07/2120/727;FASE 7;BOT_2380_INT;1732,02002;5;ESPERANZA
09-06-2023;PA7;C25;CAT 797 F;Lastre Sulfurado;ESP/F07/2104/708;FASE 7;BOT_2380_INT;692,8079834;2;ESPERANZA
09-06-2023;PA7;C25;CAT 797 F;Lastre Sulfurado;ESP/F07/2120/727;FASE 7;BOT_2380_INT;1732,017944;5;ESPERANZA
09-06-2023;PA7;C32;CAT 797 F;Lastre Sulfurado;ESP/F07/2104/708;FASE 7;BOT_2380_INT;346,4039917;1;ESPERANZA
09-06-2023;PA7;C34;CAT 797 F;Lastre Sulfurado;ESP/F07/2104/708;FASE 7;BOT_2380_INT;692,8079834;2;ESPERANZA
09-06-2023;PA7;C36;CAT 797 F;Lastre Sulfurado;ESP/F07/2104/708;FASE 7;BOT_2380_INT;692,8079834;2;ESPERANZA
09-06-2023;PA7;C36;CAT 797 F;Lastre Sulfurado;ESP/F07/2120/727;FASE 7;BOT_2380_INT;692,8079834;2;ESPERANZA
09-06-2023;PA7;C37;CAT 797 F;Lastre Sulfurado;ESP/F07/2104/708;FASE 7;BOT_2380_INT;2078,421936;6;ESPERANZA
09-06-2023;PA7;C37;CAT 797 F;Lastre Sulfurado;ESP/F07/2120/727;FASE 7;BOT_2380_INT;2078,421936;6;ESPERANZA
09-06-2023;PA7;C38;CAT 797 F;Lastre Sulfurado;ESP/F07/2104/708;FASE 7;BOT_2380_INT;1385,613953;4;ESPERANZA
09-06-2023;PA7;C38;CAT 797 F;Lastre Sulfurado;ESP/F07/2120/727;FASE 7;BOT_2380_INT;692,8079834;2;ESPERANZA
09-06-2023;PA7;C39;CAT 797 F;Lastre Sulfurado;ESP/F07/2104/708;FASE 7;BOT_2380_INT;346,4039917;1;ESPERANZA
09-06-2023;PA7;C39;CAT 797 F;Lastre Sulfurado;ESP/F07/2120/727;FASE 7;BOT_2380_INT;346,4039917;1;ESPERANZA
09-06-2023;PA7;C40;CAT 797 F;Lastre Sulfurado;ESP/F07/2104/708;FASE 7;BOT_2380_INT;1039,211975;3;ESPERANZA
09-06-2023;PA7;C40;CAT 797 F;Lastre Sulfurado;ESP/F07/2120/727;FASE 7;BOT_2380_INT;1732,02002;5;ESPERANZA
09-06-2023;PA7;C41;CAT 797 F;Lastre Sulfurado;ESP/F07/2104/708;FASE 7;BOT_2380_INT;1732,017944;5;ESPERANZA
09-06-2023;PA7;C41;CAT 797 F;Lastre Sulfurado;ESP/F07/2120/727;FASE 7;BOT_2380_INT;1385,613953;4;ESPERANZA
09-06-2023;PA7;C42;CAT 797 F;Lastre Sulfurado;ESP/F07/2104/708;FASE 7;BOT_2380_INT;2078,424011;6;ESPERANZA
09-06-2023;PA7;C42;CAT 797 F;Lastre Sulfurado;ESP/F07/2120/727;FASE 7;BOT_2380_INT;692,8079834;2;ESPERANZA
09-06-2023;PA7;C43;CAT 797 F;Lastre Sulfurado;ESP/F07/2104/708;FASE 7;BOT_2380_INT;2424,83197;7;ESPERANZA
09-06-2023;PA7;C43;CAT 797 F;Lastre Sulfurado;ESP/F07/2120/727;FASE 7;BOT_2380_INT;1385,615967;4;ESPERANZA
09-06-2023;PA7;C44;CAT 797 F;Lastre Sulfurado;ESP/F07/2104/708;FASE 7;BOT_2380_INT;692,8079834;2;ESPERANZA
09-06-2023;PA7;C44;CAT 797 F;Lastre Sulfurado;ESP/F07/2120/727;FASE 7;BOT_2380_INT;1385,615967;4;ESPERANZA
09-06-2023;PA7;C45;CAT 797 F;Lastre Sulfurado;ESP/F07/2104/708;FASE 7;BOT_2380_INT;1732,017944;5;ESPERANZA
09-06-2023;PA7;C45;CAT 797 F;Lastre Sulfurado;ESP/F07/2120/727;FASE 7;BOT_2380_INT;1039,209961;3;ESPERANZA
09-06-2023;PA7;C46;CAT 797 F;Lastre Sulfurado;ESP/F07/2104/708;FASE 7;BOT_2380_INT;346,4039917;1;ESPERANZA
09-06-2023;PA7;C46;CAT 797 F;Lastre Sulfurado;ESP/F07/2120/727;FASE 7;BOT_2380_INT;1039,211975;3;ESPERANZA
09-06-2023;PA7;C47;CAT 797 F;Lastre Sulfurado;ESP/F07/2104/708;FASE 7;BOT_2380_INT;2078,427979;6;ESPERANZA
09-06-2023;PA7;C47;CAT 797 F;Lastre Sulfurado;ESP/F07/2120/727;FASE 7;BOT_2380_INT;692,8079834;2;ESPERANZA
09-06-2023;PA7;C48;CAT 797 F;Lastre Sulfurado;ESP/F07/2104/708;FASE 7;BOT_2380_INT;1385,615967;4;ESPERANZA
09-06-2023;PA7;C48;CAT 797 F;Lastre Sulfurado;ESP/F07/2120/727;FASE 7;BOT_2380_INT;1039,211975;3;ESPERANZA
09-06-2023;PA9;C11;CAT 797 B;Lastre Sulfurado;ESP/F07/2104/701;FASE 7;BOT_CENTRAL_SUR_INF;692,8079834;2;ESPERANZA
09-06-2023;PA9;C12;CAT 797 B;Lastre Sulfurado;ESP/F07/2104/701;FASE 7;BOT_CENTRAL_SUR_INF;346,4039917;1;ESPERANZA
09-06-2023;PA9;C131;CAT 793 C;Lastre Sulfurado;ESP/F07/2104/701;FASE 7;BOT_MIJO;216,4360046;1;ESPERANZA
09-06-2023;PA9;C131;CAT 793 C;Lastre Sulfurado;ESP/F07/2104/701;FASE 7;BOT_RAMPA_SUPERIOR;432,8729858;2;ESPERANZA
09-06-2023;PA9;C132;CAT 793 C;Lastre Sulfurado;ESP/F07/2104/701;FASE 7;BOT_CENTRAL_SUR_INF;216,4360046;1;ESPERANZA
09-06-2023;PA9;C132;CAT 793 C;Lastre Sulfurado;ESP/F07/2104/701;FASE 7;BOT_MIJO;649,309021;3;ESPERANZA
09-06-2023;PA9;C135;CAT 793 C;Lastre Sulfurado;ESP/F07/2104/701;FASE 7;BOT_CENTRAL_SUR_INF;216,4360046;1;ESPERANZA
09-06-2023;PA9;C161;CAT 793 F;Lastre Sulfurado;ESP/F07/2104/701;FASE 7;BOT_CENTRAL_SUR_INF;216,4360046;1;ESPERANZA
09-06-2023;PA9;C162;CAT 793 F;Lastre Sulfurado;ESP/F07/2104/701;FASE 7;BOT_CENTRAL_SUR_INF;216,4360046;1;ESPERANZA
09-06-2023;PA9;C162;CAT 793 F;Lastre Sulfurado;ESP/F07/2104/701;FASE 7;BOT_MIJO;432,8729858;2;ESPERANZA
09-06-2023;PA9;C164;CAT 793 F;Lastre Sulfurado;ESP/F07/2104/701;FASE 7;BOT_CENTRAL_SUR_INF;649,309021;3;ESPERANZA
09-06-2023;PA9;C20;CAT 797 F;Lastre Sulfurado;ESP/F07/2104/701;FASE 7;BOT_CENTRAL_SUR_INF;1732,023987;5;ESPERANZA
09-06-2023;PA9;C20;CAT 797 F;Lastre Sulfurado;ESP/F07/2104/701;FASE 7;BOT_MIJO;346,4039917;1;ESPERANZA
09-06-2023;PA9;C20;CAT 797 F;Lastre Sulfurado;ESP/F07/2104/701;FASE 7;BOT_RAMPA_SUPERIOR;346,4039917;1;ESPERANZA
09-06-2023;PA9;C22;CAT 797 F;Lastre Sulfurado;ESP/F07/2104/701;FASE 7;BOT_CENTRAL_SUR_INF;346,4039917;1;ESPERANZA
09-06-2023;PA9;C24;CAT 797 F;Lastre Sulfurado;ESP/F07/2104/701;FASE 7;BOT_CENTRAL_SUR_INF;346,4039917;1;ESPERANZA
09-06-2023;PA9;C24;CAT 797 F;Lastre Sulfurado;ESP/F07/2104/701;FASE 7;BOT_MIJO;346,4039917;1;ESPERANZA
09-06-2023;PA9;C36;CAT 797 F;Lastre Sulfurado;ESP/F07/2104/701;FASE 7;BOT_CENTRAL_SUR_INF;346,4039917;1;ESPERANZA
09-06-2023;PA9;C36;CAT 797 F;Lastre Sulfurado;ESP/F07/2104/701;FASE 7;BOT_MIJO;1385,619995;4;ESPERANZA
09-06-2023;PA9;C38;CAT 797 F;Lastre Sulfurado;ESP/F07/2104/701;FASE 7;BOT_CENTRAL_SUR_INF;692,8079834;2;ESPERANZA
09-06-2023;PA9;C39;CAT 797 F;Lastre Sulfurado;ESP/F07/2104/701;FASE 7;BOT_CENTRAL_SUR_INF;346,4039917;1;ESPERANZA
09-06-2023;PA9;C40;CAT 797 F;Lastre Sulfurado;ESP/F07/2104/701;FASE 7;BOT_CENTRAL_SUR_INF;346,4039917;1;ESPERANZA
09-06-2023;PA9;C46;CAT 797 F;Lastre Sulfurado;ESP/F07/2104/701;FASE 7;BOT_CENTRAL_SUR_INF;692,8079834;2;ESPERANZA
09-06-2023;PA9;C46;CAT 797 F;Lastre Sulfurado;ESP/F07/2104/701;FASE 7;BOT_MIJO;692,8079834;2;ESPERANZA
09-06-2023;PA9;C46;CAT 797 F;Lastre Sulfurado;ESP/F07/2104/701;FASE 7;BOT_RAMPA_SUPERIOR;346,4039917;1;ESPERANZA
09-06-2023;PA9;C48;CAT 797 F;Lastre Sulfurado;ESP/F07/2104/701;FASE 7;BOT_CENTRAL_SUR_INF;2078,419922;6;ESPERANZA
09-06-2023;PA9;C49;KOM 930 E;Lastre Sulfurado;ESP/F07/2104/701;FASE 7;BOT_CENTRAL_SUR_INF;582;2;ESPERANZA
09-06-2023;PA9;C52;KOM 930 E;Lastre Sulfurado;ESP/F07/2104/701;FASE 7;BOT_CENTRAL_SUR_INF;582;2;ESPERANZA
09-06-2023;PA9;C55;KOM 930 E;Lastre Sulfurado;ESP/F07/2104/701;FASE 7;BOT_CENTRAL_SUR_INF;873;3;ESPERANZA
09-06-2023;PA9;C56;KOM 930 E;Lastre Sulfurado;ESP/F07/2104/701;FASE 7;BOT_CENTRAL_SUR_INF;291;1;ESPERANZA
09-06-2023;PA9;C59;KOM 930 E;Lastre Sulfurado;ESP/F07/2104/701;FASE 7;BOT_RAMPA_SUPERIOR;291;1;ESPERANZA
09-06-2023;PAESPS;C980AHSESPS;Kom 980 AHS;Sulfuro Baja Ley;ESS/F02/2120/213;F02 ESPSUR;STOCK_SBL_ESS;2160;6;ESPERANZA_SUR
09-06-2023;PATH01;C121;CAT 793 C;Marginal Rom;STOCK_MRO_MIR;OXIDO;ROM;2200;10;TESORO
09-06-2023;PATH01;C130;CAT 793 C;Marginal Rom;STOCK_MRO_MIR;OXIDO;ROM;440;2;TESORO
09-06-2023;PATH01;C132;CAT 793 C;Marginal Rom;STOCK_MRO_MIR;OXIDO;ROM;220;1;TESORO
09-06-2023;PATH01;C134;CAT 793 C;Marginal Rom;STOCK_MRO_MIR;OXIDO;ROM;3960;18;TESORO
09-06-2023;PATH01;C135;CAT 793 C;Marginal Rom;STOCK_MRO_MIR;OXIDO;ROM;880;4;TESORO
09-06-2023;PATH01;C152;CAT 793 F;Marginal Rom;STOCK_MRO_MIR;OXIDO;ROM;3375;15;TESORO
09-06-2023;PATH01;C159;CAT 793 F;Marginal Rom;STOCK_MRO_MIR;OXIDO;ROM;1125;5;TESORO
09-06-2023;PATH01;C160;CAT 793 F;Marginal Rom;STOCK_MRO_MIR;OXIDO;ROM;2925;13;TESORO
09-06-2023;PATH01;C161;CAT 793 F;Marginal Rom;STOCK_MRO_MIR;OXIDO;ROM;2925;13;TESORO
09-06-2023;PATH01;C701;LIEBHERR 264 ;LASTRE (LAS);LLA/F01/2310/1052;F01 LLA;BOT_TSS;19491;89;LLANO
09-06-2023;PATH01;C702;LIEBHERR 264 ;LASTRE (LAS);LLA/F01/2310/1052;F01 LLA;BOT_TSS;57597;263;LLANO
09-06-2023;PATH01;C793OXE;CAT 793 OXE;L21;04_2376_455;FASE 04 ENC;BOT_2400;57200;260;ENCUENTRO
09-06-2023;PATH01;C793OXE;CAT 793 OXE;L21;04_2376_455;FASE 04 ENC;BOT_2400_1;49940;227;ENCUENTRO
09-06-2023;PATH01;C793OXE;CAT 793 OXE;Media Ley;OXE/F04/2144/4030;FASE 04 ENC;CHANCADO-ENCUENTRO;11220;51;ENCUENTRO
09-06-2023;PATH01;C793OXE;CAT 793 OXE;Media Ley;OXE/F04/2144/4030;FASE 04 ENC;MOD B;4620;21;ENCUENTRO
09-06-2023;PATH01;C793OXE;CAT 793 OXE;Media Ley;OXE/F04/2144/4030;FASE 04 ENC;MOD C;5060;23;ENCUENTRO
09-06-2023;PATH01;C793OXE;CAT 793 OXE;Mineral Sulfuro Primario(PRI);OXE/F04/2144/4030;FASE 04 ENC;STOCKPILE SBL;6600;30;ENCUENTRO
09-06-2023;PATH01;C793OXE;CAT 793 OXE;OBR;MOD_F_REM;ENCUENTRO OXE;CHANCADO-ENCUENTRO;18040;82;ENCUENTRO
09-06-2023;PATH01;C793OXE;CAT 793 OXE;ORM;MOD_C_REM;ENCUENTRO OXE;CHANCADO-ENCUENTRO;5500;25;ENCUENTRO
09-06-2023;PATH01;C793OXE;CAT 793 OXE;Oxido Baja Ley;OXE/F04/2160/420;FASE 04 ENC;CHANCADO-ENCUENTRO;7480;34;ENCUENTRO
09-06-2023;PATH01;C793OXE;CAT 793 OXE;Oxido Baja Ley;OXE/F04/2160/420;FASE 04 ENC;MOD D;6820;31;ENCUENTRO
09-06-2023;PATH01;C793OXE;CAT 793 OXE;Oxido Baja Ley;OXE/F04/2160/420;FASE 04 ENC;MOD E;2420;11;ENCUENTRO
09-06-2023;PATH01;C793OXE;CAT 793 OXE;Oxido Baja Ley;OXE/F04/2160/420;FASE 04 ENC;MOD F;6600;30;ENCUENTRO
09-06-2023;PATH01;C793OXE;CAT 793 OXE;OXIDO MARGINAL (OXMAR);OXE/F04/2144/4030;FASE 04 ENC;STOCK _MARGINAL_ESTE;2420;11;ENCUENTRO
09-06-2023;PATH01;C793OXE;CAT 793 OXE;OXIDO MARGINAL (OXMAR);OXE/F04/2144/405;FASE 04 ENC;STOCK _MARGINAL_ESTE;7480;34;ENCUENTRO
09-06-2023;PATH01;C930OXE;KOM 930OXE;L21;04_2376_455;FASE 04 ENC;BOT_2400_1;290;1;ENCUENTRO