Fecha;Carguio;Camión;Flota;Material;Origen;Zona;Destino;Tonelaje;Ciclos;Rajo
10-06-2023;CF2;C07;CAT 797 B;Sulfuro Planta;STOCK_SPL_DIN;ESPERANZA;CHANCADO-SULFURO;1039,209961;3;ESPERANZA
10-06-2023;CF2;C08;CAT 797 B;Sulfuro Planta;STOCK_SPL_DIN;ESPERANZA;CHANCADO-SULFURO;7967,290039;23;ESPERANZA
10-06-2023;CF2;C12;CAT 797 B;Sulfuro Planta;STOCK_SPL_DIN;ESPERANZA;CHANCADO-SULFURO;7620,888062;22;ESPERANZA
10-06-2023;CF2;C122;CAT 793 C;Sulfuro Planta;STOCK_SPL_DIN;ESPERANZA;STOCK_SPL_DIN;216,9600067;1;ESPERANZA
10-06-2023;CF2;C13;CAT 797 B;Sulfuro Planta;STOCK_SPL_DIN;ESPERANZA;CHANCADO-SULFURO;346,4039917;1;ESPERANZA
10-06-2023;CF2;C14;CAT 797 B;Sulfuro Planta;STOCK_SPL_DIN;ESPERANZA;CHANCADO-SULFURO;5542,463928;16;ESPERANZA
10-06-2023;CF2;C153;CAT 793 F;Sulfuro Planta;STOCK_SPL_DIN;ESPERANZA;CHANCADO-SULFURO;650,8809814;3;ESPERANZA
10-06-2023;CF2;C155;CAT 793 F;Sulfuro Planta;STOCK_SPL_DIN;ESPERANZA;CHANCADO-SULFURO;216,9600067;1;ESPERANZA
10-06-2023;CF2;C23;CAT 797 F;Sulfuro Planta;STOCK_SPL_DIN;ESPERANZA;CHANCADO-SULFURO;2424,825928;7;ESPERANZA
10-06-2023;CF2;C24;CAT 797 F;Sulfuro Planta;STOCK_SPL_DIN;ESPERANZA;CHANCADO-SULFURO;1385,615967;4;ESPERANZA
10-06-2023;CF2;C36;CAT 797 F;Sulfuro Planta;STOCK_SPL_DIN;ESPERANZA;CHANCADO-SULFURO;3464,040039;10;ESPERANZA
10-06-2023;CF2;C42;CAT 797 F;Sulfuro Planta;STOCK_SPL_DIN;ESPERANZA;CHANCADO-SULFURO;1385,615967;4;ESPERANZA
10-06-2023;CF2;C48;CAT 797 F;Sulfuro Planta;STOCK_SPL_DIN;ESPERANZA;CHANCADO-SULFURO;2424,829956;7;ESPERANZA
10-06-2023;CF2;C50;KOM 930 E;Sulfuro Planta;STOCK_SPL_DIN;ESPERANZA;CHANCADO-SULFURO;582;2;ESPERANZA
10-06-2023;CF2;C53;KOM 930 E;Sulfuro Planta;STOCK_SPL_DIN;ESPERANZA;CHANCADO-SULFURO;873;3;ESPERANZA
10-06-2023;CF2;C55;KOM 930 E;Sulfuro Planta;STOCK_SPL_DIN;ESPERANZA;CHANCADO-SULFURO;291;1;ESPERANZA
10-06-2023;CF2;C56;KOM 930 E;Sulfuro Planta;STOCK_SPL_DIN;ESPERANZA;CHANCADO-SULFURO;291;1;ESPERANZA
10-06-2023;CF2;C60;KOM 930 E;Sulfuro Planta;STOCK_SPL_DIN;ESPERANZA;CHANCADO-SULFURO;582;2;ESPERANZA
10-06-2023;CF2;C60;KOM 930 E;Sulfuro Planta;STOCK_SPL_DIN;ESPERANZA;STOCK_SPL_DIN;291;1;ESPERANZA
10-06-2023;CF203;C159;CAT 793 F;Baja Ley 1;ST-TS_18;OXIDO;CHANCADO-OXIDO;649,3089905;3;TESORO
10-06-2023;CF231;C122;CAT 793 C;Lastre Oxidado;ESP/F10/2328/130;FASE 10;BOT_CENTRAL_SUR_INF;649,3089905;3;ESPERANZA
10-06-2023;CF231;C125;CAT 793 C;Lastre Oxidado;ESP/F10/2328/130;FASE 10;BOT_CENTRAL_SUR_INF;1298,618958;6;ESPERANZA
10-06-2023;CF231;C128;CAT 793 C;Lastre Oxidado;ESP/F10/2328/130;FASE 10;BOT_CENTRAL_SUR_INF;1298,619995;6;ESPERANZA
10-06-2023;CF231;C130;CAT 793 C;Lastre Oxidado;ESP/F10/2328/130;FASE 10;BOT_CENTRAL_SUR_INF;865,7459717;4;ESPERANZA
10-06-2023;CF231;C131;CAT 793 C;Lastre Oxidado;ESP/F10/2328/130;FASE 10;BOT_CENTRAL_SUR_INF;649,309021;3;ESPERANZA
10-06-2023;CF231;C132;CAT 793 C;Lastre Oxidado;ESP/F10/2328/130;FASE 10;BOT_CENTRAL_SUR_INF;865,7459717;4;ESPERANZA
10-06-2023;CF231;C134;CAT 793 C;Lastre Oxidado;ESP/F10/2328/130;FASE 10;BOT_CENTRAL_SUR_INF;865,7449951;4;ESPERANZA
10-06-2023;CF231;C135;CAT 793 C;Lastre Oxidado;ESP/F10/2328/130;FASE 10;BOT_CENTRAL_SUR_INF;649,309021;3;ESPERANZA
10-06-2023;CF231;C151;CAT 793 F;Lastre Oxidado;ESP/F10/2328/130;FASE 10;BOT_CENTRAL_SUR_INF;216,4360046;1;ESPERANZA
10-06-2023;CF231;C153;CAT 793 F;Lastre Oxidado;ESP/F10/2328/130;FASE 10;BOT_CENTRAL_SUR_INF;1298,616058;6;ESPERANZA
10-06-2023;CF231;C155;CAT 793 F;Lastre Oxidado;ESP/F10/2328/130;FASE 10;BOT_CENTRAL_SUR_INF;216,4360046;1;ESPERANZA
10-06-2023;CF231;C156;CAT 793 F;Lastre Oxidado;ESP/F10/2328/130;FASE 10;BOT_CENTRAL_SUR_INF;865,7450256;4;ESPERANZA
10-06-2023;CF231;C161;CAT 793 F;Lastre Oxidado;ESP/F10/2328/130;FASE 10;BOT_CENTRAL_SUR_INF;216,4360046;1;ESPERANZA
10-06-2023;CF231;C162;CAT 793 F;Lastre Oxidado;ESP/F10/2328/130;FASE 10;BOT_CENTRAL_SUR_INF;216,4360046;1;ESPERANZA
10-06-2023;CF231;C163;CAT 793 F;Lastre Oxidado;ESP/F10/2328/130;FASE 10;BOT_CENTRAL_SUR_INF;865,7450256;4;ESPERANZA
10-06-2023;CF232;C121;CAT 793 C;Baja Ley 1;ST-TS_18;OXIDO;CHANCADO-OXIDO;216,4360046;1;TESORO
10-06-2023;CF232;C129;CAT 793 C;Baja Ley 1;ST-TS_18;OXIDO;CHANCADO-OXIDO;2813,670044;13;TESORO
10-06-2023;CF232;C130;CAT 793 C;Baja Ley 1;ST-TS_18;OXIDO;CHANCADO-OXIDO;1515,060059;7;TESORO
10-06-2023;CF232;C131;CAT 793 C;Baja Ley 1;ST-TS_18;OXIDO;CHANCADO-OXIDO;432,8729858;2;TESORO
10-06-2023;CF232;C134;CAT 793 C;Baja Ley 1;ST-TS_18;OXIDO;CHANCADO-OXIDO;1947,925995;9;TESORO
10-06-2023;CF232;C135;CAT 793 C;Baja Ley 1;ST-TS_18;OXIDO;CHANCADO-OXIDO;216,4360046;1;TESORO
10-06-2023;CF232;C152;CAT 793 F;Baja Ley 1;ST-TS_18;OXIDO;CHANCADO-OXIDO;432,8729858;2;TESORO
10-06-2023;CF232;C159;CAT 793 F;Baja Ley 1;ST-TS_18;OXIDO;CHANCADO-OXIDO;1082,181976;5;TESORO
10-06-2023;CF232;C160;CAT 793 F;Baja Ley 1;ST-TS_18;OXIDO;CHANCADO-OXIDO;1515,060059;7;TESORO
10-06-2023;CF233;C121;CAT 793 C;Lastre Oxidado;ESP/F10/2328/1250;FASE 10;BOT_CENTRAL_SUR_INF;1515,05304;7;ESPERANZA
10-06-2023;CF233;C122;CAT 793 C;Lastre Oxidado;ESP/F10/2328/1250;FASE 10;BOT_CENTRAL_SUR_INF;2380,800964;11;ESPERANZA
10-06-2023;CF233;C125;CAT 793 C;Lastre Oxidado;ESP/F10/2328/1250;FASE 10;BOT_CENTRAL_SUR_INF;3462,984924;16;ESPERANZA
10-06-2023;CF233;C128;CAT 793 C;Lastre Oxidado;ESP/F10/2328/1250;FASE 10;BOT_CENTRAL_SUR_INF;1731,490997;8;ESPERANZA
10-06-2023;CF233;C130;CAT 793 C;Lastre Oxidado;ESP/F10/2328/1250;FASE 10;BOT_CENTRAL_SUR_INF;649,309021;3;ESPERANZA
10-06-2023;CF233;C131;CAT 793 C;Lastre Oxidado;ESP/F10/2328/1250;FASE 10;BOT_CENTRAL_SUR_INF;216,4360046;1;ESPERANZA
10-06-2023;CF233;C132;CAT 793 C;Lastre Oxidado;ESP/F10/2328/1250;FASE 10;BOT_CENTRAL_SUR_INF;1515,054962;7;ESPERANZA
10-06-2023;CF233;C132;CAT 793 C;Lastre Oxidado;ESP/F10/2328/1250;FASE 10;BOT_RAMPA_SUPERIOR;216,4360046;1;ESPERANZA
10-06-2023;CF233;C134;CAT 793 C;Lastre Oxidado;ESP/F10/2328/1250;FASE 10;BOT_CENTRAL_SUR_INF;2164,36203;10;ESPERANZA
10-06-2023;CF233;C135;CAT 793 C;Lastre Oxidado;ESP/F10/2328/1250;FASE 10;BOT_CENTRAL_SUR_INF;432,8729858;2;ESPERANZA
10-06-2023;CF233;C151;CAT 793 F;Lastre Oxidado;ESP/F10/2328/1250;FASE 10;BOT_CENTRAL_SUR_INF;1515,054993;7;ESPERANZA
10-06-2023;CF233;C153;CAT 793 F;Lastre Oxidado;ESP/F10/2328/1250;FASE 10;BOT_CENTRAL_SUR_INF;3030,108032;14;ESPERANZA
10-06-2023;CF233;C154;CAT 793 F;Lastre Oxidado;ESP/F10/2328/1250;FASE 10;BOT_CENTRAL_SUR_INF;1082,180054;5;ESPERANZA
10-06-2023;CF233;C155;CAT 793 F;Lastre Oxidado;ESP/F10/2328/1250;FASE 10;BOT_CENTRAL_SUR_INF;1731,489075;8;ESPERANZA
10-06-2023;CF233;C156;CAT 793 F;Lastre Oxidado;ESP/F10/2328/1250;FASE 10;BOT_CENTRAL_SUR_INF;649,3089905;3;ESPERANZA
10-06-2023;CF233;C156;CAT 793 F;Lastre Oxidado;ESP/F10/2328/1250;FASE 10;BOT_RAMPA_SUPERIOR;216,4360046;1;ESPERANZA
10-06-2023;CF233;C161;CAT 793 F;Lastre Oxidado;ESP/F10/2328/1250;FASE 10;BOT_CENTRAL_SUR_INF;3462,983063;16;ESPERANZA
10-06-2023;CF233;C162;CAT 793 F;Lastre Oxidado;ESP/F10/2328/1250;FASE 10;BOT_CENTRAL_SUR_INF;1731,490997;8;ESPERANZA
10-06-2023;CF233;C163;CAT 793 F;Lastre Oxidado;ESP/F10/2328/1250;FASE 10;BOT_CENTRAL_SUR_INF;3462,985016;16;ESPERANZA
10-06-2023;CF233;C164;CAT 793 F;Lastre Oxidado;ESP/F10/2328/1250;FASE 10;BOT_CENTRAL_SUR_INF;649,3089905;3;ESPERANZA
10-06-2023;CF233;C164;CAT 793 F;Lastre Oxidado;ESP/F10/2328/1250;FASE 10;BOT_RAMPA_SUPERIOR;216,4360046;1;ESPERANZA
10-06-2023;CF234;C121;CAT 793 C;Marginal Alta;STM-NE-02;OXIDO;CHANCADO-OXIDO;216,4360046;1;TESORO
10-06-2023;CF234;C129;CAT 793 C;Marginal Alta;STM-NE-02;OXIDO;CHANCADO-OXIDO;4978,037964;23;TESORO
10-06-2023;CF234;C130;CAT 793 C;Marginal Alta;STM-NE-02;OXIDO;CHANCADO-OXIDO;865,7459717;4;TESORO
10-06-2023;CF234;C131;CAT 793 C;Marginal Alta;STM-NE-02;OXIDO;CHANCADO-OXIDO;649,3089905;3;TESORO
10-06-2023;CF234;C135;CAT 793 C;Marginal Alta;STM-NE-02;OXIDO;CHANCADO-OXIDO;4112,292908;19;TESORO
10-06-2023;CF234;C152;CAT 793 F;Marginal Alta;STM-NE-02;OXIDO;CHANCADO-OXIDO;432,8720093;2;TESORO
10-06-2023;CF234;C155;CAT 793 F;Marginal Alta;STM-NE-02;OXIDO;CHANCADO-OXIDO;432,8720093;2;TESORO
10-06-2023;CF234;C159;CAT 793 F;Marginal Alta;STM-NE-02;OXIDO;CHANCADO-OXIDO;3246,542114;15;TESORO
10-06-2023;CF234;C159;CAT 793 F;Marginal Alta;STM-NE-02;OXIDO;STM-NE-02;216,4360046;1;TESORO
10-06-2023;CF234;C160;CAT 793 F;Marginal Alta;STM-NE-02;OXIDO;CHANCADO-OXIDO;8224,58902;38;TESORO
10-06-2023;CF3;C151;CAT 793 F;Sulfuro de Media;ESP/F08/1784/815;FASE 8;STOCK_SME;216,4360046;1;ESPERANZA
10-06-2023;CF3;C153;CAT 793 F;Sulfuro de Media;ESP/F08/1784/815;FASE 8;CHANCADO-SULFURO;216,4360046;1;ESPERANZA
10-06-2023;CF3;C164;CAT 793 F;Sulfuro de Media;ESP/F08/1784/815;FASE 8;CHANCADO-SULFURO;649,309021;3;ESPERANZA
10-06-2023;CF3;C25;CAT 797 F;Sulfuro de Media;ESP/F08/1784/815;FASE 8;STOCK_SME;346,4039917;1;ESPERANZA
10-06-2023;CF3;C39;CAT 797 F;Sulfuro de Media;ESP/F08/1784/815;FASE 8;CHANCADO-SULFURO;346,4039917;1;ESPERANZA
10-06-2023;CF3;C49;KOM 930 E;Sulfuro de Media;ESP/F08/1768/8051;FASE 8;CHANCADO-SULFURO;291;1;ESPERANZA
10-06-2023;CF3;C49;KOM 930 E;Sulfuro de Media;ESP/F08/1784/815;FASE 8;CHANCADO-SULFURO;2037;7;ESPERANZA
10-06-2023;CF3;C50;KOM 930 E;Sulfuro de Media;ESP/F08/1768/803;FASE 8;CHANCADO-SULFURO;582;2;ESPERANZA
10-06-2023;CF3;C50;KOM 930 E;Sulfuro de Media;ESP/F08/1768/8051;FASE 8;CHANCADO-SULFURO;291;1;ESPERANZA
10-06-2023;CF3;C50;KOM 930 E;Sulfuro de Media;ESP/F08/1784/815;FASE 8;CHANCADO-SULFURO;1164;4;ESPERANZA
10-06-2023;CF3;C51;KOM 930 E;Sulfuro de Media;ESP/F08/1768/8051;FASE 8;CHANCADO-SULFURO;291;1;ESPERANZA
10-06-2023;CF3;C51;KOM 930 E;Sulfuro de Media;ESP/F08/1784/815;FASE 8;CHANCADO-SULFURO;1746;6;ESPERANZA
10-06-2023;CF3;C51;KOM 930 E;Sulfuro de Media;ESP/F08/1784/815;FASE 8;STOCK_SME;291;1;ESPERANZA
10-06-2023;CF3;C52;KOM 930 E;Sulfuro Baja Ley;ESP/F08/1768/8050;FASE 8;STOCK_SBL1;291;1;ESPERANZA
10-06-2023;CF3;C52;KOM 930 E;Sulfuro de Media;ESP/F08/1768/803;FASE 8;CHANCADO-SULFURO;582;2;ESPERANZA
10-06-2023;CF3;C52;KOM 930 E;Sulfuro de Media;ESP/F08/1784/815;FASE 8;CHANCADO-SULFURO;1164;4;ESPERANZA
10-06-2023;CF3;C53;KOM 930 E;Sulfuro de Media;ESP/F08/1768/803;FASE 8;CHANCADO-SULFURO;291;1;ESPERANZA
10-06-2023;CF3;C53;KOM 930 E;Sulfuro de Media;ESP/F08/1784/815;FASE 8;CHANCADO-SULFURO;1746;6;ESPERANZA
10-06-2023;CF3;C54;KOM 930 E;Sulfuro de Media;ESP/F08/1784/815;FASE 8;CHANCADO-SULFURO;1746;6;ESPERANZA
10-06-2023;CF3;C55;KOM 930 E;Sulfuro Baja Ley;ESP/F08/1768/8050;FASE 8;STOCK_SBL1;291;1;ESPERANZA
10-06-2023;CF3;C55;KOM 930 E;Sulfuro de Media;ESP/F08/1768/803;FASE 8;CHANCADO-SULFURO;291;1;ESPERANZA
10-06-2023;CF3;C55;KOM 930 E;Sulfuro de Media;ESP/F08/1768/8051;FASE 8;CHANCADO-SULFURO;291;1;ESPERANZA
10-06-2023;CF3;C55;KOM 930 E;Sulfuro de Media;ESP/F08/1784/815;FASE 8;CHANCADO-SULFURO;2037;7;ESPERANZA
10-06-2023;CF3;C56;KOM 930 E;Sulfuro de Media;ESP/F08/1768/8051;FASE 8;CHANCADO-SULFURO;1164;4;ESPERANZA
10-06-2023;CF3;C56;KOM 930 E;Sulfuro de Media;ESP/F08/1784/815;FASE 8;CHANCADO-SULFURO;1455;5;ESPERANZA
10-06-2023;CF3;C57;KOM 930 E;Sulfuro Baja Ley;ESP/F08/1768/8050;FASE 8;STOCK_SBL1;291;1;ESPERANZA
10-06-2023;CF3;C57;KOM 930 E;Sulfuro de Media;ESP/F08/1768/8051;FASE 8;CHANCADO-SULFURO;291;1;ESPERANZA
10-06-2023;CF3;C57;KOM 930 E;Sulfuro de Media;ESP/F08/1784/815;FASE 8;CHANCADO-SULFURO;1164;4;ESPERANZA
10-06-2023;CF3;C57;KOM 930 E;Sulfuro de Media;ESP/F08/1784/815;FASE 8;STOCK_SME;291;1;ESPERANZA
10-06-2023;CF3;C58;KOM 930 E;Sulfuro de Media;ESP/F08/1768/803;FASE 8;CHANCADO-SULFURO;582;2;ESPERANZA
10-06-2023;CF3;C58;KOM 930 E;Sulfuro de Media;ESP/F08/1768/8051;FASE 8;CHANCADO-SULFURO;582;2;ESPERANZA
10-06-2023;CF3;C58;KOM 930 E;Sulfuro de Media;ESP/F08/1784/815;FASE 8;CHANCADO-SULFURO;1455;5;ESPERANZA
10-06-2023;CF3;C60;KOM 930 E;Sulfuro de Media;ESP/F08/1768/8051;FASE 8;CHANCADO-SULFURO;582;2;ESPERANZA
10-06-2023;CF3;C60;KOM 930 E;Sulfuro de Media;ESP/F08/1784/815;FASE 8;CHANCADO-SULFURO;1164;4;ESPERANZA
10-06-2023;CF3;C60;KOM 930 E;Sulfuro de Media;ESP/F08/1784/815;FASE 8;STOCK_SME;582;2;ESPERANZA
10-06-2023;CF3;C61;KOM 930 E;Sulfuro de Media;ESP/F08/1784/815;FASE 8;CHANCADO-SULFURO;873;3;ESPERANZA
10-06-2023;CF3;C61;KOM 930 E;Sulfuro de Media;ESP/F08/1784/815;FASE 8;STOCK_SME;291;1;ESPERANZA
10-06-2023;CF4;C980AHSESPS;Kom 980 AHS;Lastre Oxidado;ESS/F03/2200/3040;F03 ESPSUR;BOTADERO_2021;30240;84;ESPERANZA_SUR
10-06-2023;PA1;C07;CAT 797 B;Lastre Sulfurado;ESP/F07/2104/701;FASE 7;BOT_INTEGRACION_INF;346,4039917;1;ESPERANZA
10-06-2023;PA1;C07;CAT 797 B;Lastre Sulfurado;ESP/F07/2104/7060;FASE 7;BOT_2380_INT;692,8079834;2;ESPERANZA
10-06-2023;PA1;C07;CAT 797 B;Lastre Sulfurado;ESP/F07/2104/7060;FASE 7;BOT_CENTRAL_SUR_INF;346,4039917;1;ESPERANZA
10-06-2023;PA1;C08;CAT 797 B;Lastre Sulfurado;ESP/F07/2104/7060;FASE 7;BOT_2380_INT;1732,019958;5;ESPERANZA
10-06-2023;PA1;C08;CAT 797 B;Sulfuro Baja Ley;ESP/F07/2104/7060;FASE 7;STOCK_SBL1;346,4039917;1;ESPERANZA
10-06-2023;PA1;C09;CAT 797 B;Lastre Sulfurado;ESP/F07/2104/7060;FASE 7;BOT_2380_INT;2078,424011;6;ESPERANZA
10-06-2023;PA1;C10;CAT 797 B;Lastre Sulfurado;ESP/F07/2104/701;FASE 7;BOT_2380_INT;346,4039917;1;ESPERANZA
10-06-2023;PA1;C10;CAT 797 B;Lastre Sulfurado;ESP/F07/2104/7060;FASE 7;BOT_2380_INT;1385,613953;4;ESPERANZA
10-06-2023;PA1;C10;CAT 797 B;Lastre Sulfurado;ESP/F07/2104/7060;FASE 7;BOT_CENTRAL_SUR_INF;346,4039917;1;ESPERANZA
10-06-2023;PA1;C10;CAT 797 B;Sulfuro Baja Ley;ESP/F07/2104/7060;FASE 7;STOCK_SBL1;346,4039917;1;ESPERANZA
10-06-2023;PA1;C11;CAT 797 B;Lastre Sulfurado;ESP/F07/2104/7060;FASE 7;BOT_2380_INT;3117,633972;9;ESPERANZA
10-06-2023;PA1;C11;CAT 797 B;Sulfuro Baja Ley;ESP/F07/2104/7060;FASE 7;STOCK_SBL1;346,4039917;1;ESPERANZA
10-06-2023;PA1;C12;CAT 797 B;Lastre Sulfurado;ESP/F07/2104/701;FASE 7;BOT_2380_INT;346,4039917;1;ESPERANZA
10-06-2023;PA1;C12;CAT 797 B;Lastre Sulfurado;ESP/F07/2104/7060;FASE 7;BOT_2380_INT;1385,615967;4;ESPERANZA
10-06-2023;PA1;C13;CAT 797 B;Lastre Sulfurado;ESP/F07/2104/7060;FASE 7;BOT_2380_INT;1039,209961;3;ESPERANZA
10-06-2023;PA1;C13;CAT 797 B;Sulfuro Baja Ley;ESP/F07/2104/7060;FASE 7;STOCK_SBL1;346,4039917;1;ESPERANZA
10-06-2023;PA1;C14;CAT 797 B;Lastre Sulfurado;ESP/F07/2104/701;FASE 7;BOT_2380_INT;692,8079834;2;ESPERANZA
10-06-2023;PA1;C14;CAT 797 B;Lastre Sulfurado;ESP/F07/2104/7060;FASE 7;BOT_2380_INT;1039,211975;3;ESPERANZA
10-06-2023;PA1;C14;CAT 797 B;Lastre Sulfurado;ESP/F07/2104/7060;FASE 7;BOT_CENTRAL_SUR_INF;346,4039917;1;ESPERANZA
10-06-2023;PA1;C14;CAT 797 B;Sulfuro Baja Ley;ESP/F07/2104/7060;FASE 7;STOCK_SBL1;692,8079834;2;ESPERANZA
10-06-2023;PA1;C15;CAT 797 B;Lastre Sulfurado;ESP/F07/2104/7060;FASE 7;BOT_2380_INT;2424,83197;7;ESPERANZA
10-06-2023;PA1;C15;CAT 797 B;Lastre Sulfurado;ESP/F07/2104/7060;FASE 7;BOT_CENTRAL_SUR_INF;346,4039917;1;ESPERANZA
10-06-2023;PA1;C15;CAT 797 B;Sulfuro Baja Ley;ESP/F07/2104/7060;FASE 7;STOCK_SBL1;1039,209961;3;ESPERANZA
10-06-2023;PA1;C151;CAT 793 F;Lastre Sulfurado;ESP/F07/2104/701;FASE 7;BOT_INTEGRACION_INF;216,4360046;1;ESPERANZA
10-06-2023;PA1;C153;CAT 793 F;Lastre Sulfurado;ESP/F07/2104/7060;FASE 7;BOT_2380_INT;216,4360046;1;ESPERANZA
10-06-2023;PA1;C154;CAT 793 F;Lastre Sulfurado;ESP/F07/2104/7060;FASE 7;BOT_2380_INT;432,8729858;2;ESPERANZA
10-06-2023;PA1;C156;CAT 793 F;Lastre Sulfurado;ESP/F07/2104/7060;FASE 7;BOT_2380_INT;865,7459717;4;ESPERANZA
10-06-2023;PA1;C156;CAT 793 F;Sulfuro Baja Ley;ESP/F07/2104/7060;FASE 7;STOCK_SBL1;216,4360046;1;ESPERANZA
10-06-2023;PA1;C16;CAT 797 B;Lastre Sulfurado;ESP/F07/2104/701;FASE 7;BOT_2380_INT;692,8079834;2;ESPERANZA
10-06-2023;PA1;C16;CAT 797 B;Lastre Sulfurado;ESP/F07/2104/701;FASE 7;BOT_INTEGRACION_INF;692,8079834;2;ESPERANZA
10-06-2023;PA1;C16;CAT 797 B;Lastre Sulfurado;ESP/F07/2104/7060;FASE 7;BOT_2380_INT;1385,619995;4;ESPERANZA
10-06-2023;PA1;C16;CAT 797 B;Sulfuro Baja Ley;ESP/F07/2104/7060;FASE 7;STOCK_SBL1;692,8079834;2;ESPERANZA
10-06-2023;PA1;C162;CAT 793 F;Lastre Sulfurado;ESP/F07/2104/7060;FASE 7;BOT_2380_INT;432,8729858;2;ESPERANZA
10-06-2023;PA1;C164;CAT 793 F;Lastre Sulfurado;ESP/F07/2104/7060;FASE 7;BOT_2380_INT;432,8729858;2;ESPERANZA
10-06-2023;PA1;C17;CAT 797 F;Lastre Sulfurado;ESP/F07/2104/701;FASE 7;BOT_CENTRAL_SUR_INF;346,4039917;1;ESPERANZA
10-06-2023;PA1;C17;CAT 797 F;Lastre Sulfurado;ESP/F07/2104/7060;FASE 7;BOT_2380_INT;1039,211975;3;ESPERANZA
10-06-2023;PA1;C17;CAT 797 F;Sulfuro Baja Ley;ESP/F07/2104/7060;FASE 7;STOCK_SBL1;346,4039917;1;ESPERANZA
10-06-2023;PA1;C18;CAT 797 F;Lastre Sulfurado;ESP/F07/2104/701;FASE 7;BOT_INTEGRACION;346,4039917;1;ESPERANZA
10-06-2023;PA1;C18;CAT 797 F;Lastre Sulfurado;ESP/F07/2104/701;FASE 7;BOT_INTEGRACION_INF;346,4039917;1;ESPERANZA
10-06-2023;PA1;C18;CAT 797 F;Lastre Sulfurado;ESP/F07/2104/7060;FASE 7;BOT_2380_INT;2078,427979;6;ESPERANZA
10-06-2023;PA1;C19;CAT 797 F;Lastre Sulfurado;ESP/F07/2104/701;FASE 7;BOT_2380_INT;346,4039917;1;ESPERANZA
10-06-2023;PA1;C19;CAT 797 F;Lastre Sulfurado;ESP/F07/2104/701;FASE 7;BOT_INTEGRACION_INF;692,8079834;2;ESPERANZA
10-06-2023;PA1;C19;CAT 797 F;Lastre Sulfurado;ESP/F07/2104/7060;FASE 7;BOT_2380_INT;2424,823914;7;ESPERANZA
10-06-2023;PA1;C19;CAT 797 F;Lastre Sulfurado;ESP/F07/2104/7060;FASE 7;BOT_CENTRAL_SUR_INF;346,4039917;1;ESPERANZA
10-06-2023;PA1;C19;CAT 797 F;Sulfuro Baja Ley;ESP/F07/2104/7060;FASE 7;STOCK_SBL1;346,4039917;1;ESPERANZA
10-06-2023;PA1;C20;CAT 797 F;Lastre Sulfurado;ESP/F07/2104/701;FASE 7;BOT_2380_INT;346,4039917;1;ESPERANZA
10-06-2023;PA1;C20;CAT 797 F;Lastre Sulfurado;ESP/F07/2104/701;FASE 7;BOT_INTEGRACION_INF;346,4039917;1;ESPERANZA
10-06-2023;PA1;C20;CAT 797 F;Lastre Sulfurado;ESP/F07/2104/7060;FASE 7;BOT_2380_INT;2424,829956;7;ESPERANZA
10-06-2023;PA1;C20;CAT 797 F;Sulfuro Baja Ley;ESP/F07/2104/7060;FASE 7;STOCK_SBL1;346,4039917;1;ESPERANZA
10-06-2023;PA1;C21;CAT 797 F;Lastre Sulfurado;ESP/F07/2104/701;FASE 7;BOT_2380_INT;346,4039917;1;ESPERANZA
10-06-2023;PA1;C21;CAT 797 F;Lastre Sulfurado;ESP/F07/2104/7060;FASE 7;BOT_2380_INT;692,8079834;2;ESPERANZA
10-06-2023;PA1;C21;CAT 797 F;Sulfuro Baja Ley;ESP/F07/2104/7060;FASE 7;STOCK_SBL1;692,8079834;2;ESPERANZA
10-06-2023;PA1;C22;CAT 797 F;Lastre Sulfurado;ESP/F07/2104/7060;FASE 7;BOT_2380_INT;1732,023987;5;ESPERANZA
10-06-2023;PA1;C22;CAT 797 F;Lastre Sulfurado;ESP/F07/2104/7060;FASE 7;BOT_CENTRAL_SUR_INF;346,4039917;1;ESPERANZA
10-06-2023;PA1;C22;CAT 797 F;Sulfuro Baja Ley;ESP/F07/2104/7060;FASE 7;STOCK_SBL1;1385,613953;4;ESPERANZA
10-06-2023;PA1;C23;CAT 797 F;Lastre Sulfurado;ESP/F07/2104/701;FASE 7;BOT_2380_INT;692,8079834;2;ESPERANZA
10-06-2023;PA1;C23;CAT 797 F;Lastre Sulfurado;ESP/F07/2104/701;FASE 7;BOT_INTEGRACION_INF;346,4039917;1;ESPERANZA
10-06-2023;PA1;C23;CAT 797 F;Lastre Sulfurado;ESP/F07/2104/7060;FASE 7;BOT_2380_INT;692,8079834;2;ESPERANZA
10-06-2023;PA1;C24;CAT 797 F;Lastre Sulfurado;ESP/F07/2104/701;FASE 7;BOT_2380_INT;692,8079834;2;ESPERANZA
10-06-2023;PA1;C24;CAT 797 F;Lastre Sulfurado;ESP/F07/2104/7060;FASE 7;BOT_2380_INT;1385,619995;4;ESPERANZA
10-06-2023;PA1;C24;CAT 797 F;Sulfuro Baja Ley;ESP/F07/2104/7060;FASE 7;STOCK_SBL1;1039,211975;3;ESPERANZA
10-06-2023;PA1;C25;CAT 797 F;Lastre Sulfurado;ESP/F07/2104/701;FASE 7;BOT_2380_INT;346,4039917;1;ESPERANZA
10-06-2023;PA1;C25;CAT 797 F;Lastre Sulfurado;ESP/F07/2104/7060;FASE 7;BOT_2380_INT;1385,613953;4;ESPERANZA
10-06-2023;PA1;C32;CAT 797 F;Lastre Sulfurado;ESP/F07/2104/7060;FASE 7;BOT_2380_INT;1385,615967;4;ESPERANZA
10-06-2023;PA1;C32;CAT 797 F;Sulfuro Baja Ley;ESP/F07/2104/7060;FASE 7;STOCK_SBL1;346,4039917;1;ESPERANZA
10-06-2023;PA1;C34;CAT 797 F;Lastre Sulfurado;ESP/F07/2104/701;FASE 7;BOT_CENTRAL_SUR_INF;346,4039917;1;ESPERANZA
10-06-2023;PA1;C34;CAT 797 F;Lastre Sulfurado;ESP/F07/2104/7060;FASE 7;BOT_2380_INT;2078,427979;6;ESPERANZA
10-06-2023;PA1;C34;CAT 797 F;Sulfuro Baja Ley;ESP/F07/2104/7060;FASE 7;STOCK_SBL1;692,8079834;2;ESPERANZA
10-06-2023;PA1;C36;CAT 797 F;Lastre Sulfurado;ESP/F07/2104/701;FASE 7;BOT_2380_INT;346,4039917;1;ESPERANZA
10-06-2023;PA1;C36;CAT 797 F;Lastre Sulfurado;ESP/F07/2104/7060;FASE 7;BOT_2380_INT;2078,42395;6;ESPERANZA
10-06-2023;PA1;C36;CAT 797 F;Sulfuro Baja Ley;ESP/F07/2104/7060;FASE 7;STOCK_SBL1;346,4039917;1;ESPERANZA
10-06-2023;PA1;C37;CAT 797 F;Lastre Sulfurado;ESP/F07/2104/701;FASE 7;BOT_CENTRAL_SUR_INF;346,4039917;1;ESPERANZA
10-06-2023;PA1;C37;CAT 797 F;Lastre Sulfurado;ESP/F07/2104/7060;FASE 7;BOT_2380_INT;1385,613953;4;ESPERANZA
10-06-2023;PA1;C38;CAT 797 F;Lastre Sulfurado;ESP/F07/2104/701;FASE 7;BOT_2380_INT;346,4039917;1;ESPERANZA
10-06-2023;PA1;C38;CAT 797 F;Lastre Sulfurado;ESP/F07/2104/7060;FASE 7;BOT_2380_INT;2078,42395;6;ESPERANZA
10-06-2023;PA1;C38;CAT 797 F;Lastre Sulfurado;ESP/F07/2104/7060;FASE 7;BOT_CENTRAL_SUR_INF;346,4039917;1;ESPERANZA
10-06-2023;PA1;C38;CAT 797 F;Sulfuro Baja Ley;ESP/F07/2104/7060;FASE 7;STOCK_SBL1;346,4039917;1;ESPERANZA
10-06-2023;PA1;C39;CAT 797 F;Lastre Sulfurado;ESP/F07/2104/701;FASE 7;BOT_2380_INT;346,4039917;1;ESPERANZA
10-06-2023;PA1;C39;CAT 797 F;Lastre Sulfurado;ESP/F07/2104/7060;FASE 7;BOT_2380_INT;1385,615967;4;ESPERANZA
10-06-2023;PA1;C40;CAT 797 F;Lastre Sulfurado;ESP/F07/2104/701;FASE 7;BOT_INTEGRACION_INF;346,4039917;1;ESPERANZA
10-06-2023;PA1;C40;CAT 797 F;Lastre Sulfurado;ESP/F07/2104/7060;FASE 7;BOT_2380_INT;2078,427979;6;ESPERANZA
10-06-2023;PA1;C41;CAT 797 F;Lastre Sulfurado;ESP/F07/2104/701;FASE 7;BOT_2380_INT;346,4039917;1;ESPERANZA
10-06-2023;PA1;C41;CAT 797 F;Lastre Sulfurado;ESP/F07/2104/701;FASE 7;BOT_CENTRAL_SUR_INF;692,8079834;2;ESPERANZA
10-06-2023;PA1;C41;CAT 797 F;Lastre Sulfurado;ESP/F07/2104/7060;FASE 7;BOT_2380_INT;346,4039917;1;ESPERANZA
10-06-2023;PA1;C41;CAT 797 F;Sulfuro Baja Ley;ESP/F07/2104/7060;FASE 7;STOCK_SBL1;346,4039917;1;ESPERANZA
10-06-2023;PA1;C42;CAT 797 F;Lastre Sulfurado;ESP/F07/2104/7060;FASE 7;BOT_2380_INT;2424,825928;7;ESPERANZA
10-06-2023;PA1;C42;CAT 797 F;Sulfuro Baja Ley;ESP/F07/2104/7060;FASE 7;STOCK_SBL1;346,4039917;1;ESPERANZA
10-06-2023;PA1;C43;CAT 797 F;Lastre Sulfurado;ESP/F07/2104/7060;FASE 7;BOT_2380_INT;1732,019958;5;ESPERANZA
10-06-2023;PA1;C43;CAT 797 F;Sulfuro Baja Ley;ESP/F07/2104/7060;FASE 7;STOCK_SBL1;346,4039917;1;ESPERANZA
10-06-2023;PA1;C44;CAT 797 F;Lastre Sulfurado;ESP/F07/2104/701;FASE 7;BOT_2380_INT;346,4039917;1;ESPERANZA
10-06-2023;PA1;C44;CAT 797 F;Lastre Sulfurado;ESP/F07/2104/701;FASE 7;BOT_INTEGRACION_INF;692,8079834;2;ESPERANZA
10-06-2023;PA1;C44;CAT 797 F;Lastre Sulfurado;ESP/F07/2104/7060;FASE 7;BOT_2380_INT;1039,209961;3;ESPERANZA
10-06-2023;PA1;C44;CAT 797 F;Sulfuro Baja Ley;ESP/F07/2104/7060;FASE 7;STOCK_SBL1;346,4039917;1;ESPERANZA
10-06-2023;PA1;C45;CAT 797 F;Lastre Sulfurado;ESP/F07/2104/7060;FASE 7;BOT_2380_INT;2771,22998;8;ESPERANZA
10-06-2023;PA1;C45;CAT 797 F;Sulfuro Baja Ley;ESP/F07/2104/7060;FASE 7;STOCK_SBL1;346,4039917;1;ESPERANZA
10-06-2023;PA1;C46;CAT 797 F;Lastre Sulfurado;ESP/F07/2104/7060;FASE 7;BOT_2380_INT;692,8079834;2;ESPERANZA
10-06-2023;PA1;C46;CAT 797 F;Sulfuro Baja Ley;ESP/F07/2104/7060;FASE 7;STOCK_SBL1;346,4039917;1;ESPERANZA
10-06-2023;PA1;C47;CAT 797 F;Lastre Sulfurado;ESP/F07/2104/701;FASE 7;BOT_2380_INT;692,8079834;2;ESPERANZA
10-06-2023;PA1;C47;CAT 797 F;Lastre Sulfurado;ESP/F07/2104/7060;FASE 7;BOT_2380_INT;1732,023987;5;ESPERANZA
10-06-2023;PA1;C48;CAT 797 F;Lastre Sulfurado;ESP/F07/2104/701;FASE 7;BOT_2380_INT;346,4039917;1;ESPERANZA
10-06-2023;PA1;C48;CAT 797 F;Lastre Sulfurado;ESP/F07/2104/701;FASE 7;BOT_INTEGRACION_INF;346,4039917;1;ESPERANZA
10-06-2023;PA1;C48;CAT 797 F;Lastre Sulfurado;ESP/F07/2104/7060;FASE 7;BOT_2380_INT;3117,639954;9;ESPERANZA
10-06-2023;PA1;C48;CAT 797 F;Sulfuro Baja Ley;ESP/F07/2104/7060;FASE 7;STOCK_SBL1;346,4039917;1;ESPERANZA
10-06-2023;PA1;C52;KOM 930 E;Lastre Sulfurado;ESP/F07/2104/7060;FASE 7;BOT_2380_INT;291;1;ESPERANZA
10-06-2023;PA10;C980AHSESPS;Kom 980 AHS;Lastre Oxidado;ESS/F03/2216/3231;F03 ESPSUR;BOTADERO_2021;45360;126;ESPERANZA_SUR
10-06-2023;PA11;C980AHSESPS;Kom 980 AHS;Lastre Sulfurado;ESS/F02/2120/R200;F02 ESPSUR;BOTADERO_2021;39600;110;ESPERANZA_SUR
10-06-2023;PA11;C980AHSESPS;Kom 980 AHS;Sulfuro Baja Ley;ESS/F02/2120/209;F02 ESPSUR;STOCK_SBL_ESS;12600;35;ESPERANZA_SUR
10-06-2023;PA11;C980AHSESPS;Kom 980 AHS;Sulfuro Baja Ley;ESS/F02/2120/210;F02 ESPSUR;STOCK_SBL_ESS;5400;15;ESPERANZA_SUR
10-06-2023;PA11;C980AHSESPS;Kom 980 AHS;Sulfuro de Media;ESS/F02/2120/209;F02 ESPSUR;STOCK_SME_ESS;360;1;ESPERANZA_SUR
10-06-2023;PA2;C156;CAT 793 F;Sulfuro de Media;ESP/F08/1768/8051;FASE 8;CHANCADO-SULFURO;649,309021;3;ESPERANZA
10-06-2023;PA2;C161;CAT 793 F;Sulfuro Baja Ley;ESP/F08/1768/8050;FASE 8;STOCK_SBL1;216,4360046;1;ESPERANZA
10-06-2023;PA2;C162;CAT 793 F;Sulfuro Baja Ley;ESP/F08/1768/8050;FASE 8;STOCK_SBL1;216,4360046;1;ESPERANZA
10-06-2023;PA2;C164;CAT 793 F;Sulfuro de Media;ESP/F08/1768/8051;FASE 8;CHANCADO-SULFURO;216,4360046;1;ESPERANZA
10-06-2023;PA2;C18;CAT 797 F;Sulfuro de Media;ESP/F08/1768/8051;FASE 8;CHANCADO-SULFURO;692,8079834;2;ESPERANZA
10-06-2023;PA2;C19;CAT 797 F;Sulfuro de Media;ESP/F08/1768/8051;FASE 8;STOCK_SME;346,4039917;1;ESPERANZA
10-06-2023;PA2;C21;CAT 797 F;Sulfuro de Media;ESP/F08/1768/8051;FASE 8;STOCK_SME;346,4039917;1;ESPERANZA
10-06-2023;PA2;C25;CAT 797 F;Sulfuro de Media;ESP/F08/1768/8051;FASE 8;CHANCADO-SULFURO;346,4039917;1;ESPERANZA
10-06-2023;PA2;C39;CAT 797 F;Sulfuro de Media;ESP/F08/1768/8051;FASE 8;CHANCADO-SULFURO;346,4039917;1;ESPERANZA
10-06-2023;PA2;C42;CAT 797 F;Sulfuro de Media;ESP/F08/1768/8051;FASE 8;STOCK_SME;346,4039917;1;ESPERANZA
10-06-2023;PA2;C45;CAT 797 F;Sulfuro de Media;ESP/F08/1768/8051;FASE 8;CHANCADO-SULFURO;346,4039917;1;ESPERANZA
10-06-2023;PA2;C45;CAT 797 F;Sulfuro de Media;ESP/F08/1768/8051;FASE 8;STOCK_SME;346,4039917;1;ESPERANZA
10-06-2023;PA2;C49;KOM 930 E;Sulfuro Baja Ley;ESP/F08/1768/8050;FASE 8;STOCK_SBL1;291;1;ESPERANZA
10-06-2023;PA2;C49;KOM 930 E;Sulfuro Baja Ley;ESP/F08/1768/808;FASE 8;STOCK_SBL1;582;2;ESPERANZA
10-06-2023;PA2;C49;KOM 930 E;Sulfuro de Media;ESP/F08/1768/8051;FASE 8;CHANCADO-SULFURO;1164;4;ESPERANZA
10-06-2023;PA2;C49;KOM 930 E;Sulfuro de Media;ESP/F08/1768/8051;FASE 8;STOCK_SME;873;3;ESPERANZA
10-06-2023;PA2;C49;KOM 930 E;Sulfuro de Media;ESP/F08/1784/815;FASE 8;STOCK_SME;291;1;ESPERANZA
10-06-2023;PA2;C50;KOM 930 E;Sulfuro Baja Ley;ESP/F08/1768/8050;FASE 8;STOCK_SBL1;582;2;ESPERANZA
10-06-2023;PA2;C50;KOM 930 E;Sulfuro de Media;ESP/F08/1768/8051;FASE 8;CHANCADO-SULFURO;1164;4;ESPERANZA
10-06-2023;PA2;C50;KOM 930 E;Sulfuro de Media;ESP/F08/1784/815;FASE 8;CHANCADO-SULFURO;291;1;ESPERANZA
10-06-2023;PA2;C51;KOM 930 E;Sulfuro Baja Ley;ESP/F08/1768/8050;FASE 8;STOCK_SBL1;582;2;ESPERANZA
10-06-2023;PA2;C51;KOM 930 E;Sulfuro Baja Ley;ESP/F08/1768/808;FASE 8;STOCK_SBL1;291;1;ESPERANZA
10-06-2023;PA2;C51;KOM 930 E;Sulfuro de Media;ESP/F08/1768/803;FASE 8;CHANCADO-SULFURO;291;1;ESPERANZA
10-06-2023;PA2;C51;KOM 930 E;Sulfuro de Media;ESP/F08/1768/8051;FASE 8;CHANCADO-SULFURO;1164;4;ESPERANZA
10-06-2023;PA2;C51;KOM 930 E;Sulfuro de Media;ESP/F08/1768/8051;FASE 8;STOCK_SME;291;1;ESPERANZA
10-06-2023;PA2;C51;KOM 930 E;Sulfuro de Media;ESP/F08/1784/815;FASE 8;CHANCADO-SULFURO;291;1;ESPERANZA
10-06-2023;PA2;C52;KOM 930 E;Sulfuro Baja Ley;ESP/F08/1768/8050;FASE 8;STOCK_SBL1;291;1;ESPERANZA
10-06-2023;PA2;C52;KOM 930 E;Sulfuro de Media;ESP/F08/1768/8051;FASE 8;CHANCADO-SULFURO;2037;7;ESPERANZA
10-06-2023;PA2;C52;KOM 930 E;Sulfuro de Media;ESP/F08/1768/8051;FASE 8;STOCK_SME;291;1;ESPERANZA
10-06-2023;PA2;C52;KOM 930 E;Sulfuro de Media;ESP/F08/1784/815;FASE 8;STOCK_SME;291;1;ESPERANZA
10-06-2023;PA2;C53;KOM 930 E;Sulfuro Baja Ley;ESP/F08/1768/8050;FASE 8;CHANCADO-SULFURO;291;1;ESPERANZA
10-06-2023;PA2;C53;KOM 930 E;Sulfuro Baja Ley;ESP/F08/1768/8050;FASE 8;STOCK_SBL1;291;1;ESPERANZA
10-06-2023;PA2;C53;KOM 930 E;Sulfuro Baja Ley;ESP/F08/1768/808;FASE 8;STOCK_SBL1;291;1;ESPERANZA
10-06-2023;PA2;C53;KOM 930 E;Sulfuro de Media;ESP/F08/1768/8051;FASE 8;CHANCADO-SULFURO;1164;4;ESPERANZA
10-06-2023;PA2;C53;KOM 930 E;Sulfuro de Media;ESP/F08/1768/8051;FASE 8;STOCK_SME;582;2;ESPERANZA
10-06-2023;PA2;C53;KOM 930 E;Sulfuro de Media;ESP/F08/1784/815;FASE 8;CHANCADO-SULFURO;582;2;ESPERANZA
10-06-2023;PA2;C54;KOM 930 E;Sulfuro Baja Ley;ESP/F08/1768/8050;FASE 8;STOCK_SBL1;873;3;ESPERANZA
10-06-2023;PA2;C54;KOM 930 E;Sulfuro de Media;ESP/F08/1768/8051;FASE 8;CHANCADO-SULFURO;2037;7;ESPERANZA
10-06-2023;PA2;C54;KOM 930 E;Sulfuro de Media;ESP/F08/1784/815;FASE 8;CHANCADO-SULFURO;582;2;ESPERANZA
10-06-2023;PA2;C55;KOM 930 E;Sulfuro Baja Ley;ESP/F08/1768/8050;FASE 8;STOCK_SBL1;582;2;ESPERANZA
10-06-2023;PA2;C55;KOM 930 E;Sulfuro Baja Ley;ESP/F08/1768/808;FASE 8;STOCK_SBL1;291;1;ESPERANZA
10-06-2023;PA2;C55;KOM 930 E;Sulfuro de Media;ESP/F08/1768/8051;FASE 8;CHANCADO-SULFURO;873;3;ESPERANZA
10-06-2023;PA2;C55;KOM 930 E;Sulfuro de Media;ESP/F08/1768/8051;FASE 8;STOCK_SME;291;1;ESPERANZA
10-06-2023;PA2;C55;KOM 930 E;Sulfuro de Media;ESP/F08/1784/815;FASE 8;CHANCADO-SULFURO;291;1;ESPERANZA
10-06-2023;PA2;C56;KOM 930 E;Sulfuro Baja Ley;ESP/F08/1768/8050;FASE 8;STOCK_SBL1;873;3;ESPERANZA
10-06-2023;PA2;C56;KOM 930 E;Sulfuro de Media;ESP/F08/1768/8051;FASE 8;CHANCADO-SULFURO;873;3;ESPERANZA
10-06-2023;PA2;C57;KOM 930 E;Sulfuro Baja Ley;ESP/F08/1768/8050;FASE 8;STOCK_SBL1;1164;4;ESPERANZA
10-06-2023;PA2;C57;KOM 930 E;Sulfuro Baja Ley;ESP/F08/1768/808;FASE 8;STOCK_SBL1;291;1;ESPERANZA
10-06-2023;PA2;C57;KOM 930 E;Sulfuro de Media;ESP/F08/1768/8051;FASE 8;CHANCADO-SULFURO;1455;5;ESPERANZA
10-06-2023;PA2;C57;KOM 930 E;Sulfuro de Media;ESP/F08/1784/815;FASE 8;CHANCADO-SULFURO;582;2;ESPERANZA
10-06-2023;PA2;C58;KOM 930 E;Sulfuro Baja Ley;ESP/F08/1768/8050;FASE 8;STOCK_SBL1;582;2;ESPERANZA
10-06-2023;PA2;C58;KOM 930 E;Sulfuro de Media;ESP/F08/1768/8051;FASE 8;CHANCADO-SULFURO;1746;6;ESPERANZA
10-06-2023;PA2;C58;KOM 930 E;Sulfuro de Media;ESP/F08/1768/8051;FASE 8;STOCK_SME;582;2;ESPERANZA
10-06-2023;PA2;C60;KOM 930 E;Sulfuro Baja Ley;ESP/F08/1768/8050;FASE 8;STOCK_SBL1;582;2;ESPERANZA
10-06-2023;PA2;C60;KOM 930 E;Sulfuro Baja Ley;ESP/F08/1768/808;FASE 8;STOCK_SBL1;291;1;ESPERANZA
10-06-2023;PA2;C60;KOM 930 E;Sulfuro de Media;ESP/F08/1768/8051;FASE 8;CHANCADO-SULFURO;1164;4;ESPERANZA
10-06-2023;PA2;C60;KOM 930 E;Sulfuro de Media;ESP/F08/1768/8051;FASE 8;STOCK_SME;582;2;ESPERANZA
10-06-2023;PA2;C61;KOM 930 E;Sulfuro Baja Ley;ESP/F08/1768/8050;FASE 8;STOCK_SBL1;582;2;ESPERANZA
10-06-2023;PA2;C61;KOM 930 E;Sulfuro Baja Ley;ESP/F08/1768/808;FASE 8;STOCK_SBL1;582;2;ESPERANZA
10-06-2023;PA2;C61;KOM 930 E;Sulfuro de Media;ESP/F08/1768/8051;FASE 8;CHANCADO-SULFURO;1455;5;ESPERANZA
10-06-2023;PA2;C61;KOM 930 E;Sulfuro de Media;ESP/F08/1768/8051;FASE 8;STOCK_SME;582;2;ESPERANZA
10-06-2023;PA2;C61;KOM 930 E;Sulfuro de Media;ESP/F08/1784/815;FASE 8;CHANCADO-SULFURO;582;2;ESPERANZA
10-06-2023;PA211;C08;CAT 797 B;Lastre Sulfurado;ESP/F10/2296/1040;FASE 10;BOT_CENTRAL_SUR_INF;1039,209961;3;ESPERANZA
10-06-2023;PA211;C12;CAT 797 B;Lastre Sulfurado;ESP/F10/2296/1040;FASE 10;BOT_CENTRAL_SUR_INF;1732,023987;5;ESPERANZA
10-06-2023;PA211;C12;CAT 797 B;Lastre Sulfurado;ESP/F10/2296/1050;FASE 10;BOT_CENTRAL_SUR_INF;346,4039917;1;ESPERANZA
10-06-2023;PA211;C121;CAT 793 C;Lastre Sulfurado;ESP/F10/2296/1040;FASE 10;BOT_CENTRAL_SUR_INF;649,309021;3;ESPERANZA
10-06-2023;PA211;C121;CAT 793 C;Lastre Sulfurado;ESP/F10/2296/1050;FASE 10;BOT_CENTRAL_SUR_INF;865,7459717;4;ESPERANZA
10-06-2023;PA211;C122;CAT 793 C;Lastre Sulfurado;ESP/F10/2296/1040;FASE 10;BOT_CENTRAL_SUR_INF;1298,618011;6;ESPERANZA
10-06-2023;PA211;C122;CAT 793 C;Lastre Sulfurado;ESP/F10/2296/1050;FASE 10;BOT_CENTRAL_SUR_INF;432,8729858;2;ESPERANZA
10-06-2023;PA211;C125;CAT 793 C;Lastre Sulfurado;ESP/F10/2296/1040;FASE 10;BOT_CENTRAL_SUR_INF;1515,056;7;ESPERANZA
10-06-2023;PA211;C128;CAT 793 C;Lastre Sulfurado;ESP/F10/2296/1040;FASE 10;BOT_CENTRAL_SUR_INF;2597,23999;12;ESPERANZA
10-06-2023;PA211;C128;CAT 793 C;Lastre Sulfurado;ESP/F10/2296/1050;FASE 10;BOT_CENTRAL_SUR_INF;216,4360046;1;ESPERANZA
10-06-2023;PA211;C13;CAT 797 B;Lastre Sulfurado;ESP/F10/2296/1050;FASE 10;BOT_CENTRAL_SUR_INF;346,4039917;1;ESPERANZA
10-06-2023;PA211;C130;CAT 793 C;Lastre Sulfurado;ESP/F10/2296/1040;FASE 10;BOT_CENTRAL_SUR_INF;2164,360107;10;ESPERANZA
10-06-2023;PA211;C131;CAT 793 C;Lastre Sulfurado;ESP/F10/2296/1040;FASE 10;BOT_CENTRAL_SUR_INF;216,4360046;1;ESPERANZA
10-06-2023;PA211;C132;CAT 793 C;Lastre Sulfurado;ESP/F10/2296/1040;FASE 10;BOT_CENTRAL_SUR_INF;3462,982025;16;ESPERANZA
10-06-2023;PA211;C132;CAT 793 C;Lastre Sulfurado;ESP/F10/2296/1050;FASE 10;BOT_CENTRAL_SUR_INF;649,309021;3;ESPERANZA
10-06-2023;PA211;C134;CAT 793 C;Lastre Sulfurado;ESP/F10/2296/1040;FASE 10;BOT_CENTRAL_SUR_INF;1082,182007;5;ESPERANZA
10-06-2023;PA211;C134;CAT 793 C;Lastre Sulfurado;ESP/F10/2296/1050;FASE 10;BOT_CENTRAL_SUR_INF;432,8729858;2;ESPERANZA
10-06-2023;PA211;C135;CAT 793 C;Lastre Sulfurado;ESP/F10/2296/1040;FASE 10;BOT_CENTRAL_SUR_INF;432,8729858;2;ESPERANZA
10-06-2023;PA211;C14;CAT 797 B;Lastre Sulfurado;ESP/F10/2296/1040;FASE 10;BOT_CENTRAL_SUR_INF;346,4039917;1;ESPERANZA
10-06-2023;PA211;C14;CAT 797 B;Lastre Sulfurado;ESP/F10/2296/1050;FASE 10;BOT_CENTRAL_SUR_INF;346,4039917;1;ESPERANZA
10-06-2023;PA211;C15;CAT 797 B;Lastre Sulfurado;ESP/F10/2296/1040;FASE 10;BOT_CENTRAL_SUR_INF;2771,23407;8;ESPERANZA
10-06-2023;PA211;C151;CAT 793 F;Lastre Sulfurado;ESP/F10/2296/1040;FASE 10;BOT_CENTRAL_SUR_INF;2164,362976;10;ESPERANZA
10-06-2023;PA211;C151;CAT 793 F;Lastre Sulfurado;ESP/F10/2296/1050;FASE 10;BOT_CENTRAL_SUR_INF;216,4360046;1;ESPERANZA
10-06-2023;PA211;C153;CAT 793 F;Lastre Sulfurado;ESP/F10/2296/1040;FASE 10;BOT_CENTRAL_SUR_INF;1515,054962;7;ESPERANZA
10-06-2023;PA211;C154;CAT 793 F;Lastre Sulfurado;ESP/F10/2296/1040;FASE 10;BOT_CENTRAL_SUR_INF;216,4360046;1;ESPERANZA
10-06-2023;PA211;C154;CAT 793 F;Lastre Sulfurado;ESP/F10/2296/1050;FASE 10;BOT_CENTRAL_SUR_INF;649,309021;3;ESPERANZA
10-06-2023;PA211;C155;CAT 793 F;Lastre Sulfurado;ESP/F10/2296/1040;FASE 10;BOT_CENTRAL_SUR_INF;432,8729858;2;ESPERANZA
10-06-2023;PA211;C156;CAT 793 F;Lastre Sulfurado;ESP/F10/2296/1040;FASE 10;BOT_CENTRAL_SUR_INF;1082,181976;5;ESPERANZA
10-06-2023;PA211;C156;CAT 793 F;Lastre Sulfurado;ESP/F10/2296/1050;FASE 10;BOT_CENTRAL_SUR_INF;649,309021;3;ESPERANZA
10-06-2023;PA211;C161;CAT 793 F;Lastre Sulfurado;ESP/F10/2296/1040;FASE 10;BOT_CENTRAL_SUR_INF;1298,616058;6;ESPERANZA
10-06-2023;PA211;C161;CAT 793 F;Lastre Sulfurado;ESP/F10/2296/1050;FASE 10;BOT_CENTRAL_SUR_INF;432,8729858;2;ESPERANZA
10-06-2023;PA211;C162;CAT 793 F;Lastre Sulfurado;ESP/F10/2296/1040;FASE 10;BOT_CENTRAL_SUR_INF;1947,925995;9;ESPERANZA
10-06-2023;PA211;C163;CAT 793 F;Lastre Sulfurado;ESP/F10/2296/1040;FASE 10;BOT_CENTRAL_SUR_INF;1947,930054;9;ESPERANZA
10-06-2023;PA211;C163;CAT 793 F;Lastre Sulfurado;ESP/F10/2296/1050;FASE 10;BOT_CENTRAL_SUR_INF;216,4360046;1;ESPERANZA
10-06-2023;PA211;C164;CAT 793 F;Lastre Sulfurado;ESP/F10/2296/1040;FASE 10;BOT_CENTRAL_SUR_INF;1947,927979;9;ESPERANZA
10-06-2023;PA211;C164;CAT 793 F;Lastre Sulfurado;ESP/F10/2296/1050;FASE 10;BOT_CENTRAL_SUR_INF;432,8729858;2;ESPERANZA
10-06-2023;PA211;C23;CAT 797 F;Lastre Sulfurado;ESP/F10/2296/1050;FASE 10;BOT_CENTRAL_SUR_INF;346,4039917;1;ESPERANZA
10-06-2023;PA211;C25;CAT 797 F;Lastre Sulfurado;ESP/F10/2296/1040;FASE 10;BOT_CENTRAL_SUR_INF;692,8079834;2;ESPERANZA
10-06-2023;PA211;C44;CAT 797 F;Lastre Sulfurado;ESP/F10/2296/1040;FASE 10;BOT_CENTRAL_SUR_INF;346,4039917;1;ESPERANZA
10-06-2023;PA211;C47;CAT 797 F;Lastre Sulfurado;ESP/F10/2296/1040;FASE 10;BOT_CENTRAL_SUR_INF;1039,209961;3;ESPERANZA
10-06-2023;PA211;C49;KOM 930 E;Lastre Sulfurado;ESP/F10/2296/1050;FASE 10;BOT_CENTRAL_SUR_INF;291;1;ESPERANZA
10-06-2023;PA211;C60;KOM 930 E;Lastre Sulfurado;ESP/F10/2296/1050;FASE 10;BOT_CENTRAL_SUR_INF;291;1;ESPERANZA
10-06-2023;PA211;C61;KOM 930 E;Lastre Sulfurado;ESP/F10/2296/1050;FASE 10;BOT_RAMPA_SUPERIOR;291;1;ESPERANZA
10-06-2023;PA26;C22;CAT 797 F;Lastre Oxidado;ESP/F07/2104/709;FASE 7;BOT_2380_INT;346,4039917;1;ESPERANZA
10-06-2023;PA26;C32;CAT 797 F;Lastre Oxidado;ESP/F07/2104/709;FASE 7;BOT_2380_INT;346,4039917;1;ESPERANZA
10-06-2023;PA26;C36;CAT 797 F;Lastre Oxidado;ESP/F07/2104/709;FASE 7;BOT_2380_INT;346,4039917;1;ESPERANZA
10-06-2023;PA26;C44;CAT 797 F;Lastre Oxidado;ESP/F07/2104/709;FASE 7;BOT_2380_INT;346,4039917;1;ESPERANZA
10-06-2023;PA3;C07;CAT 797 B;Lastre Sulfurado;ESP/F07/2120/7290;FASE 7;BOT_2380_INT;1039,211975;3;ESPERANZA
10-06-2023;PA3;C08;CAT 797 B;Lastre Sulfurado;ESP/F07/2120/7290;FASE 7;BOT_2380_INT;1732,023987;5;ESPERANZA
10-06-2023;PA3;C09;CAT 797 B;Lastre Sulfurado;ESP/F07/2120/7290;FASE 7;BOT_2380_INT;2078,421936;6;ESPERANZA
10-06-2023;PA3;C10;CAT 797 B;Lastre Sulfurado;ESP/F07/2120/7290;FASE 7;BOT_2380_INT;1732,023987;5;ESPERANZA
10-06-2023;PA3;C11;CAT 797 B;Lastre Sulfurado;ESP/F07/2120/7290;FASE 7;BOT_2380_INT;3810,437866;11;ESPERANZA
10-06-2023;PA3;C12;CAT 797 B;Lastre Sulfurado;ESP/F07/2120/7290;FASE 7;BOT_2380_INT;692,8079834;2;ESPERANZA
10-06-2023;PA3;C13;CAT 797 B;Lastre Sulfurado;ESP/F07/2120/7290;FASE 7;BOT_2380_INT;346,4039917;1;ESPERANZA
10-06-2023;PA3;C14;CAT 797 B;Lastre Sulfurado;ESP/F07/2120/7290;FASE 7;BOT_2380_INT;2424,830078;7;ESPERANZA
10-06-2023;PA3;C15;CAT 797 B;Lastre Sulfurado;ESP/F07/2120/7290;FASE 7;BOT_2380_INT;1732,023987;5;ESPERANZA
10-06-2023;PA3;C151;CAT 793 F;Lastre Sulfurado;ESP/F07/2120/7290;FASE 7;BOT_2380_INT;432,8729858;2;ESPERANZA
10-06-2023;PA3;C153;CAT 793 F;Lastre Sulfurado;ESP/F07/2120/7290;FASE 7;BOT_2380_INT;216,4360046;1;ESPERANZA
10-06-2023;PA3;C154;CAT 793 F;Lastre Sulfurado;ESP/F07/2120/7290;FASE 7;BOT_2380_INT;216,4360046;1;ESPERANZA
10-06-2023;PA3;C156;CAT 793 F;Lastre Sulfurado;ESP/F07/2120/7290;FASE 7;BOT_2380_INT;1298,618011;6;ESPERANZA
10-06-2023;PA3;C16;CAT 797 B;Lastre Sulfurado;ESP/F07/2120/7290;FASE 7;BOT_2380_INT;3810,439941;11;ESPERANZA
10-06-2023;PA3;C162;CAT 793 F;Lastre Sulfurado;ESP/F07/2120/7290;FASE 7;BOT_2380_INT;432,8729858;2;ESPERANZA
10-06-2023;PA3;C164;CAT 793 F;Lastre Sulfurado;ESP/F07/2120/7290;FASE 7;BOT_2380_INT;216,4360046;1;ESPERANZA
10-06-2023;PA3;C17;CAT 797 F;Lastre Sulfurado;ESP/F07/2120/7290;FASE 7;BOT_2380_INT;1385,615967;4;ESPERANZA
10-06-2023;PA3;C18;CAT 797 F;Lastre Sulfurado;ESP/F07/2120/7290;FASE 7;BOT_2380_INT;3117,640015;9;ESPERANZA
10-06-2023;PA3;C19;CAT 797 F;Lastre Sulfurado;ESP/F07/2120/7290;FASE 7;BOT_2380_INT;3810,437866;11;ESPERANZA
10-06-2023;PA3;C20;CAT 797 F;Lastre Sulfurado;ESP/F07/2120/7290;FASE 7;BOT_2380_INT;3117,643982;9;ESPERANZA
10-06-2023;PA3;C21;CAT 797 F;Lastre Sulfurado;ESP/F07/2120/7290;FASE 7;BOT_2380_INT;1385,619995;4;ESPERANZA
10-06-2023;PA3;C22;CAT 797 F;Lastre Sulfurado;ESP/F07/2120/7290;FASE 7;BOT_2380_INT;2078,42395;6;ESPERANZA
10-06-2023;PA3;C23;CAT 797 F;Lastre Sulfurado;ESP/F07/2120/7290;FASE 7;BOT_2380_INT;2078,421936;6;ESPERANZA
10-06-2023;PA3;C24;CAT 797 F;Lastre Sulfurado;ESP/F07/2120/7290;FASE 7;BOT_2380_INT;1732,017944;5;ESPERANZA
10-06-2023;PA3;C25;CAT 797 F;Lastre Sulfurado;ESP/F07/2120/7290;FASE 7;BOT_2380_INT;1039,211975;3;ESPERANZA
10-06-2023;PA3;C32;CAT 797 F;Lastre Sulfurado;ESP/F07/2120/7290;FASE 7;BOT_2380_INT;4156,8479;12;ESPERANZA
10-06-2023;PA3;C34;CAT 797 F;Lastre Sulfurado;ESP/F07/2120/7290;FASE 7;BOT_2380_INT;2771,235962;8;ESPERANZA
10-06-2023;PA3;C36;CAT 797 F;Lastre Sulfurado;ESP/F07/2120/7290;FASE 7;BOT_2380_INT;1385,613953;4;ESPERANZA
10-06-2023;PA3;C37;CAT 797 F;Lastre Sulfurado;ESP/F07/2120/7290;FASE 7;BOT_2380_INT;2771,231995;8;ESPERANZA
10-06-2023;PA3;C38;CAT 797 F;Lastre Sulfurado;ESP/F07/2120/7290;FASE 7;BOT_2380_INT;2078,42395;6;ESPERANZA
10-06-2023;PA3;C39;CAT 797 F;Lastre Sulfurado;ESP/F07/2120/7290;FASE 7;BOT_2380_INT;2424,825928;7;ESPERANZA
10-06-2023;PA3;C40;CAT 797 F;Lastre Sulfurado;ESP/F07/2120/7290;FASE 7;BOT_2380_INT;1732,019958;5;ESPERANZA
10-06-2023;PA3;C41;CAT 797 F;Lastre Sulfurado;ESP/F07/2120/7290;FASE 7;BOT_2380_INT;3117,638062;9;ESPERANZA
10-06-2023;PA3;C42;CAT 797 F;Lastre Sulfurado;ESP/F07/2120/7290;FASE 7;BOT_2380_INT;1732,019958;5;ESPERANZA
10-06-2023;PA3;C43;CAT 797 F;Lastre Sulfurado;ESP/F07/2120/7290;FASE 7;BOT_2380_INT;2424,829956;7;ESPERANZA
10-06-2023;PA3;C44;CAT 797 F;Lastre Sulfurado;ESP/F07/2120/7290;FASE 7;BOT_2380_INT;3464,047974;10;ESPERANZA
10-06-2023;PA3;C45;CAT 797 F;Lastre Sulfurado;ESP/F07/2120/7290;FASE 7;BOT_2380_INT;2424,825928;7;ESPERANZA
10-06-2023;PA3;C46;CAT 797 F;Lastre Sulfurado;ESP/F07/2120/7290;FASE 7;BOT_2380_INT;346,4039917;1;ESPERANZA
10-06-2023;PA3;C47;CAT 797 F;Lastre Sulfurado;ESP/F07/2120/7290;FASE 7;BOT_2380_INT;3117,637939;9;ESPERANZA
10-06-2023;PA3;C48;CAT 797 F;Lastre Sulfurado;ESP/F07/2120/7290;FASE 7;BOT_2380_INT;2424,825928;7;ESPERANZA
10-06-2023;PA3;C53;KOM 930 E;Lastre Sulfurado;ESP/F07/2120/7290;FASE 7;BOT_2380_INT;291;1;ESPERANZA
10-06-2023;PA3;C60;KOM 930 E;Lastre Sulfurado;ESP/F07/2120/7290;FASE 7;BOT_2380_INT;291;1;ESPERANZA
10-06-2023;PA4;C08;CAT 797 B;Lastre Oxidado;ESP/F10/2328/130;FASE 10;BOT_CENTRAL_SUR_INF;1385,615967;4;ESPERANZA
10-06-2023;PA4;C09;CAT 797 B;Lastre Oxidado;ESP/F10/2328/130;FASE 10;BOT_CENTRAL_SUR_INF;692,8079834;2;ESPERANZA
10-06-2023;PA4;C12;CAT 797 B;Lastre Oxidado;ESP/F10/2328/130;FASE 10;BOT_CENTRAL_SUR_INF;692,8079834;2;ESPERANZA
10-06-2023;PA4;C121;CAT 793 C;Lastre Oxidado;ESP/F10/2328/130;FASE 10;BOT_CENTRAL_SUR_INF;1731,48999;8;ESPERANZA
10-06-2023;PA4;C122;CAT 793 C;Lastre Oxidado;ESP/F10/2328/130;FASE 10;BOT_CENTRAL_SUR_INF;4112,290039;19;ESPERANZA
10-06-2023;PA4;C125;CAT 793 C;Lastre Oxidado;ESP/F10/2328/130;FASE 10;BOT_CENTRAL_SUR_INF;2164,360107;10;ESPERANZA
10-06-2023;PA4;C128;CAT 793 C;Lastre Oxidado;ESP/F10/2328/130;FASE 10;BOT_CENTRAL_SUR_INF;2813,670044;13;ESPERANZA
10-06-2023;PA4;C13;CAT 797 B;Lastre Oxidado;ESP/F10/2328/130;FASE 10;BOT_CENTRAL_SUR_INF;346,4039917;1;ESPERANZA
10-06-2023;PA4;C130;CAT 793 C;Lastre Oxidado;ESP/F10/2328/130;FASE 10;BOT_CENTRAL_SUR_INF;1082,180054;5;ESPERANZA
10-06-2023;PA4;C131;CAT 793 C;Lastre Oxidado;ESP/F10/2328/130;FASE 10;BOT_CENTRAL_SUR_INF;216,4360046;1;ESPERANZA
10-06-2023;PA4;C132;CAT 793 C;Lastre Oxidado;ESP/F10/2328/130;FASE 10;BOT_CENTRAL_SUR_INF;2597,235016;12;ESPERANZA
10-06-2023;PA4;C134;CAT 793 C;Lastre Oxidado;ESP/F10/2328/130;FASE 10;BOT_CENTRAL_SUR_INF;1298,616058;6;ESPERANZA
10-06-2023;PA4;C14;CAT 797 B;Lastre Oxidado;ESP/F10/2328/130;FASE 10;BOT_CENTRAL_SUR_INF;346,4039917;1;ESPERANZA
10-06-2023;PA4;C151;CAT 793 F;Lastre Oxidado;ESP/F10/2328/130;FASE 10;BOT_CENTRAL_SUR_INF;3030,106079;14;ESPERANZA
10-06-2023;PA4;C153;CAT 793 F;Lastre Oxidado;ESP/F10/2328/130;FASE 10;BOT_CENTRAL_SUR_INF;1298,618958;6;ESPERANZA
10-06-2023;PA4;C154;CAT 793 F;Lastre Oxidado;ESP/F10/2328/130;FASE 10;BOT_CENTRAL_SUR_INF;649,309021;3;ESPERANZA
10-06-2023;PA4;C155;CAT 793 F;Lastre Oxidado;ESP/F10/2328/130;FASE 10;BOT_CENTRAL_SUR_INF;2380,800049;11;ESPERANZA
10-06-2023;PA4;C156;CAT 793 F;Lastre Oxidado;ESP/F10/2328/130;FASE 10;BOT_CENTRAL_SUR_INF;865,7450256;4;ESPERANZA
10-06-2023;PA4;C161;CAT 793 F;Lastre Oxidado;ESP/F10/2328/130;FASE 10;BOT_CENTRAL_SUR_INF;2597,240112;12;ESPERANZA
10-06-2023;PA4;C162;CAT 793 F;Lastre Oxidado;ESP/F10/2328/130;FASE 10;BOT_CENTRAL_SUR_INF;1731,489044;8;ESPERANZA
10-06-2023;PA4;C163;CAT 793 F;Lastre Oxidado;ESP/F10/2328/130;FASE 10;BOT_CENTRAL_SUR_INF;1947,929016;9;ESPERANZA
10-06-2023;PA4;C164;CAT 793 F;Lastre Oxidado;ESP/F10/2328/130;FASE 10;BOT_CENTRAL_SUR_INF;1731,490997;8;ESPERANZA
10-06-2023;PA4;C25;CAT 797 F;Lastre Oxidado;ESP/F10/2328/130;FASE 10;BOT_CENTRAL_SUR_INF;2424,828003;7;ESPERANZA
10-06-2023;PA4;C44;CAT 797 F;Lastre Oxidado;ESP/F10/2328/130;FASE 10;BOT_CENTRAL_SUR_INF;346,4039917;1;ESPERANZA
10-06-2023;PA4;C51;KOM 930 E;Lastre Oxidado;ESP/F10/2328/130;FASE 10;BOT_CENTRAL_SUR_INF;582;2;ESPERANZA
10-06-2023;PA4;C54;KOM 930 E;Lastre Oxidado;ESP/F10/2328/130;FASE 10;BOT_CENTRAL_SUR_INF;291;1;ESPERANZA
10-06-2023;PA4;C56;KOM 930 E;Lastre Oxidado;ESP/F10/2328/130;FASE 10;BOT_CENTRAL_SUR_INF;873;3;ESPERANZA
10-06-2023;PA4;C58;KOM 930 E;Lastre Oxidado;ESP/F10/2328/130;FASE 10;BOT_CENTRAL_SUR_INF;291;1;ESPERANZA
10-06-2023;PA4;C61;KOM 930 E;Lastre Oxidado;ESP/F10/2328/130;FASE 10;BOT_CENTRAL_SUR_INF;291;1;ESPERANZA
10-06-2023;PA4;C61;KOM 930 E;Lastre Oxidado;ESP/F10/2328/130;FASE 10;BOT_RAMPA_SUPERIOR;291;1;ESPERANZA
10-06-2023;PA7;C07;CAT 797 B;Lastre Sulfurado;ESP/F07/2104/708;FASE 7;BOT_2380_INT;2078,424011;6;ESPERANZA
10-06-2023;PA7;C08;CAT 797 B;Lastre Sulfurado;ESP/F07/2104/708;FASE 7;BOT_2380_INT;1039,211975;3;ESPERANZA
10-06-2023;PA7;C09;CAT 797 B;Lastre Sulfurado;ESP/F07/2104/708;FASE 7;BOT_2380_INT;3117,631897;9;ESPERANZA
10-06-2023;PA7;C10;CAT 797 B;Lastre Sulfurado;ESP/F07/2104/708;FASE 7;BOT_2380_INT;1385,615967;4;ESPERANZA
10-06-2023;PA7;C11;CAT 797 B;Lastre Sulfurado;ESP/F07/2104/708;FASE 7;BOT_2380_INT;2771,227905;8;ESPERANZA
10-06-2023;PA7;C12;CAT 797 B;Lastre Sulfurado;ESP/F07/2104/708;FASE 7;BOT_2380_INT;1385,619995;4;ESPERANZA
10-06-2023;PA7;C14;CAT 797 B;Lastre Sulfurado;ESP/F07/2104/708;FASE 7;BOT_2380_INT;346,4039917;1;ESPERANZA
10-06-2023;PA7;C15;CAT 797 B;Lastre Sulfurado;ESP/F07/2104/708;FASE 7;BOT_2380_INT;2424,828003;7;ESPERANZA
10-06-2023;PA7;C151;CAT 793 F;Lastre Sulfurado;ESP/F07/2104/708;FASE 7;BOT_2380_INT;216,4360046;1;ESPERANZA
10-06-2023;PA7;C153;CAT 793 F;Lastre Sulfurado;ESP/F07/2104/708;FASE 7;BOT_2380_INT;216,4360046;1;ESPERANZA
10-06-2023;PA7;C154;CAT 793 F;Lastre Sulfurado;ESP/F07/2104/708;FASE 7;BOT_2380_INT;216,4360046;1;ESPERANZA
10-06-2023;PA7;C156;CAT 793 F;Lastre Sulfurado;ESP/F07/2104/708;FASE 7;BOT_2380_INT;649,3089905;3;ESPERANZA
10-06-2023;PA7;C16;CAT 797 B;Lastre Sulfurado;ESP/F07/2104/708;FASE 7;BOT_2380_INT;3464,035889;10;ESPERANZA
10-06-2023;PA7;C164;CAT 793 F;Lastre Sulfurado;ESP/F07/2104/708;FASE 7;BOT_2380_INT;216,4360046;1;ESPERANZA
10-06-2023;PA7;C17;CAT 797 F;Lastre Sulfurado;ESP/F07/2104/708;FASE 7;BOT_2380_INT;1039,209961;3;ESPERANZA
10-06-2023;PA7;C18;CAT 797 F;Lastre Sulfurado;ESP/F07/2104/708;FASE 7;BOT_2380_INT;2424,83197;7;ESPERANZA
10-06-2023;PA7;C19;CAT 797 F;Lastre Sulfurado;ESP/F07/2104/708;FASE 7;BOT_2380_INT;1039,211975;3;ESPERANZA
10-06-2023;PA7;C20;CAT 797 F;Lastre Sulfurado;ESP/F07/2104/708;FASE 7;BOT_2380_INT;2424,83197;7;ESPERANZA
10-06-2023;PA7;C21;CAT 797 F;Lastre Sulfurado;ESP/F07/2104/708;FASE 7;BOT_2380_INT;1385,619995;4;ESPERANZA
10-06-2023;PA7;C22;CAT 797 F;Lastre Sulfurado;ESP/F07/2104/708;FASE 7;BOT_2380_INT;3117,633911;9;ESPERANZA
10-06-2023;PA7;C23;CAT 797 F;Lastre Sulfurado;ESP/F07/2104/708;FASE 7;BOT_2380_INT;1039,209961;3;ESPERANZA
10-06-2023;PA7;C24;CAT 797 F;Lastre Sulfurado;ESP/F07/2104/708;FASE 7;BOT_2380_INT;3117,631897;9;ESPERANZA
10-06-2023;PA7;C25;CAT 797 F;Lastre Sulfurado;ESP/F07/2104/708;FASE 7;BOT_2380_INT;1385,613953;4;ESPERANZA
10-06-2023;PA7;C32;CAT 797 F;Lastre Sulfurado;ESP/F07/2104/708;FASE 7;BOT_2380_INT;2771,23999;8;ESPERANZA
10-06-2023;PA7;C34;CAT 797 F;Lastre Sulfurado;ESP/F07/2104/708;FASE 7;BOT_2380_INT;4156,85199;12;ESPERANZA
10-06-2023;PA7;C36;CAT 797 F;Lastre Sulfurado;ESP/F07/2104/708;FASE 7;BOT_2380_INT;3117,631897;9;ESPERANZA
10-06-2023;PA7;C37;CAT 797 F;Lastre Sulfurado;ESP/F07/2104/708;FASE 7;BOT_2380_INT;1039,209961;3;ESPERANZA
10-06-2023;PA7;C38;CAT 797 F;Lastre Sulfurado;ESP/F07/2104/708;FASE 7;BOT_2380_INT;4156,8479;12;ESPERANZA
10-06-2023;PA7;C39;CAT 797 F;Lastre Sulfurado;ESP/F07/2104/708;FASE 7;BOT_2380_INT;3464,047974;10;ESPERANZA
10-06-2023;PA7;C40;CAT 797 F;Lastre Sulfurado;ESP/F07/2104/708;FASE 7;BOT_2380_INT;3810,43988;11;ESPERANZA
10-06-2023;PA7;C41;CAT 797 F;Lastre Sulfurado;ESP/F07/2104/708;FASE 7;BOT_2380_INT;1732,017944;5;ESPERANZA
10-06-2023;PA7;C41;CAT 797 F;Lastre Sulfurado;ESP/F07/2104/708;FASE 7;BOT_CENTRAL_SUR_INF;346,4039917;1;ESPERANZA
10-06-2023;PA7;C42;CAT 797 F;Lastre Sulfurado;ESP/F07/2104/708;FASE 7;BOT_2380_INT;1732,017944;5;ESPERANZA
10-06-2023;PA7;C43;CAT 797 F;Lastre Sulfurado;ESP/F07/2104/708;FASE 7;BOT_2380_INT;3117,631897;9;ESPERANZA
10-06-2023;PA7;C44;CAT 797 F;Lastre Sulfurado;ESP/F07/2104/708;FASE 7;BOT_2380_INT;2078,42395;6;ESPERANZA
10-06-2023;PA7;C45;CAT 797 F;Lastre Sulfurado;ESP/F07/2104/708;FASE 7;BOT_2380_INT;3117,635986;9;ESPERANZA
10-06-2023;PA7;C46;CAT 797 F;Lastre Sulfurado;ESP/F07/2104/708;FASE 7;BOT_2380_INT;692,8079834;2;ESPERANZA
10-06-2023;PA7;C47;CAT 797 F;Lastre Sulfurado;ESP/F07/2104/708;FASE 7;BOT_2380_INT;2424,829956;7;ESPERANZA
10-06-2023;PA7;C48;CAT 797 F;Lastre Sulfurado;ESP/F07/2104/708;FASE 7;BOT_2380_INT;1732,023987;5;ESPERANZA
10-06-2023;PA9;C07;CAT 797 B;Lastre Sulfurado;ESP/F07/2104/701;FASE 7;BOT_CENTRAL_SUR_INF;346,4039917;1;ESPERANZA
10-06-2023;PA9;C07;CAT 797 B;Lastre Sulfurado;ESP/F07/2104/701;FASE 7;BOT_RAMPA_SUPERIOR;346,4039917;1;ESPERANZA
10-06-2023;PA9;C09;CAT 797 B;Lastre Sulfurado;ESP/F07/2104/701;FASE 7;BOT_CENTRAL_SUR_INF;346,4039917;1;ESPERANZA
10-06-2023;PA9;C10;CAT 797 B;Lastre Sulfurado;ESP/F07/2104/701;FASE 7;BOT_CENTRAL_SUR_INF;346,4039917;1;ESPERANZA
10-06-2023;PA9;C14;CAT 797 B;Lastre Sulfurado;ESP/F07/2104/701;FASE 7;BOT_CENTRAL_SUR_INF;346,4039917;1;ESPERANZA
10-06-2023;PA9;C16;CAT 797 B;Lastre Sulfurado;ESP/F07/2104/701;FASE 7;BOT_CENTRAL_SUR_INF;346,4039917;1;ESPERANZA
10-06-2023;PA9;C17;CAT 797 F;Lastre Sulfurado;ESP/F07/2104/701;FASE 7;BOT_CENTRAL_SUR_INF;346,4039917;1;ESPERANZA
10-06-2023;PA9;C18;CAT 797 F;Lastre Sulfurado;ESP/F07/2104/701;FASE 7;BOT_2380_INT;346,4039917;1;ESPERANZA
10-06-2023;PA9;C18;CAT 797 F;Lastre Sulfurado;ESP/F07/2104/701;FASE 7;BOT_CENTRAL_SUR_INF;692,8079834;2;ESPERANZA
10-06-2023;PA9;C22;CAT 797 F;Lastre Sulfurado;ESP/F07/2104/701;FASE 7;BOT_2380_INT;346,4039917;1;ESPERANZA
10-06-2023;PA9;C22;CAT 797 F;Lastre Sulfurado;ESP/F07/2104/701;FASE 7;BOT_CENTRAL_SUR_INF;692,8079834;2;ESPERANZA
10-06-2023;PA9;C23;CAT 797 F;Lastre Sulfurado;ESP/F07/2104/701;FASE 7;BOT_CENTRAL_SUR_INF;1039,211975;3;ESPERANZA
10-06-2023;PA9;C24;CAT 797 F;Lastre Sulfurado;ESP/F07/2104/701;FASE 7;BOT_CENTRAL_SUR_INF;346,4039917;1;ESPERANZA
10-06-2023;PA9;C25;CAT 797 F;Lastre Sulfurado;ESP/F07/2104/701;FASE 7;BOT_CENTRAL_SUR_INF;346,4039917;1;ESPERANZA
10-06-2023;PA9;C32;CAT 797 F;Lastre Sulfurado;ESP/F07/2104/701;FASE 7;BOT_CENTRAL_SUR_INF;346,4039917;1;ESPERANZA
10-06-2023;PA9;C36;CAT 797 F;Lastre Sulfurado;ESP/F07/2104/701;FASE 7;BOT_CENTRAL_SUR_INF;692,8079834;2;ESPERANZA
10-06-2023;PA9;C40;CAT 797 F;Lastre Sulfurado;ESP/F07/2104/701;FASE 7;BOT_CENTRAL_SUR_INF;1385,615967;4;ESPERANZA
10-06-2023;PA9;C41;CAT 797 F;Lastre Sulfurado;ESP/F07/2104/701;FASE 7;BOT_2380_INT;346,4039917;1;ESPERANZA
10-06-2023;PA9;C42;CAT 797 F;Lastre Sulfurado;ESP/F07/2104/701;FASE 7;BOT_CENTRAL_SUR_INF;346,4039917;1;ESPERANZA
10-06-2023;PA9;C44;CAT 797 F;Lastre Sulfurado;ESP/F07/2104/701;FASE 7;BOT_CENTRAL_SUR_INF;1385,619995;4;ESPERANZA
10-06-2023;PA9;C45;CAT 797 F;Lastre Sulfurado;ESP/F07/2104/701;FASE 7;BOT_CENTRAL_SUR_INF;346,4039917;1;ESPERANZA
10-06-2023;PA9;C48;CAT 797 F;Lastre Sulfurado;ESP/F07/2104/701;FASE 7;BOT_CENTRAL_SUR_INF;692,8079834;2;ESPERANZA
10-06-2023;PA9;C50;KOM 930 E;Lastre Sulfurado;ESP/F07/2104/701;FASE 7;BOT_CENTRAL_SUR_INF;291;1;ESPERANZA
10-06-2023;PA9;C51;KOM 930 E;Lastre Sulfurado;ESP/F07/2104/701;FASE 7;BOT_RAMPA_SUPERIOR;291;1;ESPERANZA
10-06-2023;PATH01;C121;CAT 793 C;Marginal Rom;STOCK_MRO_MIR;OXIDO;ROM;3960;18;TESORO
10-06-2023;PATH01;C129;CAT 793 C;Marginal Rom;STOCK_MRO_MIR;OXIDO;ROM;1100;5;TESORO
10-06-2023;PATH01;C130;CAT 793 C;Marginal Rom;STOCK_MRO_MIR;OXIDO;ROM;1320;6;TESORO
10-06-2023;PATH01;C131;CAT 793 C;Marginal Rom;STOCK_MRO_MIR;OXIDO;ROM;2640;12;TESORO
10-06-2023;PATH01;C134;CAT 793 C;Marginal Rom;STOCK_MRO_MIR;OXIDO;ROM;440;2;TESORO
10-06-2023;PATH01;C152;CAT 793 F;Marginal Rom;STOCK_MRO_MIR;OXIDO;ROM;7200;32;TESORO
10-06-2023;PATH01;C155;CAT 793 F;Marginal Rom;STOCK_MRO_MIR;OXIDO;ROM;1350;6;TESORO
10-06-2023;PATH01;C159;CAT 793 F;Marginal Rom;STOCK_MRO_MIR;OXIDO;ROM;1800;8;TESORO
10-06-2023;PATH01;C701;LIEBHERR 264 ;LASTRE (LAS);LLA/F01/2295/110;F01 LLA;BOT_TSS;25185;115;LLANO
10-06-2023;PATH01;C701;LIEBHERR 264 ;LASTRE (LAS);LLA/F01/2310/1052;F01 LLA;BOT_TSS;32631;149;LLANO
10-06-2023;PATH01;C702;LIEBHERR 264 ;LASTRE (LAS);LLA/F01/2295/110;F01 LLA;BOT_TSS;26280;120;LLANO
10-06-2023;PATH01;C702;LIEBHERR 264 ;LASTRE (LAS);LLA/F01/2310/1052;F01 LLA;BOT_TSS;34164;156;LLANO
10-06-2023;PATH01;C793OXE;CAT 793 OXE;L21;04_2376_455;FASE 04 ENC;BOT_2400;50820;231;ENCUENTRO
10-06-2023;PATH01;C793OXE;CAT 793 OXE;L21;04_2376_455;FASE 04 ENC;BOT_2400_1;67540;307;ENCUENTRO
10-06-2023;PATH01;C793OXE;CAT 793 OXE;OBR;MOD_F_REM;ENCUENTRO OXE;CHANCADO-ENCUENTRO;220;1;ENCUENTRO
10-06-2023;PATH01;C793OXE;CAT 793 OXE;OMR;STOCK_OXMAR_NORTE;ENCUENTRO OXE;CHANCADO-ENCUENTRO;38280;174;ENCUENTRO
10-06-2023;PATH01;C793OXE;CAT 793 OXE;ORM;MOD_B_REM;ENCUENTRO OXE;CHANCADO-ENCUENTRO;2640;12;ENCUENTRO
10-06-2023;PATH01;C793OXE;CAT 793 OXE;Oxido Baja Ley;OXE/F04/2160/420;FASE 04 ENC;CHANCADO-ENCUENTRO;3300;15;ENCUENTRO
10-06-2023;PATH01;C793OXE;CAT 793 OXE;Oxido Baja Ley;OXE/F04/2160/420;FASE 04 ENC;MOD F;6600;30;ENCUENTRO
10-06-2023;PATH01;C793OXE;CAT 793 OXE;OXIDO MARGINAL (OXMAR);OXE/F04/2144/405;FASE 04 ENC;STOCK _MARGINAL_ESTE;7260;33;ENCUENTRO
10-06-2023;PATH01;C793OXE;CAT 793 OXE;OXIDO MARGINAL (OXMAR);OXE/F04/2160/419;FASE 04 ENC;MOD D;4180;19;ENCUENTRO
10-06-2023;PATH01;C793OXE;CAT 793 OXE;OXIDO MARGINAL (OXMAR);OXE/F04/2160/420;FASE 04 ENC;STOCK _MARGINAL_ESTE;3960;18;ENCUENTRO