Fecha;Carguio;Camión;Flota;Material;Origen;Zona;Destino;Tonelaje;Ciclos;Rajo
11-06-2023;CF2;C07;CAT 797 B;Lastre Sulfurado;ESP/F07/2120/7290;FASE 7;BOT_2380_INT;346,4039917;1;ESPERANZA
11-06-2023;CF2;C07;CAT 797 B;Sulfuro de Media;STOCK_SME;ESPERANZA;CHANCADO-SULFURO;3810,445923;11;ESPERANZA
11-06-2023;CF2;C08;CAT 797 B;Lastre Sulfurado;ESP/F07/2120/7290;FASE 7;BOT_2380_INT;692,8079834;2;ESPERANZA
11-06-2023;CF2;C08;CAT 797 B;Sulfuro de Media;STOCK_SME;ESPERANZA;CHANCADO-SULFURO;5888,865967;17;ESPERANZA
11-06-2023;CF2;C09;CAT 797 B;Lastre Sulfurado;ESP/F07/2120/7290;FASE 7;BOT_MIJO;346,4039917;1;ESPERANZA
11-06-2023;CF2;C09;CAT 797 B;Sulfuro de Media;STOCK_SME;ESPERANZA;CHANCADO-SULFURO;1385,619995;4;ESPERANZA
11-06-2023;CF2;C11;CAT 797 B;Lastre Sulfurado;ESP/F07/2120/7290;FASE 7;BOT_MIJO;692,8079834;2;ESPERANZA
11-06-2023;CF2;C12;CAT 797 B;Lastre Sulfurado;ESP/F07/2120/7290;FASE 7;BOT_2380_INT;1039,211975;3;ESPERANZA
11-06-2023;CF2;C12;CAT 797 B;Lastre Sulfurado;ESP/F07/2120/7290;FASE 7;BOT_MIJO;346,4039917;1;ESPERANZA
11-06-2023;CF2;C130;CAT 793 C;Sulfuro de Media;STOCK_SME;ESPERANZA;CHANCADO-SULFURO;216,9600067;1;ESPERANZA
11-06-2023;CF2;C15;CAT 797 B;Lastre Sulfurado;ESP/F07/2120/7290;FASE 7;BOT_MIJO;346,4039917;1;ESPERANZA
11-06-2023;CF2;C151;CAT 793 F;Sulfuro de Media;STOCK_SME;ESPERANZA;CHANCADO-SULFURO;433,92099;2;ESPERANZA
11-06-2023;CF2;C153;CAT 793 F;Sulfuro de Media;STOCK_SME;ESPERANZA;CHANCADO-SULFURO;216,9600067;1;ESPERANZA
11-06-2023;CF2;C18;CAT 797 F;Lastre Sulfurado;ESP/F07/2120/7290;FASE 7;BOT_2380_INT;346,4039917;1;ESPERANZA
11-06-2023;CF2;C21;CAT 797 F;Sulfuro de Media;STOCK_SME;ESPERANZA;CHANCADO-SULFURO;1385,619995;4;ESPERANZA
11-06-2023;CF2;C22;CAT 797 F;Lastre Sulfurado;ESP/F07/2120/7290;FASE 7;BOT_2380_INT;346,4039917;1;ESPERANZA
11-06-2023;CF2;C23;CAT 797 F;Lastre Sulfurado;ESP/F07/2120/7290;FASE 7;BOT_2380_INT;346,4039917;1;ESPERANZA
11-06-2023;CF2;C23;CAT 797 F;Sulfuro Planta;STOCK_SPL_DIN;ESPERANZA;CHANCADO-SULFURO;2078,419922;6;ESPERANZA
11-06-2023;CF2;C24;CAT 797 F;Lastre Sulfurado;ESP/F07/2120/7290;FASE 7;BOT_MIJO;346,4039917;1;ESPERANZA
11-06-2023;CF2;C34;CAT 797 F;Lastre Sulfurado;ESP/F07/2120/7290;FASE 7;BOT_2380_INT;692,8079834;2;ESPERANZA
11-06-2023;CF2;C36;CAT 797 F;Lastre Sulfurado;ESP/F07/2120/7290;FASE 7;BOT_MIJO;346,4039917;1;ESPERANZA
11-06-2023;CF2;C36;CAT 797 F;Sulfuro de Media;STOCK_SME;ESPERANZA;CHANCADO-SULFURO;692,8079834;2;ESPERANZA
11-06-2023;CF2;C37;CAT 797 F;Lastre Sulfurado;ESP/F07/2120/7290;FASE 7;BOT_2380_INT;692,8079834;2;ESPERANZA
11-06-2023;CF2;C38;CAT 797 F;Sulfuro Planta;STOCK_SPL_DIN;ESPERANZA;CHANCADO-SULFURO;1039,209961;3;ESPERANZA
11-06-2023;CF2;C38;CAT 797 F;Sulfuro Planta;STOCK_SPL_DIN;ESPERANZA;STOCK_SPL_DIN;1039,209961;3;ESPERANZA
11-06-2023;CF2;C40;CAT 797 F;Lastre Sulfurado;ESP/F07/2120/7290;FASE 7;BOT_2380_INT;692,8079834;2;ESPERANZA
11-06-2023;CF2;C40;CAT 797 F;Lastre Sulfurado;ESP/F07/2120/7290;FASE 7;BOT_MIJO;346,4039917;1;ESPERANZA
11-06-2023;CF2;C41;CAT 797 F;Lastre Sulfurado;ESP/F07/2120/7290;FASE 7;BOT_2380_INT;346,4039917;1;ESPERANZA
11-06-2023;CF2;C47;CAT 797 F;Lastre Sulfurado;ESP/F07/2120/7290;FASE 7;BOT_2380_INT;346,4039917;1;ESPERANZA
11-06-2023;CF2;C48;CAT 797 F;Lastre Sulfurado;ESP/F07/2120/7290;FASE 7;BOT_2380_INT;1039,209961;3;ESPERANZA
11-06-2023;CF2;C48;CAT 797 F;Sulfuro de Media;STOCK_SME;ESPERANZA;CHANCADO-SULFURO;692,8079834;2;ESPERANZA
11-06-2023;CF2;C48;CAT 797 F;Sulfuro Planta;STOCK_SPL_DIN;ESPERANZA;CHANCADO-SULFURO;2078,419922;6;ESPERANZA
11-06-2023;CF2;C53;KOM 930 E;Sulfuro de Media;STOCK_SME;ESPERANZA;CHANCADO-SULFURO;582;2;ESPERANZA
11-06-2023;CF2;C60;KOM 930 E;Sulfuro de Media;STOCK_SME;ESPERANZA;CHANCADO-SULFURO;291;1;ESPERANZA
11-06-2023;CF231;C121;CAT 793 C;Lastre Oxidado;ESP/F10/2296/1051;FASE 10;BOT_CENTRAL_SUR_INF;432,8729858;2;ESPERANZA
11-06-2023;CF231;C122;CAT 793 C;Lastre Oxidado;ESP/F10/2296/1051;FASE 10;BOT_CENTRAL_SUR_INF;2813,670044;13;ESPERANZA
11-06-2023;CF231;C125;CAT 793 C;Lastre Oxidado;ESP/F10/2296/1051;FASE 10;BOT_CENTRAL_SUR_INF;1731,492004;8;ESPERANZA
11-06-2023;CF231;C125;CAT 793 C;Lastre Oxidado;ESP/F10/2328/130;FASE 10;BOT_CENTRAL_SUR_INF;432,8729858;2;ESPERANZA
11-06-2023;CF231;C128;CAT 793 C;Lastre Oxidado;ESP/F10/2296/1051;FASE 10;BOT_CENTRAL_SUR_INF;1515,054962;7;ESPERANZA
11-06-2023;CF231;C128;CAT 793 C;Lastre Oxidado;ESP/F10/2328/130;FASE 10;BOT_CENTRAL_SUR_INF;432,8729858;2;ESPERANZA
11-06-2023;CF231;C129;CAT 793 C;Lastre Oxidado;ESP/F10/2296/1051;FASE 10;BOT_CENTRAL_SUR_INF;649,3089905;3;ESPERANZA
11-06-2023;CF231;C130;CAT 793 C;Lastre Oxidado;ESP/F10/2296/1051;FASE 10;BOT_CENTRAL_SUR_INF;1082,18103;5;ESPERANZA
11-06-2023;CF231;C130;CAT 793 C;Lastre Oxidado;ESP/F10/2328/130;FASE 10;BOT_CENTRAL_SUR_INF;216,4360046;1;ESPERANZA
11-06-2023;CF231;C134;CAT 793 C;Lastre Oxidado;ESP/F10/2296/1051;FASE 10;BOT_CENTRAL_SUR_INF;1947,929016;9;ESPERANZA
11-06-2023;CF231;C134;CAT 793 C;Lastre Oxidado;ESP/F10/2328/130;FASE 10;BOT_CENTRAL_SUR_INF;432,8729858;2;ESPERANZA
11-06-2023;CF231;C151;CAT 793 F;Lastre Oxidado;ESP/F10/2296/1051;FASE 10;BOT_CENTRAL_SUR_INF;1082,180054;5;ESPERANZA
11-06-2023;CF231;C152;CAT 793 F;Lastre Oxidado;ESP/F10/2296/1051;FASE 10;BOT_CENTRAL_SUR_INF;1947,932068;9;ESPERANZA
11-06-2023;CF231;C153;CAT 793 F;Lastre Oxidado;ESP/F10/2296/1051;FASE 10;BOT_CENTRAL_SUR_INF;2597,236053;12;ESPERANZA
11-06-2023;CF231;C153;CAT 793 F;Lastre Oxidado;ESP/F10/2328/130;FASE 10;BOT_CENTRAL_SUR_INF;216,4360046;1;ESPERANZA
11-06-2023;CF231;C154;CAT 793 F;Lastre Oxidado;ESP/F10/2296/1051;FASE 10;BOT_CENTRAL_SUR_INF;1082,182007;5;ESPERANZA
11-06-2023;CF231;C154;CAT 793 F;Lastre Oxidado;ESP/F10/2296/1051;FASE 10;BOT_RAMPA_SUPERIOR;216,4360046;1;ESPERANZA
11-06-2023;CF231;C155;CAT 793 F;Lastre Oxidado;ESP/F10/2296/1051;FASE 10;BOT_CENTRAL_SUR_INF;1298,616058;6;ESPERANZA
11-06-2023;CF231;C156;CAT 793 F;Lastre Oxidado;ESP/F10/2296/1051;FASE 10;BOT_CENTRAL_SUR_INF;1298,617981;6;ESPERANZA
11-06-2023;CF231;C156;CAT 793 F;Lastre Oxidado;ESP/F10/2328/130;FASE 10;BOT_CENTRAL_SUR_INF;216,4360046;1;ESPERANZA
11-06-2023;CF231;C159;CAT 793 F;Lastre Oxidado;ESP/F10/2296/1051;FASE 10;BOT_CENTRAL_SUR_INF;216,4360046;1;ESPERANZA
11-06-2023;CF231;C161;CAT 793 F;Lastre Oxidado;ESP/F10/2296/1051;FASE 10;BOT_CENTRAL_SUR_INF;1947,928986;9;ESPERANZA
11-06-2023;CF231;C161;CAT 793 F;Lastre Oxidado;ESP/F10/2328/130;FASE 10;BOT_CENTRAL_SUR_INF;216,4360046;1;ESPERANZA
11-06-2023;CF231;C162;CAT 793 F;Lastre Oxidado;ESP/F10/2296/1051;FASE 10;BOT_CENTRAL_SUR_INF;1515,05304;7;ESPERANZA
11-06-2023;CF231;C163;CAT 793 F;Lastre Oxidado;ESP/F10/2296/1051;FASE 10;BOT_CENTRAL_SUR_INF;1298,619995;6;ESPERANZA
11-06-2023;CF231;C164;CAT 793 F;Lastre Oxidado;ESP/F10/2296/1051;FASE 10;BOT_CENTRAL_SUR_INF;2597,236053;12;ESPERANZA
11-06-2023;CF231;C164;CAT 793 F;Lastre Oxidado;ESP/F10/2296/1051;FASE 10;BOT_MIJO;216,4360046;1;ESPERANZA
11-06-2023;CF231;C164;CAT 793 F;Lastre Oxidado;ESP/F10/2328/130;FASE 10;BOT_CENTRAL_SUR_INF;216,4360046;1;ESPERANZA
11-06-2023;CF232;C131;CAT 793 C;Baja Ley 1;ST-TS_18;OXIDO;CHANCADO-OXIDO;216,4360046;1;TESORO
11-06-2023;CF232;C135;CAT 793 C;Baja Ley 1;ST-TS_18;OXIDO;STOCK_INCHANCABLE_2;216,4360046;1;TESORO
11-06-2023;CF232;C160;CAT 793 F;Baja Ley 1;ST-TS_18;OXIDO;CHANCADO-OXIDO;2380,802063;11;TESORO
11-06-2023;CF233;C121;CAT 793 C;Lastre Oxidado;ESP/F10/2328/130;FASE 10;BOT_CENTRAL_SUR_INF;649,3089905;3;ESPERANZA
11-06-2023;CF233;C121;CAT 793 C;Lastre Oxidado;ESP/F10/2328/130;FASE 10;BOT_MIJO;1082,180054;5;ESPERANZA
11-06-2023;CF233;C122;CAT 793 C;Lastre Oxidado;ESP/F10/2328/1250;FASE 10;BOT_CENTRAL_SUR_INF;649,309021;3;ESPERANZA
11-06-2023;CF233;C122;CAT 793 C;Lastre Oxidado;ESP/F10/2328/1250;FASE 10;BOT_MIJO;216,4360046;1;ESPERANZA
11-06-2023;CF233;C122;CAT 793 C;Lastre Oxidado;ESP/F10/2328/130;FASE 10;BOT_CENTRAL_SUR_INF;216,4360046;1;ESPERANZA
11-06-2023;CF233;C122;CAT 793 C;Lastre Oxidado;ESP/F10/2328/130;FASE 10;BOT_MIJO;1298,618011;6;ESPERANZA
11-06-2023;CF233;C125;CAT 793 C;Lastre Oxidado;ESP/F10/2328/1250;FASE 10;BOT_CENTRAL_SUR_INF;432,8720093;2;ESPERANZA
11-06-2023;CF233;C125;CAT 793 C;Lastre Oxidado;ESP/F10/2328/130;FASE 10;BOT_CENTRAL_SUR_INF;649,309021;3;ESPERANZA
11-06-2023;CF233;C125;CAT 793 C;Lastre Oxidado;ESP/F10/2328/130;FASE 10;BOT_MIJO;3030,109985;14;ESPERANZA
11-06-2023;CF233;C128;CAT 793 C;Lastre Oxidado;ESP/F10/2328/1250;FASE 10;BOT_CENTRAL_SUR_INF;1082,180054;5;ESPERANZA
11-06-2023;CF233;C128;CAT 793 C;Lastre Oxidado;ESP/F10/2328/130;FASE 10;BOT_MIJO;1731,491943;8;ESPERANZA
11-06-2023;CF233;C129;CAT 793 C;Lastre Oxidado;ESP/F10/2328/130;FASE 10;BOT_CENTRAL_SUR_INF;216,4360046;1;ESPERANZA
11-06-2023;CF233;C129;CAT 793 C;Lastre Oxidado;ESP/F10/2328/130;FASE 10;BOT_MIJO;1082,180054;5;ESPERANZA
11-06-2023;CF233;C130;CAT 793 C;Lastre Oxidado;ESP/F10/2328/1250;FASE 10;BOT_CENTRAL_SUR_INF;865,7450256;4;ESPERANZA
11-06-2023;CF233;C130;CAT 793 C;Lastre Oxidado;ESP/F10/2328/130;FASE 10;BOT_CENTRAL_SUR_INF;216,4360046;1;ESPERANZA
11-06-2023;CF233;C130;CAT 793 C;Lastre Oxidado;ESP/F10/2328/130;FASE 10;BOT_MIJO;865,7450256;4;ESPERANZA
11-06-2023;CF233;C132;CAT 793 C;Lastre Oxidado;ESP/F10/2328/1250;FASE 10;BOT_CENTRAL_SUR_INF;216,4360046;1;ESPERANZA
11-06-2023;CF233;C134;CAT 793 C;Lastre Oxidado;ESP/F10/2328/1250;FASE 10;BOT_CENTRAL_SUR_INF;432,8729858;2;ESPERANZA
11-06-2023;CF233;C134;CAT 793 C;Lastre Oxidado;ESP/F10/2328/1250;FASE 10;BOT_MIJO;216,4360046;1;ESPERANZA
11-06-2023;CF233;C134;CAT 793 C;Lastre Oxidado;ESP/F10/2328/130;FASE 10;BOT_CENTRAL_SUR_INF;865,7459717;4;ESPERANZA
11-06-2023;CF233;C134;CAT 793 C;Lastre Oxidado;ESP/F10/2328/130;FASE 10;BOT_MIJO;865,7459717;4;ESPERANZA
11-06-2023;CF233;C151;CAT 793 F;Lastre Oxidado;ESP/F10/2328/1250;FASE 10;BOT_RAMPA_SUPERIOR;216,4360046;1;ESPERANZA
11-06-2023;CF233;C151;CAT 793 F;Lastre Oxidado;ESP/F10/2328/130;FASE 10;BOT_MIJO;432,8720093;2;ESPERANZA
11-06-2023;CF233;C152;CAT 793 F;Lastre Oxidado;ESP/F10/2328/1250;FASE 10;BOT_MIJO;216,4360046;1;ESPERANZA
11-06-2023;CF233;C152;CAT 793 F;Lastre Oxidado;ESP/F10/2328/130;FASE 10;BOT_CENTRAL_SUR_INF;649,309021;3;ESPERANZA
11-06-2023;CF233;C152;CAT 793 F;Lastre Oxidado;ESP/F10/2328/130;FASE 10;BOT_MIJO;1947,926025;9;ESPERANZA
11-06-2023;CF233;C153;CAT 793 F;Lastre Oxidado;ESP/F10/2328/1250;FASE 10;BOT_MIJO;216,4360046;1;ESPERANZA
11-06-2023;CF233;C154;CAT 793 F;Lastre Oxidado;ESP/F10/2328/130;FASE 10;BOT_MIJO;865,7450256;4;ESPERANZA
11-06-2023;CF233;C155;CAT 793 F;Lastre Oxidado;ESP/F10/2328/130;FASE 10;BOT_CENTRAL_SUR_INF;216,4360046;1;ESPERANZA
11-06-2023;CF233;C155;CAT 793 F;Lastre Oxidado;ESP/F10/2328/130;FASE 10;BOT_MIJO;1082,181976;5;ESPERANZA
11-06-2023;CF233;C156;CAT 793 F;Lastre Oxidado;ESP/F10/2328/1250;FASE 10;BOT_CENTRAL_SUR_INF;649,3089905;3;ESPERANZA
11-06-2023;CF233;C156;CAT 793 F;Lastre Oxidado;ESP/F10/2328/130;FASE 10;BOT_MIJO;1298,617981;6;ESPERANZA
11-06-2023;CF233;C161;CAT 793 F;Lastre Oxidado;ESP/F10/2328/1250;FASE 10;BOT_CENTRAL_SUR_INF;432,8729858;2;ESPERANZA
11-06-2023;CF233;C161;CAT 793 F;Lastre Oxidado;ESP/F10/2328/130;FASE 10;BOT_CENTRAL_SUR_INF;216,4360046;1;ESPERANZA
11-06-2023;CF233;C161;CAT 793 F;Lastre Oxidado;ESP/F10/2328/130;FASE 10;BOT_MIJO;1731,491943;8;ESPERANZA
11-06-2023;CF233;C162;CAT 793 F;Lastre Oxidado;ESP/F10/2328/130;FASE 10;BOT_MIJO;649,3080139;3;ESPERANZA
11-06-2023;CF233;C163;CAT 793 F;Lastre Oxidado;ESP/F10/2328/130;FASE 10;BOT_CENTRAL_SUR_INF;216,4360046;1;ESPERANZA
11-06-2023;CF233;C164;CAT 793 F;Lastre Oxidado;ESP/F10/2328/1250;FASE 10;BOT_CENTRAL_SUR_INF;216,4360046;1;ESPERANZA
11-06-2023;CF233;C164;CAT 793 F;Lastre Oxidado;ESP/F10/2328/130;FASE 10;BOT_MIJO;216,4360046;1;ESPERANZA
11-06-2023;CF234;C131;CAT 793 C;Marginal Alta;STM-NE-02;OXIDO;CHANCADO-OXIDO;2597,23999;12;TESORO
11-06-2023;CF234;C135;CAT 793 C;Marginal Alta;STM-NE-02;OXIDO;CHANCADO-OXIDO;865,7450256;4;TESORO
11-06-2023;CF234;C162;CAT 793 F;Marginal Alta;STM-NE-02;OXIDO;CHANCADO-OXIDO;1082,180054;5;TESORO
11-06-2023;CF234;C162;CAT 793 F;Marginal Alta;STM-NE-02;OXIDO;STM-NE-02;1082,180054;5;TESORO
11-06-2023;CF3;C151;CAT 793 F;Sulfuro de Media;ESP/F08/1768/8051;FASE 8;CHANCADO-SULFURO;649,309021;3;ESPERANZA
11-06-2023;CF3;C153;CAT 793 F;Sulfuro de Media;ESP/F08/1768/8051;FASE 8;STOCK_SME;216,4360046;1;ESPERANZA
11-06-2023;CF3;C153;CAT 793 F;Sulfuro de Media;ESP/F08/1768/8080;FASE 8;CHANCADO-SULFURO;216,4360046;1;ESPERANZA
11-06-2023;CF3;C154;CAT 793 F;Sulfuro de Media;ESP/F08/1768/8051;FASE 8;CHANCADO-SULFURO;216,4360046;1;ESPERANZA
11-06-2023;CF3;C155;CAT 793 F;Sulfuro de Media;ESP/F08/1768/8051;FASE 8;CHANCADO-SULFURO;432,8729858;2;ESPERANZA
11-06-2023;CF3;C160;CAT 793 F;Sulfuro de Media;ESP/F08/1768/8080;FASE 8;CHANCADO-SULFURO;216,4360046;1;ESPERANZA
11-06-2023;CF3;C162;CAT 793 F;Sulfuro de Media;ESP/F08/1768/8080;FASE 8;CHANCADO-SULFURO;216,4360046;1;ESPERANZA
11-06-2023;CF3;C163;CAT 793 F;Sulfuro de Media;ESP/F08/1768/8051;FASE 8;CHANCADO-SULFURO;216,4360046;1;ESPERANZA
11-06-2023;CF3;C163;CAT 793 F;Sulfuro de Media;ESP/F08/1768/8051;FASE 8;STOCK_SME;216,4360046;1;ESPERANZA
11-06-2023;CF3;C163;CAT 793 F;Sulfuro de Media;ESP/F08/1768/8051;FASE 8;STOCK-FIERROS;216,4360046;1;ESPERANZA
11-06-2023;CF3;C163;CAT 793 F;Sulfuro de Media;ESP/F08/1768/8080;FASE 8;CHANCADO-SULFURO;432,8729858;2;ESPERANZA
11-06-2023;CF3;C163;CAT 793 F;Sulfuro de Media;ESP/F08/1768/8080;FASE 8;STOCK_SME;216,4360046;1;ESPERANZA
11-06-2023;CF3;C21;CAT 797 F;Sulfuro de Media;ESP/F08/1768/8080;FASE 8;CHANCADO-SULFURO;346,4039917;1;ESPERANZA
11-06-2023;CF3;C32;CAT 797 F;Sulfuro de Media;ESP/F08/1768/8051;FASE 8;CHANCADO-SULFURO;346,4039917;1;ESPERANZA
11-06-2023;CF3;C34;CAT 797 F;Sulfuro de Media;ESP/F08/1768/8051;FASE 8;STOCK_SME;346,4039917;1;ESPERANZA
11-06-2023;CF3;C36;CAT 797 F;Sulfuro Planta;ESP/F08/1768/8080;FASE 8;CHANCADO-SULFURO;346,4039917;1;ESPERANZA
11-06-2023;CF3;C38;CAT 797 F;Sulfuro de Media;ESP/F08/1768/8051;FASE 8;CHANCADO-SULFURO;346,4039917;1;ESPERANZA
11-06-2023;CF3;C44;CAT 797 F;Sulfuro de Media;ESP/F08/1768/8051;FASE 8;STOCK_SME;1039,209961;3;ESPERANZA
11-06-2023;CF3;C44;CAT 797 F;Sulfuro de Media;ESP/F08/1768/8080;FASE 8;CHANCADO-SULFURO;346,4039917;1;ESPERANZA
11-06-2023;CF3;C49;KOM 930 E;Sulfuro de Media;ESP/F08/1768/8051;FASE 8;CHANCADO-SULFURO;291;1;ESPERANZA
11-06-2023;CF3;C49;KOM 930 E;Sulfuro de Media;ESP/F08/1768/8051;FASE 8;STOCK_SME;582;2;ESPERANZA
11-06-2023;CF3;C49;KOM 930 E;Sulfuro de Media;ESP/F08/1768/8080;FASE 8;CHANCADO-SULFURO;291;1;ESPERANZA
11-06-2023;CF3;C49;KOM 930 E;Sulfuro Planta;ESP/F08/1768/8080;FASE 8;CHANCADO-SULFURO;291;1;ESPERANZA
11-06-2023;CF3;C50;KOM 930 E;Sulfuro de Media;ESP/F08/1768/8051;FASE 8;CHANCADO-SULFURO;582;2;ESPERANZA
11-06-2023;CF3;C50;KOM 930 E;Sulfuro de Media;ESP/F08/1768/8051;FASE 8;STOCK_SME;1746;6;ESPERANZA
11-06-2023;CF3;C50;KOM 930 E;Sulfuro de Media;ESP/F08/1768/8080;FASE 8;CHANCADO-SULFURO;582;2;ESPERANZA
11-06-2023;CF3;C50;KOM 930 E;Sulfuro de Media;ESP/F08/1768/8080;FASE 8;STOCK_SME;582;2;ESPERANZA
11-06-2023;CF3;C51;KOM 930 E;Sulfuro de Media;ESP/F08/1768/8051;FASE 8;CHANCADO-SULFURO;291;1;ESPERANZA
11-06-2023;CF3;C51;KOM 930 E;Sulfuro de Media;ESP/F08/1768/8051;FASE 8;STOCK_SME;582;2;ESPERANZA
11-06-2023;CF3;C51;KOM 930 E;Sulfuro de Media;ESP/F08/1768/8080;FASE 8;CHANCADO-SULFURO;582;2;ESPERANZA
11-06-2023;CF3;C52;KOM 930 E;Sulfuro de Media;ESP/F08/1768/8051;FASE 8;CHANCADO-SULFURO;582;2;ESPERANZA
11-06-2023;CF3;C52;KOM 930 E;Sulfuro de Media;ESP/F08/1768/8080;FASE 8;CHANCADO-SULFURO;1164;4;ESPERANZA
11-06-2023;CF3;C52;KOM 930 E;Sulfuro de Media;ESP/F08/1768/8080;FASE 8;STOCK_SME;582;2;ESPERANZA
11-06-2023;CF3;C52;KOM 930 E;Sulfuro Planta;ESP/F08/1768/8080;FASE 8;STOCK_SPL_DIN;291;1;ESPERANZA
11-06-2023;CF3;C53;KOM 930 E;Sulfuro de Media;ESP/F08/1768/8051;FASE 8;CHANCADO-SULFURO;873;3;ESPERANZA
11-06-2023;CF3;C53;KOM 930 E;Sulfuro de Media;ESP/F08/1768/8051;FASE 8;STOCK_SME;873;3;ESPERANZA
11-06-2023;CF3;C53;KOM 930 E;Sulfuro de Media;ESP/F08/1768/8080;FASE 8;CHANCADO-SULFURO;582;2;ESPERANZA
11-06-2023;CF3;C54;KOM 930 E;Sulfuro de Media;ESP/F08/1768/8051;FASE 8;CHANCADO-SULFURO;291;1;ESPERANZA
11-06-2023;CF3;C54;KOM 930 E;Sulfuro de Media;ESP/F08/1768/8051;FASE 8;STOCK_SME;291;1;ESPERANZA
11-06-2023;CF3;C54;KOM 930 E;Sulfuro de Media;ESP/F08/1768/8080;FASE 8;CHANCADO-SULFURO;582;2;ESPERANZA
11-06-2023;CF3;C54;KOM 930 E;Sulfuro Planta;ESP/F08/1768/8080;FASE 8;CHANCADO-SULFURO;291;1;ESPERANZA
11-06-2023;CF3;C55;KOM 930 E;Sulfuro de Media;ESP/F08/1768/8051;FASE 8;CHANCADO-SULFURO;1164;4;ESPERANZA
11-06-2023;CF3;C55;KOM 930 E;Sulfuro de Media;ESP/F08/1768/8051;FASE 8;STOCK_SME;291;1;ESPERANZA
11-06-2023;CF3;C55;KOM 930 E;Sulfuro de Media;ESP/F08/1768/8080;FASE 8;STOCK_SME;291;1;ESPERANZA
11-06-2023;CF3;C55;KOM 930 E;Sulfuro Planta;ESP/F08/1768/8080;FASE 8;CHANCADO-SULFURO;291;1;ESPERANZA
11-06-2023;CF3;C56;KOM 930 E;Sulfuro de Media;ESP/F08/1768/8051;FASE 8;STOCK_SME;582;2;ESPERANZA
11-06-2023;CF3;C56;KOM 930 E;Sulfuro de Media;ESP/F08/1768/8080;FASE 8;CHANCADO-SULFURO;1455;5;ESPERANZA
11-06-2023;CF3;C57;KOM 930 E;Sulfuro de Media;ESP/F08/1768/8051;FASE 8;CHANCADO-SULFURO;291;1;ESPERANZA
11-06-2023;CF3;C57;KOM 930 E;Sulfuro de Media;ESP/F08/1768/8051;FASE 8;STOCK_SME;291;1;ESPERANZA
11-06-2023;CF3;C57;KOM 930 E;Sulfuro de Media;ESP/F08/1768/8080;FASE 8;CHANCADO-SULFURO;582;2;ESPERANZA
11-06-2023;CF3;C57;KOM 930 E;Sulfuro de Media;ESP/F08/1768/8080;FASE 8;STOCK_SME;291;1;ESPERANZA
11-06-2023;CF3;C57;KOM 930 E;Sulfuro Planta;ESP/F08/1768/8080;FASE 8;STOCK_SPL_DIN;291;1;ESPERANZA
11-06-2023;CF3;C58;KOM 930 E;Sulfuro de Media;ESP/F08/1768/8051;FASE 8;CHANCADO-SULFURO;873;3;ESPERANZA
11-06-2023;CF3;C58;KOM 930 E;Sulfuro de Media;ESP/F08/1768/8051;FASE 8;STOCK_SME;1164;4;ESPERANZA
11-06-2023;CF3;C58;KOM 930 E;Sulfuro de Media;ESP/F08/1768/8080;FASE 8;CHANCADO-SULFURO;1164;4;ESPERANZA
11-06-2023;CF3;C58;KOM 930 E;Sulfuro Planta;ESP/F08/1768/8080;FASE 8;CHANCADO-SULFURO;291;1;ESPERANZA
11-06-2023;CF3;C60;KOM 930 E;Sulfuro de Media;ESP/F08/1768/8051;FASE 8;CHANCADO-SULFURO;291;1;ESPERANZA
11-06-2023;CF3;C60;KOM 930 E;Sulfuro de Media;ESP/F08/1768/8051;FASE 8;STOCK_SME;291;1;ESPERANZA
11-06-2023;CF3;C60;KOM 930 E;Sulfuro de Media;ESP/F08/1768/8051;FASE 8;STOCK-FIERROS;291;1;ESPERANZA
11-06-2023;CF3;C60;KOM 930 E;Sulfuro de Media;ESP/F08/1768/8080;FASE 8;CHANCADO-SULFURO;291;1;ESPERANZA
11-06-2023;CF3;C60;KOM 930 E;Sulfuro de Media;ESP/F08/1768/8080;FASE 8;STOCK_SME;582;2;ESPERANZA
11-06-2023;CF3;C60;KOM 930 E;Sulfuro Planta;ESP/F08/1768/8080;FASE 8;CHANCADO-SULFURO;291;1;ESPERANZA
11-06-2023;CF3;C61;KOM 930 E;Sulfuro de Media;ESP/F08/1768/8051;FASE 8;CHANCADO-SULFURO;291;1;ESPERANZA
11-06-2023;CF3;C61;KOM 930 E;Sulfuro de Media;ESP/F08/1768/8051;FASE 8;STOCK_SME;291;1;ESPERANZA
11-06-2023;CF3;C61;KOM 930 E;Sulfuro de Media;ESP/F08/1768/8080;FASE 8;CHANCADO-SULFURO;291;1;ESPERANZA
11-06-2023;CF3;C61;KOM 930 E;Sulfuro de Media;ESP/F08/1768/8080;FASE 8;STOCK_SME;291;1;ESPERANZA
11-06-2023;CF3;C61;KOM 930 E;Sulfuro Planta;ESP/F08/1768/8080;FASE 8;CHANCADO-SULFURO;291;1;ESPERANZA
11-06-2023;CF3;C61;KOM 930 E;Sulfuro Planta;ESP/F08/1768/8080;FASE 8;STOCK_SPL_DIN;291;1;ESPERANZA
11-06-2023;CF4;C980AHSESPS;Kom 980 AHS;Lastre Oxidado;ESS/F03/2200/3040;F03 ESPSUR;BOTADERO_2021;12240;34;ESPERANZA_SUR
11-06-2023;CF4;C980AHSESPS;Kom 980 AHS;Sulfuro Baja Ley;ESS/F02/2104/201;F02 ESPSUR;STOCK_SBL_ESS;6120;17;ESPERANZA_SUR
11-06-2023;PA1;C07;CAT 797 B;Lastre Sulfurado;ESP/F07/2104/7060;FASE 7;BOT_2380_INT;1732,02002;5;ESPERANZA
11-06-2023;PA1;C07;CAT 797 B;Lastre Sulfurado;ESP/F07/2104/7060;FASE 7;BOT_MIJO;1732,023987;5;ESPERANZA
11-06-2023;PA1;C08;CAT 797 B;Lastre Sulfurado;ESP/F07/2104/7060;FASE 7;BOT_2380_INT;346,4039917;1;ESPERANZA
11-06-2023;PA1;C08;CAT 797 B;Lastre Sulfurado;ESP/F07/2104/7060;FASE 7;BOT_MIJO;1039,211975;3;ESPERANZA
11-06-2023;PA1;C09;CAT 797 B;Lastre Sulfurado;ESP/F07/2104/7060;FASE 7;BOT_2380_INT;1732,023987;5;ESPERANZA
11-06-2023;PA1;C09;CAT 797 B;Lastre Sulfurado;ESP/F07/2104/7060;FASE 7;BOT_MIJO;1385,613953;4;ESPERANZA
11-06-2023;PA1;C10;CAT 797 B;Lastre Sulfurado;ESP/F07/2104/7060;FASE 7;BOT_MIJO;1039,211975;3;ESPERANZA
11-06-2023;PA1;C11;CAT 797 B;Lastre Sulfurado;ESP/F07/2104/7060;FASE 7;BOT_2380_INT;346,4039917;1;ESPERANZA
11-06-2023;PA1;C11;CAT 797 B;Lastre Sulfurado;ESP/F07/2104/7060;FASE 7;BOT_MIJO;2424,828003;7;ESPERANZA
11-06-2023;PA1;C12;CAT 797 B;Lastre Sulfurado;ESP/F07/2104/7060;FASE 7;BOT_2380_INT;2424,830078;7;ESPERANZA
11-06-2023;PA1;C12;CAT 797 B;Lastre Sulfurado;ESP/F07/2104/7060;FASE 7;BOT_MIJO;1385,615967;4;ESPERANZA
11-06-2023;PA1;C14;CAT 797 B;Lastre Sulfurado;ESP/F07/2104/7060;FASE 7;BOT_2380_INT;346,4039917;1;ESPERANZA
11-06-2023;PA1;C14;CAT 797 B;Lastre Sulfurado;ESP/F07/2104/7060;FASE 7;BOT_MIJO;2771,23999;8;ESPERANZA
11-06-2023;PA1;C15;CAT 797 B;Lastre Sulfurado;ESP/F07/2104/7060;FASE 7;BOT_2380_INT;692,8079834;2;ESPERANZA
11-06-2023;PA1;C15;CAT 797 B;Lastre Sulfurado;ESP/F07/2104/7060;FASE 7;BOT_MIJO;3117,638062;9;ESPERANZA
11-06-2023;PA1;C154;CAT 793 F;Lastre Sulfurado;ESP/F07/2104/7060;FASE 7;BOT_2380_INT;216,4360046;1;ESPERANZA
11-06-2023;PA1;C154;CAT 793 F;Lastre Sulfurado;ESP/F07/2104/7060;FASE 7;BOT_MIJO;216,4360046;1;ESPERANZA
11-06-2023;PA1;C156;CAT 793 F;Lastre Sulfurado;ESP/F07/2104/7060;FASE 7;BOT_MIJO;432,8729858;2;ESPERANZA
11-06-2023;PA1;C159;CAT 793 F;Lastre Sulfurado;ESP/F07/2104/7060;FASE 7;BOT_2380_INT;865,7450256;4;ESPERANZA
11-06-2023;PA1;C160;CAT 793 F;Lastre Sulfurado;ESP/F07/2104/7060;FASE 7;BOT_2380_INT;216,4360046;1;ESPERANZA
11-06-2023;PA1;C160;CAT 793 F;Lastre Sulfurado;ESP/F07/2104/7060;FASE 7;BOT_MIJO;649,3089905;3;ESPERANZA
11-06-2023;PA1;C162;CAT 793 F;Lastre Sulfurado;ESP/F07/2104/7060;FASE 7;BOT_MIJO;432,8729858;2;ESPERANZA
11-06-2023;PA1;C164;CAT 793 F;Lastre Sulfurado;ESP/F07/2104/7060;FASE 7;BOT_MIJO;216,4360046;1;ESPERANZA
11-06-2023;PA1;C17;CAT 797 F;Lastre Sulfurado;ESP/F07/2104/7060;FASE 7;BOT_2380_INT;2424,83197;7;ESPERANZA
11-06-2023;PA1;C17;CAT 797 F;Lastre Sulfurado;ESP/F07/2104/7060;FASE 7;BOT_MIJO;2424,828003;7;ESPERANZA
11-06-2023;PA1;C18;CAT 797 F;Lastre Sulfurado;ESP/F07/2104/7060;FASE 7;BOT_2380_INT;1039,211975;3;ESPERANZA
11-06-2023;PA1;C18;CAT 797 F;Lastre Sulfurado;ESP/F07/2104/7060;FASE 7;BOT_MIJO;2078,424011;6;ESPERANZA
11-06-2023;PA1;C19;CAT 797 F;Lastre Sulfurado;ESP/F07/2104/7060;FASE 7;BOT_2380_INT;692,8079834;2;ESPERANZA
11-06-2023;PA1;C19;CAT 797 F;Lastre Sulfurado;ESP/F07/2104/7060;FASE 7;BOT_MIJO;2078,424011;6;ESPERANZA
11-06-2023;PA1;C20;CAT 797 F;Lastre Sulfurado;ESP/F07/2104/7060;FASE 7;BOT_2380_INT;2771,23407;8;ESPERANZA
11-06-2023;PA1;C20;CAT 797 F;Lastre Sulfurado;ESP/F07/2104/7060;FASE 7;BOT_MIJO;1385,613953;4;ESPERANZA
11-06-2023;PA1;C21;CAT 797 F;Lastre Sulfurado;ESP/F07/2104/7060;FASE 7;BOT_2380_INT;2078,421936;6;ESPERANZA
11-06-2023;PA1;C21;CAT 797 F;Lastre Sulfurado;ESP/F07/2104/7060;FASE 7;BOT_MIJO;692,8079834;2;ESPERANZA
11-06-2023;PA1;C22;CAT 797 F;Lastre Sulfurado;ESP/F07/2104/7060;FASE 7;BOT_2380_INT;1039,211975;3;ESPERANZA
11-06-2023;PA1;C22;CAT 797 F;Lastre Sulfurado;ESP/F07/2104/7060;FASE 7;BOT_MIJO;1385,615967;4;ESPERANZA
11-06-2023;PA1;C23;CAT 797 F;Lastre Sulfurado;ESP/F07/2104/7060;FASE 7;BOT_2380_INT;692,8079834;2;ESPERANZA
11-06-2023;PA1;C23;CAT 797 F;Lastre Sulfurado;ESP/F07/2104/7060;FASE 7;BOT_MIJO;2078,424011;6;ESPERANZA
11-06-2023;PA1;C24;CAT 797 F;Lastre Sulfurado;ESP/F07/2104/7060;FASE 7;BOT_2380_INT;2771,23407;8;ESPERANZA
11-06-2023;PA1;C24;CAT 797 F;Lastre Sulfurado;ESP/F07/2104/7060;FASE 7;BOT_MIJO;692,8079834;2;ESPERANZA
11-06-2023;PA1;C25;CAT 797 F;Lastre Sulfurado;ESP/F07/2104/7060;FASE 7;BOT_2380_INT;1385,619995;4;ESPERANZA
11-06-2023;PA1;C25;CAT 797 F;Lastre Sulfurado;ESP/F07/2104/7060;FASE 7;BOT_MIJO;1385,613953;4;ESPERANZA
11-06-2023;PA1;C32;CAT 797 F;Lastre Sulfurado;ESP/F07/2104/7060;FASE 7;BOT_2380_INT;692,8079834;2;ESPERANZA
11-06-2023;PA1;C32;CAT 797 F;Lastre Sulfurado;ESP/F07/2104/7060;FASE 7;BOT_MIJO;1385,613953;4;ESPERANZA
11-06-2023;PA1;C34;CAT 797 F;Lastre Sulfurado;ESP/F07/2104/7060;FASE 7;BOT_2380_INT;1385,613953;4;ESPERANZA
11-06-2023;PA1;C34;CAT 797 F;Lastre Sulfurado;ESP/F07/2104/7060;FASE 7;BOT_MIJO;1039,211975;3;ESPERANZA
11-06-2023;PA1;C36;CAT 797 F;Lastre Sulfurado;ESP/F07/2104/7060;FASE 7;BOT_2380_INT;1732,017944;5;ESPERANZA
11-06-2023;PA1;C36;CAT 797 F;Lastre Sulfurado;ESP/F07/2104/7060;FASE 7;BOT_MIJO;2078,427979;6;ESPERANZA
11-06-2023;PA1;C37;CAT 797 F;Lastre Sulfurado;ESP/F07/2104/7060;FASE 7;BOT_2380_INT;1039,211975;3;ESPERANZA
11-06-2023;PA1;C38;CAT 797 F;Lastre Sulfurado;ESP/F07/2104/7060;FASE 7;BOT_2380_INT;692,8079834;2;ESPERANZA
11-06-2023;PA1;C38;CAT 797 F;Lastre Sulfurado;ESP/F07/2104/7060;FASE 7;BOT_MIJO;1385,615967;4;ESPERANZA
11-06-2023;PA1;C39;CAT 797 F;Lastre Sulfurado;ESP/F07/2104/7060;FASE 7;BOT_2380_INT;3810,446045;11;ESPERANZA
11-06-2023;PA1;C39;CAT 797 F;Lastre Sulfurado;ESP/F07/2104/7060;FASE 7;BOT_MIJO;692,8079834;2;ESPERANZA
11-06-2023;PA1;C40;CAT 797 F;Lastre Sulfurado;ESP/F07/2104/7060;FASE 7;BOT_2380_INT;1039,211975;3;ESPERANZA
11-06-2023;PA1;C41;CAT 797 F;Lastre Sulfurado;ESP/F07/2104/7060;FASE 7;BOT_2380_INT;692,8079834;2;ESPERANZA
11-06-2023;PA1;C41;CAT 797 F;Lastre Sulfurado;ESP/F07/2104/7060;FASE 7;BOT_MIJO;1385,619995;4;ESPERANZA
11-06-2023;PA1;C44;CAT 797 F;Lastre Sulfurado;ESP/F07/2104/7060;FASE 7;BOT_2380_INT;692,8079834;2;ESPERANZA
11-06-2023;PA1;C44;CAT 797 F;Lastre Sulfurado;ESP/F07/2104/7060;FASE 7;BOT_MIJO;1039,211975;3;ESPERANZA
11-06-2023;PA1;C45;CAT 797 F;Lastre Sulfurado;ESP/F07/2104/7060;FASE 7;BOT_2380_INT;2078,42395;6;ESPERANZA
11-06-2023;PA1;C45;CAT 797 F;Lastre Sulfurado;ESP/F07/2104/7060;FASE 7;BOT_MIJO;1385,615967;4;ESPERANZA
11-06-2023;PA1;C46;CAT 797 F;Lastre Sulfurado;ESP/F07/2104/7060;FASE 7;BOT_2380_INT;2078,427979;6;ESPERANZA
11-06-2023;PA1;C46;CAT 797 F;Lastre Sulfurado;ESP/F07/2104/7060;FASE 7;BOT_MIJO;1385,619995;4;ESPERANZA
11-06-2023;PA1;C47;CAT 797 F;Lastre Sulfurado;ESP/F07/2104/7060;FASE 7;BOT_2380_INT;1385,615967;4;ESPERANZA
11-06-2023;PA1;C47;CAT 797 F;Lastre Sulfurado;ESP/F07/2104/7060;FASE 7;BOT_MIJO;346,4039917;1;ESPERANZA
11-06-2023;PA1;C48;CAT 797 F;Lastre Sulfurado;ESP/F07/2104/7060;FASE 7;BOT_2380_INT;346,4039917;1;ESPERANZA
11-06-2023;PA1;C48;CAT 797 F;Lastre Sulfurado;ESP/F07/2104/7060;FASE 7;BOT_MIJO;1385,615967;4;ESPERANZA
11-06-2023;PA1;C51;KOM 930 E;Lastre Sulfurado;ESP/F07/2104/7060;FASE 7;BOT_MIJO;873;3;ESPERANZA
11-06-2023;PA1;C54;KOM 930 E;Lastre Sulfurado;ESP/F07/2104/7060;FASE 7;BOT_CENTRAL_SUR_INF;291;1;ESPERANZA
11-06-2023;PA1;C56;KOM 930 E;Lastre Sulfurado;ESP/F07/2104/7060;FASE 7;BOT_MIJO;582;2;ESPERANZA
11-06-2023;PA1;C57;KOM 930 E;Lastre Sulfurado;ESP/F07/2104/7060;FASE 7;BOT_MIJO;582;2;ESPERANZA
11-06-2023;PA1;C60;KOM 930 E;Lastre Sulfurado;ESP/F07/2104/7060;FASE 7;BOT_MIJO;291;1;ESPERANZA
11-06-2023;PA1;C61;KOM 930 E;Lastre Sulfurado;ESP/F07/2104/7060;FASE 7;BOT_MIJO;291;1;ESPERANZA
11-06-2023;PA10;C980AHSESPS;Kom 980 AHS;Lastre Sulfurado;ESS/F03/2216/3233;F03 ESPSUR;BOTADERO_2021;43920;122;ESPERANZA_SUR
11-06-2023;PA11;C20115ESPS;KOM 980 ESPS;Sulfuro de Media;ESS/F02/2120/209;F02 ESPSUR;CHANCADO-SULFURO;32040;89;ESPERANZA_SUR
11-06-2023;PA11;C980AHSESPS;Kom 980 AHS;Lastre Sulfurado;ESS/F02/2120/R200;F02 ESPSUR;BOTADERO_2021;40320;112;ESPERANZA_SUR
11-06-2023;PA11;C980AHSESPS;Kom 980 AHS;Sulfuro de Media;ESS/F02/2120/209;F02 ESPSUR;STOCK_SME_ESS;24840;69;ESPERANZA_SUR
11-06-2023;PA2;C130;CAT 793 C;Sulfuro de Media;ESP/F08/1784/815;FASE 8;STOCK_SME;216,4360046;1;ESPERANZA
11-06-2023;PA2;C152;CAT 793 F;Sulfuro de Media;ESP/F08/1784/815;FASE 8;CHANCADO-SULFURO;216,4360046;1;ESPERANZA
11-06-2023;PA2;C152;CAT 793 F;Sulfuro de Media;ESP/F08/1784/815;FASE 8;STOCK_SME;216,4360046;1;ESPERANZA
11-06-2023;PA2;C153;CAT 793 F;Sulfuro de Media;ESP/F08/1784/815;FASE 8;CHANCADO-SULFURO;1082,181976;5;ESPERANZA
11-06-2023;PA2;C154;CAT 793 F;Sulfuro de Media;ESP/F08/1784/815;FASE 8;CHANCADO-SULFURO;1082,180054;5;ESPERANZA
11-06-2023;PA2;C155;CAT 793 F;Sulfuro de Media;ESP/F08/1784/815;FASE 8;CHANCADO-SULFURO;216,4360046;1;ESPERANZA
11-06-2023;PA2;C156;CAT 793 F;Sulfuro de Media;ESP/F08/1784/815;FASE 8;CHANCADO-SULFURO;432,8729858;2;ESPERANZA
11-06-2023;PA2;C159;CAT 793 F;Sulfuro de Media;ESP/F08/1784/815;FASE 8;STOCK_SME;216,4360046;1;ESPERANZA
11-06-2023;PA2;C160;CAT 793 F;Sulfuro de Media;ESP/F08/1784/815;FASE 8;CHANCADO-SULFURO;216,4360046;1;ESPERANZA
11-06-2023;PA2;C161;CAT 793 F;Sulfuro de Media;ESP/F08/1784/815;FASE 8;CHANCADO-SULFURO;216,4360046;1;ESPERANZA
11-06-2023;PA2;C163;CAT 793 F;Sulfuro de Media;ESP/F08/1784/815;FASE 8;CHANCADO-SULFURO;649,3089905;3;ESPERANZA
11-06-2023;PA2;C164;CAT 793 F;Sulfuro de Media;ESP/F08/1784/815;FASE 8;STOCK_SME;216,4360046;1;ESPERANZA
11-06-2023;PA2;C19;CAT 797 F;Sulfuro de Media;ESP/F08/1784/815;FASE 8;CHANCADO-SULFURO;346,4039917;1;ESPERANZA
11-06-2023;PA2;C38;CAT 797 F;Sulfuro de Media;ESP/F08/1768/8080;FASE 8;STOCK_SME;346,4039917;1;ESPERANZA
11-06-2023;PA2;C42;CAT 797 F;Sulfuro de Media;ESP/F08/1784/815;FASE 8;CHANCADO-SULFURO;346,4039917;1;ESPERANZA
11-06-2023;PA2;C44;CAT 797 F;Sulfuro de Media;ESP/F08/1784/815;FASE 8;CHANCADO-SULFURO;346,4039917;1;ESPERANZA
11-06-2023;PA2;C47;CAT 797 F;Sulfuro de Media;ESP/F08/1784/815;FASE 8;CHANCADO-SULFURO;346,4039917;1;ESPERANZA
11-06-2023;PA2;C48;CAT 797 F;Sulfuro de Media;ESP/F08/1768/8080;FASE 8;CHANCADO-SULFURO;346,4039917;1;ESPERANZA
11-06-2023;PA2;C48;CAT 797 F;Sulfuro de Media;ESP/F08/1784/815;FASE 8;CHANCADO-SULFURO;346,4039917;1;ESPERANZA
11-06-2023;PA2;C49;KOM 930 E;Sulfuro de Media;ESP/F08/1768/8080;FASE 8;CHANCADO-SULFURO;291;1;ESPERANZA
11-06-2023;PA2;C49;KOM 930 E;Sulfuro de Media;ESP/F08/1768/8080;FASE 8;STOCK_SME;291;1;ESPERANZA
11-06-2023;PA2;C49;KOM 930 E;Sulfuro de Media;ESP/F08/1784/815;FASE 8;CHANCADO-SULFURO;4074;14;ESPERANZA
11-06-2023;PA2;C49;KOM 930 E;Sulfuro de Media;ESP/F08/1784/815;FASE 8;STOCK_SME;291;1;ESPERANZA
11-06-2023;PA2;C50;KOM 930 E;Sulfuro de Media;ESP/F08/1784/815;FASE 8;CHANCADO-SULFURO;1455;5;ESPERANZA
11-06-2023;PA2;C51;KOM 930 E;Sulfuro de Media;ESP/F08/1768/8080;FASE 8;STOCK_SME;582;2;ESPERANZA
11-06-2023;PA2;C51;KOM 930 E;Sulfuro de Media;ESP/F08/1784/815;FASE 8;CHANCADO-SULFURO;1164;4;ESPERANZA
11-06-2023;PA2;C51;KOM 930 E;Sulfuro de Media;ESP/F08/1784/815;FASE 8;STOCK_SME;1746;6;ESPERANZA
11-06-2023;PA2;C52;KOM 930 E;Sulfuro de Media;ESP/F08/1768/8080;FASE 8;STOCK_SME;291;1;ESPERANZA
11-06-2023;PA2;C52;KOM 930 E;Sulfuro de Media;ESP/F08/1784/815;FASE 8;CHANCADO-SULFURO;1455;5;ESPERANZA
11-06-2023;PA2;C53;KOM 930 E;Sulfuro de Media;ESP/F08/1768/8080;FASE 8;CHANCADO-SULFURO;291;1;ESPERANZA
11-06-2023;PA2;C53;KOM 930 E;Sulfuro de Media;ESP/F08/1784/815;FASE 8;CHANCADO-SULFURO;2619;9;ESPERANZA
11-06-2023;PA2;C53;KOM 930 E;Sulfuro de Media;ESP/F08/1784/815;FASE 8;STOCK_SME;291;1;ESPERANZA
11-06-2023;PA2;C54;KOM 930 E;Sulfuro de Media;ESP/F08/1784/815;FASE 8;CHANCADO-SULFURO;873;3;ESPERANZA
11-06-2023;PA2;C54;KOM 930 E;Sulfuro de Media;ESP/F08/1784/815;FASE 8;STOCK_SME;291;1;ESPERANZA
11-06-2023;PA2;C55;KOM 930 E;Sulfuro de Media;ESP/F08/1768/8080;FASE 8;CHANCADO-SULFURO;291;1;ESPERANZA
11-06-2023;PA2;C55;KOM 930 E;Sulfuro de Media;ESP/F08/1784/815;FASE 8;CHANCADO-SULFURO;3201;11;ESPERANZA
11-06-2023;PA2;C55;KOM 930 E;Sulfuro de Media;ESP/F08/1784/815;FASE 8;STOCK_SME;291;1;ESPERANZA
11-06-2023;PA2;C56;KOM 930 E;Sulfuro de Media;ESP/F08/1768/8080;FASE 8;CHANCADO-SULFURO;291;1;ESPERANZA
11-06-2023;PA2;C56;KOM 930 E;Sulfuro de Media;ESP/F08/1768/8080;FASE 8;STOCK_SME;291;1;ESPERANZA
11-06-2023;PA2;C56;KOM 930 E;Sulfuro de Media;ESP/F08/1784/815;FASE 8;CHANCADO-SULFURO;2619;9;ESPERANZA
11-06-2023;PA2;C57;KOM 930 E;Sulfuro de Media;ESP/F08/1784/815;FASE 8;CHANCADO-SULFURO;2910;10;ESPERANZA
11-06-2023;PA2;C58;KOM 930 E;Sulfuro de Media;ESP/F08/1768/8080;FASE 8;STOCK_SME;291;1;ESPERANZA
11-06-2023;PA2;C58;KOM 930 E;Sulfuro de Media;ESP/F08/1784/815;FASE 8;CHANCADO-SULFURO;1746;6;ESPERANZA
11-06-2023;PA2;C58;KOM 930 E;Sulfuro de Media;ESP/F08/1784/815;FASE 8;STOCK_SME;582;2;ESPERANZA
11-06-2023;PA2;C60;KOM 930 E;Sulfuro de Media;ESP/F08/1768/8080;FASE 8;CHANCADO-SULFURO;291;1;ESPERANZA
11-06-2023;PA2;C60;KOM 930 E;Sulfuro de Media;ESP/F08/1784/815;FASE 8;CHANCADO-SULFURO;2910;10;ESPERANZA
11-06-2023;PA2;C60;KOM 930 E;Sulfuro de Media;ESP/F08/1784/815;FASE 8;STOCK_SME;582;2;ESPERANZA
11-06-2023;PA2;C61;KOM 930 E;Sulfuro de Media;ESP/F08/1784/815;FASE 8;CHANCADO-SULFURO;2910;10;ESPERANZA
11-06-2023;PA211;C07;CAT 797 B;Lastre Sulfurado;ESP/F10/2296/1050;FASE 10;BOT_CENTRAL_SUR_INF;346,4039917;1;ESPERANZA
11-06-2023;PA211;C10;CAT 797 B;Lastre Sulfurado;ESP/F10/2296/1050;FASE 10;BOT_CENTRAL_SUR_INF;346,4039917;1;ESPERANZA
11-06-2023;PA211;C11;CAT 797 B;Lastre Sulfurado;ESP/F10/2296/1050;FASE 10;BOT_CENTRAL_SUR_INF;4156,843933;12;ESPERANZA
11-06-2023;PA211;C12;CAT 797 B;Lastre Sulfurado;ESP/F10/2296/1050;FASE 10;BOT_CENTRAL_SUR_INF;346,4039917;1;ESPERANZA
11-06-2023;PA211;C121;CAT 793 C;Lastre Sulfurado;ESP/F10/2296/1050;FASE 10;BOT_CENTRAL_SUR_INF;1298,619995;6;ESPERANZA
11-06-2023;PA211;C122;CAT 793 C;Lastre Sulfurado;ESP/F10/2296/1050;FASE 10;BOT_CENTRAL_SUR_INF;1515,052063;7;ESPERANZA
11-06-2023;PA211;C125;CAT 793 C;Lastre Sulfurado;ESP/F10/2296/1050;FASE 10;BOT_CENTRAL_SUR_INF;1731,491943;8;ESPERANZA
11-06-2023;PA211;C128;CAT 793 C;Lastre Sulfurado;ESP/F10/2296/1050;FASE 10;BOT_CENTRAL_SUR_INF;3246,546021;15;ESPERANZA
11-06-2023;PA211;C129;CAT 793 C;Lastre Sulfurado;ESP/F10/2296/1050;FASE 10;BOT_CENTRAL_SUR_INF;2597,23999;12;ESPERANZA
11-06-2023;PA211;C13;CAT 797 B;Lastre Sulfurado;ESP/F10/2296/1050;FASE 10;BOT_CENTRAL_SUR_INF;692,8079834;2;ESPERANZA
11-06-2023;PA211;C130;CAT 793 C;Lastre Sulfurado;ESP/F10/2296/1050;FASE 10;BOT_CENTRAL_SUR_INF;1731,489044;8;ESPERANZA
11-06-2023;PA211;C134;CAT 793 C;Lastre Sulfurado;ESP/F10/2296/1050;FASE 10;BOT_CENTRAL_SUR_INF;3246,55304;15;ESPERANZA
11-06-2023;PA211;C14;CAT 797 B;Lastre Sulfurado;ESP/F10/2296/1050;FASE 10;BOT_CENTRAL_SUR_INF;692,8079834;2;ESPERANZA
11-06-2023;PA211;C15;CAT 797 B;Lastre Sulfurado;ESP/F10/2296/1050;FASE 10;BOT_CENTRAL_SUR_INF;2424,830078;7;ESPERANZA
11-06-2023;PA211;C151;CAT 793 F;Lastre Sulfurado;ESP/F10/2296/1050;FASE 10;BOT_CENTRAL_SUR_INF;1515,060059;7;ESPERANZA
11-06-2023;PA211;C152;CAT 793 F;Lastre Sulfurado;ESP/F10/2296/1050;FASE 10;BOT_CENTRAL_SUR_INF;1515,054993;7;ESPERANZA
11-06-2023;PA211;C153;CAT 793 F;Lastre Sulfurado;ESP/F10/2296/1050;FASE 10;BOT_CENTRAL_SUR_INF;2380,799011;11;ESPERANZA
11-06-2023;PA211;C154;CAT 793 F;Lastre Sulfurado;ESP/F10/2296/1050;FASE 10;BOT_CENTRAL_SUR_INF;432,8720093;2;ESPERANZA
11-06-2023;PA211;C154;CAT 793 F;Lastre Sulfurado;ESP/F10/2296/1050;FASE 10;BOT_MIJO;216,4360046;1;ESPERANZA
11-06-2023;PA211;C155;CAT 793 F;Lastre Sulfurado;ESP/F10/2296/1050;FASE 10;BOT_CENTRAL_SUR_INF;2597,237976;12;ESPERANZA
11-06-2023;PA211;C156;CAT 793 F;Lastre Sulfurado;ESP/F10/2296/1050;FASE 10;BOT_CENTRAL_SUR_INF;3462,978119;16;ESPERANZA
11-06-2023;PA211;C161;CAT 793 F;Lastre Sulfurado;ESP/F10/2296/1050;FASE 10;BOT_CENTRAL_SUR_INF;2380,800049;11;ESPERANZA
11-06-2023;PA211;C162;CAT 793 F;Lastre Sulfurado;ESP/F10/2296/1050;FASE 10;BOT_CENTRAL_SUR_INF;1731,496063;8;ESPERANZA
11-06-2023;PA211;C163;CAT 793 F;Lastre Sulfurado;ESP/F10/2296/1050;FASE 10;BOT_CENTRAL_SUR_INF;216,4360046;1;ESPERANZA
11-06-2023;PA211;C164;CAT 793 F;Lastre Sulfurado;ESP/F10/2296/1050;FASE 10;BOT_CENTRAL_SUR_INF;1298,616058;6;ESPERANZA
11-06-2023;PA211;C17;CAT 797 F;Lastre Sulfurado;ESP/F10/2296/1050;FASE 10;BOT_CENTRAL_SUR_INF;692,8079834;2;ESPERANZA
11-06-2023;PA211;C21;CAT 797 F;Lastre Sulfurado;ESP/F10/2296/1050;FASE 10;BOT_CENTRAL_SUR_INF;346,4039917;1;ESPERANZA
11-06-2023;PA211;C25;CAT 797 F;Lastre Sulfurado;ESP/F10/2296/1050;FASE 10;BOT_CENTRAL_SUR_INF;346,4039917;1;ESPERANZA
11-06-2023;PA211;C34;CAT 797 F;Lastre Sulfurado;ESP/F10/2296/1050;FASE 10;BOT_CENTRAL_SUR_INF;692,8079834;2;ESPERANZA
11-06-2023;PA211;C36;CAT 797 F;Lastre Sulfurado;ESP/F10/2296/1050;FASE 10;BOT_CENTRAL_SUR_INF;692,8079834;2;ESPERANZA
11-06-2023;PA211;C38;CAT 797 F;Lastre Sulfurado;ESP/F10/2296/1050;FASE 10;BOT_CENTRAL_SUR_INF;1732,02002;5;ESPERANZA
11-06-2023;PA211;C40;CAT 797 F;Lastre Sulfurado;ESP/F10/2296/1050;FASE 10;BOT_CENTRAL_SUR_INF;1732,02002;5;ESPERANZA
11-06-2023;PA211;C47;CAT 797 F;Lastre Sulfurado;ESP/F10/2296/1050;FASE 10;BOT_CENTRAL_SUR_INF;1039,211975;3;ESPERANZA
11-06-2023;PA211;C48;CAT 797 F;Lastre Sulfurado;ESP/F10/2296/1050;FASE 10;BOT_CENTRAL_SUR_INF;692,8079834;2;ESPERANZA
11-06-2023;PA211;C50;KOM 930 E;Lastre Sulfurado;ESP/F10/2296/1050;FASE 10;BOT_CENTRAL_SUR_INF;582;2;ESPERANZA
11-06-2023;PA211;C52;KOM 930 E;Lastre Sulfurado;ESP/F10/2296/1050;FASE 10;BOT_CENTRAL_SUR_INF;1455;5;ESPERANZA
11-06-2023;PA211;C54;KOM 930 E;Lastre Sulfurado;ESP/F10/2296/1050;FASE 10;BOT_CENTRAL_SUR_INF;291;1;ESPERANZA
11-06-2023;PA211;C55;KOM 930 E;Lastre Sulfurado;ESP/F10/2296/1050;FASE 10;BOT_CENTRAL_SUR_INF;291;1;ESPERANZA
11-06-2023;PA211;C56;KOM 930 E;Lastre Sulfurado;ESP/F10/2296/1050;FASE 10;BOT_CENTRAL_SUR_INF;873;3;ESPERANZA
11-06-2023;PA211;C57;KOM 930 E;Lastre Sulfurado;ESP/F10/2296/1050;FASE 10;BOT_CENTRAL_SUR_INF;291;1;ESPERANZA
11-06-2023;PA211;C57;KOM 930 E;Lastre Sulfurado;ESP/F10/2296/1050;FASE 10;BOT_MIJO;291;1;ESPERANZA
11-06-2023;PA211;C61;KOM 930 E;Lastre Sulfurado;ESP/F10/2296/1050;FASE 10;BOT_CENTRAL_SUR_INF;291;1;ESPERANZA
11-06-2023;PA3;C07;CAT 797 B;Lastre Sulfurado;ESP/F07/2120/7290;FASE 7;BOT_2380_INT;346,4039917;1;ESPERANZA
11-06-2023;PA3;C08;CAT 797 B;Lastre Sulfurado;ESP/F07/2120/7290;FASE 7;BOT_2380_INT;1732,017944;5;ESPERANZA
11-06-2023;PA3;C09;CAT 797 B;Lastre Sulfurado;ESP/F07/2120/7290;FASE 7;BOT_2380_INT;1732,017944;5;ESPERANZA
11-06-2023;PA3;C10;CAT 797 B;Lastre Sulfurado;ESP/F07/2120/7290;FASE 7;BOT_2380_INT;692,8079834;2;ESPERANZA
11-06-2023;PA3;C11;CAT 797 B;Lastre Sulfurado;ESP/F07/2120/7290;FASE 7;BOT_2380_INT;1385,613953;4;ESPERANZA
11-06-2023;PA3;C12;CAT 797 B;Lastre Sulfurado;ESP/F07/2120/7290;FASE 7;BOT_2380_INT;3117,629883;9;ESPERANZA
11-06-2023;PA3;C13;CAT 797 B;Lastre Sulfurado;ESP/F07/2120/7290;FASE 7;BOT_2380_INT;346,4039917;1;ESPERANZA
11-06-2023;PA3;C14;CAT 797 B;Lastre Sulfurado;ESP/F07/2120/7290;FASE 7;BOT_2380_INT;3464,039917;10;ESPERANZA
11-06-2023;PA3;C15;CAT 797 B;Lastre Sulfurado;ESP/F07/2120/7290;FASE 7;BOT_2380_INT;692,8079834;2;ESPERANZA
11-06-2023;PA3;C15;CAT 797 B;Lastre Sulfurado;ESP/F07/2120/7290;FASE 7;BOT_MIJO;346,4039917;1;ESPERANZA
11-06-2023;PA3;C159;CAT 793 F;Lastre Sulfurado;ESP/F07/2120/7290;FASE 7;BOT_2380_INT;216,4360046;1;ESPERANZA
11-06-2023;PA3;C160;CAT 793 F;Lastre Sulfurado;ESP/F07/2120/7290;FASE 7;BOT_2380_INT;216,4360046;1;ESPERANZA
11-06-2023;PA3;C162;CAT 793 F;Lastre Sulfurado;ESP/F07/2120/7290;FASE 7;BOT_2380_INT;216,4360046;1;ESPERANZA
11-06-2023;PA3;C17;CAT 797 F;Lastre Sulfurado;ESP/F07/2120/7290;FASE 7;BOT_2380_INT;2078,419922;6;ESPERANZA
11-06-2023;PA3;C18;CAT 797 F;Lastre Sulfurado;ESP/F07/2120/7290;FASE 7;BOT_2380_INT;2771,227905;8;ESPERANZA
11-06-2023;PA3;C19;CAT 797 F;Lastre Sulfurado;ESP/F07/2120/7290;FASE 7;BOT_2380_INT;2771,233948;8;ESPERANZA
11-06-2023;PA3;C20;CAT 797 F;Lastre Sulfurado;ESP/F07/2120/7290;FASE 7;BOT_2380_INT;2424,828003;7;ESPERANZA
11-06-2023;PA3;C21;CAT 797 F;Lastre Sulfurado;ESP/F07/2120/7290;FASE 7;BOT_2380_INT;1385,615967;4;ESPERANZA
11-06-2023;PA3;C22;CAT 797 F;Lastre Sulfurado;ESP/F07/2120/7290;FASE 7;BOT_2380_INT;4156,848022;12;ESPERANZA
11-06-2023;PA3;C23;CAT 797 F;Lastre Sulfurado;ESP/F07/2120/7290;FASE 7;BOT_2380_INT;1385,613953;4;ESPERANZA
11-06-2023;PA3;C24;CAT 797 F;Lastre Sulfurado;ESP/F07/2120/7290;FASE 7;BOT_2380_INT;3117,640015;9;ESPERANZA
11-06-2023;PA3;C25;CAT 797 F;Lastre Sulfurado;ESP/F07/2120/7290;FASE 7;BOT_2380_INT;1732,023987;5;ESPERANZA
11-06-2023;PA3;C32;CAT 797 F;Lastre Sulfurado;ESP/F07/2120/7290;FASE 7;BOT_2380_INT;3464,037964;10;ESPERANZA
11-06-2023;PA3;C34;CAT 797 F;Lastre Sulfurado;ESP/F07/2120/7290;FASE 7;BOT_2380_INT;2078,421936;6;ESPERANZA
11-06-2023;PA3;C36;CAT 797 F;Lastre Sulfurado;ESP/F07/2120/7290;FASE 7;BOT_2380_INT;1732,019958;5;ESPERANZA
11-06-2023;PA3;C37;CAT 797 F;Lastre Sulfurado;ESP/F07/2120/7290;FASE 7;BOT_2380_INT;3464,033875;10;ESPERANZA
11-06-2023;PA3;C38;CAT 797 F;Lastre Sulfurado;ESP/F07/2120/7290;FASE 7;BOT_2380_INT;1732,023987;5;ESPERANZA
11-06-2023;PA3;C39;CAT 797 F;Lastre Sulfurado;ESP/F07/2120/7290;FASE 7;BOT_2380_INT;2771,22998;8;ESPERANZA
11-06-2023;PA3;C40;CAT 797 F;Lastre Sulfurado;ESP/F07/2120/7290;FASE 7;BOT_2380_INT;2771,231995;8;ESPERANZA
11-06-2023;PA3;C41;CAT 797 F;Lastre Sulfurado;ESP/F07/2120/7290;FASE 7;BOT_2380_INT;2424,823914;7;ESPERANZA
11-06-2023;PA3;C42;CAT 797 F;Lastre Sulfurado;ESP/F07/2120/7290;FASE 7;BOT_2380_INT;1039,209961;3;ESPERANZA
11-06-2023;PA3;C44;CAT 797 F;Lastre Sulfurado;ESP/F07/2120/7290;FASE 7;BOT_2380_INT;3464,044006;10;ESPERANZA
11-06-2023;PA3;C45;CAT 797 F;Lastre Sulfurado;ESP/F07/2120/7290;FASE 7;BOT_2380_INT;2078,42395;6;ESPERANZA
11-06-2023;PA3;C46;CAT 797 F;Lastre Sulfurado;ESP/F07/2120/7290;FASE 7;BOT_2380_INT;3117,631897;9;ESPERANZA
11-06-2023;PA3;C47;CAT 797 F;Lastre Sulfurado;ESP/F07/2120/7290;FASE 7;BOT_2380_INT;3464,033875;10;ESPERANZA
11-06-2023;PA3;C48;CAT 797 F;Lastre Sulfurado;ESP/F07/2120/7290;FASE 7;BOT_2380_INT;692,8079834;2;ESPERANZA
11-06-2023;PA3;C48;CAT 797 F;Lastre Sulfurado;ESP/F07/2120/7290;FASE 7;BOT_MIJO;346,4039917;1;ESPERANZA
11-06-2023;PA3;C52;KOM 930 E;Lastre Sulfurado;ESP/F07/2120/7290;FASE 7;BOT_2380_INT;291;1;ESPERANZA
11-06-2023;PA4;C07;CAT 797 B;Lastre Oxidado;ESP/F10/2328/130;FASE 10;BOT_MIJO;692,8079834;2;ESPERANZA
11-06-2023;PA4;C11;CAT 797 B;Lastre Oxidado;ESP/F10/2328/130;FASE 10;BOT_CENTRAL_SUR_INF;1039,211975;3;ESPERANZA
11-06-2023;PA4;C11;CAT 797 B;Lastre Oxidado;ESP/F10/2328/130;FASE 10;BOT_MIJO;1385,613953;4;ESPERANZA
11-06-2023;PA4;C122;CAT 793 C;Lastre Oxidado;ESP/F10/2328/130;FASE 10;BOT_CENTRAL_SUR_INF;1731,490997;8;ESPERANZA
11-06-2023;PA4;C122;CAT 793 C;Lastre Oxidado;ESP/F10/2328/130;FASE 10;BOT_MIJO;2380,796112;11;ESPERANZA
11-06-2023;PA4;C125;CAT 793 C;Lastre Oxidado;ESP/F10/2328/130;FASE 10;BOT_CENTRAL_SUR;216,4360046;1;ESPERANZA
11-06-2023;PA4;C125;CAT 793 C;Lastre Oxidado;ESP/F10/2328/130;FASE 10;BOT_CENTRAL_SUR_INF;865,7450256;4;ESPERANZA
11-06-2023;PA4;C125;CAT 793 C;Lastre Oxidado;ESP/F10/2328/130;FASE 10;BOT_MIJO;1298,619995;6;ESPERANZA
11-06-2023;PA4;C128;CAT 793 C;Lastre Oxidado;ESP/F10/2328/130;FASE 10;BOT_CENTRAL_SUR_INF;649,3089905;3;ESPERANZA
11-06-2023;PA4;C128;CAT 793 C;Lastre Oxidado;ESP/F10/2328/130;FASE 10;BOT_MIJO;649,309021;3;ESPERANZA
11-06-2023;PA4;C129;CAT 793 C;Lastre Oxidado;ESP/F10/2328/130;FASE 10;BOT_MIJO;649,309021;3;ESPERANZA
11-06-2023;PA4;C13;CAT 797 B;Lastre Oxidado;ESP/F10/2328/130;FASE 10;BOT_MIJO;692,8079834;2;ESPERANZA
11-06-2023;PA4;C130;CAT 793 C;Lastre Oxidado;ESP/F10/2328/130;FASE 10;BOT_CENTRAL_SUR_INF;2164,365021;10;ESPERANZA
11-06-2023;PA4;C130;CAT 793 C;Lastre Oxidado;ESP/F10/2328/130;FASE 10;BOT_MIJO;1298,619995;6;ESPERANZA
11-06-2023;PA4;C132;CAT 793 C;Lastre Oxidado;ESP/F10/2328/130;FASE 10;BOT_CENTRAL_SUR_INF;649,309021;3;ESPERANZA
11-06-2023;PA4;C134;CAT 793 C;Lastre Oxidado;ESP/F10/2328/130;FASE 10;BOT_CENTRAL_SUR_INF;865,7449951;4;ESPERANZA
11-06-2023;PA4;C134;CAT 793 C;Lastre Oxidado;ESP/F10/2328/130;FASE 10;BOT_MIJO;432,8729858;2;ESPERANZA
11-06-2023;PA4;C14;CAT 797 B;Lastre Oxidado;ESP/F10/2328/130;FASE 10;BOT_CENTRAL_SUR_INF;692,8079834;2;ESPERANZA
11-06-2023;PA4;C15;CAT 797 B;Lastre Oxidado;ESP/F10/2328/130;FASE 10;BOT_CENTRAL_SUR_INF;2078,427979;6;ESPERANZA
11-06-2023;PA4;C15;CAT 797 B;Lastre Oxidado;ESP/F10/2328/130;FASE 10;BOT_MIJO;346,4039917;1;ESPERANZA
11-06-2023;PA4;C151;CAT 793 F;Lastre Oxidado;ESP/F10/2328/130;FASE 10;BOT_CENTRAL_SUR;432,8729858;2;ESPERANZA
11-06-2023;PA4;C151;CAT 793 F;Lastre Oxidado;ESP/F10/2328/130;FASE 10;BOT_CENTRAL_SUR_INF;216,4360046;1;ESPERANZA
11-06-2023;PA4;C151;CAT 793 F;Lastre Oxidado;ESP/F10/2328/130;FASE 10;BOT_MIJO;216,4360046;1;ESPERANZA
11-06-2023;PA4;C152;CAT 793 F;Lastre Oxidado;ESP/F10/2328/130;FASE 10;BOT_CENTRAL_SUR_INF;432,8720093;2;ESPERANZA
11-06-2023;PA4;C152;CAT 793 F;Lastre Oxidado;ESP/F10/2328/130;FASE 10;BOT_MIJO;1298,619995;6;ESPERANZA
11-06-2023;PA4;C153;CAT 793 F;Lastre Oxidado;ESP/F10/2328/130;FASE 10;BOT_CENTRAL_SUR_INF;649,3080139;3;ESPERANZA
11-06-2023;PA4;C153;CAT 793 F;Lastre Oxidado;ESP/F10/2328/130;FASE 10;BOT_MIJO;216,4360046;1;ESPERANZA
11-06-2023;PA4;C154;CAT 793 F;Lastre Oxidado;ESP/F10/2328/130;FASE 10;BOT_CENTRAL_SUR_INF;432,8729858;2;ESPERANZA
11-06-2023;PA4;C154;CAT 793 F;Lastre Oxidado;ESP/F10/2328/130;FASE 10;BOT_MIJO;1515,056;7;ESPERANZA
11-06-2023;PA4;C155;CAT 793 F;Lastre Oxidado;ESP/F10/2328/130;FASE 10;BOT_CENTRAL_SUR_INF;1082,181;5;ESPERANZA
11-06-2023;PA4;C155;CAT 793 F;Lastre Oxidado;ESP/F10/2328/130;FASE 10;BOT_MIJO;1731,496063;8;ESPERANZA
11-06-2023;PA4;C156;CAT 793 F;Lastre Oxidado;ESP/F10/2328/130;FASE 10;BOT_CENTRAL_SUR_INF;432,8720093;2;ESPERANZA
11-06-2023;PA4;C156;CAT 793 F;Lastre Oxidado;ESP/F10/2328/130;FASE 10;BOT_MIJO;1082,182007;5;ESPERANZA
11-06-2023;PA4;C159;CAT 793 F;Lastre Oxidado;ESP/F10/2328/130;FASE 10;BOT_CENTRAL_SUR_INF;216,4360046;1;ESPERANZA
11-06-2023;PA4;C161;CAT 793 F;Lastre Oxidado;ESP/F10/2328/130;FASE 10;BOT_CENTRAL_SUR_INF;1731,491028;8;ESPERANZA
11-06-2023;PA4;C161;CAT 793 F;Lastre Oxidado;ESP/F10/2328/130;FASE 10;BOT_MIJO;649,3089905;3;ESPERANZA
11-06-2023;PA4;C162;CAT 793 F;Lastre Oxidado;ESP/F10/2328/130;FASE 10;BOT_MIJO;865,7450256;4;ESPERANZA
11-06-2023;PA4;C164;CAT 793 F;Lastre Oxidado;ESP/F10/2328/130;FASE 10;BOT_CENTRAL_SUR_INF;432,8729858;2;ESPERANZA
11-06-2023;PA4;C164;CAT 793 F;Lastre Oxidado;ESP/F10/2328/130;FASE 10;BOT_MIJO;865,7459717;4;ESPERANZA
11-06-2023;PA4;C17;CAT 797 F;Lastre Oxidado;ESP/F10/2328/130;FASE 10;BOT_CENTRAL_SUR_INF;346,4039917;1;ESPERANZA
11-06-2023;PA4;C19;CAT 797 F;Lastre Oxidado;ESP/F10/2328/130;FASE 10;BOT_CENTRAL_SUR_INF;346,4039917;1;ESPERANZA
11-06-2023;PA4;C25;CAT 797 F;Lastre Oxidado;ESP/F10/2328/130;FASE 10;BOT_MIJO;1385,619995;4;ESPERANZA
11-06-2023;PA4;C34;CAT 797 F;Lastre Oxidado;ESP/F10/2328/130;FASE 10;BOT_CENTRAL_SUR_INF;1039,209961;3;ESPERANZA
11-06-2023;PA4;C34;CAT 797 F;Lastre Oxidado;ESP/F10/2328/130;FASE 10;BOT_MIJO;346,4039917;1;ESPERANZA
11-06-2023;PA4;C36;CAT 797 F;Lastre Oxidado;ESP/F10/2328/130;FASE 10;BOT_CENTRAL_SUR_INF;346,4039917;1;ESPERANZA
11-06-2023;PA4;C38;CAT 797 F;Lastre Oxidado;ESP/F10/2328/130;FASE 10;BOT_CENTRAL_SUR_INF;1039,209961;3;ESPERANZA
11-06-2023;PA4;C38;CAT 797 F;Lastre Oxidado;ESP/F10/2328/130;FASE 10;BOT_MIJO;2078,419922;6;ESPERANZA
11-06-2023;PA4;C45;CAT 797 F;Lastre Oxidado;ESP/F10/2328/130;FASE 10;BOT_CENTRAL_SUR_INF;346,4039917;1;ESPERANZA
11-06-2023;PA4;C48;CAT 797 F;Lastre Oxidado;ESP/F10/2328/130;FASE 10;BOT_CENTRAL_SUR_INF;692,8079834;2;ESPERANZA
11-06-2023;PA4;C49;KOM 930 E;Lastre Oxidado;ESP/F10/2328/130;FASE 10;BOT_CENTRAL_SUR_INF;291;1;ESPERANZA
11-06-2023;PA4;C51;KOM 930 E;Lastre Oxidado;ESP/F10/2328/130;FASE 10;BOT_CENTRAL_SUR_INF;291;1;ESPERANZA
11-06-2023;PA4;C52;KOM 930 E;Lastre Oxidado;ESP/F10/2328/130;FASE 10;BOT_CENTRAL_SUR_INF;291;1;ESPERANZA
11-06-2023;PA4;C52;KOM 930 E;Lastre Oxidado;ESP/F10/2328/130;FASE 10;BOT_MIJO;291;1;ESPERANZA
11-06-2023;PA4;C54;KOM 930 E;Lastre Oxidado;ESP/F10/2328/130;FASE 10;BOT_CENTRAL_SUR_INF;582;2;ESPERANZA
11-06-2023;PA4;C56;KOM 930 E;Lastre Oxidado;ESP/F10/2328/130;FASE 10;BOT_CENTRAL_SUR_INF;291;1;ESPERANZA
11-06-2023;PA4;C57;KOM 930 E;Lastre Oxidado;ESP/F10/2328/130;FASE 10;BOT_CENTRAL_SUR_INF;291;1;ESPERANZA
11-06-2023;PA4;C57;KOM 930 E;Lastre Oxidado;ESP/F10/2328/130;FASE 10;BOT_MIJO;291;1;ESPERANZA
11-06-2023;PA4;C61;KOM 930 E;Lastre Oxidado;ESP/F10/2328/130;FASE 10;BOT_CENTRAL_SUR_INF;291;1;ESPERANZA
11-06-2023;PA6;C122;CAT 793 C;Lastre Sulfurado;ESP/F10/2296/1040;FASE 10;BOT_CENTRAL_SUR_INF;216,4360046;1;ESPERANZA
11-06-2023;PA6;C125;CAT 793 C;Lastre Sulfurado;ESP/F10/2296/1040;FASE 10;BOT_CENTRAL_SUR_INF;216,4360046;1;ESPERANZA
11-06-2023;PA6;C130;CAT 793 C;Lastre Sulfurado;ESP/F10/2296/1040;FASE 10;BOT_CENTRAL_SUR_INF;216,4360046;1;ESPERANZA
11-06-2023;PA6;C151;CAT 793 F;Lastre Sulfurado;ESP/F10/2296/1040;FASE 10;BOT_CENTRAL_SUR_INF;216,4360046;1;ESPERANZA
11-06-2023;PA6;C155;CAT 793 F;Lastre Sulfurado;ESP/F10/2296/1040;FASE 10;BOT_CENTRAL_SUR_INF;432,8729858;2;ESPERANZA
11-06-2023;PA6;C156;CAT 793 F;Lastre Sulfurado;ESP/F10/2296/1040;FASE 10;BOT_CENTRAL_SUR_INF;432,8720093;2;ESPERANZA
11-06-2023;PA6;C25;CAT 797 F;Lastre Sulfurado;ESP/F10/2296/1040;FASE 10;BOT_CENTRAL_SUR_INF;692,8079834;2;ESPERANZA
11-06-2023;PA6;C47;CAT 797 F;Lastre Sulfurado;ESP/F10/2296/1040;FASE 10;BOT_CENTRAL_SUR_INF;692,8079834;2;ESPERANZA
11-06-2023;PA6;C51;KOM 930 E;Lastre Sulfurado;ESP/F10/2296/1040;FASE 10;BOT_CENTRAL_SUR_INF;291;1;ESPERANZA
11-06-2023;PA7;C07;CAT 797 B;Lastre Sulfurado;ESP/F07/2104/708;FASE 7;BOT_2380_INT;2078,419922;6;ESPERANZA
11-06-2023;PA7;C08;CAT 797 B;Lastre Sulfurado;ESP/F07/2104/708;FASE 7;BOT_2380_INT;3464,037964;10;ESPERANZA
11-06-2023;PA7;C09;CAT 797 B;Lastre Sulfurado;ESP/F07/2104/708;FASE 7;BOT_2380_INT;3117,631897;9;ESPERANZA
11-06-2023;PA7;C10;CAT 797 B;Lastre Sulfurado;ESP/F07/2104/708;FASE 7;BOT_2380_INT;1039,211975;3;ESPERANZA
11-06-2023;PA7;C11;CAT 797 B;Lastre Sulfurado;ESP/F07/2104/708;FASE 7;BOT_2380_INT;1039,211975;3;ESPERANZA
11-06-2023;PA7;C12;CAT 797 B;Lastre Sulfurado;ESP/F07/2104/708;FASE 7;BOT_2380_INT;1732,019958;5;ESPERANZA
11-06-2023;PA7;C134;CAT 793 C;Lastre Sulfurado;ESP/F07/2104/708;FASE 7;BOT_2380_INT;216,4360046;1;ESPERANZA
11-06-2023;PA7;C14;CAT 797 B;Lastre Sulfurado;ESP/F07/2104/708;FASE 7;BOT_2380_INT;2078,427979;6;ESPERANZA
11-06-2023;PA7;C15;CAT 797 B;Lastre Sulfurado;ESP/F07/2104/708;FASE 7;BOT_2380_INT;1385,619995;4;ESPERANZA
11-06-2023;PA7;C154;CAT 793 F;Lastre Sulfurado;ESP/F07/2104/708;FASE 7;BOT_2380_INT;216,4360046;1;ESPERANZA
11-06-2023;PA7;C159;CAT 793 F;Lastre Sulfurado;ESP/F07/2104/708;FASE 7;BOT_2380_INT;432,8729858;2;ESPERANZA
11-06-2023;PA7;C160;CAT 793 F;Lastre Sulfurado;ESP/F07/2104/708;FASE 7;BOT_2380_INT;216,4360046;1;ESPERANZA
11-06-2023;PA7;C164;CAT 793 F;Lastre Sulfurado;ESP/F07/2104/708;FASE 7;BOT_2380_INT;432,8729858;2;ESPERANZA
11-06-2023;PA7;C17;CAT 797 F;Lastre Sulfurado;ESP/F07/2104/708;FASE 7;BOT_2380_INT;3117,635986;9;ESPERANZA
11-06-2023;PA7;C18;CAT 797 F;Lastre Sulfurado;ESP/F07/2104/708;FASE 7;BOT_2380_INT;2771,231995;8;ESPERANZA
11-06-2023;PA7;C19;CAT 797 F;Lastre Sulfurado;ESP/F07/2104/708;FASE 7;BOT_2380_INT;2078,421936;6;ESPERANZA
11-06-2023;PA7;C20;CAT 797 F;Lastre Sulfurado;ESP/F07/2104/708;FASE 7;BOT_2380_INT;1732,017944;5;ESPERANZA
11-06-2023;PA7;C21;CAT 797 F;Lastre Sulfurado;ESP/F07/2104/708;FASE 7;BOT_2380_INT;4156,853943;12;ESPERANZA
11-06-2023;PA7;C22;CAT 797 F;Lastre Sulfurado;ESP/F07/2104/708;FASE 7;BOT_2380_INT;2424,83197;7;ESPERANZA
11-06-2023;PA7;C23;CAT 797 F;Lastre Sulfurado;ESP/F07/2104/708;FASE 7;BOT_2380_INT;2078,427979;6;ESPERANZA
11-06-2023;PA7;C24;CAT 797 F;Lastre Sulfurado;ESP/F07/2104/708;FASE 7;BOT_2380_INT;2078,427979;6;ESPERANZA
11-06-2023;PA7;C25;CAT 797 F;Lastre Sulfurado;ESP/F07/2104/708;FASE 7;BOT_2380_INT;1039,211975;3;ESPERANZA
11-06-2023;PA7;C32;CAT 797 F;Lastre Sulfurado;ESP/F07/2104/708;FASE 7;BOT_2380_INT;3117,637939;9;ESPERANZA
11-06-2023;PA7;C34;CAT 797 F;Lastre Sulfurado;ESP/F07/2104/708;FASE 7;BOT_2380_INT;1385,613953;4;ESPERANZA
11-06-2023;PA7;C36;CAT 797 F;Lastre Sulfurado;ESP/F07/2104/708;FASE 7;BOT_2380_INT;2424,825928;7;ESPERANZA
11-06-2023;PA7;C37;CAT 797 F;Lastre Sulfurado;ESP/F07/2104/708;FASE 7;BOT_2380_INT;3117,635986;9;ESPERANZA
11-06-2023;PA7;C38;CAT 797 F;Lastre Sulfurado;ESP/F07/2104/708;FASE 7;BOT_2380_INT;1385,615967;4;ESPERANZA
11-06-2023;PA7;C39;CAT 797 F;Lastre Sulfurado;ESP/F07/2104/708;FASE 7;BOT_2380_INT;2771,229919;8;ESPERANZA
11-06-2023;PA7;C40;CAT 797 F;Lastre Sulfurado;ESP/F07/2104/708;FASE 7;BOT_2380_INT;3464,044006;10;ESPERANZA
11-06-2023;PA7;C41;CAT 797 F;Lastre Sulfurado;ESP/F07/2104/708;FASE 7;BOT_2380_INT;2424,823914;7;ESPERANZA
11-06-2023;PA7;C42;CAT 797 F;Lastre Sulfurado;ESP/F07/2104/708;FASE 7;BOT_2380_INT;692,8079834;2;ESPERANZA
11-06-2023;PA7;C44;CAT 797 F;Lastre Sulfurado;ESP/F07/2104/708;FASE 7;BOT_2380_INT;3464,044006;10;ESPERANZA
11-06-2023;PA7;C45;CAT 797 F;Lastre Sulfurado;ESP/F07/2104/708;FASE 7;BOT_2380_INT;3810,437866;11;ESPERANZA
11-06-2023;PA7;C46;CAT 797 F;Lastre Sulfurado;ESP/F07/2104/708;FASE 7;BOT_2380_INT;3464,041931;10;ESPERANZA
11-06-2023;PA7;C47;CAT 797 F;Lastre Sulfurado;ESP/F07/2104/708;FASE 7;BOT_2380_INT;1732,019958;5;ESPERANZA
11-06-2023;PA7;C48;CAT 797 F;Lastre Sulfurado;ESP/F07/2104/708;FASE 7;BOT_2380_INT;2078,419922;6;ESPERANZA
11-06-2023;PA7;C53;KOM 930 E;Lastre Sulfurado;ESP/F07/2104/708;FASE 7;BOT_2380_INT;291;1;ESPERANZA
11-06-2023;PATH01;C131;CAT 793 C;Marginal Rom;STOCK_MRO_MIR;OXIDO;ROM;5720;26;TESORO
11-06-2023;PATH01;C135;CAT 793 C;Marginal Rom;STOCK_MRO_MIR;OXIDO;ROM;6160;28;TESORO
11-06-2023;PATH01;C154;CAT 793 F;Marginal Rom;STOCK_MRO_MIR;OXIDO;ROM;225;1;TESORO
11-06-2023;PATH01;C159;CAT 793 F;Marginal Rom;STOCK_MRO_MIR;OXIDO;ROM;5625;25;TESORO
11-06-2023;PATH01;C160;CAT 793 F;Marginal Rom;STOCK_MRO_MIR;OXIDO;ROM;1575;7;TESORO
11-06-2023;PATH01;C162;CAT 793 F;Marginal Rom;STOCK_MRO_MIR;OXIDO;ROM;2250;10;TESORO
11-06-2023;PATH01;C163;CAT 793 F;Marginal Rom;STOCK_MRO_MIR;OXIDO;ROM;2475;11;TESORO
11-06-2023;PATH01;C164;CAT 793 F;Marginal Rom;STOCK_MRO_MIR;OXIDO;ROM;1125;5;TESORO
11-06-2023;PATH01;C701;LIEBHERR 264 ;LASTRE (LAS);LLA/F01/2310/1052;F01 LLA;BOT_TSS;63729;291;LLANO
11-06-2023;PATH01;C702;LIEBHERR 264 ;LASTRE (LAS);LLA/F01/2310/1052;F01 LLA;BOT_TSS;67452;308;LLANO
11-06-2023;PATH01;C702;LIEBHERR 264 ;LASTRE (LAS);LLA/F02/2302.5/2031;F02 LLA;BOT_TSS;2190;10;LLANO
11-06-2023;PATH01;C793OXE;CAT 793 OXE;L21;04_2376_455;FASE 04 ENC;BOT_2400;43780;199;ENCUENTRO
11-06-2023;PATH01;C793OXE;CAT 793 OXE;L21;04_2376_455;FASE 04 ENC;BOT_2400_1;60280;274;ENCUENTRO
11-06-2023;PATH01;C793OXE;CAT 793 OXE;LASTRE (LAS);OXE/F04/2160/419;FASE 04 ENC;MOD D;660;3;ENCUENTRO
11-06-2023;PATH01;C793OXE;CAT 793 OXE;OMR;STOCK_OXMAR_NORTE;ENCUENTRO OXE;CHANCADO-ENCUENTRO;25080;114;ENCUENTRO
11-06-2023;PATH01;C793OXE;CAT 793 OXE;OXIDO BAJA LEY (OXBL);OXE/F04/2160/419;FASE 04 ENC;CHANCADO-ENCUENTRO;6160;28;ENCUENTRO
11-06-2023;PATH01;C793OXE;CAT 793 OXE;OXIDO BAJA LEY (OXBL);OXE/F04/2160/419;FASE 04 ENC;MOD E;7480;34;ENCUENTRO
11-06-2023;PATH01;C793OXE;CAT 793 OXE;OXIDO MARGINAL (OXMAR);OXE/F04/2144/405;FASE 04 ENC;STOCK _MARGINAL_ESTE;12760;58;ENCUENTRO
11-06-2023;PATH01;C793OXE;CAT 793 OXE;OXIDO MARGINAL (OXMAR);OXE/F04/2160/419;FASE 04 ENC;MOD D;8360;38;ENCUENTRO
11-06-2023;PATH01;C793OXE;CAT 793 OXE;OXIDO MARGINAL (OXMAR);OXE/F04/2160/420;FASE 04 ENC;STOCK _MARGINAL_ESTE;8360;38;ENCUENTRO