Fecha;Carguio;Camión;Flota;Material;Origen;Zona;Destino;Tonelaje;Ciclos;Rajo
12-06-2023;CF2;C07;CAT 797 B;Lastre Sulfurado;ESP/F07/2120/7290;FASE 7;BOT_2380_INT;346,4039917;1;ESPERANZA
12-06-2023;CF2;C09;CAT 797 B;Lastre Sulfurado;ESP/F07/2120/7290;FASE 7;BOT_2380_INT;346,4039917;1;ESPERANZA
12-06-2023;CF2;C09;CAT 797 B;Sulfuro de Media;STOCK_SME;ESPERANZA;CHANCADO-SULFURO;346,4039917;1;ESPERANZA
12-06-2023;CF2;C10;CAT 797 B;Sulfuro de Media;STOCK_SME;ESPERANZA;CHANCADO-SULFURO;1732,017944;5;ESPERANZA
12-06-2023;CF2;C12;CAT 797 B;Sulfuro de Media;STOCK_SME;ESPERANZA;CHANCADO-SULFURO;1039,211975;3;ESPERANZA
12-06-2023;CF2;C128;CAT 793 C;Lastre Sulfurado;ESP/F07/2120/7290;FASE 7;BOT_CENTRAL_SUR_INF;216,4360046;1;ESPERANZA
12-06-2023;CF2;C128;CAT 793 C;Sulfuro de Media;STOCK_SME;ESPERANZA;CHANCADO-SULFURO;216,9600067;1;ESPERANZA
12-06-2023;CF2;C130;CAT 793 C;Sulfuro de Media;STOCK_SME;ESPERANZA;CHANCADO-SULFURO;433,92099;2;ESPERANZA
12-06-2023;CF2;C135;CAT 793 C;Sulfuro de Media;STOCK_SME;ESPERANZA;CHANCADO-SULFURO;216,9600067;1;ESPERANZA
12-06-2023;CF2;C14;CAT 797 B;Lastre Sulfurado;ESP/F07/2120/7290;FASE 7;BOT_2380_INT;346,4039917;1;ESPERANZA
12-06-2023;CF2;C15;CAT 797 B;Lastre Sulfurado;ESP/F07/2120/7290;FASE 7;BOT_2380_INT;346,4039917;1;ESPERANZA
12-06-2023;CF2;C153;CAT 793 F;Sulfuro de Media;STOCK_SME;ESPERANZA;CHANCADO-SULFURO;216,9600067;1;ESPERANZA
12-06-2023;CF2;C16;CAT 797 B;Sulfuro de Media;STOCK_SME;ESPERANZA;CHANCADO-SULFURO;7274,483826;21;ESPERANZA
12-06-2023;CF2;C160;CAT 793 F;Lastre Sulfurado;ESP/F07/2120/7290;FASE 7;BOT_CENTRAL_SUR_INF;216,4360046;1;ESPERANZA
12-06-2023;CF2;C160;CAT 793 F;Sulfuro de Media;STOCK_SME;ESPERANZA;CHANCADO-SULFURO;216,9600067;1;ESPERANZA
12-06-2023;CF2;C161;CAT 793 F;Lastre Sulfurado;ESP/F07/2120/7290;FASE 7;BOT_CENTRAL_SUR_INF;216,4360046;1;ESPERANZA
12-06-2023;CF2;C161;CAT 793 F;Sulfuro de Media;STOCK_SME;ESPERANZA;CHANCADO-SULFURO;433,9200134;2;ESPERANZA
12-06-2023;CF2;C162;CAT 793 F;Lastre Sulfurado;ESP/F07/2120/7290;FASE 7;BOT_CENTRAL_SUR_INF;216,4360046;1;ESPERANZA
12-06-2023;CF2;C17;CAT 797 F;Lastre Sulfurado;ESP/F07/2120/7290;FASE 7;BOT_2380_INT;692,8079834;2;ESPERANZA
12-06-2023;CF2;C19;CAT 797 F;Lastre Sulfurado;ESP/F07/2120/7290;FASE 7;BOT_2380_INT;346,4039917;1;ESPERANZA
12-06-2023;CF2;C19;CAT 797 F;Sulfuro de Media;STOCK_SME;ESPERANZA;CHANCADO-SULFURO;346,4039917;1;ESPERANZA
12-06-2023;CF2;C20;CAT 797 F;Lastre Sulfurado;ESP/F07/2120/7290;FASE 7;BOT_2380_INT;1385,619995;4;ESPERANZA
12-06-2023;CF2;C21;CAT 797 F;Sulfuro de Media;STOCK_SME;ESPERANZA;CHANCADO-SULFURO;346,4039917;1;ESPERANZA
12-06-2023;CF2;C34;CAT 797 F;Lastre Sulfurado;ESP/F07/2120/7290;FASE 7;BOT_2380_INT;346,4039917;1;ESPERANZA
12-06-2023;CF2;C36;CAT 797 F;Sulfuro de Media;STOCK_SME;ESPERANZA;CHANCADO-SULFURO;8660,098022;25;ESPERANZA
12-06-2023;CF2;C37;CAT 797 F;Sulfuro de Media;STOCK_SME;ESPERANZA;CHANCADO-SULFURO;692,8079834;2;ESPERANZA
12-06-2023;CF2;C39;CAT 797 F;Sulfuro de Media;STOCK_SME;ESPERANZA;CHANCADO-SULFURO;346,4039917;1;ESPERANZA
12-06-2023;CF2;C40;CAT 797 F;Lastre Sulfurado;ESP/F07/2120/7290;FASE 7;BOT_2380_INT;692,8079834;2;ESPERANZA
12-06-2023;CF2;C45;CAT 797 F;Lastre Sulfurado;ESP/F07/2120/7290;FASE 7;BOT_2380_INT;1732,017944;5;ESPERANZA
12-06-2023;CF2;C46;CAT 797 F;Lastre Sulfurado;ESP/F07/2120/7290;FASE 7;BOT_2380_INT;346,4039917;1;ESPERANZA
12-06-2023;CF2;C50;KOM 930 E;Sulfuro de Media;STOCK_SME;ESPERANZA;CHANCADO-SULFURO;582;2;ESPERANZA
12-06-2023;CF2;C54;KOM 930 E;Sulfuro de Media;STOCK_SME;ESPERANZA;CHANCADO-SULFURO;873;3;ESPERANZA
12-06-2023;CF2;C60;KOM 930 E;Sulfuro de Media;STOCK_SME;ESPERANZA;CHANCADO-SULFURO;291;1;ESPERANZA
12-06-2023;CF2;C61;KOM 930 E;Sulfuro de Media;STOCK_SME;ESPERANZA;CHANCADO-SULFURO;873;3;ESPERANZA
12-06-2023;CF203;C121;CAT 793 C;Marginal Alta;STM-NE-02;OXIDO;CHANCADO-OXIDO;3679,421967;17;TESORO
12-06-2023;CF203;C122;CAT 793 C;Baja Ley 1;ST-TS_18;OXIDO;CHANCADO-OXIDO;865,7459717;4;TESORO
12-06-2023;CF203;C122;CAT 793 C;Marginal Alta;STM-NE-02;OXIDO;CHANCADO-OXIDO;3895,850098;18;TESORO
12-06-2023;CF203;C122;CAT 793 C;Marginal Alta;STM-NE-02;OXIDO;STM-NE-02;216,4360046;1;TESORO
12-06-2023;CF203;C129;CAT 793 C;Marginal Alta;STM-NE-02;OXIDO;CHANCADO-OXIDO;865,7450256;4;TESORO
12-06-2023;CF203;C131;CAT 793 C;Marginal Alta;STM-NE-02;OXIDO;CHANCADO-OXIDO;6276,659088;29;TESORO
12-06-2023;CF203;C134;CAT 793 C;Baja Ley 1;ST-TS_18;OXIDO;CHANCADO-OXIDO;865,7450256;4;TESORO
12-06-2023;CF203;C134;CAT 793 C;Marginal Alta;STM-NE-02;OXIDO;CHANCADO-OXIDO;2813,67804;13;TESORO
12-06-2023;CF203;C162;CAT 793 F;Marginal Alta;STM-NE-02;OXIDO;CHANCADO-OXIDO;865,7459717;4;TESORO
12-06-2023;CF203;C164;CAT 793 F;Marginal Alta;STM-NE-02;OXIDO;CHANCADO-OXIDO;865,7459717;4;TESORO
12-06-2023;CF231;C125;CAT 793 C;Lastre Oxidado;ESP/F10/2296/1051;FASE 10;BOT_CENTRAL_SUR_INF;649,309021;3;ESPERANZA
12-06-2023;CF231;C125;CAT 793 C;Sulfuro Planta;STOCK_SPL_DIN;ESPERANZA;CHANCADO-SULFURO;867,84198;4;ESPERANZA
12-06-2023;CF231;C128;CAT 793 C;Lastre Oxidado;ESP/F10/2296/1051;FASE 10;BOT_CENTRAL_SUR_INF;649,3089905;3;ESPERANZA
12-06-2023;CF231;C128;CAT 793 C;Sulfuro Baja Ley;STOCK_SBL1;ESPERANZA;CHANCADO-SULFURO;1518,719971;7;ESPERANZA
12-06-2023;CF231;C130;CAT 793 C;Lastre Oxidado;ESP/F10/2296/1051;FASE 10;BOT_CENTRAL_SUR_INF;2380,800049;11;ESPERANZA
12-06-2023;CF231;C130;CAT 793 C;Sulfuro Baja Ley;STOCK_SBL1;ESPERANZA;CHANCADO-SULFURO;3688,330078;17;ESPERANZA
12-06-2023;CF231;C135;CAT 793 C;Sulfuro Planta;STOCK_SPL_DIN;ESPERANZA;CHANCADO-SULFURO;216,9600067;1;ESPERANZA
12-06-2023;CF231;C152;CAT 793 F;Lastre Oxidado;ESP/F10/2296/1051;FASE 10;BOT_CENTRAL_SUR_INF;1082,182007;5;ESPERANZA
12-06-2023;CF231;C152;CAT 793 F;Sulfuro Planta;STOCK_SPL_DIN;ESPERANZA;CHANCADO-SULFURO;216,9600067;1;ESPERANZA
12-06-2023;CF231;C153;CAT 793 F;Lastre Oxidado;ESP/F10/2296/1051;FASE 10;BOT_CENTRAL_SUR_INF;649,3089905;3;ESPERANZA
12-06-2023;CF231;C154;CAT 793 F;Lastre Oxidado;ESP/F10/2296/1051;FASE 10;BOT_CENTRAL_SUR_INF;432,8720093;2;ESPERANZA
12-06-2023;CF231;C154;CAT 793 F;Sulfuro Planta;STOCK_SPL_DIN;ESPERANZA;CHANCADO-SULFURO;867,84198;4;ESPERANZA
12-06-2023;CF231;C154;CAT 793 F;Sulfuro Planta;STOCK_SPL_DIN;ESPERANZA;STOCK_SPL_DIN;650,8809814;3;ESPERANZA
12-06-2023;CF231;C155;CAT 793 F;Lastre Oxidado;ESP/F10/2296/1051;FASE 10;BOT_CENTRAL_SUR_INF;865,7459717;4;ESPERANZA
12-06-2023;CF231;C156;CAT 793 F;Lastre Oxidado;ESP/F10/2296/1051;FASE 10;BOT_CENTRAL_SUR_INF;432,8720093;2;ESPERANZA
12-06-2023;CF231;C156;CAT 793 F;Sulfuro Planta;STOCK_SPL_DIN;ESPERANZA;CHANCADO-SULFURO;2603,530029;12;ESPERANZA
12-06-2023;CF231;C160;CAT 793 F;Lastre Oxidado;ESP/F10/2296/1051;FASE 10;BOT_CENTRAL_SUR_INF;1731,491943;8;ESPERANZA
12-06-2023;CF231;C160;CAT 793 F;Sulfuro Baja Ley;STOCK_SBL1;ESPERANZA;CHANCADO-SULFURO;650,8809814;3;ESPERANZA
12-06-2023;CF231;C161;CAT 793 F;Lastre Oxidado;ESP/F10/2296/1051;FASE 10;BOT_CENTRAL_SUR_INF;1082,18103;5;ESPERANZA
12-06-2023;CF231;C161;CAT 793 F;Sulfuro Baja Ley;STOCK_SBL1;ESPERANZA;CHANCADO-SULFURO;3471,370117;16;ESPERANZA
12-06-2023;CF231;C161;CAT 793 F;Sulfuro Planta;STOCK_SPL_DIN;ESPERANZA;CHANCADO-SULFURO;650,8809967;3;ESPERANZA
12-06-2023;CF231;C162;CAT 793 F;Lastre Oxidado;ESP/F10/2296/1051;FASE 10;BOT_CENTRAL_SUR_INF;432,8720093;2;ESPERANZA
12-06-2023;CF231;C162;CAT 793 F;Sulfuro Planta;STOCK_SPL_DIN;ESPERANZA;CHANCADO-SULFURO;216,9600067;1;ESPERANZA
12-06-2023;CF231;C163;CAT 793 F;Lastre Oxidado;ESP/F10/2296/1051;FASE 10;BOT_CENTRAL_SUR_INF;1298,617981;6;ESPERANZA
12-06-2023;CF232;C121;CAT 793 C;Baja Ley 1;ST-TS_18;OXIDO;CHANCADO-OXIDO;1515,056;7;TESORO
12-06-2023;CF232;C122;CAT 793 C;Baja Ley 1;ST-TS_18;OXIDO;CHANCADO-OXIDO;1731,491943;8;TESORO
12-06-2023;CF232;C129;CAT 793 C;Baja Ley 1;ST-TS_18;OXIDO;CHANCADO-OXIDO;5194,473999;24;TESORO
12-06-2023;CF232;C129;CAT 793 C;Baja Ley 1;ST-TS_18;OXIDO;ST-SB-02-02;216,4360046;1;TESORO
12-06-2023;CF232;C131;CAT 793 C;Baja Ley 1;ST-TS_18;OXIDO;CHANCADO-OXIDO;1082,181976;5;TESORO
12-06-2023;CF232;C134;CAT 793 C;Baja Ley 1;ST-TS_18;OXIDO;CHANCADO-OXIDO;649,3089905;3;TESORO
12-06-2023;CF232;C164;CAT 793 F;Baja Ley 1;ST-TS_18;OXIDO;CHANCADO-OXIDO;216,4360046;1;TESORO
12-06-2023;CF233;C122;CAT 793 C;Lastre Oxidado;ESP/F10/2328/130;FASE 10;BOT_CENTRAL_SUR_INF;216,4360046;1;ESPERANZA
12-06-2023;CF233;C125;CAT 793 C;Lastre Oxidado;ESP/F10/2296/1051;FASE 10;BOT_CENTRAL_SUR_INF;216,4360046;1;ESPERANZA
12-06-2023;CF233;C125;CAT 793 C;Lastre Oxidado;ESP/F10/2328/130;FASE 10;BOT_CENTRAL_SUR_INF;1298,618958;6;ESPERANZA
12-06-2023;CF233;C125;CAT 793 C;Lastre Sulfurado;ESP/F07/2120/7290;FASE 7;BOT_MIJO;865,7450256;4;ESPERANZA
12-06-2023;CF233;C128;CAT 793 C;Lastre Oxidado;ESP/F10/2328/130;FASE 10;BOT_CENTRAL_SUR_INF;432,8729858;2;ESPERANZA
12-06-2023;CF233;C130;CAT 793 C;Lastre Oxidado;ESP/F10/2296/1051;FASE 10;BOT_CENTRAL_SUR_INF;216,4360046;1;ESPERANZA
12-06-2023;CF233;C130;CAT 793 C;Lastre Oxidado;ESP/F10/2328/130;FASE 10;BOT_CENTRAL_SUR_INF;649,3089905;3;ESPERANZA
12-06-2023;CF233;C130;CAT 793 C;Lastre Sulfurado;ESP/F07/2120/7290;FASE 7;BOT_MIJO;649,3089905;3;ESPERANZA
12-06-2023;CF233;C135;CAT 793 C;Lastre Oxidado;ESP/F10/2296/1051;FASE 10;BOT_CENTRAL_SUR_INF;216,4360046;1;ESPERANZA
12-06-2023;CF233;C152;CAT 793 F;Lastre Oxidado;ESP/F10/2296/1051;FASE 10;BOT_CENTRAL_SUR_INF;216,4360046;1;ESPERANZA
12-06-2023;CF233;C152;CAT 793 F;Lastre Oxidado;ESP/F10/2328/130;FASE 10;BOT_CENTRAL_SUR_INF;216,4360046;1;ESPERANZA
12-06-2023;CF233;C153;CAT 793 F;Lastre Oxidado;ESP/F10/2328/130;FASE 10;BOT_CENTRAL_SUR_INF;1298,616058;6;ESPERANZA
12-06-2023;CF233;C153;CAT 793 F;Lastre Sulfurado;ESP/F07/2120/7290;FASE 7;BOT_MIJO;649,3089905;3;ESPERANZA
12-06-2023;CF233;C154;CAT 793 F;Lastre Oxidado;ESP/F10/2328/130;FASE 10;BOT_CENTRAL_SUR_INF;432,8729858;2;ESPERANZA
12-06-2023;CF233;C154;CAT 793 F;Lastre Sulfurado;ESP/F07/2120/7290;FASE 7;BOT_MIJO;865,7459717;4;ESPERANZA
12-06-2023;CF233;C155;CAT 793 F;Lastre Oxidado;ESP/F10/2328/130;FASE 10;BOT_CENTRAL_SUR_INF;216,4360046;1;ESPERANZA
12-06-2023;CF233;C156;CAT 793 F;Lastre Oxidado;ESP/F10/2296/1051;FASE 10;BOT_CENTRAL_SUR_INF;216,4360046;1;ESPERANZA
12-06-2023;CF233;C156;CAT 793 F;Lastre Oxidado;ESP/F10/2328/130;FASE 10;BOT_CENTRAL_SUR_INF;1082,18103;5;ESPERANZA
12-06-2023;CF233;C156;CAT 793 F;Lastre Sulfurado;ESP/F07/2120/7290;FASE 7;BOT_MIJO;865,7459717;4;ESPERANZA
12-06-2023;CF233;C161;CAT 793 F;Lastre Oxidado;ESP/F10/2328/130;FASE 10;BOT_CENTRAL_SUR_INF;1298,619995;6;ESPERANZA
12-06-2023;CF233;C162;CAT 793 F;Lastre Oxidado;ESP/F10/2296/1051;FASE 10;BOT_CENTRAL_SUR_INF;216,4360046;1;ESPERANZA
12-06-2023;CF233;C163;CAT 793 F;Lastre Oxidado;ESP/F10/2328/130;FASE 10;BOT_CENTRAL_SUR_INF;216,4360046;1;ESPERANZA
12-06-2023;CF233;C163;CAT 793 F;Lastre Sulfurado;ESP/F07/2120/7290;FASE 7;BOT_MIJO;216,4360046;1;ESPERANZA
12-06-2023;CF234;C121;CAT 793 C;Marginal Alta;STM-NE-02;OXIDO;CHANCADO-OXIDO;432,8729858;2;TESORO
12-06-2023;CF234;C123;CAT 793 C;Marginal Alta;STM-NE-02;OXIDO;CHANCADO-OXIDO;432,8729858;2;TESORO
12-06-2023;CF234;C129;CAT 793 C;Marginal Alta;STM-NE-02;OXIDO;CHANCADO-OXIDO;2164,36908;10;TESORO
12-06-2023;CF234;C131;CAT 793 C;Marginal Alta;STM-NE-02;OXIDO;CHANCADO-OXIDO;216,4360046;1;TESORO
12-06-2023;CF234;C134;CAT 793 C;Marginal Alta;STM-NE-02;OXIDO;CHANCADO-OXIDO;865,7459717;4;TESORO
12-06-2023;CF234;C151;CAT 793 F;Marginal Alta;STM-NE-02;OXIDO;CHANCADO-OXIDO;216,4360046;1;TESORO
12-06-2023;CF234;C162;CAT 793 F;Marginal Alta;STM-NE-02;OXIDO;CHANCADO-OXIDO;216,4360046;1;TESORO
12-06-2023;CF234;C164;CAT 793 F;Marginal Alta;STM-NE-02;OXIDO;CHANCADO-OXIDO;1947,930054;9;TESORO
12-06-2023;CF3;C156;CAT 793 F;Sulfuro Baja Ley;ESP/F08/1768/8080;FASE 8;CHANCADO-SULFURO;216,4360046;1;ESPERANZA
12-06-2023;CF3;C160;CAT 793 F;Sulfuro Baja Ley;ESP/F08/1768/8080;FASE 8;CHANCADO-SULFURO;216,4360046;1;ESPERANZA
12-06-2023;CF3;C162;CAT 793 F;Sulfuro Baja Ley;ESP/F08/1768/8080;FASE 8;CHANCADO-SULFURO;432,8729858;2;ESPERANZA
12-06-2023;CF3;C163;CAT 793 F;Lastre Sulfurado;ESP/F07/2120/7290;FASE 7;BOT_FASE_7_INT;6709,529785;31;ESPERANZA
12-06-2023;CF3;C163;CAT 793 F;Sulfuro Baja Ley;ESP/F08/1768/8080;FASE 8;CHANCADO-SULFURO;432,8720093;2;ESPERANZA
12-06-2023;CF3;C49;KOM 930 E;Sulfuro Baja Ley;ESP/F08/1768/8080;FASE 8;STOCK_SBL1;582;2;ESPERANZA
12-06-2023;CF3;C50;KOM 930 E;Sulfuro Baja Ley;ESP/F08/1768/8080;FASE 8;STOCK_SBL1;291;1;ESPERANZA
12-06-2023;CF3;C51;KOM 930 E;Sulfuro Baja Ley;ESP/F08/1768/8080;FASE 8;CHANCADO-SULFURO;582;2;ESPERANZA
12-06-2023;CF3;C51;KOM 930 E;Sulfuro Baja Ley;ESP/F08/1768/8080;FASE 8;STOCK_SBL1;582;2;ESPERANZA
12-06-2023;CF3;C52;KOM 930 E;Sulfuro Baja Ley;ESP/F08/1768/8080;FASE 8;CHANCADO-SULFURO;291;1;ESPERANZA
12-06-2023;CF3;C53;KOM 930 E;Sulfuro Baja Ley;ESP/F08/1768/8080;FASE 8;CHANCADO-SULFURO;582;2;ESPERANZA
12-06-2023;CF3;C53;KOM 930 E;Sulfuro Baja Ley;ESP/F08/1768/8080;FASE 8;STOCK_SBL1;1164;4;ESPERANZA
12-06-2023;CF3;C54;KOM 930 E;Sulfuro Baja Ley;ESP/F08/1768/8080;FASE 8;STOCK_SBL1;291;1;ESPERANZA
12-06-2023;CF3;C54;KOM 930 E;Sulfuro Planta;ESP/F08/1768/8080;FASE 8;CHANCADO-SULFURO;291;1;ESPERANZA
12-06-2023;CF3;C55;KOM 930 E;Sulfuro Baja Ley;ESP/F08/1768/8080;FASE 8;CHANCADO-SULFURO;582;2;ESPERANZA
12-06-2023;CF3;C55;KOM 930 E;Sulfuro Baja Ley;ESP/F08/1768/8080;FASE 8;STOCK_SBL1;582;2;ESPERANZA
12-06-2023;CF3;C56;KOM 930 E;Sulfuro Baja Ley;ESP/F08/1768/8080;FASE 8;CHANCADO-SULFURO;1164;4;ESPERANZA
12-06-2023;CF3;C56;KOM 930 E;Sulfuro Baja Ley;ESP/F08/1768/8080;FASE 8;STOCK_SBL1;291;1;ESPERANZA
12-06-2023;CF3;C57;KOM 930 E;Sulfuro Baja Ley;ESP/F08/1768/8080;FASE 8;CHANCADO-SULFURO;582;2;ESPERANZA
12-06-2023;CF3;C58;KOM 930 E;Sulfuro Baja Ley;ESP/F08/1768/8080;FASE 8;CHANCADO-SULFURO;582;2;ESPERANZA
12-06-2023;CF3;C58;KOM 930 E;Sulfuro Baja Ley;ESP/F08/1768/8080;FASE 8;STOCK_SBL1;873;3;ESPERANZA
12-06-2023;CF3;C59;KOM 930 E;Lastre Sulfurado;ESP/F07/2120/7290;FASE 7;BOT_MIJO;582;2;ESPERANZA
12-06-2023;CF3;C59;KOM 930 E;Sulfuro Baja Ley;ESP/F08/1768/8080;FASE 8;CHANCADO-SULFURO;291;1;ESPERANZA
12-06-2023;CF3;C59;KOM 930 E;Sulfuro Planta;ESP/F08/1768/8080;FASE 8;CHANCADO-SULFURO;291;1;ESPERANZA
12-06-2023;CF3;C59;KOM 930 E;Sulfuro Planta;ESP/F08/1768/8080;FASE 8;STOCK_SPL_DIN;291;1;ESPERANZA
12-06-2023;CF3;C60;KOM 930 E;Lastre Sulfurado;ESP/F07/2120/7290;FASE 7;BOT_MIJO;291;1;ESPERANZA
12-06-2023;CF3;C60;KOM 930 E;Sulfuro Baja Ley;ESP/F08/1768/8080;FASE 8;CHANCADO-SULFURO;582;2;ESPERANZA
12-06-2023;CF3;C60;KOM 930 E;Sulfuro Baja Ley;ESP/F08/1768/8080;FASE 8;STOCK_SBL1;582;2;ESPERANZA
12-06-2023;CF3;C60;KOM 930 E;Sulfuro Planta;ESP/F08/1768/8080;FASE 8;STOCK_SPL_DIN;291;1;ESPERANZA
12-06-2023;CF3;C61;KOM 930 E;Lastre Sulfurado;ESP/F07/2120/7290;FASE 7;BOT_MIJO;291;1;ESPERANZA
12-06-2023;CF3;C61;KOM 930 E;Sulfuro Baja Ley;ESP/F08/1768/8080;FASE 8;STOCK_SBL1;291;1;ESPERANZA
12-06-2023;CF4;C20115ESPS;KOM 980 ESPS;Sulfuro Baja Ley;ESS/F02/2104/201;F02 ESPSUR;CHANCADO-SULFURO;1800;5;ESPERANZA_SUR
12-06-2023;CF4;C20115ESPS;KOM 980 ESPS;Sulfuro de Media;ESS/F02/2104/204;F02 ESPSUR;CHANCADO-SULFURO;9720;27;ESPERANZA_SUR
12-06-2023;CF4;C980AHSESPS;Kom 980 AHS;Sulfuro Baja Ley;ESS/F02/2104/201;F02 ESPSUR;STOCK_SBL_ESS;360;1;ESPERANZA_SUR
12-06-2023;CF4;C980AHSESPS;Kom 980 AHS;Sulfuro de Media;ESS/F02/2104/204;F02 ESPSUR;STOCK_SME_ESS;360;1;ESPERANZA_SUR
12-06-2023;PA1;C07;CAT 797 B;Lastre Sulfurado;ESP/F07/2104/7060;FASE 7;BOT_2380_INT;346,4039917;1;ESPERANZA
12-06-2023;PA1;C07;CAT 797 B;Lastre Sulfurado;ESP/F07/2104/7060;FASE 7;BOT_MIJO;692,8079834;2;ESPERANZA
12-06-2023;PA1;C08;CAT 797 B;Lastre Sulfurado;ESP/F07/2104/7060;FASE 7;BOT_2380_INT;1039,211975;3;ESPERANZA
12-06-2023;PA1;C08;CAT 797 B;Lastre Sulfurado;ESP/F07/2104/7060;FASE 7;BOT_MIJO;3117,631897;9;ESPERANZA
12-06-2023;PA1;C09;CAT 797 B;Lastre Oxidado;ESP/F07/2104/707;FASE 7;BOT_MIJO;346,4039917;1;ESPERANZA
12-06-2023;PA1;C09;CAT 797 B;Lastre Sulfurado;ESP/F07/2104/7060;FASE 7;BOT_MIJO;692,8079834;2;ESPERANZA
12-06-2023;PA1;C10;CAT 797 B;Lastre Sulfurado;ESP/F07/2104/7060;FASE 7;BOT_2380_INT;346,4039917;1;ESPERANZA
12-06-2023;PA1;C10;CAT 797 B;Lastre Sulfurado;ESP/F07/2104/7060;FASE 7;BOT_MIJO;346,4039917;1;ESPERANZA
12-06-2023;PA1;C11;CAT 797 B;Lastre Sulfurado;ESP/F07/2104/7060;FASE 7;BOT_2380_INT;346,4039917;1;ESPERANZA
12-06-2023;PA1;C11;CAT 797 B;Lastre Sulfurado;ESP/F07/2104/7060;FASE 7;BOT_MIJO;692,8079834;2;ESPERANZA
12-06-2023;PA1;C12;CAT 797 B;Lastre Sulfurado;ESP/F07/2104/7060;FASE 7;BOT_CENTRAL_SUR_INF;346,4039917;1;ESPERANZA
12-06-2023;PA1;C12;CAT 797 B;Lastre Sulfurado;ESP/F07/2104/7060;FASE 7;BOT_MIJO;346,4039917;1;ESPERANZA
12-06-2023;PA1;C125;CAT 793 C;Lastre Sulfurado;ESP/F07/2104/7060;FASE 7;BOT_2380_INT;432,8720093;2;ESPERANZA
12-06-2023;PA1;C128;CAT 793 C;Lastre Sulfurado;ESP/F07/2104/7060;FASE 7;BOT_2380_INT;216,4360046;1;ESPERANZA
12-06-2023;PA1;C14;CAT 797 B;Lastre Oxidado;ESP/F07/2104/707;FASE 7;BOT_MIJO;692,8079834;2;ESPERANZA
12-06-2023;PA1;C14;CAT 797 B;Lastre Sulfurado;ESP/F07/2104/706;FASE 7;BOT_2380_INT;346,4039917;1;ESPERANZA
12-06-2023;PA1;C14;CAT 797 B;Lastre Sulfurado;ESP/F07/2104/7060;FASE 7;BOT_2380_INT;346,4039917;1;ESPERANZA
12-06-2023;PA1;C14;CAT 797 B;Lastre Sulfurado;ESP/F07/2104/7060;FASE 7;BOT_MIJO;1039,211975;3;ESPERANZA
12-06-2023;PA1;C15;CAT 797 B;Lastre Sulfurado;ESP/F07/2104/7060;FASE 7;BOT_2380_INT;346,4039917;1;ESPERANZA
12-06-2023;PA1;C15;CAT 797 B;Lastre Sulfurado;ESP/F07/2104/7060;FASE 7;BOT_MIJO;1039,211975;3;ESPERANZA
12-06-2023;PA1;C152;CAT 793 F;Lastre Sulfurado;ESP/F07/2104/7060;FASE 7;BOT_2380_INT;216,4360046;1;ESPERANZA
12-06-2023;PA1;C153;CAT 793 F;Lastre Sulfurado;ESP/F07/2104/7060;FASE 7;BOT_2380_INT;216,4360046;1;ESPERANZA
12-06-2023;PA1;C153;CAT 793 F;Lastre Sulfurado;ESP/F07/2104/7060;FASE 7;BOT_MIJO;649,3089905;3;ESPERANZA
12-06-2023;PA1;C154;CAT 793 F;Lastre Sulfurado;ESP/F07/2104/7060;FASE 7;BOT_MIJO;432,8729858;2;ESPERANZA
12-06-2023;PA1;C155;CAT 793 F;Lastre Sulfurado;ESP/F07/2104/7060;FASE 7;BOT_2380_INT;216,4360046;1;ESPERANZA
12-06-2023;PA1;C155;CAT 793 F;Lastre Sulfurado;ESP/F07/2104/7060;FASE 7;BOT_MIJO;432,8729858;2;ESPERANZA
12-06-2023;PA1;C156;CAT 793 F;Lastre Sulfurado;ESP/F07/2104/7060;FASE 7;BOT_MIJO;216,4360046;1;ESPERANZA
12-06-2023;PA1;C159;CAT 793 F;Lastre Sulfurado;ESP/F07/2104/706;FASE 7;BOT_2380_INT;432,8729858;2;ESPERANZA
12-06-2023;PA1;C16;CAT 797 B;Lastre Oxidado;ESP/F07/2104/707;FASE 7;BOT_2380_INT;692,8079834;2;ESPERANZA
12-06-2023;PA1;C16;CAT 797 B;Lastre Oxidado;ESP/F07/2104/707;FASE 7;BOT_MIJO;346,4039917;1;ESPERANZA
12-06-2023;PA1;C16;CAT 797 B;Lastre Sulfurado;ESP/F07/2104/7060;FASE 7;BOT_2380_INT;346,4039917;1;ESPERANZA
12-06-2023;PA1;C160;CAT 793 F;Lastre Sulfurado;ESP/F07/2104/7060;FASE 7;BOT_2380_INT;432,8720093;2;ESPERANZA
12-06-2023;PA1;C163;CAT 793 F;Lastre Sulfurado;ESP/F07/2104/7060;FASE 7;BOT_2380_INT;216,4360046;1;ESPERANZA
12-06-2023;PA1;C163;CAT 793 F;Lastre Sulfurado;ESP/F07/2104/7060;FASE 7;BOT_MIJO;432,8720093;2;ESPERANZA
12-06-2023;PA1;C17;CAT 797 F;Lastre Sulfurado;ESP/F07/2104/706;FASE 7;BOT_2380_INT;692,8079834;2;ESPERANZA
12-06-2023;PA1;C17;CAT 797 F;Lastre Sulfurado;ESP/F07/2104/7060;FASE 7;BOT_2380_INT;346,4039917;1;ESPERANZA
12-06-2023;PA1;C17;CAT 797 F;Lastre Sulfurado;ESP/F07/2104/7060;FASE 7;BOT_MIJO;1385,615967;4;ESPERANZA
12-06-2023;PA1;C18;CAT 797 F;Lastre Sulfurado;ESP/F07/2104/7060;FASE 7;BOT_2380_INT;346,4039917;1;ESPERANZA
12-06-2023;PA1;C18;CAT 797 F;Lastre Sulfurado;ESP/F07/2104/7060;FASE 7;BOT_MIJO;2078,424011;6;ESPERANZA
12-06-2023;PA1;C19;CAT 797 F;Lastre Sulfurado;ESP/F07/2104/706;FASE 7;BOT_2380_INT;692,8079834;2;ESPERANZA
12-06-2023;PA1;C19;CAT 797 F;Lastre Sulfurado;ESP/F07/2104/7060;FASE 7;BOT_2380_INT;1732,017944;5;ESPERANZA
12-06-2023;PA1;C19;CAT 797 F;Lastre Sulfurado;ESP/F07/2104/7060;FASE 7;BOT_MIJO;1385,615967;4;ESPERANZA
12-06-2023;PA1;C20;CAT 797 F;Lastre Sulfurado;ESP/F07/2104/706;FASE 7;BOT_2380_INT;346,4039917;1;ESPERANZA
12-06-2023;PA1;C20;CAT 797 F;Lastre Sulfurado;ESP/F07/2104/7060;FASE 7;BOT_2380_INT;346,4039917;1;ESPERANZA
12-06-2023;PA1;C20;CAT 797 F;Lastre Sulfurado;ESP/F07/2104/7060;FASE 7;BOT_MIJO;2078,424011;6;ESPERANZA
12-06-2023;PA1;C21;CAT 797 F;Lastre Sulfurado;ESP/F07/2104/7060;FASE 7;BOT_2380_INT;1039,211975;3;ESPERANZA
12-06-2023;PA1;C21;CAT 797 F;Lastre Sulfurado;ESP/F07/2104/7060;FASE 7;BOT_MIJO;3117,638062;9;ESPERANZA
12-06-2023;PA1;C22;CAT 797 F;Lastre Oxidado;ESP/F07/2104/707;FASE 7;BOT_2380_INT;346,4039917;1;ESPERANZA
12-06-2023;PA1;C22;CAT 797 F;Lastre Sulfurado;ESP/F07/2104/706;FASE 7;BOT_2380_INT;346,4039917;1;ESPERANZA
12-06-2023;PA1;C22;CAT 797 F;Lastre Sulfurado;ESP/F07/2104/7060;FASE 7;BOT_2380_INT;346,4039917;1;ESPERANZA
12-06-2023;PA1;C22;CAT 797 F;Lastre Sulfurado;ESP/F07/2104/7060;FASE 7;BOT_MIJO;2424,83197;7;ESPERANZA
12-06-2023;PA1;C23;CAT 797 F;Lastre Oxidado;ESP/F07/2104/707;FASE 7;BOT_MIJO;692,8079834;2;ESPERANZA
12-06-2023;PA1;C23;CAT 797 F;Lastre Sulfurado;ESP/F07/2104/7060;FASE 7;BOT_2380_INT;1385,615967;4;ESPERANZA
12-06-2023;PA1;C23;CAT 797 F;Lastre Sulfurado;ESP/F07/2104/7060;FASE 7;BOT_MIJO;1039,211975;3;ESPERANZA
12-06-2023;PA1;C24;CAT 797 F;Lastre Sulfurado;ESP/F07/2104/7060;FASE 7;BOT_2380_INT;346,4039917;1;ESPERANZA
12-06-2023;PA1;C24;CAT 797 F;Lastre Sulfurado;ESP/F07/2104/7060;FASE 7;BOT_MIJO;346,4039917;1;ESPERANZA
12-06-2023;PA1;C25;CAT 797 F;Lastre Oxidado;ESP/F07/2104/707;FASE 7;BOT_2380_INT;346,4039917;1;ESPERANZA
12-06-2023;PA1;C25;CAT 797 F;Lastre Sulfurado;ESP/F07/2104/706;FASE 7;BOT_2380_INT;346,4039917;1;ESPERANZA
12-06-2023;PA1;C25;CAT 797 F;Lastre Sulfurado;ESP/F07/2104/7060;FASE 7;BOT_2380_INT;346,4039917;1;ESPERANZA
12-06-2023;PA1;C25;CAT 797 F;Lastre Sulfurado;ESP/F07/2104/7060;FASE 7;BOT_MIJO;692,8079834;2;ESPERANZA
12-06-2023;PA1;C32;CAT 797 F;Lastre Sulfurado;ESP/F07/2104/7060;FASE 7;BOT_2380_INT;692,8079834;2;ESPERANZA
12-06-2023;PA1;C32;CAT 797 F;Lastre Sulfurado;ESP/F07/2104/7060;FASE 7;BOT_MIJO;1039,211975;3;ESPERANZA
12-06-2023;PA1;C34;CAT 797 F;Lastre Sulfurado;ESP/F07/2104/7060;FASE 7;BOT_2380_INT;346,4039917;1;ESPERANZA
12-06-2023;PA1;C34;CAT 797 F;Lastre Sulfurado;ESP/F07/2104/7060;FASE 7;BOT_CENTRAL_SUR_INF;346,4039917;1;ESPERANZA
12-06-2023;PA1;C34;CAT 797 F;Lastre Sulfurado;ESP/F07/2104/7060;FASE 7;BOT_MIJO;346,4039917;1;ESPERANZA
12-06-2023;PA1;C36;CAT 797 F;Lastre Sulfurado;ESP/F07/2104/7060;FASE 7;BOT_2380_INT;346,4039917;1;ESPERANZA
12-06-2023;PA1;C36;CAT 797 F;Lastre Sulfurado;ESP/F07/2104/7060;FASE 7;BOT_MIJO;692,8079834;2;ESPERANZA
12-06-2023;PA1;C37;CAT 797 F;Lastre Oxidado;ESP/F07/2104/707;FASE 7;BOT_MIJO;346,4039917;1;ESPERANZA
12-06-2023;PA1;C37;CAT 797 F;Lastre Sulfurado;ESP/F07/2104/7060;FASE 7;BOT_2380_INT;346,4039917;1;ESPERANZA
12-06-2023;PA1;C37;CAT 797 F;Lastre Sulfurado;ESP/F07/2104/7060;FASE 7;BOT_MIJO;2424,825928;7;ESPERANZA
12-06-2023;PA1;C38;CAT 797 F;Lastre Oxidado;ESP/F07/2104/707;FASE 7;BOT_MIJO;692,8079834;2;ESPERANZA
12-06-2023;PA1;C38;CAT 797 F;Lastre Sulfurado;ESP/F07/2104/706;FASE 7;BOT_2380_INT;346,4039917;1;ESPERANZA
12-06-2023;PA1;C38;CAT 797 F;Lastre Sulfurado;ESP/F07/2104/7060;FASE 7;BOT_2380_INT;692,8079834;2;ESPERANZA
12-06-2023;PA1;C38;CAT 797 F;Lastre Sulfurado;ESP/F07/2104/7060;FASE 7;BOT_MIJO;1039,209961;3;ESPERANZA
12-06-2023;PA1;C38;CAT 797 F;Lastre Sulfurado;ESP/F07/2104/7060;FASE 7;BOT_RAMPA_SUPERIOR;346,4039917;1;ESPERANZA
12-06-2023;PA1;C39;CAT 797 F;Lastre Oxidado;ESP/F07/2104/707;FASE 7;BOT_2380_INT;346,4039917;1;ESPERANZA
12-06-2023;PA1;C39;CAT 797 F;Lastre Sulfurado;ESP/F07/2104/706;FASE 7;BOT_2380_INT;692,8079834;2;ESPERANZA
12-06-2023;PA1;C39;CAT 797 F;Lastre Sulfurado;ESP/F07/2104/7060;FASE 7;BOT_2380_INT;1385,615967;4;ESPERANZA
12-06-2023;PA1;C39;CAT 797 F;Lastre Sulfurado;ESP/F07/2104/7060;FASE 7;BOT_MIJO;346,4039917;1;ESPERANZA
12-06-2023;PA1;C40;CAT 797 F;Lastre Oxidado;ESP/F07/2104/707;FASE 7;BOT_2380_INT;346,4039917;1;ESPERANZA
12-06-2023;PA1;C40;CAT 797 F;Lastre Oxidado;ESP/F07/2104/707;FASE 7;BOT_MIJO;346,4039917;1;ESPERANZA
12-06-2023;PA1;C40;CAT 797 F;Lastre Sulfurado;ESP/F07/2104/7060;FASE 7;BOT_2380_INT;346,4039917;1;ESPERANZA
12-06-2023;PA1;C40;CAT 797 F;Lastre Sulfurado;ESP/F07/2104/7060;FASE 7;BOT_MIJO;1039,211975;3;ESPERANZA
12-06-2023;PA1;C41;CAT 797 F;Lastre Sulfurado;ESP/F07/2104/706;FASE 7;BOT_2380_INT;1039,211975;3;ESPERANZA
12-06-2023;PA1;C41;CAT 797 F;Lastre Sulfurado;ESP/F07/2104/7060;FASE 7;BOT_2380_INT;1385,615967;4;ESPERANZA
12-06-2023;PA1;C41;CAT 797 F;Lastre Sulfurado;ESP/F07/2104/7060;FASE 7;BOT_MIJO;2424,830078;7;ESPERANZA
12-06-2023;PA1;C42;CAT 797 F;Lastre Oxidado;ESP/F07/2104/707;FASE 7;BOT_2380_INT;346,4039917;1;ESPERANZA
12-06-2023;PA1;C42;CAT 797 F;Lastre Sulfurado;ESP/F07/2104/706;FASE 7;BOT_2380_INT;346,4039917;1;ESPERANZA
12-06-2023;PA1;C42;CAT 797 F;Lastre Sulfurado;ESP/F07/2104/7060;FASE 7;BOT_2380_INT;1385,615967;4;ESPERANZA
12-06-2023;PA1;C42;CAT 797 F;Lastre Sulfurado;ESP/F07/2104/7060;FASE 7;BOT_MIJO;692,8079834;2;ESPERANZA
12-06-2023;PA1;C43;CAT 797 F;Lastre Sulfurado;ESP/F07/2104/706;FASE 7;BOT_2380_INT;692,8079834;2;ESPERANZA
12-06-2023;PA1;C44;CAT 797 F;Lastre Oxidado;ESP/F07/2104/707;FASE 7;BOT_2380_INT;346,4039917;1;ESPERANZA
12-06-2023;PA1;C44;CAT 797 F;Lastre Oxidado;ESP/F07/2104/707;FASE 7;BOT_MIJO;692,8079834;2;ESPERANZA
12-06-2023;PA1;C44;CAT 797 F;Lastre Sulfurado;ESP/F07/2104/7060;FASE 7;BOT_2380_INT;346,4039917;1;ESPERANZA
12-06-2023;PA1;C44;CAT 797 F;Lastre Sulfurado;ESP/F07/2104/7060;FASE 7;BOT_MIJO;2424,823914;7;ESPERANZA
12-06-2023;PA1;C45;CAT 797 F;Lastre Sulfurado;ESP/F07/2104/706;FASE 7;BOT_2380_INT;692,8079834;2;ESPERANZA
12-06-2023;PA1;C45;CAT 797 F;Lastre Sulfurado;ESP/F07/2104/7060;FASE 7;BOT_2380_INT;1385,613953;4;ESPERANZA
12-06-2023;PA1;C45;CAT 797 F;Lastre Sulfurado;ESP/F07/2104/7060;FASE 7;BOT_CENTRAL_SUR_INF;346,4039917;1;ESPERANZA
12-06-2023;PA1;C45;CAT 797 F;Lastre Sulfurado;ESP/F07/2104/7060;FASE 7;BOT_MIJO;692,8079834;2;ESPERANZA
12-06-2023;PA1;C46;CAT 797 F;Lastre Sulfurado;ESP/F07/2104/706;FASE 7;BOT_2380_INT;1385,613953;4;ESPERANZA
12-06-2023;PA1;C46;CAT 797 F;Lastre Sulfurado;ESP/F07/2104/7060;FASE 7;BOT_2380_INT;346,4039917;1;ESPERANZA
12-06-2023;PA1;C46;CAT 797 F;Lastre Sulfurado;ESP/F07/2104/7060;FASE 7;BOT_MIJO;2424,830078;7;ESPERANZA
12-06-2023;PA1;C47;CAT 797 F;Lastre Oxidado;ESP/F07/2104/707;FASE 7;BOT_2380_INT;346,4039917;1;ESPERANZA
12-06-2023;PA1;C47;CAT 797 F;Lastre Sulfurado;ESP/F07/2104/706;FASE 7;BOT_2380_INT;346,4039917;1;ESPERANZA
12-06-2023;PA1;C48;CAT 797 F;Lastre Oxidado;ESP/F07/2104/707;FASE 7;BOT_2380_INT;692,8079834;2;ESPERANZA
12-06-2023;PA1;C48;CAT 797 F;Lastre Sulfurado;ESP/F07/2104/706;FASE 7;BOT_2380_INT;346,4039917;1;ESPERANZA
12-06-2023;PA1;C48;CAT 797 F;Lastre Sulfurado;ESP/F07/2104/7060;FASE 7;BOT_2380_INT;1039,211975;3;ESPERANZA
12-06-2023;PA1;C48;CAT 797 F;Lastre Sulfurado;ESP/F07/2104/7060;FASE 7;BOT_MIJO;1039,211975;3;ESPERANZA
12-06-2023;PA1;C49;KOM 930 E;Lastre Sulfurado;ESP/F07/2104/706;FASE 7;BOT_MIJO;1455;5;ESPERANZA
12-06-2023;PA1;C49;KOM 930 E;Lastre Sulfurado;ESP/F07/2104/7060;FASE 7;BOT_2380_INT;873;3;ESPERANZA
12-06-2023;PA1;C49;KOM 930 E;Lastre Sulfurado;ESP/F07/2104/7060;FASE 7;BOT_MIJO;2037;7;ESPERANZA
12-06-2023;PA1;C50;KOM 930 E;Lastre Oxidado;ESP/F07/2104/707;FASE 7;BOT_MIJO;291;1;ESPERANZA
12-06-2023;PA1;C50;KOM 930 E;Lastre Sulfurado;ESP/F07/2104/706;FASE 7;BOT_MIJO;1455;5;ESPERANZA
12-06-2023;PA1;C50;KOM 930 E;Lastre Sulfurado;ESP/F07/2104/7060;FASE 7;BOT_2380_INT;291;1;ESPERANZA
12-06-2023;PA1;C50;KOM 930 E;Lastre Sulfurado;ESP/F07/2104/7060;FASE 7;BOT_MIJO;2619;9;ESPERANZA
12-06-2023;PA1;C51;KOM 930 E;Lastre Oxidado;ESP/F07/2104/707;FASE 7;BOT_MIJO;291;1;ESPERANZA
12-06-2023;PA1;C51;KOM 930 E;Lastre Sulfurado;ESP/F07/2104/706;FASE 7;BOT_MIJO;291;1;ESPERANZA
12-06-2023;PA1;C51;KOM 930 E;Lastre Sulfurado;ESP/F07/2104/7060;FASE 7;BOT_2380_INT;582;2;ESPERANZA
12-06-2023;PA1;C51;KOM 930 E;Lastre Sulfurado;ESP/F07/2104/7060;FASE 7;BOT_MIJO;1746;6;ESPERANZA
12-06-2023;PA1;C52;KOM 930 E;Lastre Oxidado;ESP/F07/2104/707;FASE 7;BOT_MIJO;291;1;ESPERANZA
12-06-2023;PA1;C52;KOM 930 E;Lastre Sulfurado;ESP/F07/2104/706;FASE 7;BOT_2380_INT;291;1;ESPERANZA
12-06-2023;PA1;C52;KOM 930 E;Lastre Sulfurado;ESP/F07/2104/7060;FASE 7;BOT_2380_INT;582;2;ESPERANZA
12-06-2023;PA1;C52;KOM 930 E;Lastre Sulfurado;ESP/F07/2104/7060;FASE 7;BOT_MIJO;582;2;ESPERANZA
12-06-2023;PA1;C53;KOM 930 E;Lastre Oxidado;ESP/F07/2104/707;FASE 7;BOT_MIJO;291;1;ESPERANZA
12-06-2023;PA1;C53;KOM 930 E;Lastre Sulfurado;ESP/F07/2104/706;FASE 7;BOT_MIJO;1164;4;ESPERANZA
12-06-2023;PA1;C53;KOM 930 E;Lastre Sulfurado;ESP/F07/2104/7060;FASE 7;BOT_MIJO;1455;5;ESPERANZA
12-06-2023;PA1;C54;KOM 930 E;Lastre Sulfurado;ESP/F07/2104/706;FASE 7;BOT_MIJO;291;1;ESPERANZA
12-06-2023;PA1;C54;KOM 930 E;Lastre Sulfurado;ESP/F07/2104/7060;FASE 7;BOT_2380_INT;582;2;ESPERANZA
12-06-2023;PA1;C54;KOM 930 E;Lastre Sulfurado;ESP/F07/2104/7060;FASE 7;BOT_MIJO;2910;10;ESPERANZA
12-06-2023;PA1;C55;KOM 930 E;Lastre Sulfurado;ESP/F07/2104/706;FASE 7;BOT_MIJO;1455;5;ESPERANZA
12-06-2023;PA1;C55;KOM 930 E;Lastre Sulfurado;ESP/F07/2104/7060;FASE 7;BOT_MIJO;1746;6;ESPERANZA
12-06-2023;PA1;C56;KOM 930 E;Lastre Oxidado;ESP/F07/2104/707;FASE 7;BOT_MIJO;582;2;ESPERANZA
12-06-2023;PA1;C56;KOM 930 E;Lastre Sulfurado;ESP/F07/2104/706;FASE 7;BOT_MIJO;1455;5;ESPERANZA
12-06-2023;PA1;C56;KOM 930 E;Lastre Sulfurado;ESP/F07/2104/7060;FASE 7;BOT_2380_INT;582;2;ESPERANZA
12-06-2023;PA1;C56;KOM 930 E;Lastre Sulfurado;ESP/F07/2104/7060;FASE 7;BOT_MIJO;873;3;ESPERANZA
12-06-2023;PA1;C58;KOM 930 E;Lastre Oxidado;ESP/F07/2104/707;FASE 7;BOT_MIJO;291;1;ESPERANZA
12-06-2023;PA1;C58;KOM 930 E;Lastre Sulfurado;ESP/F07/2104/706;FASE 7;BOT_MIJO;1164;4;ESPERANZA
12-06-2023;PA1;C58;KOM 930 E;Lastre Sulfurado;ESP/F07/2104/7060;FASE 7;BOT_2380_INT;291;1;ESPERANZA
12-06-2023;PA1;C58;KOM 930 E;Lastre Sulfurado;ESP/F07/2104/7060;FASE 7;BOT_MIJO;2619;9;ESPERANZA
12-06-2023;PA1;C59;KOM 930 E;Lastre Oxidado;ESP/F07/2104/707;FASE 7;BOT_MIJO;291;1;ESPERANZA
12-06-2023;PA1;C59;KOM 930 E;Lastre Sulfurado;ESP/F07/2104/706;FASE 7;BOT_MIJO;582;2;ESPERANZA
12-06-2023;PA1;C59;KOM 930 E;Lastre Sulfurado;ESP/F07/2104/7060;FASE 7;BOT_MIJO;2037;7;ESPERANZA
12-06-2023;PA1;C60;KOM 930 E;Lastre Oxidado;ESP/F07/2104/707;FASE 7;BOT_MIJO;291;1;ESPERANZA
12-06-2023;PA1;C60;KOM 930 E;Lastre Sulfurado;ESP/F07/2104/706;FASE 7;BOT_MIJO;582;2;ESPERANZA
12-06-2023;PA1;C60;KOM 930 E;Lastre Sulfurado;ESP/F07/2104/7060;FASE 7;BOT_2380_INT;291;1;ESPERANZA
12-06-2023;PA1;C60;KOM 930 E;Lastre Sulfurado;ESP/F07/2104/7060;FASE 7;BOT_MIJO;2037;7;ESPERANZA
12-06-2023;PA1;C61;KOM 930 E;Lastre Oxidado;ESP/F07/2104/707;FASE 7;BOT_MIJO;291;1;ESPERANZA
12-06-2023;PA1;C61;KOM 930 E;Lastre Sulfurado;ESP/F07/2104/706;FASE 7;BOT_MIJO;291;1;ESPERANZA
12-06-2023;PA1;C61;KOM 930 E;Lastre Sulfurado;ESP/F07/2104/7060;FASE 7;BOT_MIJO;291;1;ESPERANZA
12-06-2023;PA10;C980AHSESPS;Kom 980 AHS;Lastre Oxidado;ESS/F03/2216/3231;F03 ESPSUR;BOTADERO_2021;5760;16;ESPERANZA_SUR
12-06-2023;PA10;C980AHSESPS;Kom 980 AHS;Lastre Sulfurado;ESS/F03/2216/3233;F03 ESPSUR;BOTADERO_2021;37440;104;ESPERANZA_SUR
12-06-2023;PA11;C20115ESPS;KOM 980 ESPS;Sulfuro Baja Ley;ESS/F02/2120/2131;F02 ESPSUR;CHANCADO-SULFURO;43920;122;ESPERANZA_SUR
12-06-2023;PA11;C20115ESPS;KOM 980 ESPS;Sulfuro de Media;ESS/F02/2120/209;F02 ESPSUR;CHANCADO-SULFURO;5400;15;ESPERANZA_SUR
12-06-2023;PA11;C980AHSESPS;Kom 980 AHS;Lastre Sulfurado;ESS/F02/2120/R200;F02 ESPSUR;BOTADERO_2021;27360;76;ESPERANZA_SUR
12-06-2023;PA11;C980AHSESPS;Kom 980 AHS;Sulfuro Baja Ley;ESS/F02/2120/2131;F02 ESPSUR;STOCK_SBL_ESS;15840;44;ESPERANZA_SUR
12-06-2023;PA11;C980AHSESPS;Kom 980 AHS;Sulfuro de Media;ESS/F02/2120/209;F02 ESPSUR;STOCK_SME_ESS;720;2;ESPERANZA_SUR
12-06-2023;PA2;C156;CAT 793 F;Sulfuro de Media;ESP/F08/1768/8080;FASE 8;CHANCADO-SULFURO;216,4360046;1;ESPERANZA
12-06-2023;PA2;C156;CAT 793 F;Sulfuro de Media;ESP/F08/1768/8080;FASE 8;STOCK_SME;432,8720093;2;ESPERANZA
12-06-2023;PA2;C162;CAT 793 F;Sulfuro de Media;ESP/F08/1768/8080;FASE 8;CHANCADO-SULFURO;216,4360046;1;ESPERANZA
12-06-2023;PA2;C162;CAT 793 F;Sulfuro de Media;ESP/F08/1768/8080;FASE 8;STOCK_SME;216,4360046;1;ESPERANZA
12-06-2023;PA2;C17;CAT 797 F;Sulfuro de Media;ESP/F08/1768/8080;FASE 8;CHANCADO-SULFURO;346,4039917;1;ESPERANZA
12-06-2023;PA2;C36;CAT 797 F;Sulfuro de Media;ESP/F08/1768/8080;FASE 8;CHANCADO-SULFURO;346,4039917;1;ESPERANZA
12-06-2023;PA2;C48;CAT 797 F;Sulfuro de Media;ESP/F08/1768/8080;FASE 8;CHANCADO-SULFURO;692,8079834;2;ESPERANZA
12-06-2023;PA2;C49;KOM 930 E;Sulfuro de Media;ESP/F08/1768/8080;FASE 8;CHANCADO-SULFURO;582;2;ESPERANZA
12-06-2023;PA2;C49;KOM 930 E;Sulfuro de Media;ESP/F08/1768/8080;FASE 8;STOCK_SME;582;2;ESPERANZA
12-06-2023;PA2;C50;KOM 930 E;Sulfuro de Media;ESP/F08/1768/8080;FASE 8;CHANCADO-SULFURO;582;2;ESPERANZA
12-06-2023;PA2;C51;KOM 930 E;Sulfuro de Media;ESP/F08/1768/8080;FASE 8;CHANCADO-SULFURO;873;3;ESPERANZA
12-06-2023;PA2;C51;KOM 930 E;Sulfuro de Media;ESP/F08/1768/8080;FASE 8;STOCK_SME;291;1;ESPERANZA
12-06-2023;PA2;C52;KOM 930 E;Sulfuro de Media;ESP/F08/1768/8080;FASE 8;CHANCADO-SULFURO;291;1;ESPERANZA
12-06-2023;PA2;C53;KOM 930 E;Sulfuro de Media;ESP/F08/1768/8080;FASE 8;CHANCADO-SULFURO;291;1;ESPERANZA
12-06-2023;PA2;C54;KOM 930 E;Sulfuro de Media;ESP/F08/1768/8080;FASE 8;CHANCADO-SULFURO;1164;4;ESPERANZA
12-06-2023;PA2;C55;KOM 930 E;Sulfuro de Media;ESP/F08/1768/8080;FASE 8;CHANCADO-SULFURO;582;2;ESPERANZA
12-06-2023;PA2;C55;KOM 930 E;Sulfuro de Media;ESP/F08/1768/8080;FASE 8;STOCK_SME;291;1;ESPERANZA
12-06-2023;PA2;C56;KOM 930 E;Sulfuro de Media;ESP/F08/1768/8080;FASE 8;CHANCADO-SULFURO;291;1;ESPERANZA
12-06-2023;PA2;C57;KOM 930 E;Sulfuro de Media;ESP/F08/1768/8080;FASE 8;CHANCADO-SULFURO;582;2;ESPERANZA
12-06-2023;PA2;C58;KOM 930 E;Sulfuro de Media;ESP/F08/1768/8080;FASE 8;CHANCADO-SULFURO;291;1;ESPERANZA
12-06-2023;PA2;C60;KOM 930 E;Sulfuro de Media;ESP/F08/1768/8080;FASE 8;CHANCADO-SULFURO;873;3;ESPERANZA
12-06-2023;PA2;C61;KOM 930 E;Sulfuro de Media;ESP/F08/1768/8080;FASE 8;CHANCADO-SULFURO;291;1;ESPERANZA
12-06-2023;PA2;C61;KOM 930 E;Sulfuro de Media;ESP/F08/1768/8080;FASE 8;STOCK_SME;291;1;ESPERANZA
12-06-2023;PA211;C07;CAT 797 B;Lastre Sulfurado;ESP/F10/2296/1050;FASE 10;BOT_CENTRAL_SUR_INF;1385,613953;4;ESPERANZA
12-06-2023;PA211;C07;CAT 797 B;Lastre Sulfurado;ESP/F10/2296/1050;FASE 10;BOT_MIJO;2771,227905;8;ESPERANZA
12-06-2023;PA211;C08;CAT 797 B;Lastre Sulfurado;ESP/F10/2296/1050;FASE 10;BOT_CENTRAL_SUR_INF;1039,211975;3;ESPERANZA
12-06-2023;PA211;C08;CAT 797 B;Lastre Sulfurado;ESP/F10/2296/1050;FASE 10;BOT_MIJO;3464,040039;10;ESPERANZA
12-06-2023;PA211;C09;CAT 797 B;Lastre Sulfurado;ESP/F10/2296/1050;FASE 10;BOT_MIJO;2078,419922;6;ESPERANZA
12-06-2023;PA211;C10;CAT 797 B;Lastre Sulfurado;ESP/F10/2296/1050;FASE 10;BOT_CENTRAL_SUR_INF;346,4039917;1;ESPERANZA
12-06-2023;PA211;C10;CAT 797 B;Lastre Sulfurado;ESP/F10/2296/1050;FASE 10;BOT_MIJO;2078,427979;6;ESPERANZA
12-06-2023;PA211;C12;CAT 797 B;Lastre Sulfurado;ESP/F10/2296/1050;FASE 10;BOT_CENTRAL_SUR_INF;346,4039917;1;ESPERANZA
12-06-2023;PA211;C12;CAT 797 B;Lastre Sulfurado;ESP/F10/2296/1050;FASE 10;BOT_MIJO;1732,017944;5;ESPERANZA
12-06-2023;PA211;C125;CAT 793 C;Lastre Sulfurado;ESP/F10/2296/1050;FASE 10;BOT_CENTRAL_SUR_INF;865,7450256;4;ESPERANZA
12-06-2023;PA211;C128;CAT 793 C;Lastre Sulfurado;ESP/F10/2296/1040;FASE 10;BOT_CENTRAL_SUR_INF;216,4360046;1;ESPERANZA
12-06-2023;PA211;C128;CAT 793 C;Lastre Sulfurado;ESP/F10/2296/1050;FASE 10;BOT_CENTRAL_SUR_INF;1947,926025;9;ESPERANZA
12-06-2023;PA211;C130;CAT 793 C;Lastre Sulfurado;ESP/F10/2296/1050;FASE 10;BOT_CENTRAL_SUR_INF;432,8729858;2;ESPERANZA
12-06-2023;PA211;C135;CAT 793 C;Lastre Sulfurado;ESP/F10/2296/1050;FASE 10;BOT_CENTRAL_SUR_INF;432,8729858;2;ESPERANZA
12-06-2023;PA211;C15;CAT 797 B;Lastre Sulfurado;ESP/F10/2296/1050;FASE 10;BOT_CENTRAL_SUR_INF;1039,209961;3;ESPERANZA
12-06-2023;PA211;C15;CAT 797 B;Lastre Sulfurado;ESP/F10/2296/1050;FASE 10;BOT_MIJO;3810,450073;11;ESPERANZA
12-06-2023;PA211;C152;CAT 793 F;Lastre Sulfurado;ESP/F10/2296/1050;FASE 10;BOT_CENTRAL_SUR_INF;1731,489075;8;ESPERANZA
12-06-2023;PA211;C152;CAT 793 F;Lastre Sulfurado;ESP/F10/2296/1050;FASE 10;BOT_MIJO;2380,801971;11;ESPERANZA
12-06-2023;PA211;C153;CAT 793 F;Lastre Sulfurado;ESP/F10/2296/1050;FASE 10;BOT_CENTRAL_SUR_INF;1731,489075;8;ESPERANZA
12-06-2023;PA211;C153;CAT 793 F;Lastre Sulfurado;ESP/F10/2296/1050;FASE 10;BOT_MIJO;1082,182007;5;ESPERANZA
12-06-2023;PA211;C154;CAT 793 F;Lastre Sulfurado;ESP/F10/2296/1050;FASE 10;BOT_CENTRAL_SUR_INF;1082,180054;5;ESPERANZA
12-06-2023;PA211;C155;CAT 793 F;Lastre Sulfurado;ESP/F10/2296/1050;FASE 10;BOT_CENTRAL_SUR_INF;649,3080139;3;ESPERANZA
12-06-2023;PA211;C156;CAT 793 F;Lastre Sulfurado;ESP/F10/2296/1050;FASE 10;BOT_CENTRAL_SUR_INF;432,8729858;2;ESPERANZA
12-06-2023;PA211;C16;CAT 797 B;Lastre Sulfurado;ESP/F10/2296/1050;FASE 10;BOT_CENTRAL_SUR_INF;2771,227905;8;ESPERANZA
12-06-2023;PA211;C16;CAT 797 B;Lastre Sulfurado;ESP/F10/2296/1050;FASE 10;BOT_MIJO;346,4039917;1;ESPERANZA
12-06-2023;PA211;C160;CAT 793 F;Lastre Sulfurado;ESP/F10/2296/1050;FASE 10;BOT_CENTRAL_SUR_INF;1298,617981;6;ESPERANZA
12-06-2023;PA211;C160;CAT 793 F;Lastre Sulfurado;ESP/F10/2296/1050;FASE 10;BOT_MIJO;1731,48999;8;ESPERANZA
12-06-2023;PA211;C161;CAT 793 F;Lastre Sulfurado;ESP/F10/2296/1050;FASE 10;BOT_CENTRAL_SUR_INF;1947,926025;9;ESPERANZA
12-06-2023;PA211;C162;CAT 793 F;Lastre Sulfurado;ESP/F10/2296/1050;FASE 10;BOT_CENTRAL_SUR_INF;649,309021;3;ESPERANZA
12-06-2023;PA211;C163;CAT 793 F;Lastre Sulfurado;ESP/F10/2296/1050;FASE 10;BOT_CENTRAL_SUR_INF;1515,056;7;ESPERANZA
12-06-2023;PA211;C17;CAT 797 F;Lastre Sulfurado;ESP/F10/2296/1050;FASE 10;BOT_CENTRAL_SUR_INF;346,4039917;1;ESPERANZA
12-06-2023;PA211;C18;CAT 797 F;Lastre Sulfurado;ESP/F10/2296/1050;FASE 10;BOT_CENTRAL_SUR_INF;1039,211975;3;ESPERANZA
12-06-2023;PA211;C18;CAT 797 F;Lastre Sulfurado;ESP/F10/2296/1050;FASE 10;BOT_MIJO;4156,848022;12;ESPERANZA
12-06-2023;PA211;C19;CAT 797 F;Lastre Sulfurado;ESP/F10/2296/1050;FASE 10;BOT_CENTRAL_SUR_INF;346,4039917;1;ESPERANZA
12-06-2023;PA211;C19;CAT 797 F;Lastre Sulfurado;ESP/F10/2296/1050;FASE 10;BOT_MIJO;346,4039917;1;ESPERANZA
12-06-2023;PA211;C21;CAT 797 F;Lastre Sulfurado;ESP/F10/2296/1050;FASE 10;BOT_CENTRAL_SUR_INF;692,8079834;2;ESPERANZA
12-06-2023;PA211;C23;CAT 797 F;Lastre Sulfurado;ESP/F10/2296/1050;FASE 10;BOT_CENTRAL_SUR_INF;692,8079834;2;ESPERANZA
12-06-2023;PA211;C25;CAT 797 F;Lastre Sulfurado;ESP/F10/2296/1050;FASE 10;BOT_CENTRAL_SUR_INF;2424,830078;7;ESPERANZA
12-06-2023;PA211;C32;CAT 797 F;Lastre Sulfurado;ESP/F10/2296/1050;FASE 10;BOT_CENTRAL_SUR_INF;346,4039917;1;ESPERANZA
12-06-2023;PA211;C34;CAT 797 F;Lastre Sulfurado;ESP/F10/2296/1050;FASE 10;BOT_CENTRAL_SUR_INF;346,4039917;1;ESPERANZA
12-06-2023;PA211;C36;CAT 797 F;Lastre Sulfurado;ESP/F10/2296/1050;FASE 10;BOT_CENTRAL_SUR_INF;346,4039917;1;ESPERANZA
12-06-2023;PA211;C39;CAT 797 F;Lastre Sulfurado;ESP/F10/2296/1050;FASE 10;BOT_CENTRAL_SUR_INF;2771,23407;8;ESPERANZA
12-06-2023;PA211;C41;CAT 797 F;Lastre Sulfurado;ESP/F10/2296/1050;FASE 10;BOT_CENTRAL_SUR_INF;346,4039917;1;ESPERANZA
12-06-2023;PA211;C42;CAT 797 F;Lastre Sulfurado;ESP/F10/2296/1050;FASE 10;BOT_CENTRAL_SUR_INF;346,4039917;1;ESPERANZA
12-06-2023;PA211;C48;CAT 797 F;Lastre Sulfurado;ESP/F10/2296/1050;FASE 10;BOT_CENTRAL_SUR_INF;346,4039917;1;ESPERANZA
12-06-2023;PA211;C50;KOM 930 E;Lastre Sulfurado;ESP/F10/2296/1050;FASE 10;BOT_CENTRAL_SUR_INF;291;1;ESPERANZA
12-06-2023;PA211;C54;KOM 930 E;Lastre Sulfurado;ESP/F10/2296/1050;FASE 10;BOT_CENTRAL_SUR_INF;582;2;ESPERANZA
12-06-2023;PA211;C55;KOM 930 E;Lastre Sulfurado;ESP/F10/2296/1050;FASE 10;BOT_CENTRAL_SUR_INF;873;3;ESPERANZA
12-06-2023;PA211;C56;KOM 930 E;Lastre Sulfurado;ESP/F10/2296/1050;FASE 10;BOT_CENTRAL_SUR_INF;873;3;ESPERANZA
12-06-2023;PA211;C59;KOM 930 E;Lastre Sulfurado;ESP/F10/2296/1050;FASE 10;BOT_CENTRAL_SUR_INF;291;1;ESPERANZA
12-06-2023;PA211;C60;KOM 930 E;Lastre Sulfurado;ESP/F10/2296/1050;FASE 10;BOT_CENTRAL_SUR_INF;291;1;ESPERANZA
12-06-2023;PA26;C09;CAT 797 B;Lastre Oxidado;ESP/F07/2104/709;FASE 7;BOT_2380_INT;692,8079834;2;ESPERANZA
12-06-2023;PA26;C14;CAT 797 B;Lastre Oxidado;ESP/F07/2104/709;FASE 7;BOT_2380_INT;346,4039917;1;ESPERANZA
12-06-2023;PA26;C20;CAT 797 F;Lastre Oxidado;ESP/F07/2104/709;FASE 7;BOT_2380_INT;346,4039917;1;ESPERANZA
12-06-2023;PA26;C20;CAT 797 F;Lastre Sulfurado;ESP/F07/2120/7290;FASE 7;BOT_2380_INT;346,4039917;1;ESPERANZA
12-06-2023;PA26;C21;CAT 797 F;Lastre Sulfurado;ESP/F07/2120/7290;FASE 7;BOT_2380_INT;692,8079834;2;ESPERANZA
12-06-2023;PA26;C22;CAT 797 F;Lastre Oxidado;ESP/F07/2104/709;FASE 7;BOT_2380_INT;346,4039917;1;ESPERANZA
12-06-2023;PA26;C22;CAT 797 F;Lastre Sulfurado;ESP/F07/2120/7290;FASE 7;BOT_2380_INT;346,4039917;1;ESPERANZA
12-06-2023;PA26;C23;CAT 797 F;Lastre Oxidado;ESP/F07/2104/709;FASE 7;BOT_2380_INT;346,4039917;1;ESPERANZA
12-06-2023;PA26;C24;CAT 797 F;Lastre Oxidado;ESP/F07/2104/709;FASE 7;BOT_2380_INT;346,4039917;1;ESPERANZA
12-06-2023;PA26;C24;CAT 797 F;Lastre Sulfurado;ESP/F07/2120/7290;FASE 7;BOT_2380_INT;346,4039917;1;ESPERANZA
12-06-2023;PA26;C25;CAT 797 F;Lastre Oxidado;ESP/F07/2104/709;FASE 7;BOT_2380_INT;692,8079834;2;ESPERANZA
12-06-2023;PA26;C25;CAT 797 F;Lastre Sulfurado;ESP/F07/2120/7290;FASE 7;BOT_2380_INT;346,4039917;1;ESPERANZA
12-06-2023;PA26;C32;CAT 797 F;Lastre Sulfurado;ESP/F07/2120/7290;FASE 7;BOT_2380_INT;346,4039917;1;ESPERANZA
12-06-2023;PA26;C34;CAT 797 F;Lastre Sulfurado;ESP/F07/2120/7290;FASE 7;BOT_2380_INT;346,4039917;1;ESPERANZA
12-06-2023;PA26;C39;CAT 797 F;Lastre Sulfurado;ESP/F07/2120/7290;FASE 7;BOT_2380_INT;346,4039917;1;ESPERANZA
12-06-2023;PA26;C41;CAT 797 F;Lastre Oxidado;ESP/F07/2104/709;FASE 7;BOT_2380_INT;346,4039917;1;ESPERANZA
12-06-2023;PA26;C45;CAT 797 F;Lastre Sulfurado;ESP/F07/2120/7290;FASE 7;BOT_2380_INT;346,4039917;1;ESPERANZA
12-06-2023;PA26;C46;CAT 797 F;Lastre Sulfurado;ESP/F07/2120/7290;FASE 7;BOT_2380_INT;692,8079834;2;ESPERANZA
12-06-2023;PA26;C52;KOM 930 E;Lastre Sulfurado;ESP/F07/2120/7290;FASE 7;BOT_2380_INT;291;1;ESPERANZA
12-06-2023;PA26;C54;KOM 930 E;Lastre Oxidado;ESP/F07/2104/709;FASE 7;BOT_MIJO;291;1;ESPERANZA
12-06-2023;PA3;C07;CAT 797 B;Lastre Sulfurado;ESP/F07/2120/7290;FASE 7;BOT_MIJO;346,4039917;1;ESPERANZA
12-06-2023;PA3;C08;CAT 797 B;Lastre Sulfurado;ESP/F07/2120/7290;FASE 7;BOT_2380_INT;1039,211975;3;ESPERANZA
12-06-2023;PA3;C09;CAT 797 B;Lastre Sulfurado;ESP/F07/2120/7290;FASE 7;BOT_2380_INT;1732,023987;5;ESPERANZA
12-06-2023;PA3;C09;CAT 797 B;Lastre Sulfurado;ESP/F07/2120/731;FASE 7;BOT_2380_INT;346,4039917;1;ESPERANZA
12-06-2023;PA3;C10;CAT 797 B;Lastre Sulfurado;ESP/F07/2120/7290;FASE 7;BOT_2380_INT;692,8079834;2;ESPERANZA
12-06-2023;PA3;C11;CAT 797 B;Lastre Sulfurado;ESP/F07/2120/7290;FASE 7;BOT_2380_INT;692,8079834;2;ESPERANZA
12-06-2023;PA3;C12;CAT 797 B;Lastre Sulfurado;ESP/F07/2120/7290;FASE 7;BOT_2380_INT;2078,419922;6;ESPERANZA
12-06-2023;PA3;C128;CAT 793 C;Lastre Sulfurado;ESP/F07/2120/7290;FASE 7;BOT_2380_INT;216,4360046;1;ESPERANZA
12-06-2023;PA3;C130;CAT 793 C;Lastre Sulfurado;ESP/F07/2120/7290;FASE 7;BOT_MIJO;216,4360046;1;ESPERANZA
12-06-2023;PA3;C14;CAT 797 B;Lastre Sulfurado;ESP/F07/2120/7290;FASE 7;BOT_2380_INT;2078,421936;6;ESPERANZA
12-06-2023;PA3;C15;CAT 797 B;Lastre Sulfurado;ESP/F07/2120/7290;FASE 7;BOT_2380_INT;2424,83197;7;ESPERANZA
12-06-2023;PA3;C152;CAT 793 F;Lastre Sulfurado;ESP/F07/2120/7290;FASE 7;BOT_2380_INT;432,8729858;2;ESPERANZA
12-06-2023;PA3;C154;CAT 793 F;Lastre Sulfurado;ESP/F07/2120/7290;FASE 7;BOT_2380_INT;649,3089905;3;ESPERANZA
12-06-2023;PA3;C155;CAT 793 F;Lastre Sulfurado;ESP/F07/2120/7290;FASE 7;BOT_2380_INT;865,7450256;4;ESPERANZA
12-06-2023;PA3;C159;CAT 793 F;Lastre Sulfurado;ESP/F07/2120/7290;FASE 7;BOT_2380_INT;1515,05304;7;ESPERANZA
12-06-2023;PA3;C159;CAT 793 F;Lastre Sulfurado;ESP/F07/2120/731;FASE 7;BOT_2380_INT;432,8729858;2;ESPERANZA
12-06-2023;PA3;C17;CAT 797 F;Lastre Sulfurado;ESP/F07/2120/7290;FASE 7;BOT_2380_INT;2771,231995;8;ESPERANZA
12-06-2023;PA3;C18;CAT 797 F;Lastre Sulfurado;ESP/F07/2120/7290;FASE 7;BOT_2380_INT;346,4039917;1;ESPERANZA
12-06-2023;PA3;C19;CAT 797 F;Lastre Sulfurado;ESP/F07/2120/7290;FASE 7;BOT_2380_INT;2771,231934;8;ESPERANZA
12-06-2023;PA3;C19;CAT 797 F;Lastre Sulfurado;ESP/F07/2120/731;FASE 7;BOT_2380_INT;692,8079834;2;ESPERANZA
12-06-2023;PA3;C20;CAT 797 F;Lastre Sulfurado;ESP/F07/2120/7290;FASE 7;BOT_2380_INT;1732,017944;5;ESPERANZA
12-06-2023;PA3;C20;CAT 797 F;Lastre Sulfurado;ESP/F07/2120/731;FASE 7;BOT_2380_INT;692,8079834;2;ESPERANZA
12-06-2023;PA3;C21;CAT 797 F;Lastre Sulfurado;ESP/F07/2120/7290;FASE 7;BOT_2380_INT;3117,635986;9;ESPERANZA
12-06-2023;PA3;C22;CAT 797 F;Lastre Sulfurado;ESP/F07/2120/7290;FASE 7;BOT_2380_INT;3464,039978;10;ESPERANZA
12-06-2023;PA3;C22;CAT 797 F;Lastre Sulfurado;ESP/F07/2120/7290;FASE 7;BOT_MIJO;346,4039917;1;ESPERANZA
12-06-2023;PA3;C23;CAT 797 F;Lastre Sulfurado;ESP/F07/2120/7290;FASE 7;BOT_2380_INT;2424,825928;7;ESPERANZA
12-06-2023;PA3;C23;CAT 797 F;Lastre Sulfurado;ESP/F07/2120/731;FASE 7;BOT_2380_INT;346,4039917;1;ESPERANZA
12-06-2023;PA3;C24;CAT 797 F;Lastre Sulfurado;ESP/F07/2120/7290;FASE 7;BOT_2380_INT;2078,421936;6;ESPERANZA
12-06-2023;PA3;C24;CAT 797 F;Lastre Sulfurado;ESP/F07/2120/731;FASE 7;BOT_2380_INT;346,4039917;1;ESPERANZA
12-06-2023;PA3;C25;CAT 797 F;Lastre Sulfurado;ESP/F07/2120/7290;FASE 7;BOT_2380_INT;1385,619995;4;ESPERANZA
12-06-2023;PA3;C32;CAT 797 F;Lastre Sulfurado;ESP/F07/2120/7290;FASE 7;BOT_2380_INT;3464,043945;10;ESPERANZA
12-06-2023;PA3;C32;CAT 797 F;Lastre Sulfurado;ESP/F07/2120/731;FASE 7;BOT_2380_INT;346,4039917;1;ESPERANZA
12-06-2023;PA3;C34;CAT 797 F;Lastre Sulfurado;ESP/F07/2120/7290;FASE 7;BOT_2380_INT;4849,651917;14;ESPERANZA
12-06-2023;PA3;C34;CAT 797 F;Lastre Sulfurado;ESP/F07/2120/731;FASE 7;BOT_2380_INT;1039,209961;3;ESPERANZA
12-06-2023;PA3;C36;CAT 797 F;Lastre Sulfurado;ESP/F07/2120/7290;FASE 7;BOT_2380_INT;1385,619995;4;ESPERANZA
12-06-2023;PA3;C37;CAT 797 F;Lastre Sulfurado;ESP/F07/2120/7290;FASE 7;BOT_2380_INT;692,8079834;2;ESPERANZA
12-06-2023;PA3;C38;CAT 797 F;Lastre Sulfurado;ESP/F07/2120/7290;FASE 7;BOT_2380_INT;2078,427979;6;ESPERANZA
12-06-2023;PA3;C38;CAT 797 F;Lastre Sulfurado;ESP/F07/2120/731;FASE 7;BOT_2380_INT;346,4039917;1;ESPERANZA
12-06-2023;PA3;C39;CAT 797 F;Lastre Sulfurado;ESP/F07/2120/7290;FASE 7;BOT_2380_INT;1385,615967;4;ESPERANZA
12-06-2023;PA3;C40;CAT 797 F;Lastre Sulfurado;ESP/F07/2120/7290;FASE 7;BOT_2380_INT;3464,037903;10;ESPERANZA
12-06-2023;PA3;C40;CAT 797 F;Lastre Sulfurado;ESP/F07/2120/731;FASE 7;BOT_2380_INT;346,4039917;1;ESPERANZA
12-06-2023;PA3;C41;CAT 797 F;Lastre Sulfurado;ESP/F07/2120/7290;FASE 7;BOT_2380_INT;2078,42395;6;ESPERANZA
12-06-2023;PA3;C41;CAT 797 F;Lastre Sulfurado;ESP/F07/2120/731;FASE 7;BOT_2380_INT;692,8079834;2;ESPERANZA
12-06-2023;PA3;C42;CAT 797 F;Lastre Sulfurado;ESP/F07/2120/7290;FASE 7;BOT_2380_INT;3464,041931;10;ESPERANZA
12-06-2023;PA3;C42;CAT 797 F;Lastre Sulfurado;ESP/F07/2120/731;FASE 7;BOT_2380_INT;346,4039917;1;ESPERANZA
12-06-2023;PA3;C43;CAT 797 F;Lastre Sulfurado;ESP/F07/2120/731;FASE 7;BOT_2380_INT;1039,209961;3;ESPERANZA
12-06-2023;PA3;C44;CAT 797 F;Lastre Sulfurado;ESP/F07/2120/7290;FASE 7;BOT_2380_INT;3464,043945;10;ESPERANZA
12-06-2023;PA3;C45;CAT 797 F;Lastre Sulfurado;ESP/F07/2120/7290;FASE 7;BOT_2380_INT;1732,019958;5;ESPERANZA
12-06-2023;PA3;C45;CAT 797 F;Lastre Sulfurado;ESP/F07/2120/731;FASE 7;BOT_2380_INT;346,4039917;1;ESPERANZA
12-06-2023;PA3;C46;CAT 797 F;Lastre Sulfurado;ESP/F07/2120/7290;FASE 7;BOT_2380_INT;3117,633972;9;ESPERANZA
12-06-2023;PA3;C47;CAT 797 F;Lastre Sulfurado;ESP/F07/2120/7290;FASE 7;BOT_2380_INT;1385,615967;4;ESPERANZA
12-06-2023;PA3;C47;CAT 797 F;Lastre Sulfurado;ESP/F07/2120/7290;FASE 7;BOT_MIJO;346,4039917;1;ESPERANZA
12-06-2023;PA3;C47;CAT 797 F;Lastre Sulfurado;ESP/F07/2120/731;FASE 7;BOT_2380_INT;692,8079834;2;ESPERANZA
12-06-2023;PA3;C48;CAT 797 F;Lastre Sulfurado;ESP/F07/2120/7290;FASE 7;BOT_2380_INT;2771,227905;8;ESPERANZA
12-06-2023;PA3;C48;CAT 797 F;Lastre Sulfurado;ESP/F07/2120/731;FASE 7;BOT_2380_INT;346,4039917;1;ESPERANZA
12-06-2023;PA3;C49;KOM 930 E;Lastre Sulfurado;ESP/F07/2120/7290;FASE 7;BOT_2380_INT;582;2;ESPERANZA
12-06-2023;PA3;C49;KOM 930 E;Lastre Sulfurado;ESP/F07/2120/7290;FASE 7;BOT_MIJO;291;1;ESPERANZA
12-06-2023;PA3;C50;KOM 930 E;Lastre Sulfurado;ESP/F07/2120/7290;FASE 7;BOT_2380_INT;291;1;ESPERANZA
12-06-2023;PA3;C50;KOM 930 E;Lastre Sulfurado;ESP/F07/2120/7290;FASE 7;BOT_MIJO;291;1;ESPERANZA
12-06-2023;PA3;C51;KOM 930 E;Lastre Sulfurado;ESP/F07/2120/7290;FASE 7;BOT_2380_INT;291;1;ESPERANZA
12-06-2023;PA3;C52;KOM 930 E;Lastre Sulfurado;ESP/F07/2120/7290;FASE 7;BOT_2380_INT;1164;4;ESPERANZA
12-06-2023;PA3;C53;KOM 930 E;Lastre Sulfurado;ESP/F07/2120/7290;FASE 7;BOT_2380_INT;873;3;ESPERANZA
12-06-2023;PA3;C53;KOM 930 E;Lastre Sulfurado;ESP/F07/2120/7290;FASE 7;BOT_MIJO;873;3;ESPERANZA
12-06-2023;PA3;C54;KOM 930 E;Lastre Sulfurado;ESP/F07/2120/7290;FASE 7;BOT_MIJO;582;2;ESPERANZA
12-06-2023;PA3;C54;KOM 930 E;Lastre Sulfurado;ESP/F07/2120/731;FASE 7;BOT_MIJO;291;1;ESPERANZA
12-06-2023;PA3;C55;KOM 930 E;Lastre Sulfurado;ESP/F07/2120/7290;FASE 7;BOT_2380_INT;1164;4;ESPERANZA
12-06-2023;PA3;C55;KOM 930 E;Lastre Sulfurado;ESP/F07/2120/7290;FASE 7;BOT_MIJO;291;1;ESPERANZA
12-06-2023;PA3;C56;KOM 930 E;Lastre Sulfurado;ESP/F07/2120/7290;FASE 7;BOT_2380_INT;873;3;ESPERANZA
12-06-2023;PA3;C58;KOM 930 E;Lastre Sulfurado;ESP/F07/2120/7290;FASE 7;BOT_2380_INT;291;1;ESPERANZA
12-06-2023;PA3;C58;KOM 930 E;Lastre Sulfurado;ESP/F07/2120/7290;FASE 7;BOT_MIJO;291;1;ESPERANZA
12-06-2023;PA3;C59;KOM 930 E;Lastre Sulfurado;ESP/F07/2120/7290;FASE 7;BOT_2380_INT;291;1;ESPERANZA
12-06-2023;PA3;C60;KOM 930 E;Lastre Sulfurado;ESP/F07/2120/7290;FASE 7;BOT_2380_INT;291;1;ESPERANZA
12-06-2023;PA3;C60;KOM 930 E;Lastre Sulfurado;ESP/F07/2120/7290;FASE 7;BOT_MIJO;291;1;ESPERANZA
12-06-2023;PA3;C61;KOM 930 E;Lastre Sulfurado;ESP/F07/2120/7290;FASE 7;BOT_2380_INT;291;1;ESPERANZA
12-06-2023;PA4;C07;CAT 797 B;Lastre Oxidado;ESP/F10/2328/130;FASE 10;BOT_CENTRAL_SUR_INF;3464,040039;10;ESPERANZA
12-06-2023;PA4;C08;CAT 797 B;Lastre Oxidado;ESP/F10/2328/130;FASE 10;BOT_CENTRAL_SUR_INF;346,4039917;1;ESPERANZA
12-06-2023;PA4;C09;CAT 797 B;Lastre Oxidado;ESP/F10/2328/130;FASE 10;BOT_CENTRAL_SUR_INF;1732,023987;5;ESPERANZA
12-06-2023;PA4;C10;CAT 797 B;Lastre Oxidado;ESP/F10/2328/130;FASE 10;BOT_CENTRAL_SUR_INF;6928,082092;20;ESPERANZA
12-06-2023;PA4;C122;CAT 793 C;Lastre Oxidado;ESP/F10/2328/130;FASE 10;BOT_CENTRAL_SUR_INF;216,4360046;1;ESPERANZA
12-06-2023;PA4;C125;CAT 793 C;Lastre Oxidado;ESP/F10/2328/130;FASE 10;BOT_CENTRAL_SUR_INF;432,8729858;2;ESPERANZA
12-06-2023;PA4;C128;CAT 793 C;Lastre Oxidado;ESP/F10/2328/130;FASE 10;BOT_CENTRAL_SUR_INF;1298,619995;6;ESPERANZA
12-06-2023;PA4;C135;CAT 793 C;Lastre Oxidado;ESP/F10/2328/130;FASE 10;BOT_CENTRAL_SUR_INF;432,8729858;2;ESPERANZA
12-06-2023;PA4;C15;CAT 797 B;Lastre Oxidado;ESP/F10/2328/130;FASE 10;BOT_CENTRAL_SUR_INF;692,8079834;2;ESPERANZA
12-06-2023;PA4;C152;CAT 793 F;Lastre Oxidado;ESP/F10/2328/130;FASE 10;BOT_CENTRAL_SUR_INF;432,8720093;2;ESPERANZA
12-06-2023;PA4;C153;CAT 793 F;Lastre Oxidado;ESP/F10/2328/130;FASE 10;BOT_CENTRAL_SUR_INF;216,4360046;1;ESPERANZA
12-06-2023;PA4;C16;CAT 797 B;Lastre Oxidado;ESP/F10/2328/130;FASE 10;BOT_CENTRAL_SUR_INF;346,4039917;1;ESPERANZA
12-06-2023;PA4;C160;CAT 793 F;Lastre Oxidado;ESP/F10/2328/130;FASE 10;BOT_CENTRAL_SUR_INF;649,3080139;3;ESPERANZA
12-06-2023;PA4;C161;CAT 793 F;Lastre Oxidado;ESP/F10/2328/130;FASE 10;BOT_CENTRAL_SUR_INF;649,3089905;3;ESPERANZA
12-06-2023;PA4;C162;CAT 793 F;Lastre Oxidado;ESP/F10/2328/130;FASE 10;BOT_CENTRAL_SUR_INF;432,8729858;2;ESPERANZA
12-06-2023;PA4;C163;CAT 793 F;Lastre Oxidado;ESP/F10/2328/130;FASE 10;BOT_CENTRAL_SUR_INF;649,3089905;3;ESPERANZA
12-06-2023;PA4;C18;CAT 797 F;Lastre Oxidado;ESP/F10/2328/130;FASE 10;BOT_CENTRAL_SUR_INF;2078,424011;6;ESPERANZA
12-06-2023;PA4;C20;CAT 797 F;Lastre Oxidado;ESP/F10/2328/130;FASE 10;BOT_CENTRAL_SUR_INF;692,8079834;2;ESPERANZA
12-06-2023;PA4;C23;CAT 797 F;Lastre Oxidado;ESP/F10/2328/130;FASE 10;BOT_CENTRAL_SUR_INF;692,8079834;2;ESPERANZA
12-06-2023;PA4;C25;CAT 797 F;Lastre Oxidado;ESP/F10/2328/130;FASE 10;BOT_CENTRAL_SUR_INF;346,4039917;1;ESPERANZA
12-06-2023;PA4;C32;CAT 797 F;Lastre Oxidado;ESP/F10/2328/130;FASE 10;BOT_CENTRAL_SUR_INF;1039,211975;3;ESPERANZA
12-06-2023;PA4;C34;CAT 797 F;Lastre Oxidado;ESP/F10/2328/130;FASE 10;BOT_CENTRAL_SUR_INF;692,8079834;2;ESPERANZA
12-06-2023;PA4;C39;CAT 797 F;Lastre Oxidado;ESP/F10/2328/130;FASE 10;BOT_CENTRAL_SUR_INF;692,8079834;2;ESPERANZA
12-06-2023;PA4;C48;CAT 797 F;Lastre Oxidado;ESP/F10/2328/130;FASE 10;BOT_CENTRAL_SUR_INF;346,4039917;1;ESPERANZA
12-06-2023;PA4;C49;KOM 930 E;Lastre Oxidado;ESP/F10/2328/130;FASE 10;BOT_CENTRAL_SUR_INF;291;1;ESPERANZA
12-06-2023;PA4;C60;KOM 930 E;Lastre Oxidado;ESP/F10/2328/130;FASE 10;BOT_CENTRAL_SUR_INF;291;1;ESPERANZA
12-06-2023;PA6;C07;CAT 797 B;Lastre Sulfurado;ESP/F10/2296/1040;FASE 10;BOT_CENTRAL_SUR_INF;3464,042053;10;ESPERANZA
12-06-2023;PA6;C08;CAT 797 B;Lastre Sulfurado;ESP/F10/2296/1040;FASE 10;BOT_CENTRAL_SUR_INF;2424,823914;7;ESPERANZA
12-06-2023;PA6;C09;CAT 797 B;Lastre Sulfurado;ESP/F10/2296/1040;FASE 10;BOT_CENTRAL_SUR_INF;2424,823914;7;ESPERANZA
12-06-2023;PA6;C10;CAT 797 B;Lastre Sulfurado;ESP/F10/2296/1040;FASE 10;BOT_CENTRAL_SUR_INF;2424,823914;7;ESPERANZA
12-06-2023;PA6;C12;CAT 797 B;Lastre Sulfurado;ESP/F10/2296/1040;FASE 10;BOT_CENTRAL_SUR_INF;1385,619995;4;ESPERANZA
12-06-2023;PA6;C125;CAT 793 C;Lastre Sulfurado;ESP/F10/2296/1040;FASE 10;BOT_CENTRAL_SUR_INF;216,4360046;1;ESPERANZA
12-06-2023;PA6;C128;CAT 793 C;Lastre Sulfurado;ESP/F10/2296/1040;FASE 10;BOT_CENTRAL_SUR_INF;432,8720093;2;ESPERANZA
12-06-2023;PA6;C130;CAT 793 C;Lastre Sulfurado;ESP/F10/2296/1040;FASE 10;BOT_CENTRAL_SUR_INF;649,3089905;3;ESPERANZA
12-06-2023;PA6;C135;CAT 793 C;Lastre Sulfurado;ESP/F10/2296/1040;FASE 10;BOT_CENTRAL_SUR_INF;432,8729858;2;ESPERANZA
12-06-2023;PA6;C14;CAT 797 B;Lastre Sulfurado;ESP/F10/2296/1040;FASE 10;BOT_CENTRAL_SUR_INF;1039,209961;3;ESPERANZA
12-06-2023;PA6;C15;CAT 797 B;Lastre Sulfurado;ESP/F10/2296/1040;FASE 10;BOT_CENTRAL_SUR_INF;3117,640015;9;ESPERANZA
12-06-2023;PA6;C15;CAT 797 B;Lastre Sulfurado;ESP/F10/2296/1040;FASE 10;BOT_RAMPA_SUPERIOR;346,4039917;1;ESPERANZA
12-06-2023;PA6;C152;CAT 793 F;Lastre Sulfurado;ESP/F10/2296/1040;FASE 10;BOT_CENTRAL_SUR_INF;1298,619995;6;ESPERANZA
12-06-2023;PA6;C153;CAT 793 F;Lastre Sulfurado;ESP/F10/2296/1040;FASE 10;BOT_CENTRAL_SUR_INF;1298,618958;6;ESPERANZA
12-06-2023;PA6;C154;CAT 793 F;Lastre Sulfurado;ESP/F10/2296/1040;FASE 10;BOT_CENTRAL_SUR_INF;649,309021;3;ESPERANZA
12-06-2023;PA6;C154;CAT 793 F;Lastre Sulfurado;ESP/F10/2296/1040;FASE 10;BOT_MIJO;216,4360046;1;ESPERANZA
12-06-2023;PA6;C156;CAT 793 F;Lastre Sulfurado;ESP/F10/2296/1040;FASE 10;BOT_CENTRAL_SUR_INF;216,4360046;1;ESPERANZA
12-06-2023;PA6;C16;CAT 797 B;Lastre Sulfurado;ESP/F10/2296/1040;FASE 10;BOT_CENTRAL_SUR_INF;692,8079834;2;ESPERANZA
12-06-2023;PA6;C160;CAT 793 F;Lastre Sulfurado;ESP/F10/2296/1040;FASE 10;BOT_CENTRAL_SUR_INF;1731,489075;8;ESPERANZA
12-06-2023;PA6;C161;CAT 793 F;Lastre Sulfurado;ESP/F10/2296/1040;FASE 10;BOT_CENTRAL_SUR_INF;865,7450256;4;ESPERANZA
12-06-2023;PA6;C162;CAT 793 F;Lastre Sulfurado;ESP/F10/2296/1040;FASE 10;BOT_CENTRAL_SUR_INF;216,4360046;1;ESPERANZA
12-06-2023;PA6;C18;CAT 797 F;Lastre Sulfurado;ESP/F10/2296/1040;FASE 10;BOT_CENTRAL_SUR_INF;3464,039917;10;ESPERANZA
12-06-2023;PA6;C25;CAT 797 F;Lastre Sulfurado;ESP/F10/2296/1040;FASE 10;BOT_CENTRAL_SUR_INF;1385,619995;4;ESPERANZA
12-06-2023;PA6;C32;CAT 797 F;Lastre Sulfurado;ESP/F10/2296/1040;FASE 10;BOT_CENTRAL_SUR_INF;346,4039917;1;ESPERANZA
12-06-2023;PA6;C34;CAT 797 F;Lastre Sulfurado;ESP/F10/2296/1040;FASE 10;BOT_CENTRAL_SUR_INF;346,4039917;1;ESPERANZA
12-06-2023;PA6;C40;CAT 797 F;Lastre Sulfurado;ESP/F10/2296/1040;FASE 10;BOT_CENTRAL_SUR_INF;692,8079834;2;ESPERANZA
12-06-2023;PA6;C42;CAT 797 F;Lastre Sulfurado;ESP/F10/2296/1040;FASE 10;BOT_CENTRAL_SUR_INF;346,4039917;1;ESPERANZA
12-06-2023;PA6;C44;CAT 797 F;Lastre Sulfurado;ESP/F10/2296/1040;FASE 10;BOT_CENTRAL_SUR_INF;692,8079834;2;ESPERANZA
12-06-2023;PA6;C51;KOM 930 E;Lastre Sulfurado;ESP/F10/2296/1040;FASE 10;BOT_CENTRAL_SUR_INF;291;1;ESPERANZA
12-06-2023;PA6;C53;KOM 930 E;Lastre Sulfurado;ESP/F10/2296/1040;FASE 10;BOT_CENTRAL_SUR_INF;291;1;ESPERANZA
12-06-2023;PA6;C54;KOM 930 E;Lastre Sulfurado;ESP/F10/2296/1040;FASE 10;BOT_CENTRAL_SUR_INF;291;1;ESPERANZA
12-06-2023;PA6;C58;KOM 930 E;Lastre Sulfurado;ESP/F10/2296/1040;FASE 10;BOT_CENTRAL_SUR_INF;291;1;ESPERANZA
12-06-2023;PA6;C60;KOM 930 E;Lastre Sulfurado;ESP/F10/2296/1040;FASE 10;BOT_CENTRAL_SUR_INF;291;1;ESPERANZA
12-06-2023;PA7;C07;CAT 797 B;Lastre Sulfurado;ESP/F07/2104/708;FASE 7;BOT_2380_INT;692,8079834;2;ESPERANZA
12-06-2023;PA7;C09;CAT 797 B;Lastre Sulfurado;ESP/F07/2104/708;FASE 7;BOT_2380_INT;1039,211975;3;ESPERANZA
12-06-2023;PA7;C125;CAT 793 C;Lastre Sulfurado;ESP/F07/2104/708;FASE 7;BOT_2380_INT;216,4360046;1;ESPERANZA
12-06-2023;PA7;C128;CAT 793 C;Lastre Sulfurado;ESP/F07/2104/708;FASE 7;BOT_2380_INT;649,309021;3;ESPERANZA
12-06-2023;PA7;C130;CAT 793 C;Lastre Sulfurado;ESP/F07/2104/708;FASE 7;BOT_2380_INT;216,4360046;1;ESPERANZA
12-06-2023;PA7;C14;CAT 797 B;Lastre Sulfurado;ESP/F07/2104/708;FASE 7;BOT_2380_INT;1385,613953;4;ESPERANZA
12-06-2023;PA7;C15;CAT 797 B;Lastre Sulfurado;ESP/F07/2104/708;FASE 7;BOT_2380_INT;692,8079834;2;ESPERANZA
12-06-2023;PA7;C152;CAT 793 F;Lastre Sulfurado;ESP/F07/2104/708;FASE 7;BOT_2380_INT;216,4360046;1;ESPERANZA
12-06-2023;PA7;C16;CAT 797 B;Lastre Sulfurado;ESP/F07/2104/708;FASE 7;BOT_2380_INT;346,4039917;1;ESPERANZA
12-06-2023;PA7;C17;CAT 797 F;Lastre Sulfurado;ESP/F07/2104/708;FASE 7;BOT_2380_INT;1039,211975;3;ESPERANZA
12-06-2023;PA7;C18;CAT 797 F;Lastre Sulfurado;ESP/F07/2104/708;FASE 7;BOT_2380_INT;1039,209961;3;ESPERANZA
12-06-2023;PA7;C19;CAT 797 F;Lastre Sulfurado;ESP/F07/2104/708;FASE 7;BOT_2380_INT;1385,615967;4;ESPERANZA
12-06-2023;PA7;C20;CAT 797 F;Lastre Sulfurado;ESP/F07/2104/708;FASE 7;BOT_2380_INT;1732,019958;5;ESPERANZA
12-06-2023;PA7;C21;CAT 797 F;Lastre Sulfurado;ESP/F07/2104/708;FASE 7;BOT_2380_INT;1039,211975;3;ESPERANZA
12-06-2023;PA7;C22;CAT 797 F;Lastre Sulfurado;ESP/F07/2104/708;FASE 7;BOT_2380_INT;2078,42395;6;ESPERANZA
12-06-2023;PA7;C23;CAT 797 F;Lastre Sulfurado;ESP/F07/2104/708;FASE 7;BOT_2380_INT;1039,211975;3;ESPERANZA
12-06-2023;PA7;C24;CAT 797 F;Lastre Sulfurado;ESP/F07/2104/708;FASE 7;BOT_2380_INT;346,4039917;1;ESPERANZA
12-06-2023;PA7;C25;CAT 797 F;Lastre Sulfurado;ESP/F07/2104/708;FASE 7;BOT_2380_INT;346,4039917;1;ESPERANZA
12-06-2023;PA7;C32;CAT 797 F;Lastre Sulfurado;ESP/F07/2104/708;FASE 7;BOT_2380_INT;1385,615967;4;ESPERANZA
12-06-2023;PA7;C34;CAT 797 F;Lastre Sulfurado;ESP/F07/2104/708;FASE 7;BOT_2380_INT;1732,023987;5;ESPERANZA
12-06-2023;PA7;C36;CAT 797 F;Lastre Sulfurado;ESP/F07/2104/708;FASE 7;BOT_2380_INT;1039,209961;3;ESPERANZA
12-06-2023;PA7;C37;CAT 797 F;Lastre Sulfurado;ESP/F07/2104/708;FASE 7;BOT_2380_INT;692,8079834;2;ESPERANZA
12-06-2023;PA7;C38;CAT 797 F;Lastre Sulfurado;ESP/F07/2104/708;FASE 7;BOT_2380_INT;1039,211975;3;ESPERANZA
12-06-2023;PA7;C39;CAT 797 F;Lastre Sulfurado;ESP/F07/2104/708;FASE 7;BOT_2380_INT;1385,619995;4;ESPERANZA
12-06-2023;PA7;C40;CAT 797 F;Lastre Sulfurado;ESP/F07/2104/708;FASE 7;BOT_2380_INT;1385,615967;4;ESPERANZA
12-06-2023;PA7;C41;CAT 797 F;Lastre Sulfurado;ESP/F07/2104/708;FASE 7;BOT_2380_INT;1732,017944;5;ESPERANZA
12-06-2023;PA7;C42;CAT 797 F;Lastre Sulfurado;ESP/F07/2104/708;FASE 7;BOT_2380_INT;1039,211975;3;ESPERANZA
12-06-2023;PA7;C44;CAT 797 F;Lastre Sulfurado;ESP/F07/2104/708;FASE 7;BOT_2380_INT;2078,42395;6;ESPERANZA
12-06-2023;PA7;C45;CAT 797 F;Lastre Sulfurado;ESP/F07/2104/708;FASE 7;BOT_2380_INT;1732,023987;5;ESPERANZA
12-06-2023;PA7;C46;CAT 797 F;Lastre Sulfurado;ESP/F07/2104/708;FASE 7;BOT_2380_INT;1732,017944;5;ESPERANZA
12-06-2023;PA7;C47;CAT 797 F;Lastre Sulfurado;ESP/F07/2104/708;FASE 7;BOT_2380_INT;692,8079834;2;ESPERANZA
12-06-2023;PA7;C47;CAT 797 F;Lastre Sulfurado;ESP/F07/2104/708;FASE 7;BOT_MIJO;346,4039917;1;ESPERANZA
12-06-2023;PA7;C48;CAT 797 F;Lastre Sulfurado;ESP/F07/2104/708;FASE 7;BOT_2380_INT;1732,019958;5;ESPERANZA
12-06-2023;PA7;C49;KOM 930 E;Lastre Sulfurado;ESP/F07/2104/708;FASE 7;BOT_2380_INT;582;2;ESPERANZA
12-06-2023;PA7;C49;KOM 930 E;Lastre Sulfurado;ESP/F07/2104/708;FASE 7;BOT_MIJO;582;2;ESPERANZA
12-06-2023;PA7;C50;KOM 930 E;Lastre Sulfurado;ESP/F07/2104/708;FASE 7;BOT_2380_INT;291;1;ESPERANZA
12-06-2023;PA7;C51;KOM 930 E;Lastre Sulfurado;ESP/F07/2104/708;FASE 7;BOT_2380_INT;291;1;ESPERANZA
12-06-2023;PA7;C51;KOM 930 E;Lastre Sulfurado;ESP/F07/2104/708;FASE 7;BOT_MIJO;582;2;ESPERANZA
12-06-2023;PA7;C52;KOM 930 E;Lastre Sulfurado;ESP/F07/2104/708;FASE 7;BOT_2380_INT;1455;5;ESPERANZA
12-06-2023;PA7;C53;KOM 930 E;Lastre Sulfurado;ESP/F07/2104/708;FASE 7;BOT_2380_INT;582;2;ESPERANZA
12-06-2023;PA7;C53;KOM 930 E;Lastre Sulfurado;ESP/F07/2104/708;FASE 7;BOT_MIJO;291;1;ESPERANZA
12-06-2023;PA7;C54;KOM 930 E;Lastre Sulfurado;ESP/F07/2104/708;FASE 7;BOT_2380_INT;291;1;ESPERANZA
12-06-2023;PA7;C54;KOM 930 E;Lastre Sulfurado;ESP/F07/2104/708;FASE 7;BOT_MIJO;291;1;ESPERANZA
12-06-2023;PA7;C55;KOM 930 E;Lastre Sulfurado;ESP/F07/2104/708;FASE 7;BOT_2380_INT;291;1;ESPERANZA
12-06-2023;PA7;C56;KOM 930 E;Lastre Sulfurado;ESP/F07/2104/708;FASE 7;BOT_2380_INT;291;1;ESPERANZA
12-06-2023;PA7;C58;KOM 930 E;Lastre Sulfurado;ESP/F07/2104/708;FASE 7;BOT_2380_INT;582;2;ESPERANZA
12-06-2023;PA7;C58;KOM 930 E;Lastre Sulfurado;ESP/F07/2104/708;FASE 7;BOT_MIJO;291;1;ESPERANZA
12-06-2023;PA7;C59;KOM 930 E;Lastre Sulfurado;ESP/F07/2104/708;FASE 7;BOT_2380_INT;291;1;ESPERANZA
12-06-2023;PA7;C60;KOM 930 E;Lastre Sulfurado;ESP/F07/2104/708;FASE 7;BOT_2380_INT;582;2;ESPERANZA
12-06-2023;PA7;C60;KOM 930 E;Lastre Sulfurado;ESP/F07/2104/708;FASE 7;BOT_MIJO;291;1;ESPERANZA
12-06-2023;PAESPS;C20115ESPS;KOM 980 ESPS;Sulfuro de Media;ESS/F02/2104/204;F02 ESPSUR;CHANCADO-SULFURO;360;1;ESPERANZA_SUR
12-06-2023;PAESPS;C980AHSESPS;Kom 980 AHS;Sulfuro de Media;ESS/F02/2104/204;F02 ESPSUR;STOCK_SME_ESS;360;1;ESPERANZA_SUR
12-06-2023;PATH01;C121;CAT 793 C;Marginal Rom;STOCK_MRO_MIR;OXIDO;ROM;1760;8;TESORO
12-06-2023;PATH01;C122;CAT 793 C;Marginal Rom;STOCK_MRO_MIR;OXIDO;ROM;1760;8;TESORO
12-06-2023;PATH01;C131;CAT 793 C;Marginal Rom;STOCK_MRO_MIR;OXIDO;ROM;1760;8;TESORO
12-06-2023;PATH01;C134;CAT 793 C;Marginal Rom;STOCK_MRO_MIR;OXIDO;ROM;3080;14;TESORO
12-06-2023;PATH01;C135;CAT 793 C;Marginal Rom;STOCK_MRO_MIR;OXIDO;ROM;3300;15;TESORO
12-06-2023;PATH01;C155;CAT 793 F;Marginal Rom;STOCK_MRO_MIR;OXIDO;ROM;1575;7;TESORO
12-06-2023;PATH01;C162;CAT 793 F;Marginal Rom;STOCK_MRO_MIR;OXIDO;ROM;3150;14;TESORO
12-06-2023;PATH01;C164;CAT 793 F;Marginal Rom;STOCK_MRO_MIR;OXIDO;ROM;5400;24;TESORO
12-06-2023;PATH01;C701;LIEBHERR 264 ;LASTRE (LAS);LLA/F01/2310/1052;F01 LLA;BOT_TSS;58911;269;LLANO
12-06-2023;PATH01;C702;LIEBHERR 264 ;LASTRE (LAS);LLA/F01/2310/1052;F01 LLA;BOT_TSS;80592;368;LLANO
12-06-2023;PATH01;C702;LIEBHERR 264 ;LASTRE (LAS);LLA/F02/2302.5/2031;F02 LLA;BOT_TSS;10293;47;LLANO
12-06-2023;PATH01;C702;LIEBHERR 264 ;LASTRE (LAS);LLA/F02/2302.5/210;F02 LLA;BOT_TSS;6789;31;LLANO
12-06-2023;PATH01;C793OXE;CAT 793 OXE;L21;04_2376_455;FASE 04 ENC;BOT_2400;74580;339;ENCUENTRO
12-06-2023;PATH01;C793OXE;CAT 793 OXE;L21;04_2376_455;FASE 04 ENC;BOT_2400_1;89540;407;ENCUENTRO
12-06-2023;PATH01;C793OXE;CAT 793 OXE;OBR;MOD_F_REM;ENCUENTRO OXE;CHANCADO-ENCUENTRO;20020;91;ENCUENTRO
12-06-2023;PATH01;C793OXE;CAT 793 OXE;OMR;STOCK_OXMAR_NORTE;ENCUENTRO OXE;CHANCADO-ENCUENTRO;11440;52;ENCUENTRO
12-06-2023;PATH01;C793OXE;CAT 793 OXE;OXIDO BAJA LEY (OXBL);OXE/F04/2160/419;FASE 04 ENC;CHANCADO-ENCUENTRO;11660;53;ENCUENTRO
12-06-2023;PATH01;C793OXE;CAT 793 OXE;OXIDO BAJA LEY (OXBL);OXE/F04/2160/419;FASE 04 ENC;MOD E;5940;27;ENCUENTRO
12-06-2023;PATH01;C793OXE;CAT 793 OXE;OXIDO MARGINAL (OXMAR);OXE/F04/2144/405;FASE 04 ENC;STOCK _MARGINAL_ESTE;1100;5;ENCUENTRO
12-06-2023;PATH01;C793OXE;CAT 793 OXE;OXIDO MARGINAL (OXMAR);OXE/F04/2160/420;FASE 04 ENC;STOCK _MARGINAL_ESTE;5280;24;ENCUENTRO