Fecha;Carguio;Camión;Flota;Material;Origen;Zona;Destino;Tonelaje;Ciclos;Rajo
14-06-2023;CF2;C07;CAT 797 B;Lastre Oxidado;ESP/F07/2104/711;FASE 7;BOT_2380_INT;346,4039917;1;ESPERANZA
14-06-2023;CF2;C08;CAT 797 B;Lastre Oxidado;ESP/F07/2104/711;FASE 7;BOT_2380_INT;1385,615967;4;ESPERANZA
14-06-2023;CF2;C10;CAT 797 B;Lastre Oxidado;ESP/F07/2104/711;FASE 7;BOT_2380_INT;346,4039917;1;ESPERANZA
14-06-2023;CF2;C11;CAT 797 B;Lastre Oxidado;ESP/F07/2104/711;FASE 7;BOT_2380_INT;1385,615967;4;ESPERANZA
14-06-2023;CF2;C11;CAT 797 B;Sulfuro Baja Ley;STOCK_SBL1;ESPERANZA;CHANCADO-SULFURO;692,8079834;2;ESPERANZA
14-06-2023;CF2;C12;CAT 797 B;Lastre Oxidado;ESP/F07/2104/711;FASE 7;BOT_2380_INT;346,4039917;1;ESPERANZA
14-06-2023;CF2;C12;CAT 797 B;Sulfuro Baja Ley;STOCK_SBL1;ESPERANZA;CHANCADO-SULFURO;1039,209961;3;ESPERANZA
14-06-2023;CF2;C13;CAT 797 B;Lastre Oxidado;ESP/F07/2104/711;FASE 7;BOT_2380_INT;692,8079834;2;ESPERANZA
14-06-2023;CF2;C14;CAT 797 B;Lastre Oxidado;ESP/F07/2104/711;FASE 7;BOT_2380_INT;692,8079834;2;ESPERANZA
14-06-2023;CF2;C15;CAT 797 B;Lastre Oxidado;ESP/F07/2104/711;FASE 7;BOT_2380_INT;692,8079834;2;ESPERANZA
14-06-2023;CF2;C153;CAT 793 F;Lastre Oxidado;ESP/F07/2104/711;FASE 7;BOT_2380_INT;649,309021;3;ESPERANZA
14-06-2023;CF2;C156;CAT 793 F;Lastre Oxidado;ESP/F07/2104/711;FASE 7;BOT_2380_INT;432,8729858;2;ESPERANZA
14-06-2023;CF2;C160;CAT 793 F;Sulfuro Baja Ley;STOCK_SBL1;ESPERANZA;CHANCADO-SULFURO;433,92099;2;ESPERANZA
14-06-2023;CF2;C161;CAT 793 F;Lastre Oxidado;ESP/F07/2104/711;FASE 7;BOT_2380_INT;216,4360046;1;ESPERANZA
14-06-2023;CF2;C163;CAT 793 F;Lastre Oxidado;ESP/F07/2104/711;FASE 7;BOT_2380_INT;432,8729858;2;ESPERANZA
14-06-2023;CF2;C17;CAT 797 F;Lastre Oxidado;ESP/F07/2104/711;FASE 7;BOT_2380_INT;692,8079834;2;ESPERANZA
14-06-2023;CF2;C19;CAT 797 F;Lastre Oxidado;ESP/F07/2104/711;FASE 7;BOT_2380_INT;692,8079834;2;ESPERANZA
14-06-2023;CF2;C22;CAT 797 F;Lastre Oxidado;ESP/F07/2104/711;FASE 7;BOT_2380_INT;1732,017944;5;ESPERANZA
14-06-2023;CF2;C23;CAT 797 F;Lastre Oxidado;ESP/F07/2104/711;FASE 7;BOT_2380_INT;2424,828003;7;ESPERANZA
14-06-2023;CF2;C24;CAT 797 F;Lastre Oxidado;ESP/F07/2104/711;FASE 7;BOT_2380_INT;1732,019958;5;ESPERANZA
14-06-2023;CF2;C24;CAT 797 F;Sulfuro Baja Ley;STOCK_SBL1;ESPERANZA;CHANCADO-SULFURO;1039,209961;3;ESPERANZA
14-06-2023;CF2;C25;CAT 797 F;Lastre Oxidado;ESP/F07/2104/711;FASE 7;BOT_2380_INT;346,4039917;1;ESPERANZA
14-06-2023;CF2;C32;CAT 797 F;Lastre Oxidado;ESP/F07/2104/711;FASE 7;BOT_2380_INT;692,8079834;2;ESPERANZA
14-06-2023;CF2;C34;CAT 797 F;Lastre Oxidado;ESP/F07/2104/711;FASE 7;BOT_2380_INT;1039,211975;3;ESPERANZA
14-06-2023;CF2;C34;CAT 797 F;Sulfuro Baja Ley;STOCK_SBL1;ESPERANZA;CHANCADO-SULFURO;692,8079834;2;ESPERANZA
14-06-2023;CF2;C36;CAT 797 F;Lastre Oxidado;ESP/F07/2104/711;FASE 7;BOT_2380_INT;346,4039917;1;ESPERANZA
14-06-2023;CF2;C37;CAT 797 F;Lastre Oxidado;ESP/F07/2104/711;FASE 7;BOT_2380_INT;692,8079834;2;ESPERANZA
14-06-2023;CF2;C38;CAT 797 F;Lastre Oxidado;ESP/F07/2104/711;FASE 7;BOT_2380_INT;1039,209961;3;ESPERANZA
14-06-2023;CF2;C39;CAT 797 F;Lastre Oxidado;ESP/F07/2104/711;FASE 7;BOT_2380_INT;346,4039917;1;ESPERANZA
14-06-2023;CF2;C40;CAT 797 F;Lastre Oxidado;ESP/F07/2104/711;FASE 7;BOT_2380_INT;692,8079834;2;ESPERANZA
14-06-2023;CF2;C41;CAT 797 F;Lastre Oxidado;ESP/F07/2104/711;FASE 7;BOT_2380_INT;692,8079834;2;ESPERANZA
14-06-2023;CF2;C43;CAT 797 F;Lastre Oxidado;ESP/F07/2104/711;FASE 7;BOT_2380_INT;692,8079834;2;ESPERANZA
14-06-2023;CF2;C44;CAT 797 F;Lastre Oxidado;ESP/F07/2104/711;FASE 7;BOT_2380_INT;346,4039917;1;ESPERANZA
14-06-2023;CF2;C45;CAT 797 F;Lastre Oxidado;ESP/F07/2104/711;FASE 7;BOT_2380_INT;2078,421936;6;ESPERANZA
14-06-2023;CF2;C46;CAT 797 F;Lastre Oxidado;ESP/F07/2104/711;FASE 7;BOT_2380_INT;1732,017944;5;ESPERANZA
14-06-2023;CF2;C47;CAT 797 F;Lastre Oxidado;ESP/F07/2104/711;FASE 7;BOT_2380_INT;1039,211975;3;ESPERANZA
14-06-2023;CF2;C52;KOM 930 E;Lastre Oxidado;ESP/F07/2104/711;FASE 7;BOT_2380_INT;291;1;ESPERANZA
14-06-2023;CF2;C54;KOM 930 E;Lastre Oxidado;ESP/F07/2104/711;FASE 7;BOT_2380_INT;291;1;ESPERANZA
14-06-2023;CF2;C60;KOM 930 E;Lastre Oxidado;ESP/F07/2104/711;FASE 7;BOT_2380_INT;291;1;ESPERANZA
14-06-2023;CF203;C121;CAT 793 C;Marginal Rom;STOCK_MRO_MIR;OXIDO;ROM;4840;22;TESORO
14-06-2023;CF203;C122;CAT 793 C;Marginal Rom;STOCK_MRO_MIR;OXIDO;ROM;1760;8;TESORO
14-06-2023;CF203;C128;CAT 793 C;Marginal Rom;STOCK_MRO_MIR;OXIDO;ROM;5280;24;TESORO
14-06-2023;CF203;C132;CAT 793 C;Marginal Rom;STOCK_MRO_MIR;OXIDO;ROM;4180;19;TESORO
14-06-2023;CF203;C135;CAT 793 C;Marginal Rom;STOCK_MRO_MIR;OXIDO;ROM;1320;6;TESORO
14-06-2023;CF203;C155;CAT 793 F;Marginal Rom;STOCK_MRO_MIR;OXIDO;ROM;2925;13;TESORO
14-06-2023;CF203;C159;CAT 793 F;Marginal Rom;STOCK_MRO_MIR;OXIDO;ROM;675;3;TESORO
14-06-2023;CF231;C121;CAT 793 C;Lastre Oxidado;ESP/F10/2296/1060;FASE 10;BOT_CENTRAL_SUR_INF;1082,180054;5;ESPERANZA
14-06-2023;CF231;C122;CAT 793 C;Lastre Oxidado;ESP/F10/2296/1051;FASE 10;BOT_CENTRAL_SUR_INF;649,3089905;3;ESPERANZA
14-06-2023;CF231;C123;CAT 793 C;Lastre Oxidado;ESP/F10/2296/1051;FASE 10;BOT_CENTRAL_SUR_INF;1515,054993;7;ESPERANZA
14-06-2023;CF231;C123;CAT 793 C;Lastre Oxidado;ESP/F10/2296/1051;FASE 10;BOT_MIJO;432,8729858;2;ESPERANZA
14-06-2023;CF231;C123;CAT 793 C;Lastre Oxidado;ESP/F10/2296/1060;FASE 10;BOT_CENTRAL_SUR_INF;1298,619995;6;ESPERANZA
14-06-2023;CF231;C125;CAT 793 C;Lastre Oxidado;ESP/F10/2296/1051;FASE 10;BOT_CENTRAL_SUR_INF;865,7459717;4;ESPERANZA
14-06-2023;CF231;C125;CAT 793 C;Lastre Oxidado;ESP/F10/2296/1051;FASE 10;BOT_MIJO;432,8729858;2;ESPERANZA
14-06-2023;CF231;C125;CAT 793 C;Lastre Oxidado;ESP/F10/2296/1051;FASE 10;BOT_RAMPA_SUPERIOR;216,4360046;1;ESPERANZA
14-06-2023;CF231;C125;CAT 793 C;Lastre Oxidado;ESP/F10/2296/1060;FASE 10;BOT_CENTRAL_SUR_INF;1298,616058;6;ESPERANZA
14-06-2023;CF231;C128;CAT 793 C;Lastre Oxidado;ESP/F10/2296/1051;FASE 10;BOT_CENTRAL_SUR_INF;216,4360046;1;ESPERANZA
14-06-2023;CF231;C129;CAT 793 C;Lastre Oxidado;ESP/F10/2296/1051;FASE 10;BOT_CENTRAL_SUR_INF;865,7450256;4;ESPERANZA
14-06-2023;CF231;C130;CAT 793 C;Lastre Oxidado;ESP/F10/2296/1051;FASE 10;BOT_MIJO;432,8729858;2;ESPERANZA
14-06-2023;CF231;C130;CAT 793 C;Lastre Oxidado;ESP/F10/2296/1060;FASE 10;BOT_CENTRAL_SUR_INF;216,4360046;1;ESPERANZA
14-06-2023;CF231;C131;CAT 793 C;Lastre Oxidado;ESP/F10/2296/1051;FASE 10;BOT_CENTRAL_SUR_INF;865,7449951;4;ESPERANZA
14-06-2023;CF231;C131;CAT 793 C;Lastre Oxidado;ESP/F10/2296/1051;FASE 10;BOT_MIJO;216,4360046;1;ESPERANZA
14-06-2023;CF231;C131;CAT 793 C;Lastre Oxidado;ESP/F10/2296/1060;FASE 10;BOT_CENTRAL_SUR_INF;432,8729858;2;ESPERANZA
14-06-2023;CF231;C134;CAT 793 C;Lastre Oxidado;ESP/F10/2296/1051;FASE 10;BOT_MIJO;216,4360046;1;ESPERANZA
14-06-2023;CF231;C135;CAT 793 C;Lastre Oxidado;ESP/F10/2296/1051;FASE 10;BOT_CENTRAL_SUR_INF;649,3089905;3;ESPERANZA
14-06-2023;CF231;C135;CAT 793 C;Lastre Oxidado;ESP/F10/2296/1051;FASE 10;BOT_MIJO;649,3089905;3;ESPERANZA
14-06-2023;CF231;C135;CAT 793 C;Lastre Oxidado;ESP/F10/2296/1060;FASE 10;BOT_CENTRAL_SUR_INF;649,309021;3;ESPERANZA
14-06-2023;CF231;C151;CAT 793 F;Lastre Oxidado;ESP/F10/2296/1051;FASE 10;BOT_CENTRAL_SUR_INF;216,4360046;1;ESPERANZA
14-06-2023;CF231;C151;CAT 793 F;Lastre Oxidado;ESP/F10/2296/1060;FASE 10;BOT_CENTRAL_SUR_INF;216,4360046;1;ESPERANZA
14-06-2023;CF231;C152;CAT 793 F;Lastre Oxidado;ESP/F10/2296/1051;FASE 10;BOT_CENTRAL_SUR_INF;649,3089905;3;ESPERANZA
14-06-2023;CF231;C152;CAT 793 F;Lastre Oxidado;ESP/F10/2296/1051;FASE 10;BOT_MIJO;432,8729858;2;ESPERANZA
14-06-2023;CF231;C152;CAT 793 F;Lastre Oxidado;ESP/F10/2296/1060;FASE 10;BOT_CENTRAL_SUR_INF;649,309021;3;ESPERANZA
14-06-2023;CF231;C153;CAT 793 F;Lastre Oxidado;ESP/F10/2296/1051;FASE 10;BOT_CENTRAL_SUR_INF;1082,182007;5;ESPERANZA
14-06-2023;CF231;C153;CAT 793 F;Lastre Oxidado;ESP/F10/2296/1051;FASE 10;BOT_MIJO;216,4360046;1;ESPERANZA
14-06-2023;CF231;C153;CAT 793 F;Lastre Oxidado;ESP/F10/2296/1060;FASE 10;BOT_CENTRAL_SUR_INF;216,4360046;1;ESPERANZA
14-06-2023;CF231;C154;CAT 793 F;Lastre Oxidado;ESP/F10/2296/1051;FASE 10;BOT_CENTRAL_SUR_INF;432,8720093;2;ESPERANZA
14-06-2023;CF231;C154;CAT 793 F;Lastre Oxidado;ESP/F10/2296/1051;FASE 10;BOT_MIJO;216,4360046;1;ESPERANZA
14-06-2023;CF231;C155;CAT 793 F;Lastre Oxidado;ESP/F10/2296/1051;FASE 10;BOT_CENTRAL_SUR_INF;216,4360046;1;ESPERANZA
14-06-2023;CF231;C155;CAT 793 F;Lastre Oxidado;ESP/F10/2296/1060;FASE 10;BOT_CENTRAL_SUR_INF;216,4360046;1;ESPERANZA
14-06-2023;CF231;C156;CAT 793 F;Lastre Oxidado;ESP/F10/2296/1051;FASE 10;BOT_CENTRAL_SUR_INF;1082,181976;5;ESPERANZA
14-06-2023;CF231;C156;CAT 793 F;Lastre Oxidado;ESP/F10/2296/1051;FASE 10;BOT_RAMPA_SUPERIOR;216,4360046;1;ESPERANZA
14-06-2023;CF231;C156;CAT 793 F;Lastre Oxidado;ESP/F10/2296/1060;FASE 10;BOT_CENTRAL_SUR_INF;216,4360046;1;ESPERANZA
14-06-2023;CF231;C159;CAT 793 F;Lastre Oxidado;ESP/F10/2296/1051;FASE 10;BOT_CENTRAL_SUR_INF;432,8720093;2;ESPERANZA
14-06-2023;CF231;C159;CAT 793 F;Lastre Oxidado;ESP/F10/2296/1051;FASE 10;BOT_MIJO;1082,182007;5;ESPERANZA
14-06-2023;CF231;C159;CAT 793 F;Lastre Oxidado;ESP/F10/2296/1060;FASE 10;BOT_CENTRAL_SUR_INF;216,4360046;1;ESPERANZA
14-06-2023;CF231;C160;CAT 793 F;Lastre Oxidado;ESP/F10/2296/1051;FASE 10;BOT_CENTRAL_SUR_INF;216,4360046;1;ESPERANZA
14-06-2023;CF231;C160;CAT 793 F;Lastre Oxidado;ESP/F10/2296/1060;FASE 10;BOT_CENTRAL_SUR_INF;216,4360046;1;ESPERANZA
14-06-2023;CF231;C161;CAT 793 F;Lastre Oxidado;ESP/F10/2296/1051;FASE 10;BOT_CENTRAL_SUR_INF;1082,181976;5;ESPERANZA
14-06-2023;CF231;C161;CAT 793 F;Lastre Oxidado;ESP/F10/2296/1051;FASE 10;BOT_RAMPA_SUPERIOR;216,4360046;1;ESPERANZA
14-06-2023;CF231;C161;CAT 793 F;Lastre Oxidado;ESP/F10/2296/1060;FASE 10;BOT_CENTRAL_SUR_INF;865,7459717;4;ESPERANZA
14-06-2023;CF231;C162;CAT 793 F;Lastre Oxidado;ESP/F10/2296/1051;FASE 10;BOT_CENTRAL_SUR_INF;649,3089905;3;ESPERANZA
14-06-2023;CF231;C162;CAT 793 F;Lastre Oxidado;ESP/F10/2296/1051;FASE 10;BOT_MIJO;432,8729858;2;ESPERANZA
14-06-2023;CF231;C163;CAT 793 F;Lastre Oxidado;ESP/F10/2296/1051;FASE 10;BOT_CENTRAL_SUR_INF;649,3089905;3;ESPERANZA
14-06-2023;CF231;C163;CAT 793 F;Lastre Oxidado;ESP/F10/2296/1060;FASE 10;BOT_CENTRAL_SUR_INF;1082,180054;5;ESPERANZA
14-06-2023;CF231;C164;CAT 793 F;Lastre Oxidado;ESP/F10/2296/1051;FASE 10;BOT_CENTRAL_SUR_INF;216,4360046;1;ESPERANZA
14-06-2023;CF231;C164;CAT 793 F;Lastre Oxidado;ESP/F10/2296/1051;FASE 10;BOT_RAMPA_SUPERIOR;216,4360046;1;ESPERANZA
14-06-2023;CF232;C121;CAT 793 C;Lastre Oxidado;ESP/F10/2328/130;FASE 10;BOT_CENTRAL_SUR_INF;1082,180054;5;ESPERANZA
14-06-2023;CF232;C122;CAT 793 C;Lastre Oxidado;ESP/F10/2328/130;FASE 10;BOT_MIJO;216,4360046;1;ESPERANZA
14-06-2023;CF232;C123;CAT 793 C;Lastre Oxidado;ESP/F10/2328/130;FASE 10;BOT_CENTRAL_SUR_INF;432,8720093;2;ESPERANZA
14-06-2023;CF232;C123;CAT 793 C;Lastre Oxidado;ESP/F10/2328/130;FASE 10;BOT_MIJO;216,4360046;1;ESPERANZA
14-06-2023;CF232;C125;CAT 793 C;Lastre Oxidado;ESP/F10/2328/130;FASE 10;BOT_CENTRAL_SUR_INF;649,3089905;3;ESPERANZA
14-06-2023;CF232;C125;CAT 793 C;Lastre Oxidado;ESP/F10/2328/130;FASE 10;BOT_MIJO;432,8729858;2;ESPERANZA
14-06-2023;CF232;C128;CAT 793 C;Lastre Oxidado;ESP/F10/2328/130;FASE 10;BOT_CENTRAL_SUR_INF;216,4360046;1;ESPERANZA
14-06-2023;CF232;C129;CAT 793 C;Lastre Oxidado;ESP/F10/2328/130;FASE 10;BOT_CENTRAL_SUR_INF;1947,933044;9;ESPERANZA
14-06-2023;CF232;C129;CAT 793 C;Lastre Oxidado;ESP/F10/2328/130;FASE 10;BOT_MIJO;432,8729858;2;ESPERANZA
14-06-2023;CF232;C130;CAT 793 C;Lastre Oxidado;ESP/F10/2328/130;FASE 10;BOT_CENTRAL_SUR_INF;216,4360046;1;ESPERANZA
14-06-2023;CF232;C130;CAT 793 C;Lastre Oxidado;ESP/F10/2328/130;FASE 10;BOT_MIJO;216,4360046;1;ESPERANZA
14-06-2023;CF232;C131;CAT 793 C;Lastre Oxidado;ESP/F10/2328/130;FASE 10;BOT_CENTRAL_SUR_INF;649,309021;3;ESPERANZA
14-06-2023;CF232;C134;CAT 793 C;Lastre Oxidado;ESP/F10/2328/130;FASE 10;BOT_CENTRAL_SUR_INF;216,4360046;1;ESPERANZA
14-06-2023;CF232;C135;CAT 793 C;Lastre Oxidado;ESP/F10/2328/130;FASE 10;BOT_CENTRAL_SUR_INF;649,3089905;3;ESPERANZA
14-06-2023;CF232;C135;CAT 793 C;Lastre Oxidado;ESP/F10/2328/130;FASE 10;BOT_MIJO;216,4360046;1;ESPERANZA
14-06-2023;CF232;C151;CAT 793 F;Lastre Oxidado;ESP/F10/2328/130;FASE 10;BOT_CENTRAL_SUR_INF;2164,363983;10;ESPERANZA
14-06-2023;CF232;C151;CAT 793 F;Lastre Oxidado;ESP/F10/2328/130;FASE 10;BOT_MIJO;216,4360046;1;ESPERANZA
14-06-2023;CF232;C152;CAT 793 F;Lastre Oxidado;ESP/F10/2328/130;FASE 10;BOT_CENTRAL_SUR_INF;649,3080139;3;ESPERANZA
14-06-2023;CF232;C152;CAT 793 F;Lastre Oxidado;ESP/F10/2328/130;FASE 10;BOT_MIJO;216,4360046;1;ESPERANZA
14-06-2023;CF232;C153;CAT 793 F;Lastre Oxidado;ESP/F10/2328/130;FASE 10;BOT_CENTRAL_SUR_INF;865,7459717;4;ESPERANZA
14-06-2023;CF232;C153;CAT 793 F;Lastre Oxidado;ESP/F10/2328/130;FASE 10;BOT_MIJO;216,4360046;1;ESPERANZA
14-06-2023;CF232;C154;CAT 793 F;Lastre Oxidado;ESP/F10/2328/130;FASE 10;BOT_CENTRAL_SUR_INF;216,4360046;1;ESPERANZA
14-06-2023;CF232;C155;CAT 793 F;Lastre Oxidado;ESP/F10/2328/130;FASE 10;BOT_CENTRAL_SUR_INF;432,8720093;2;ESPERANZA
14-06-2023;CF232;C156;CAT 793 F;Lastre Oxidado;ESP/F10/2328/130;FASE 10;BOT_CENTRAL_SUR_INF;865,7459717;4;ESPERANZA
14-06-2023;CF232;C156;CAT 793 F;Lastre Oxidado;ESP/F10/2328/130;FASE 10;BOT_MIJO;216,4360046;1;ESPERANZA
14-06-2023;CF232;C159;CAT 793 F;Lastre Oxidado;ESP/F10/2328/130;FASE 10;BOT_CENTRAL_SUR_INF;432,8729858;2;ESPERANZA
14-06-2023;CF232;C159;CAT 793 F;Lastre Oxidado;ESP/F10/2328/130;FASE 10;BOT_MIJO;432,8729858;2;ESPERANZA
14-06-2023;CF232;C160;CAT 793 F;Lastre Oxidado;ESP/F10/2328/130;FASE 10;BOT_CENTRAL_SUR_INF;1515,060059;7;ESPERANZA
14-06-2023;CF232;C162;CAT 793 F;Lastre Oxidado;ESP/F10/2328/130;FASE 10;BOT_CENTRAL_SUR_INF;216,4360046;1;ESPERANZA
14-06-2023;CF232;C163;CAT 793 F;Lastre Oxidado;ESP/F10/2328/130;FASE 10;BOT_CENTRAL_SUR_INF;649,309021;3;ESPERANZA
14-06-2023;CF233;C130;CAT 793 C;Baja Ley 1;ST-TS_18;OXIDO;CHANCADO-OXIDO;3679,422058;17;TESORO
14-06-2023;CF233;C152;CAT 793 F;Baja Ley 1;ST-TS_18;OXIDO;CHANCADO-OXIDO;2164,362976;10;TESORO
14-06-2023;CF234;C122;CAT 793 C;Marginal Alta;STM-NE-02;OXIDO;CHANCADO-OXIDO;3246,541931;15;TESORO
14-06-2023;CF234;C128;CAT 793 C;Marginal Alta;STM-NE-02;OXIDO;CHANCADO-OXIDO;1515,056;7;TESORO
14-06-2023;CF234;C152;CAT 793 F;Marginal Alta;STM-NE-02;OXIDO;CHANCADO-OXIDO;216,4360046;1;TESORO
14-06-2023;CF234;C154;CAT 793 F;Marginal Alta;STM-NE-02;OXIDO;CHANCADO-OXIDO;3895,855011;18;TESORO
14-06-2023;CF234;C159;CAT 793 F;Marginal Alta;STM-NE-02;OXIDO;CHANCADO-OXIDO;3679,425049;17;TESORO
14-06-2023;CF234;C162;CAT 793 F;Marginal Alta;STM-NE-02;OXIDO;CHANCADO-OXIDO;216,4360046;1;TESORO
14-06-2023;CF3;C08;CAT 797 B;Sulfuro Planta;ESP/F08/1768/8080;FASE 8;CHANCADO-SULFURO;346,4039917;1;ESPERANZA
14-06-2023;CF3;C156;CAT 793 F;Sulfuro Baja Ley;ESP/F08/1768/8080;FASE 8;STOCK_SBL1;216,4360046;1;ESPERANZA
14-06-2023;CF3;C156;CAT 793 F;Sulfuro Planta;ESP/F08/1768/8080;FASE 8;CHANCADO-SULFURO;216,4360046;1;ESPERANZA
14-06-2023;CF3;C160;CAT 793 F;Sulfuro Baja Ley;ESP/F08/1768/8080;FASE 8;STOCK_SBL1;432,8729858;2;ESPERANZA
14-06-2023;CF3;C161;CAT 793 F;Sulfuro Baja Ley;ESP/F08/1768/8080;FASE 8;CHANCADO-SULFURO;432,8729858;2;ESPERANZA
14-06-2023;CF3;C163;CAT 793 F;Sulfuro Baja Ley;ESP/F08/1768/8080;FASE 8;STOCK_SBL1;216,4360046;1;ESPERANZA
14-06-2023;CF3;C163;CAT 793 F;Sulfuro Planta;ESP/F08/1768/8080;FASE 8;CHANCADO-SULFURO;216,4360046;1;ESPERANZA
14-06-2023;CF3;C19;CAT 797 F;Sulfuro Planta;ESP/F08/1768/8080;FASE 8;CHANCADO-SULFURO;346,4039917;1;ESPERANZA
14-06-2023;CF3;C19;CAT 797 F;Sulfuro Planta;ESP/F08/1768/8080;FASE 8;STOCK_SPL_DIN;346,4039917;1;ESPERANZA
14-06-2023;CF3;C24;CAT 797 F;Sulfuro Baja Ley;ESP/F08/1768/8080;FASE 8;CHANCADO-SULFURO;346,4039917;1;ESPERANZA
14-06-2023;CF3;C36;CAT 797 F;Sulfuro Planta;ESP/F08/1768/8080;FASE 8;CHANCADO-SULFURO;346,4039917;1;ESPERANZA
14-06-2023;CF3;C38;CAT 797 F;Sulfuro Planta;ESP/F08/1768/8080;FASE 8;CHANCADO-SULFURO;346,4039917;1;ESPERANZA
14-06-2023;CF3;C44;CAT 797 F;Sulfuro Baja Ley;ESP/F08/1768/8080;FASE 8;CHANCADO-SULFURO;346,4039917;1;ESPERANZA
14-06-2023;CF3;C49;KOM 930 E;Sulfuro Planta;ESP/F08/1768/8080;FASE 8;CHANCADO-SULFURO;291;1;ESPERANZA
14-06-2023;CF3;C50;KOM 930 E;Sulfuro Planta;ESP/F08/1768/8080;FASE 8;CHANCADO-SULFURO;291;1;ESPERANZA
14-06-2023;CF3;C50;KOM 930 E;Sulfuro Planta;ESP/F08/1768/8080;FASE 8;STOCK_SPL_DIN;291;1;ESPERANZA
14-06-2023;CF3;C51;KOM 930 E;Sulfuro Baja Ley;ESP/F08/1768/8080;FASE 8;CHANCADO-SULFURO;291;1;ESPERANZA
14-06-2023;CF3;C51;KOM 930 E;Sulfuro Planta;ESP/F08/1768/8080;FASE 8;CHANCADO-SULFURO;582;2;ESPERANZA
14-06-2023;CF3;C52;KOM 930 E;Sulfuro Baja Ley;ESP/F08/1768/8080;FASE 8;CHANCADO-SULFURO;291;1;ESPERANZA
14-06-2023;CF3;C52;KOM 930 E;Sulfuro Planta;ESP/F08/1768/8080;FASE 8;CHANCADO-SULFURO;291;1;ESPERANZA
14-06-2023;CF3;C53;KOM 930 E;Sulfuro Baja Ley;ESP/F08/1768/8080;FASE 8;CHANCADO-SULFURO;291;1;ESPERANZA
14-06-2023;CF3;C53;KOM 930 E;Sulfuro Planta;ESP/F08/1768/8080;FASE 8;CHANCADO-SULFURO;582;2;ESPERANZA
14-06-2023;CF3;C53;KOM 930 E;Sulfuro Planta;ESP/F08/1768/8080;FASE 8;STOCK_SPL_DIN;582;2;ESPERANZA
14-06-2023;CF3;C54;KOM 930 E;Sulfuro Baja Ley;ESP/F08/1768/8080;FASE 8;CHANCADO-SULFURO;582;2;ESPERANZA
14-06-2023;CF3;C54;KOM 930 E;Sulfuro Planta;ESP/F08/1768/8080;FASE 8;CHANCADO-SULFURO;291;1;ESPERANZA
14-06-2023;CF3;C54;KOM 930 E;Sulfuro Planta;ESP/F08/1768/8080;FASE 8;STOCK_SPL_DIN;291;1;ESPERANZA
14-06-2023;CF3;C55;KOM 930 E;Sulfuro Baja Ley;ESP/F08/1768/8080;FASE 8;CHANCADO-SULFURO;291;1;ESPERANZA
14-06-2023;CF3;C55;KOM 930 E;Sulfuro Planta;ESP/F08/1768/8080;FASE 8;CHANCADO-SULFURO;873;3;ESPERANZA
14-06-2023;CF3;C56;KOM 930 E;Sulfuro Baja Ley;ESP/F08/1768/8080;FASE 8;CHANCADO-SULFURO;582;2;ESPERANZA
14-06-2023;CF3;C58;KOM 930 E;Sulfuro Planta;ESP/F08/1768/8080;FASE 8;CHANCADO-SULFURO;582;2;ESPERANZA
14-06-2023;CF3;C59;KOM 930 E;Sulfuro Baja Ley;ESP/F08/1768/8080;FASE 8;CHANCADO-SULFURO;291;1;ESPERANZA
14-06-2023;CF3;C59;KOM 930 E;Sulfuro Planta;ESP/F08/1768/8080;FASE 8;CHANCADO-SULFURO;582;2;ESPERANZA
14-06-2023;CF3;C60;KOM 930 E;Sulfuro Baja Ley;ESP/F08/1768/8080;FASE 8;STOCK_SBL1;291;1;ESPERANZA
14-06-2023;CF3;C60;KOM 930 E;Sulfuro Planta;ESP/F08/1768/8080;FASE 8;STOCK_SPL_DIN;873;3;ESPERANZA
14-06-2023;CF3;C61;KOM 930 E;Sulfuro Baja Ley;ESP/F08/1768/8080;FASE 8;CHANCADO-SULFURO;291;1;ESPERANZA
14-06-2023;CF3;C61;KOM 930 E;Sulfuro Planta;ESP/F08/1768/8080;FASE 8;STOCK_SPL_DIN;582;2;ESPERANZA
14-06-2023;PA1;C07;CAT 797 B;Lastre Oxidado;ESP/F07/2104/707;FASE 7;BOT_2380_INT;1385,613953;4;ESPERANZA
14-06-2023;PA1;C07;CAT 797 B;Lastre Oxidado;ESP/F07/2104/707;FASE 7;BOT_MIJO;2771,23407;8;ESPERANZA
14-06-2023;PA1;C08;CAT 797 B;Lastre Oxidado;ESP/F07/2104/707;FASE 7;BOT_2380_INT;1039,211975;3;ESPERANZA
14-06-2023;PA1;C08;CAT 797 B;Lastre Oxidado;ESP/F07/2104/707;FASE 7;BOT_CENTRAL_SUR_INF;346,4039917;1;ESPERANZA
14-06-2023;PA1;C08;CAT 797 B;Lastre Oxidado;ESP/F07/2104/707;FASE 7;BOT_MIJO;1385,615967;4;ESPERANZA
14-06-2023;PA1;C09;CAT 797 B;Lastre Oxidado;ESP/F07/2104/707;FASE 7;BOT_2380_INT;346,4039917;1;ESPERANZA
14-06-2023;PA1;C09;CAT 797 B;Lastre Oxidado;ESP/F07/2104/707;FASE 7;BOT_CENTRAL_SUR_INF;692,8079834;2;ESPERANZA
14-06-2023;PA1;C09;CAT 797 B;Lastre Oxidado;ESP/F07/2104/707;FASE 7;BOT_MIJO;1039,211975;3;ESPERANZA
14-06-2023;PA1;C10;CAT 797 B;Lastre Oxidado;ESP/F07/2104/707;FASE 7;BOT_2380_INT;2771,233948;8;ESPERANZA
14-06-2023;PA1;C10;CAT 797 B;Lastre Oxidado;ESP/F07/2104/707;FASE 7;BOT_MIJO;2078,427979;6;ESPERANZA
14-06-2023;PA1;C10;CAT 797 B;Lastre Oxidado;ESP/F07/2104/707;FASE 7;BOT_RAMPA_SUPERIOR;346,4039917;1;ESPERANZA
14-06-2023;PA1;C11;CAT 797 B;Lastre Oxidado;ESP/F07/2104/707;FASE 7;BOT_2380_INT;2078,427979;6;ESPERANZA
14-06-2023;PA1;C11;CAT 797 B;Lastre Oxidado;ESP/F07/2104/707;FASE 7;BOT_CENTRAL_SUR_INF;346,4039917;1;ESPERANZA
14-06-2023;PA1;C11;CAT 797 B;Lastre Oxidado;ESP/F07/2104/707;FASE 7;BOT_MIJO;1732,019958;5;ESPERANZA
14-06-2023;PA1;C12;CAT 797 B;Lastre Oxidado;ESP/F07/2104/707;FASE 7;BOT_2380_INT;1385,615967;4;ESPERANZA
14-06-2023;PA1;C12;CAT 797 B;Lastre Oxidado;ESP/F07/2104/707;FASE 7;BOT_MIJO;1732,017944;5;ESPERANZA
14-06-2023;PA1;C12;CAT 797 B;Lastre Oxidado;ESP/F07/2104/707;FASE 7;BOT_RAMPA_SUPERIOR;346,4039917;1;ESPERANZA
14-06-2023;PA1;C13;CAT 797 B;Lastre Oxidado;ESP/F07/2104/707;FASE 7;BOT_2380_INT;1039,211975;3;ESPERANZA
14-06-2023;PA1;C13;CAT 797 B;Lastre Oxidado;ESP/F07/2104/707;FASE 7;BOT_MIJO;1732,019958;5;ESPERANZA
14-06-2023;PA1;C13;CAT 797 B;Lastre Oxidado;ESP/F07/2104/707;FASE 7;BOT_RAMPA_SUPERIOR;346,4039917;1;ESPERANZA
14-06-2023;PA1;C14;CAT 797 B;Lastre Oxidado;ESP/F07/2104/707;FASE 7;BOT_MIJO;1732,017944;5;ESPERANZA
14-06-2023;PA1;C15;CAT 797 B;Lastre Oxidado;ESP/F07/2104/707;FASE 7;BOT_2380_INT;2078,427979;6;ESPERANZA
14-06-2023;PA1;C15;CAT 797 B;Lastre Oxidado;ESP/F07/2104/707;FASE 7;BOT_MIJO;2078,419922;6;ESPERANZA
14-06-2023;PA1;C16;CAT 797 B;Lastre Oxidado;ESP/F07/2104/707;FASE 7;BOT_2380_INT;692,8079834;2;ESPERANZA
14-06-2023;PA1;C16;CAT 797 B;Lastre Oxidado;ESP/F07/2104/707;FASE 7;BOT_MIJO;1385,613953;4;ESPERANZA
14-06-2023;PA1;C160;CAT 793 F;Lastre Oxidado;ESP/F07/2104/707;FASE 7;BOT_2380_INT;216,4360046;1;ESPERANZA
14-06-2023;PA1;C161;CAT 793 F;Lastre Oxidado;ESP/F07/2104/707;FASE 7;BOT_2380_INT;216,4360046;1;ESPERANZA
14-06-2023;PA1;C163;CAT 793 F;Lastre Oxidado;ESP/F07/2104/707;FASE 7;BOT_2380_INT;1082,181976;5;ESPERANZA
14-06-2023;PA1;C17;CAT 797 F;Lastre Oxidado;ESP/F07/2104/707;FASE 7;BOT_2380_INT;1385,615967;4;ESPERANZA
14-06-2023;PA1;C17;CAT 797 F;Lastre Oxidado;ESP/F07/2104/707;FASE 7;BOT_CENTRAL_SUR_INF;346,4039917;1;ESPERANZA
14-06-2023;PA1;C17;CAT 797 F;Lastre Oxidado;ESP/F07/2104/707;FASE 7;BOT_MIJO;2078,427979;6;ESPERANZA
14-06-2023;PA1;C18;CAT 797 F;Lastre Oxidado;ESP/F07/2104/707;FASE 7;BOT_MIJO;692,8079834;2;ESPERANZA
14-06-2023;PA1;C18;CAT 797 F;Lastre Oxidado;ESP/F07/2104/707;FASE 7;BOT_RAMPA_SUPERIOR;346,4039917;1;ESPERANZA
14-06-2023;PA1;C19;CAT 797 F;Lastre Oxidado;ESP/F07/2104/707;FASE 7;BOT_2380_INT;346,4039917;1;ESPERANZA
14-06-2023;PA1;C19;CAT 797 F;Lastre Oxidado;ESP/F07/2104/707;FASE 7;BOT_MIJO;1039,211975;3;ESPERANZA
14-06-2023;PA1;C22;CAT 797 F;Lastre Oxidado;ESP/F07/2104/707;FASE 7;BOT_2380_INT;1039,211975;3;ESPERANZA
14-06-2023;PA1;C22;CAT 797 F;Lastre Oxidado;ESP/F07/2104/707;FASE 7;BOT_MIJO;1732,017944;5;ESPERANZA
14-06-2023;PA1;C23;CAT 797 F;Lastre Oxidado;ESP/F07/2104/707;FASE 7;BOT_2380_INT;1039,211975;3;ESPERANZA
14-06-2023;PA1;C23;CAT 797 F;Lastre Oxidado;ESP/F07/2104/707;FASE 7;BOT_MIJO;1732,02002;5;ESPERANZA
14-06-2023;PA1;C24;CAT 797 F;Lastre Oxidado;ESP/F07/2104/707;FASE 7;BOT_2380_INT;1039,211975;3;ESPERANZA
14-06-2023;PA1;C24;CAT 797 F;Lastre Oxidado;ESP/F07/2104/707;FASE 7;BOT_MIJO;692,8079834;2;ESPERANZA
14-06-2023;PA1;C25;CAT 797 F;Lastre Oxidado;ESP/F07/2104/707;FASE 7;BOT_2380_INT;2424,828003;7;ESPERANZA
14-06-2023;PA1;C25;CAT 797 F;Lastre Oxidado;ESP/F07/2104/707;FASE 7;BOT_MIJO;1732,023987;5;ESPERANZA
14-06-2023;PA1;C32;CAT 797 F;Lastre Oxidado;ESP/F07/2104/707;FASE 7;BOT_2380_INT;1039,209961;3;ESPERANZA
14-06-2023;PA1;C34;CAT 797 F;Lastre Oxidado;ESP/F07/2104/707;FASE 7;BOT_2380_INT;2771,235962;8;ESPERANZA
14-06-2023;PA1;C34;CAT 797 F;Lastre Oxidado;ESP/F07/2104/707;FASE 7;BOT_CENTRAL_SUR_INF;346,4039917;1;ESPERANZA
14-06-2023;PA1;C34;CAT 797 F;Lastre Oxidado;ESP/F07/2104/707;FASE 7;BOT_CENTRAL_SUR_SUP;346,4039917;1;ESPERANZA
14-06-2023;PA1;C34;CAT 797 F;Lastre Oxidado;ESP/F07/2104/707;FASE 7;BOT_MIJO;3117,638062;9;ESPERANZA
14-06-2023;PA1;C36;CAT 797 F;Lastre Oxidado;ESP/F07/2104/707;FASE 7;BOT_2380_INT;1039,211975;3;ESPERANZA
14-06-2023;PA1;C36;CAT 797 F;Lastre Oxidado;ESP/F07/2104/707;FASE 7;BOT_MIJO;1385,615967;4;ESPERANZA
14-06-2023;PA1;C37;CAT 797 F;Lastre Oxidado;ESP/F07/2104/707;FASE 7;BOT_CENTRAL_SUR_INF;692,8079834;2;ESPERANZA
14-06-2023;PA1;C37;CAT 797 F;Lastre Oxidado;ESP/F07/2104/707;FASE 7;BOT_MIJO;2424,823914;7;ESPERANZA
14-06-2023;PA1;C38;CAT 797 F;Lastre Oxidado;ESP/F07/2104/707;FASE 7;BOT_MIJO;2771,233948;8;ESPERANZA
14-06-2023;PA1;C39;CAT 797 F;Lastre Oxidado;ESP/F07/2104/707;FASE 7;BOT_2380_INT;2424,823914;7;ESPERANZA
14-06-2023;PA1;C39;CAT 797 F;Lastre Oxidado;ESP/F07/2104/707;FASE 7;BOT_MIJO;346,4039917;1;ESPERANZA
14-06-2023;PA1;C40;CAT 797 F;Lastre Oxidado;ESP/F07/2104/707;FASE 7;BOT_2380_INT;3464,044006;10;ESPERANZA
14-06-2023;PA1;C40;CAT 797 F;Lastre Oxidado;ESP/F07/2104/707;FASE 7;BOT_MIJO;1039,211975;3;ESPERANZA
14-06-2023;PA1;C41;CAT 797 F;Lastre Oxidado;ESP/F07/2104/707;FASE 7;BOT_2380_INT;346,4039917;1;ESPERANZA
14-06-2023;PA1;C41;CAT 797 F;Lastre Oxidado;ESP/F07/2104/707;FASE 7;BOT_MIJO;1385,613953;4;ESPERANZA
14-06-2023;PA1;C42;CAT 797 F;Lastre Oxidado;ESP/F07/2104/707;FASE 7;BOT_2380_INT;692,8079834;2;ESPERANZA
14-06-2023;PA1;C42;CAT 797 F;Lastre Oxidado;ESP/F07/2104/707;FASE 7;BOT_MIJO;1385,615967;4;ESPERANZA
14-06-2023;PA1;C43;CAT 797 F;Lastre Oxidado;ESP/F07/2104/707;FASE 7;BOT_2380_INT;2424,828003;7;ESPERANZA
14-06-2023;PA1;C43;CAT 797 F;Lastre Oxidado;ESP/F07/2104/707;FASE 7;BOT_MIJO;1039,209961;3;ESPERANZA
14-06-2023;PA1;C44;CAT 797 F;Lastre Oxidado;ESP/F07/2104/707;FASE 7;BOT_2380_INT;1039,211975;3;ESPERANZA
14-06-2023;PA1;C44;CAT 797 F;Lastre Oxidado;ESP/F07/2104/707;FASE 7;BOT_MIJO;4156,845947;12;ESPERANZA
14-06-2023;PA1;C45;CAT 797 F;Lastre Oxidado;ESP/F07/2104/707;FASE 7;BOT_2380_INT;1039,211975;3;ESPERANZA
14-06-2023;PA1;C45;CAT 797 F;Lastre Oxidado;ESP/F07/2104/707;FASE 7;BOT_MIJO;1385,615967;4;ESPERANZA
14-06-2023;PA1;C46;CAT 797 F;Lastre Oxidado;ESP/F07/2104/707;FASE 7;BOT_2380_INT;1039,211975;3;ESPERANZA
14-06-2023;PA1;C46;CAT 797 F;Lastre Oxidado;ESP/F07/2104/707;FASE 7;BOT_MIJO;692,8079834;2;ESPERANZA
14-06-2023;PA1;C47;CAT 797 F;Lastre Oxidado;ESP/F07/2104/707;FASE 7;BOT_2380_INT;1039,211975;3;ESPERANZA
14-06-2023;PA1;C47;CAT 797 F;Lastre Oxidado;ESP/F07/2104/707;FASE 7;BOT_MIJO;1039,211975;3;ESPERANZA
14-06-2023;PA1;C48;CAT 797 F;Lastre Oxidado;ESP/F07/2104/707;FASE 7;BOT_2380_INT;1039,209961;3;ESPERANZA
14-06-2023;PA1;C49;KOM 930 E;Lastre Oxidado;ESP/F07/2104/707;FASE 7;BOT_MIJO;291;1;ESPERANZA
14-06-2023;PA1;C50;KOM 930 E;Lastre Oxidado;ESP/F07/2104/707;FASE 7;BOT_2380_INT;291;1;ESPERANZA
14-06-2023;PA1;C51;KOM 930 E;Lastre Oxidado;ESP/F07/2104/707;FASE 7;BOT_2380_INT;291;1;ESPERANZA
14-06-2023;PA1;C51;KOM 930 E;Lastre Oxidado;ESP/F07/2104/707;FASE 7;BOT_MIJO;873;3;ESPERANZA
14-06-2023;PA1;C52;KOM 930 E;Lastre Oxidado;ESP/F07/2104/707;FASE 7;BOT_MIJO;582;2;ESPERANZA
14-06-2023;PA1;C53;KOM 930 E;Lastre Oxidado;ESP/F07/2104/707;FASE 7;BOT_2380_INT;291;1;ESPERANZA
14-06-2023;PA1;C54;KOM 930 E;Lastre Oxidado;ESP/F07/2104/707;FASE 7;BOT_2380_INT;291;1;ESPERANZA
14-06-2023;PA1;C54;KOM 930 E;Lastre Oxidado;ESP/F07/2104/707;FASE 7;BOT_MIJO;582;2;ESPERANZA
14-06-2023;PA1;C55;KOM 930 E;Lastre Oxidado;ESP/F07/2104/707;FASE 7;BOT_2380_INT;873;3;ESPERANZA
14-06-2023;PA1;C56;KOM 930 E;Lastre Oxidado;ESP/F07/2104/707;FASE 7;BOT_2380_INT;582;2;ESPERANZA
14-06-2023;PA1;C56;KOM 930 E;Lastre Oxidado;ESP/F07/2104/707;FASE 7;BOT_MIJO;291;1;ESPERANZA
14-06-2023;PA1;C59;KOM 930 E;Lastre Oxidado;ESP/F07/2104/707;FASE 7;BOT_MIJO;1164;4;ESPERANZA
14-06-2023;PA1;C60;KOM 930 E;Lastre Oxidado;ESP/F07/2104/707;FASE 7;BOT_MIJO;291;1;ESPERANZA
14-06-2023;PA1;C61;KOM 930 E;Lastre Oxidado;ESP/F07/2104/707;FASE 7;BOT_MIJO;582;2;ESPERANZA
14-06-2023;PA10;C980AHSESPS;Kom 980 AHS;Lastre Oxidado;ESS/F03/2216/324;F03 ESPSUR;BOTADERO_2021;32040;89;ESPERANZA_SUR
14-06-2023;PA10;C980AHSESPS;Kom 980 AHS;Lastre Sulfurado;ESS/F03/2216/3233;F03 ESPSUR;BOTADERO_2021;22320;62;ESPERANZA_SUR
14-06-2023;PA11;C20115ESPS;KOM 980 ESPS;Sulfuro Baja Ley;ESS/F02/2120/2131;F02 ESPSUR;CHANCADO-SULFURO;24840;69;ESPERANZA_SUR
14-06-2023;PA11;C980AHSESPS;Kom 980 AHS;Lastre Sulfurado;ESS/F02/2120/R200;F02 ESPSUR;BOTADERO_2021;20880;58;ESPERANZA_SUR
14-06-2023;PA11;C980AHSESPS;Kom 980 AHS;Sulfuro Baja Ley;ESS/F02/2120/2131;F02 ESPSUR;STOCK_SBL_ESS;24480;68;ESPERANZA_SUR
14-06-2023;PA2;C156;CAT 793 F;Sulfuro de Media;ESP/F08/1768/8080;FASE 8;CHANCADO-SULFURO;216,4360046;1;ESPERANZA
14-06-2023;PA2;C160;CAT 793 F;Lastre Sulfurado;ESP/F08/1768/8080;FASE 8;BOT_MIJO;432,8720093;2;ESPERANZA
14-06-2023;PA2;C161;CAT 793 F;Lastre Sulfurado;ESP/F08/1768/8080;FASE 8;BOT_MIJO;216,4360046;1;ESPERANZA
14-06-2023;PA2;C161;CAT 793 F;Sulfuro Baja Ley;ESP/F08/1768/8080;FASE 8;STOCK_SBL1;216,4360046;1;ESPERANZA
14-06-2023;PA2;C161;CAT 793 F;Sulfuro de Media;ESP/F08/1768/8080;FASE 8;CHANCADO-SULFURO;216,4360046;1;ESPERANZA
14-06-2023;PA2;C163;CAT 793 F;Lastre Sulfurado;ESP/F08/1768/8080;FASE 8;BOT_MIJO;216,4360046;1;ESPERANZA
14-06-2023;PA2;C17;CAT 797 F;Sulfuro de Media;ESP/F08/1768/8080;FASE 8;CHANCADO-SULFURO;346,4039917;1;ESPERANZA
14-06-2023;PA2;C19;CAT 797 F;Lastre Sulfurado;ESP/F08/1768/8080;FASE 8;BOT_MIJO;346,4039917;1;ESPERANZA
14-06-2023;PA2;C19;CAT 797 F;Sulfuro Baja Ley;ESP/F08/1768/8080;FASE 8;CHANCADO-SULFURO;346,4039917;1;ESPERANZA
14-06-2023;PA2;C19;CAT 797 F;Sulfuro de Media;ESP/F08/1768/8080;FASE 8;CHANCADO-SULFURO;346,4039917;1;ESPERANZA
14-06-2023;PA2;C19;CAT 797 F;Sulfuro Planta;ESP/F08/1768/8080;FASE 8;CHANCADO-SULFURO;346,4039917;1;ESPERANZA
14-06-2023;PA2;C22;CAT 797 F;Sulfuro de Media;ESP/F08/1768/8080;FASE 8;CHANCADO-SULFURO;1039,211975;3;ESPERANZA
14-06-2023;PA2;C24;CAT 797 F;Sulfuro Planta;ESP/F08/1768/8080;FASE 8;CHANCADO-SULFURO;346,4039917;1;ESPERANZA
14-06-2023;PA2;C25;CAT 797 F;Sulfuro Baja Ley;ESP/F08/1768/8080;FASE 8;CHANCADO-SULFURO;346,4039917;1;ESPERANZA
14-06-2023;PA2;C25;CAT 797 F;Sulfuro de Media;ESP/F08/1768/8080;FASE 8;CHANCADO-SULFURO;346,4039917;1;ESPERANZA
14-06-2023;PA2;C36;CAT 797 F;Sulfuro Baja Ley;ESP/F08/1768/8080;FASE 8;CHANCADO-SULFURO;346,4039917;1;ESPERANZA
14-06-2023;PA2;C37;CAT 797 F;Lastre Sulfurado;ESP/F08/1768/8080;FASE 8;BOT_MIJO;346,4039917;1;ESPERANZA
14-06-2023;PA2;C37;CAT 797 F;Sulfuro de Media;ESP/F08/1768/8080;FASE 8;CHANCADO-SULFURO;346,4039917;1;ESPERANZA
14-06-2023;PA2;C37;CAT 797 F;Sulfuro Planta;ESP/F08/1768/8080;FASE 8;CHANCADO-SULFURO;692,8079834;2;ESPERANZA
14-06-2023;PA2;C38;CAT 797 F;Lastre Sulfurado;ESP/F08/1768/8080;FASE 8;BOT_MIJO;346,4039917;1;ESPERANZA
14-06-2023;PA2;C38;CAT 797 F;Sulfuro Baja Ley;ESP/F08/1768/8080;FASE 8;CHANCADO-SULFURO;346,4039917;1;ESPERANZA
14-06-2023;PA2;C38;CAT 797 F;Sulfuro Planta;ESP/F08/1768/8080;FASE 8;CHANCADO-SULFURO;346,4039917;1;ESPERANZA
14-06-2023;PA2;C39;CAT 797 F;Sulfuro de Media;ESP/F08/1768/8080;FASE 8;STOCK_SME;346,4039917;1;ESPERANZA
14-06-2023;PA2;C41;CAT 797 F;Sulfuro Baja Ley;ESP/F08/1768/8080;FASE 8;CHANCADO-SULFURO;346,4039917;1;ESPERANZA
14-06-2023;PA2;C41;CAT 797 F;Sulfuro de Media;ESP/F08/1768/8080;FASE 8;CHANCADO-SULFURO;346,4039917;1;ESPERANZA
14-06-2023;PA2;C42;CAT 797 F;Sulfuro de Media;ESP/F08/1768/8080;FASE 8;STOCK_SME;346,4039917;1;ESPERANZA
14-06-2023;PA2;C44;CAT 797 F;Sulfuro de Media;ESP/F08/1768/8080;FASE 8;CHANCADO-SULFURO;346,4039917;1;ESPERANZA
14-06-2023;PA2;C47;CAT 797 F;Sulfuro Baja Ley;ESP/F08/1768/8080;FASE 8;CHANCADO-SULFURO;346,4039917;1;ESPERANZA
14-06-2023;PA2;C47;CAT 797 F;Sulfuro Planta;ESP/F08/1768/8080;FASE 8;CHANCADO-SULFURO;346,4039917;1;ESPERANZA
14-06-2023;PA2;C49;KOM 930 E;Lastre Sulfurado;ESP/F08/1768/8080;FASE 8;BOT_MIJO;873;3;ESPERANZA
14-06-2023;PA2;C49;KOM 930 E;Sulfuro Baja Ley;ESP/F08/1768/8080;FASE 8;CHANCADO-SULFURO;582;2;ESPERANZA
14-06-2023;PA2;C49;KOM 930 E;Sulfuro Baja Ley;ESP/F08/1768/8080;FASE 8;STOCK_SBL1;291;1;ESPERANZA
14-06-2023;PA2;C49;KOM 930 E;Sulfuro de Media;ESP/F08/1768/8080;FASE 8;CHANCADO-SULFURO;2037;7;ESPERANZA
14-06-2023;PA2;C49;KOM 930 E;Sulfuro de Media;ESP/F08/1768/8080;FASE 8;STOCK_SME;291;1;ESPERANZA
14-06-2023;PA2;C49;KOM 930 E;Sulfuro Planta;ESP/F08/1768/8080;FASE 8;CHANCADO-SULFURO;291;1;ESPERANZA
14-06-2023;PA2;C49;KOM 930 E;Sulfuro Planta;ESP/F08/1768/8080;FASE 8;STOCK_SPL_DIN;291;1;ESPERANZA
14-06-2023;PA2;C50;KOM 930 E;Lastre Sulfurado;ESP/F08/1768/8080;FASE 8;BOT_MIJO;291;1;ESPERANZA
14-06-2023;PA2;C50;KOM 930 E;Sulfuro Baja Ley;ESP/F08/1768/8080;FASE 8;CHANCADO-SULFURO;291;1;ESPERANZA
14-06-2023;PA2;C50;KOM 930 E;Sulfuro Baja Ley;ESP/F08/1768/8080;FASE 8;STOCK_SBL1;291;1;ESPERANZA
14-06-2023;PA2;C50;KOM 930 E;Sulfuro de Media;ESP/F08/1768/8080;FASE 8;CHANCADO-SULFURO;873;3;ESPERANZA
14-06-2023;PA2;C50;KOM 930 E;Sulfuro de Media;ESP/F08/1768/8080;FASE 8;STOCK_SME;291;1;ESPERANZA
14-06-2023;PA2;C50;KOM 930 E;Sulfuro Planta;ESP/F08/1768/8080;FASE 8;CHANCADO-SULFURO;582;2;ESPERANZA
14-06-2023;PA2;C50;KOM 930 E;Sulfuro Planta;ESP/F08/1768/8080;FASE 8;STOCK_SPL_DIN;291;1;ESPERANZA
14-06-2023;PA2;C51;KOM 930 E;Lastre Sulfurado;ESP/F08/1768/8080;FASE 8;BOT_MIJO;291;1;ESPERANZA
14-06-2023;PA2;C51;KOM 930 E;Sulfuro Baja Ley;ESP/F08/1768/8080;FASE 8;CHANCADO-SULFURO;291;1;ESPERANZA
14-06-2023;PA2;C51;KOM 930 E;Sulfuro Baja Ley;ESP/F08/1768/8080;FASE 8;STOCK_SBL1;291;1;ESPERANZA
14-06-2023;PA2;C51;KOM 930 E;Sulfuro de Media;ESP/F08/1768/8080;FASE 8;CHANCADO-SULFURO;1746;6;ESPERANZA
14-06-2023;PA2;C51;KOM 930 E;Sulfuro de Media;ESP/F08/1768/8080;FASE 8;STOCK_SME;291;1;ESPERANZA
14-06-2023;PA2;C52;KOM 930 E;Lastre Sulfurado;ESP/F08/1768/8080;FASE 8;BOT_RAMPA_SUPERIOR;291;1;ESPERANZA
14-06-2023;PA2;C52;KOM 930 E;Sulfuro Baja Ley;ESP/F08/1768/8080;FASE 8;CHANCADO-SULFURO;291;1;ESPERANZA
14-06-2023;PA2;C52;KOM 930 E;Sulfuro Baja Ley;ESP/F08/1768/8080;FASE 8;STOCK_SBL1;291;1;ESPERANZA
14-06-2023;PA2;C52;KOM 930 E;Sulfuro de Media;ESP/F08/1768/8080;FASE 8;CHANCADO-SULFURO;2037;7;ESPERANZA
14-06-2023;PA2;C52;KOM 930 E;Sulfuro Planta;ESP/F08/1768/8080;FASE 8;CHANCADO-SULFURO;291;1;ESPERANZA
14-06-2023;PA2;C52;KOM 930 E;Sulfuro Planta;ESP/F08/1768/8080;FASE 8;STOCK_SPL_DIN;291;1;ESPERANZA
14-06-2023;PA2;C53;KOM 930 E;Lastre Sulfurado;ESP/F08/1768/8080;FASE 8;BOT_MIJO;582;2;ESPERANZA
14-06-2023;PA2;C53;KOM 930 E;Sulfuro Baja Ley;ESP/F08/1768/8080;FASE 8;CHANCADO-SULFURO;1164;4;ESPERANZA
14-06-2023;PA2;C53;KOM 930 E;Sulfuro de Media;ESP/F08/1768/8080;FASE 8;CHANCADO-SULFURO;1455;5;ESPERANZA
14-06-2023;PA2;C54;KOM 930 E;Sulfuro de Media;ESP/F08/1768/8080;FASE 8;CHANCADO-SULFURO;873;3;ESPERANZA
14-06-2023;PA2;C54;KOM 930 E;Sulfuro Planta;ESP/F08/1768/8080;FASE 8;CHANCADO-SULFURO;291;1;ESPERANZA
14-06-2023;PA2;C55;KOM 930 E;Sulfuro Baja Ley;ESP/F08/1768/8080;FASE 8;CHANCADO-SULFURO;1164;4;ESPERANZA
14-06-2023;PA2;C55;KOM 930 E;Sulfuro de Media;ESP/F08/1768/8080;FASE 8;CHANCADO-SULFURO;1164;4;ESPERANZA
14-06-2023;PA2;C55;KOM 930 E;Sulfuro Planta;ESP/F08/1768/8080;FASE 8;CHANCADO-SULFURO;873;3;ESPERANZA
14-06-2023;PA2;C55;KOM 930 E;Sulfuro Planta;ESP/F08/1768/8080;FASE 8;STOCK_SPL_DIN;291;1;ESPERANZA
14-06-2023;PA2;C56;KOM 930 E;Lastre Sulfurado;ESP/F08/1768/8080;FASE 8;BOT_MIJO;582;2;ESPERANZA
14-06-2023;PA2;C56;KOM 930 E;Sulfuro Baja Ley;ESP/F08/1768/8080;FASE 8;CHANCADO-SULFURO;873;3;ESPERANZA
14-06-2023;PA2;C56;KOM 930 E;Sulfuro Baja Ley;ESP/F08/1768/8080;FASE 8;STOCK_SBL1;873;3;ESPERANZA
14-06-2023;PA2;C56;KOM 930 E;Sulfuro de Media;ESP/F08/1768/8080;FASE 8;CHANCADO-SULFURO;1746;6;ESPERANZA
14-06-2023;PA2;C56;KOM 930 E;Sulfuro de Media;ESP/F08/1768/8080;FASE 8;STOCK_SME;291;1;ESPERANZA
14-06-2023;PA2;C56;KOM 930 E;Sulfuro Planta;ESP/F08/1768/8080;FASE 8;CHANCADO-SULFURO;291;1;ESPERANZA
14-06-2023;PA2;C58;KOM 930 E;Lastre Sulfurado;ESP/F08/1768/8080;FASE 8;BOT_CENTRAL_SUR_INF;291;1;ESPERANZA
14-06-2023;PA2;C58;KOM 930 E;Lastre Sulfurado;ESP/F08/1768/8080;FASE 8;BOT_MIJO;291;1;ESPERANZA
14-06-2023;PA2;C58;KOM 930 E;Sulfuro Baja Ley;ESP/F08/1768/8080;FASE 8;CHANCADO-SULFURO;582;2;ESPERANZA
14-06-2023;PA2;C58;KOM 930 E;Sulfuro de Media;ESP/F08/1768/8080;FASE 8;CHANCADO-SULFURO;1455;5;ESPERANZA
14-06-2023;PA2;C58;KOM 930 E;Sulfuro Planta;ESP/F08/1768/8080;FASE 8;STOCK_SPL_DIN;291;1;ESPERANZA
14-06-2023;PA2;C59;KOM 930 E;Lastre Sulfurado;ESP/F08/1768/8080;FASE 8;BOT_MIJO;291;1;ESPERANZA
14-06-2023;PA2;C59;KOM 930 E;Sulfuro Baja Ley;ESP/F08/1768/8080;FASE 8;CHANCADO-SULFURO;873;3;ESPERANZA
14-06-2023;PA2;C59;KOM 930 E;Sulfuro Baja Ley;ESP/F08/1768/8080;FASE 8;STOCK_SBL1;582;2;ESPERANZA
14-06-2023;PA2;C59;KOM 930 E;Sulfuro de Media;ESP/F08/1768/8080;FASE 8;CHANCADO-SULFURO;873;3;ESPERANZA
14-06-2023;PA2;C59;KOM 930 E;Sulfuro de Media;ESP/F08/1768/8080;FASE 8;STOCK_SME;291;1;ESPERANZA
14-06-2023;PA2;C59;KOM 930 E;Sulfuro Planta;ESP/F08/1768/8080;FASE 8;STOCK_SPL_DIN;582;2;ESPERANZA
14-06-2023;PA2;C60;KOM 930 E;Sulfuro Baja Ley;ESP/F08/1768/8080;FASE 8;CHANCADO-SULFURO;873;3;ESPERANZA
14-06-2023;PA2;C60;KOM 930 E;Sulfuro de Media;ESP/F08/1768/8080;FASE 8;CHANCADO-SULFURO;1746;6;ESPERANZA
14-06-2023;PA2;C60;KOM 930 E;Sulfuro de Media;ESP/F08/1768/8080;FASE 8;STOCK_SME;291;1;ESPERANZA
14-06-2023;PA2;C60;KOM 930 E;Sulfuro Planta;ESP/F08/1768/8080;FASE 8;CHANCADO-SULFURO;582;2;ESPERANZA
14-06-2023;PA2;C61;KOM 930 E;Sulfuro Baja Ley;ESP/F08/1768/8080;FASE 8;CHANCADO-SULFURO;1164;4;ESPERANZA
14-06-2023;PA2;C61;KOM 930 E;Sulfuro de Media;ESP/F08/1768/8080;FASE 8;CHANCADO-SULFURO;1746;6;ESPERANZA
14-06-2023;PA2;C61;KOM 930 E;Sulfuro de Media;ESP/F08/1768/8080;FASE 8;STOCK_SME;291;1;ESPERANZA
14-06-2023;PA2;C61;KOM 930 E;Sulfuro Planta;ESP/F08/1768/8080;FASE 8;CHANCADO-SULFURO;582;2;ESPERANZA
14-06-2023;PA211;C11;CAT 797 B;Lastre Sulfurado;ESP/F10/2296/1050;FASE 10;BOT_CENTRAL_SUR_INF;346,4039917;1;ESPERANZA
14-06-2023;PA211;C12;CAT 797 B;Lastre Sulfurado;ESP/F10/2296/1050;FASE 10;BOT_CENTRAL_SUR_INF;1385,613953;4;ESPERANZA
14-06-2023;PA211;C12;CAT 797 B;Lastre Sulfurado;ESP/F10/2296/1050;FASE 10;BOT_RAMPA_SUPERIOR;346,4039917;1;ESPERANZA
14-06-2023;PA211;C121;CAT 793 C;Lastre Sulfurado;ESP/F10/2296/1050;FASE 10;BOT_CENTRAL_SUR_INF;1947,925995;9;ESPERANZA
14-06-2023;PA211;C121;CAT 793 C;Lastre Sulfurado;ESP/F10/2296/1050;FASE 10;BOT_RAMPA_SUPERIOR;216,4360046;1;ESPERANZA
14-06-2023;PA211;C122;CAT 793 C;Lastre Sulfurado;ESP/F10/2296/1050;FASE 10;BOT_CENTRAL_SUR_INF;432,8729858;2;ESPERANZA
14-06-2023;PA211;C122;CAT 793 C;Lastre Sulfurado;ESP/F10/2296/1050;FASE 10;BOT_MIJO;216,4360046;1;ESPERANZA
14-06-2023;PA211;C123;CAT 793 C;Lastre Sulfurado;ESP/F10/2296/1050;FASE 10;BOT_CENTRAL_SUR_INF;2380,798065;11;ESPERANZA
14-06-2023;PA211;C123;CAT 793 C;Lastre Sulfurado;ESP/F10/2296/1050;FASE 10;BOT_MIJO;216,4360046;1;ESPERANZA
14-06-2023;PA211;C123;CAT 793 C;Lastre Sulfurado;ESP/F10/2296/1050;FASE 10;BOT_RAMPA_SUPERIOR;649,3089905;3;ESPERANZA
14-06-2023;PA211;C125;CAT 793 C;Lastre Sulfurado;ESP/F10/2296/1050;FASE 10;BOT_CENTRAL_SUR_INF;1082,18103;5;ESPERANZA
14-06-2023;PA211;C125;CAT 793 C;Lastre Sulfurado;ESP/F10/2296/1050;FASE 10;BOT_MIJO;216,4360046;1;ESPERANZA
14-06-2023;PA211;C128;CAT 793 C;Lastre Sulfurado;ESP/F10/2296/1050;FASE 10;BOT_CENTRAL_SUR_INF;865,7459717;4;ESPERANZA
14-06-2023;PA211;C129;CAT 793 C;Lastre Sulfurado;ESP/F10/2296/1050;FASE 10;BOT_CENTRAL_SUR_INF;1515,054962;7;ESPERANZA
14-06-2023;PA211;C129;CAT 793 C;Lastre Sulfurado;ESP/F10/2296/1050;FASE 10;BOT_MIJO;216,4360046;1;ESPERANZA
14-06-2023;PA211;C130;CAT 793 C;Lastre Sulfurado;ESP/F10/2296/1050;FASE 10;BOT_CENTRAL_SUR_INF;1731,490051;8;ESPERANZA
14-06-2023;PA211;C130;CAT 793 C;Lastre Sulfurado;ESP/F10/2296/1050;FASE 10;BOT_MIJO;216,4360046;1;ESPERANZA
14-06-2023;PA211;C131;CAT 793 C;Lastre Sulfurado;ESP/F10/2296/1050;FASE 10;BOT_CENTRAL_SUR_INF;1731,490051;8;ESPERANZA
14-06-2023;PA211;C131;CAT 793 C;Lastre Sulfurado;ESP/F10/2296/1050;FASE 10;BOT_MIJO;216,4360046;1;ESPERANZA
14-06-2023;PA211;C134;CAT 793 C;Lastre Sulfurado;ESP/F10/2296/1050;FASE 10;BOT_CENTRAL_SUR_INF;216,4360046;1;ESPERANZA
14-06-2023;PA211;C135;CAT 793 C;Lastre Sulfurado;ESP/F10/2296/1050;FASE 10;BOT_CENTRAL_SUR_INF;865,7449951;4;ESPERANZA
14-06-2023;PA211;C151;CAT 793 F;Lastre Sulfurado;ESP/F10/2296/1050;FASE 10;BOT_CENTRAL_SUR_INF;1947,927002;9;ESPERANZA
14-06-2023;PA211;C151;CAT 793 F;Lastre Sulfurado;ESP/F10/2296/1050;FASE 10;BOT_MIJO;216,4360046;1;ESPERANZA
14-06-2023;PA211;C152;CAT 793 F;Lastre Sulfurado;ESP/F10/2296/1050;FASE 10;BOT_CENTRAL_SUR_INF;1298,617981;6;ESPERANZA
14-06-2023;PA211;C152;CAT 793 F;Lastre Sulfurado;ESP/F10/2296/1050;FASE 10;BOT_MIJO;432,8729858;2;ESPERANZA
14-06-2023;PA211;C153;CAT 793 F;Lastre Sulfurado;ESP/F10/2296/1050;FASE 10;BOT_CENTRAL_SUR_INF;3462,987122;16;ESPERANZA
14-06-2023;PA211;C153;CAT 793 F;Lastre Sulfurado;ESP/F10/2296/1050;FASE 10;BOT_MIJO;432,8729858;2;ESPERANZA
14-06-2023;PA211;C153;CAT 793 F;Lastre Sulfurado;ESP/F10/2296/1050;FASE 10;BOT_RAMPA_SUPERIOR;216,4360046;1;ESPERANZA
14-06-2023;PA211;C154;CAT 793 F;Lastre Sulfurado;ESP/F10/2296/1050;FASE 10;BOT_CENTRAL_SUR_INF;649,3089905;3;ESPERANZA
14-06-2023;PA211;C155;CAT 793 F;Lastre Sulfurado;ESP/F10/2296/1050;FASE 10;BOT_CENTRAL_SUR_INF;432,8729858;2;ESPERANZA
14-06-2023;PA211;C156;CAT 793 F;Lastre Sulfurado;ESP/F10/2296/1050;FASE 10;BOT_CENTRAL_SUR_INF;2380,805084;11;ESPERANZA
14-06-2023;PA211;C156;CAT 793 F;Lastre Sulfurado;ESP/F10/2296/1050;FASE 10;BOT_RAMPA_SUPERIOR;216,4360046;1;ESPERANZA
14-06-2023;PA211;C159;CAT 793 F;Lastre Sulfurado;ESP/F10/2296/1050;FASE 10;BOT_CENTRAL_SUR_INF;432,8720093;2;ESPERANZA
14-06-2023;PA211;C159;CAT 793 F;Lastre Sulfurado;ESP/F10/2296/1050;FASE 10;BOT_MIJO;865,7459717;4;ESPERANZA
14-06-2023;PA211;C160;CAT 793 F;Lastre Sulfurado;ESP/F10/2296/1050;FASE 10;BOT_CENTRAL_SUR_INF;865,7450256;4;ESPERANZA
14-06-2023;PA211;C161;CAT 793 F;Lastre Sulfurado;ESP/F10/2296/1050;FASE 10;BOT_CENTRAL_SUR_INF;2380,802063;11;ESPERANZA
14-06-2023;PA211;C161;CAT 793 F;Lastre Sulfurado;ESP/F10/2296/1050;FASE 10;BOT_MIJO;216,4360046;1;ESPERANZA
14-06-2023;PA211;C162;CAT 793 F;Lastre Sulfurado;ESP/F10/2296/1050;FASE 10;BOT_CENTRAL_SUR_INF;1947,925079;9;ESPERANZA
14-06-2023;PA211;C162;CAT 793 F;Lastre Sulfurado;ESP/F10/2296/1050;FASE 10;BOT_MIJO;1298,619995;6;ESPERANZA
14-06-2023;PA211;C163;CAT 793 F;Lastre Sulfurado;ESP/F10/2296/1050;FASE 10;BOT_CENTRAL_SUR_INF;865,7459717;4;ESPERANZA
14-06-2023;PA211;C17;CAT 797 F;Lastre Sulfurado;ESP/F10/2296/1050;FASE 10;BOT_CENTRAL_SUR_INF;346,4039917;1;ESPERANZA
14-06-2023;PA211;C19;CAT 797 F;Lastre Sulfurado;ESP/F10/2296/1050;FASE 10;BOT_CENTRAL_SUR_INF;346,4039917;1;ESPERANZA
14-06-2023;PA211;C49;KOM 930 E;Lastre Sulfurado;ESP/F10/2296/1050;FASE 10;BOT_CENTRAL_SUR_INF;582;2;ESPERANZA
14-06-2023;PA211;C53;KOM 930 E;Lastre Sulfurado;ESP/F10/2296/1050;FASE 10;BOT_CENTRAL_SUR_INF;1164;4;ESPERANZA
14-06-2023;PA211;C54;KOM 930 E;Lastre Sulfurado;ESP/F10/2296/1050;FASE 10;BOT_CENTRAL_SUR_INF;291;1;ESPERANZA
14-06-2023;PA211;C55;KOM 930 E;Lastre Sulfurado;ESP/F10/2296/1050;FASE 10;BOT_CENTRAL_SUR_INF;1164;4;ESPERANZA
14-06-2023;PA211;C58;KOM 930 E;Lastre Sulfurado;ESP/F10/2296/1050;FASE 10;BOT_CENTRAL_SUR_INF;873;3;ESPERANZA
14-06-2023;PA211;C60;KOM 930 E;Lastre Sulfurado;ESP/F10/2296/1050;FASE 10;BOT_CENTRAL_SUR_INF;291;1;ESPERANZA
14-06-2023;PA211;C61;KOM 930 E;Lastre Sulfurado;ESP/F10/2296/1050;FASE 10;BOT_RAMPA_SUPERIOR;291;1;ESPERANZA
14-06-2023;PA26;C07;CAT 797 B;Lastre Sulfurado;ESP/F07/2120/7290;FASE 7;BOT_2380_INT;346,4039917;1;ESPERANZA
14-06-2023;PA26;C08;CAT 797 B;Lastre Sulfurado;ESP/F07/2120/7290;FASE 7;BOT_2380_INT;346,4039917;1;ESPERANZA
14-06-2023;PA26;C09;CAT 797 B;Lastre Sulfurado;ESP/F07/2120/7290;FASE 7;BOT_2380_INT;692,8079834;2;ESPERANZA
14-06-2023;PA26;C10;CAT 797 B;Lastre Sulfurado;ESP/F07/2120/7290;FASE 7;BOT_2380_INT;346,4039917;1;ESPERANZA
14-06-2023;PA26;C13;CAT 797 B;Lastre Sulfurado;ESP/F07/2120/7290;FASE 7;BOT_2380_INT;692,8079834;2;ESPERANZA
14-06-2023;PA26;C14;CAT 797 B;Lastre Sulfurado;ESP/F07/2120/7290;FASE 7;BOT_2380_INT;346,4039917;1;ESPERANZA
14-06-2023;PA26;C16;CAT 797 B;Lastre Sulfurado;ESP/F07/2120/7290;FASE 7;BOT_2380_INT;346,4039917;1;ESPERANZA
14-06-2023;PA26;C17;CAT 797 F;Lastre Sulfurado;ESP/F07/2120/7290;FASE 7;BOT_2380_INT;346,4039917;1;ESPERANZA
14-06-2023;PA26;C18;CAT 797 F;Lastre Sulfurado;ESP/F07/2120/7290;FASE 7;BOT_2380_INT;692,8079834;2;ESPERANZA
14-06-2023;PA26;C19;CAT 797 F;Lastre Sulfurado;ESP/F07/2120/7290;FASE 7;BOT_2380_INT;346,4039917;1;ESPERANZA
14-06-2023;PA26;C23;CAT 797 F;Lastre Sulfurado;ESP/F07/2120/7290;FASE 7;BOT_2380_INT;1732,02002;5;ESPERANZA
14-06-2023;PA26;C24;CAT 797 F;Lastre Sulfurado;ESP/F07/2120/7290;FASE 7;BOT_2380_INT;346,4039917;1;ESPERANZA
14-06-2023;PA26;C25;CAT 797 F;Lastre Sulfurado;ESP/F07/2120/7290;FASE 7;BOT_2380_INT;692,8079834;2;ESPERANZA
14-06-2023;PA26;C34;CAT 797 F;Lastre Sulfurado;ESP/F07/2120/7290;FASE 7;BOT_2380_INT;692,8079834;2;ESPERANZA
14-06-2023;PA26;C36;CAT 797 F;Lastre Sulfurado;ESP/F07/2120/7290;FASE 7;BOT_2380_INT;346,4039917;1;ESPERANZA
14-06-2023;PA26;C39;CAT 797 F;Lastre Sulfurado;ESP/F07/2120/7290;FASE 7;BOT_2380_INT;346,4039917;1;ESPERANZA
14-06-2023;PA26;C40;CAT 797 F;Lastre Sulfurado;ESP/F07/2120/7290;FASE 7;BOT_2380_INT;346,4039917;1;ESPERANZA
14-06-2023;PA26;C41;CAT 797 F;Lastre Sulfurado;ESP/F07/2120/7290;FASE 7;BOT_2380_INT;1039,209961;3;ESPERANZA
14-06-2023;PA26;C43;CAT 797 F;Lastre Sulfurado;ESP/F07/2120/7290;FASE 7;BOT_2380_INT;1385,613953;4;ESPERANZA
14-06-2023;PA26;C46;CAT 797 F;Lastre Sulfurado;ESP/F07/2120/7290;FASE 7;BOT_2380_INT;346,4039917;1;ESPERANZA
14-06-2023;PA26;C47;CAT 797 F;Lastre Sulfurado;ESP/F07/2120/7290;FASE 7;BOT_2380_INT;1039,211975;3;ESPERANZA
14-06-2023;PA4;C09;CAT 797 B;Lastre Oxidado;ESP/F10/2328/129;FASE 10;BOT_MIJO;692,8079834;2;ESPERANZA
14-06-2023;PA4;C11;CAT 797 B;Lastre Oxidado;ESP/F10/2328/129;FASE 10;BOT_CENTRAL_SUR_INF;346,4039917;1;ESPERANZA
14-06-2023;PA4;C12;CAT 797 B;Lastre Oxidado;ESP/F10/2328/129;FASE 10;BOT_CENTRAL_SUR_INF;1039,211975;3;ESPERANZA
14-06-2023;PA4;C121;CAT 793 C;Lastre Oxidado;ESP/F10/2328/129;FASE 10;BOT_CENTRAL_SUR_INF;865,7459717;4;ESPERANZA
14-06-2023;PA4;C122;CAT 793 C;Lastre Oxidado;ESP/F10/2328/129;FASE 10;BOT_CENTRAL_SUR_INF;649,309021;3;ESPERANZA
14-06-2023;PA4;C122;CAT 793 C;Lastre Oxidado;ESP/F10/2328/129;FASE 10;BOT_MIJO;865,7459717;4;ESPERANZA
14-06-2023;PA4;C123;CAT 793 C;Lastre Oxidado;ESP/F10/2328/129;FASE 10;BOT_CENTRAL_SUR_INF;2164,362976;10;ESPERANZA
14-06-2023;PA4;C123;CAT 793 C;Lastre Oxidado;ESP/F10/2328/129;FASE 10;BOT_MIJO;865,7459717;4;ESPERANZA
14-06-2023;PA4;C125;CAT 793 C;Lastre Oxidado;ESP/F10/2328/129;FASE 10;BOT_CENTRAL_SUR_INF;2597,235016;12;ESPERANZA
14-06-2023;PA4;C125;CAT 793 C;Lastre Oxidado;ESP/F10/2328/129;FASE 10;BOT_MIJO;649,3089905;3;ESPERANZA
14-06-2023;PA4;C128;CAT 793 C;Lastre Oxidado;ESP/F10/2328/129;FASE 10;BOT_CENTRAL_SUR_INF;216,4360046;1;ESPERANZA
14-06-2023;PA4;C129;CAT 793 C;Lastre Oxidado;ESP/F10/2328/129;FASE 10;BOT_CENTRAL_SUR_INF;3030,11203;14;ESPERANZA
14-06-2023;PA4;C129;CAT 793 C;Lastre Oxidado;ESP/F10/2328/129;FASE 10;BOT_MIJO;649,3089905;3;ESPERANZA
14-06-2023;PA4;C129;CAT 793 C;Lastre Oxidado;ESP/F10/2328/129;FASE 10;BOT_RAMPA_SUPERIOR;216,4360046;1;ESPERANZA
14-06-2023;PA4;C130;CAT 793 C;Lastre Oxidado;ESP/F10/2328/129;FASE 10;BOT_CENTRAL_SUR_INF;865,7459717;4;ESPERANZA
14-06-2023;PA4;C130;CAT 793 C;Lastre Oxidado;ESP/F10/2328/129;FASE 10;BOT_MIJO;1298,616058;6;ESPERANZA
14-06-2023;PA4;C131;CAT 793 C;Lastre Oxidado;ESP/F10/2328/129;FASE 10;BOT_CENTRAL_SUR_INF;2380,800049;11;ESPERANZA
14-06-2023;PA4;C131;CAT 793 C;Lastre Oxidado;ESP/F10/2328/129;FASE 10;BOT_MIJO;865,7459717;4;ESPERANZA
14-06-2023;PA4;C131;CAT 793 C;Lastre Oxidado;ESP/F10/2328/129;FASE 10;BOT_RAMPA_SUPERIOR;216,4360046;1;ESPERANZA
14-06-2023;PA4;C135;CAT 793 C;Lastre Oxidado;ESP/F10/2328/129;FASE 10;BOT_CENTRAL_SUR_INF;1082,181976;5;ESPERANZA
14-06-2023;PA4;C135;CAT 793 C;Lastre Oxidado;ESP/F10/2328/129;FASE 10;BOT_MIJO;649,309021;3;ESPERANZA
14-06-2023;PA4;C151;CAT 793 F;Lastre Oxidado;ESP/F10/2328/129;FASE 10;BOT_CENTRAL_SUR_INF;1515,054993;7;ESPERANZA
14-06-2023;PA4;C151;CAT 793 F;Lastre Oxidado;ESP/F10/2328/129;FASE 10;BOT_MIJO;1082,180054;5;ESPERANZA
14-06-2023;PA4;C151;CAT 793 F;Lastre Oxidado;ESP/F10/2328/129;FASE 10;BOT_RAMPA_SUPERIOR;216,4360046;1;ESPERANZA
14-06-2023;PA4;C152;CAT 793 F;Lastre Oxidado;ESP/F10/2328/129;FASE 10;BOT_CENTRAL_SUR_INF;1082,182007;5;ESPERANZA
14-06-2023;PA4;C152;CAT 793 F;Lastre Oxidado;ESP/F10/2328/129;FASE 10;BOT_MIJO;649,309021;3;ESPERANZA
14-06-2023;PA4;C153;CAT 793 F;Lastre Oxidado;ESP/F10/2328/129;FASE 10;BOT_CENTRAL_SUR_INF;649,309021;3;ESPERANZA
14-06-2023;PA4;C153;CAT 793 F;Lastre Oxidado;ESP/F10/2328/129;FASE 10;BOT_MIJO;432,8729858;2;ESPERANZA
14-06-2023;PA4;C154;CAT 793 F;Lastre Oxidado;ESP/F10/2328/129;FASE 10;BOT_CENTRAL_SUR_INF;649,3089905;3;ESPERANZA
14-06-2023;PA4;C154;CAT 793 F;Lastre Oxidado;ESP/F10/2328/129;FASE 10;BOT_MIJO;1082,180054;5;ESPERANZA
14-06-2023;PA4;C155;CAT 793 F;Lastre Oxidado;ESP/F10/2328/129;FASE 10;BOT_CENTRAL_SUR_INF;1082,180054;5;ESPERANZA
14-06-2023;PA4;C156;CAT 793 F;Lastre Oxidado;ESP/F10/2328/129;FASE 10;BOT_CENTRAL_SUR_INF;1731,492981;8;ESPERANZA
14-06-2023;PA4;C156;CAT 793 F;Lastre Oxidado;ESP/F10/2328/129;FASE 10;BOT_MIJO;432,8729858;2;ESPERANZA
14-06-2023;PA4;C159;CAT 793 F;Lastre Oxidado;ESP/F10/2328/129;FASE 10;BOT_CENTRAL_SUR_INF;216,4360046;1;ESPERANZA
14-06-2023;PA4;C160;CAT 793 F;Lastre Oxidado;ESP/F10/2328/129;FASE 10;BOT_CENTRAL_SUR_INF;1515,056;7;ESPERANZA
14-06-2023;PA4;C161;CAT 793 F;Lastre Oxidado;ESP/F10/2328/129;FASE 10;BOT_CENTRAL_SUR_INF;1515,05304;7;ESPERANZA
14-06-2023;PA4;C161;CAT 793 F;Lastre Oxidado;ESP/F10/2328/129;FASE 10;BOT_MIJO;216,4360046;1;ESPERANZA
14-06-2023;PA4;C162;CAT 793 F;Lastre Oxidado;ESP/F10/2328/129;FASE 10;BOT_CENTRAL_SUR_INF;2597,236053;12;ESPERANZA
14-06-2023;PA4;C162;CAT 793 F;Lastre Oxidado;ESP/F10/2328/129;FASE 10;BOT_MIJO;865,7459717;4;ESPERANZA
14-06-2023;PA4;C163;CAT 793 F;Lastre Oxidado;ESP/F10/2328/129;FASE 10;BOT_CENTRAL_SUR_INF;865,7450256;4;ESPERANZA
14-06-2023;PA4;C163;CAT 793 F;Lastre Oxidado;ESP/F10/2328/129;FASE 10;BOT_RAMPA_SUPERIOR;432,8720093;2;ESPERANZA
14-06-2023;PA4;C164;CAT 793 F;Lastre Oxidado;ESP/F10/2328/129;FASE 10;BOT_CENTRAL_SUR_INF;649,309021;3;ESPERANZA
14-06-2023;PA4;C24;CAT 797 F;Lastre Oxidado;ESP/F10/2328/129;FASE 10;BOT_MIJO;346,4039917;1;ESPERANZA
14-06-2023;PA4;C24;CAT 797 F;Lastre Oxidado;ESP/F10/2328/129;FASE 10;BOT_RAMPA_SUPERIOR;346,4039917;1;ESPERANZA
14-06-2023;PA4;C49;KOM 930 E;Lastre Oxidado;ESP/F10/2328/129;FASE 10;BOT_CENTRAL_SUR_INF;291;1;ESPERANZA
14-06-2023;PA4;C51;KOM 930 E;Lastre Oxidado;ESP/F10/2328/129;FASE 10;BOT_CENTRAL_SUR_INF;582;2;ESPERANZA
14-06-2023;PA4;C51;KOM 930 E;Lastre Oxidado;ESP/F10/2328/129;FASE 10;BOT_MIJO;291;1;ESPERANZA
14-06-2023;PA4;C52;KOM 930 E;Lastre Oxidado;ESP/F10/2328/129;FASE 10;BOT_CENTRAL_SUR_INF;291;1;ESPERANZA
14-06-2023;PA4;C53;KOM 930 E;Lastre Oxidado;ESP/F10/2328/129;FASE 10;BOT_CENTRAL_SUR_INF;582;2;ESPERANZA
14-06-2023;PA4;C55;KOM 930 E;Lastre Oxidado;ESP/F10/2328/129;FASE 10;BOT_CENTRAL_SUR_INF;291;1;ESPERANZA
14-06-2023;PA4;C56;KOM 930 E;Lastre Oxidado;ESP/F10/2328/129;FASE 10;BOT_CENTRAL_SUR_INF;291;1;ESPERANZA
14-06-2023;PA6;C121;CAT 793 C;Lastre Sulfurado;ESP/F10/2296/1050;FASE 10;BOT_CENTRAL_SUR_INF;432,8729858;2;ESPERANZA
14-06-2023;PA6;C122;CAT 793 C;Lastre Sulfurado;ESP/F10/2296/1050;FASE 10;BOT_CENTRAL_SUR_INF;649,309021;3;ESPERANZA
14-06-2023;PA6;C123;CAT 793 C;Lastre Sulfurado;ESP/F10/2296/1050;FASE 10;BOT_CENTRAL_SUR_INF;1298,618042;6;ESPERANZA
14-06-2023;PA6;C125;CAT 793 C;Lastre Sulfurado;ESP/F10/2296/1050;FASE 10;BOT_CENTRAL_SUR_INF;432,8720093;2;ESPERANZA
14-06-2023;PA6;C125;CAT 793 C;Lastre Sulfurado;ESP/F10/2296/1050;FASE 10;BOT_RAMPA_SUPERIOR;216,4360046;1;ESPERANZA
14-06-2023;PA6;C128;CAT 793 C;Lastre Sulfurado;ESP/F10/2296/1050;FASE 10;BOT_CENTRAL_SUR_INF;432,8729858;2;ESPERANZA
14-06-2023;PA6;C129;CAT 793 C;Lastre Sulfurado;ESP/F10/2296/1050;FASE 10;BOT_CENTRAL_SUR_INF;1082,181976;5;ESPERANZA
14-06-2023;PA6;C129;CAT 793 C;Lastre Sulfurado;ESP/F10/2296/1050;FASE 10;BOT_MIJO;216,4360046;1;ESPERANZA
14-06-2023;PA6;C130;CAT 793 C;Lastre Sulfurado;ESP/F10/2296/1050;FASE 10;BOT_CENTRAL_SUR_INF;216,4360046;1;ESPERANZA
14-06-2023;PA6;C131;CAT 793 C;Lastre Sulfurado;ESP/F10/2296/1050;FASE 10;BOT_CENTRAL_SUR_INF;865,7459717;4;ESPERANZA
14-06-2023;PA6;C131;CAT 793 C;Lastre Sulfurado;ESP/F10/2296/1050;FASE 10;BOT_MIJO;432,8729858;2;ESPERANZA
14-06-2023;PA6;C135;CAT 793 C;Lastre Sulfurado;ESP/F10/2296/1050;FASE 10;BOT_CENTRAL_SUR_INF;432,8729858;2;ESPERANZA
14-06-2023;PA6;C135;CAT 793 C;Lastre Sulfurado;ESP/F10/2296/1050;FASE 10;BOT_MIJO;216,4360046;1;ESPERANZA
14-06-2023;PA6;C151;CAT 793 F;Lastre Sulfurado;ESP/F10/2296/1050;FASE 10;BOT_CENTRAL_SUR_INF;865,7449951;4;ESPERANZA
14-06-2023;PA6;C151;CAT 793 F;Lastre Sulfurado;ESP/F10/2296/1050;FASE 10;BOT_MIJO;216,4360046;1;ESPERANZA
14-06-2023;PA6;C152;CAT 793 F;Lastre Sulfurado;ESP/F10/2296/1050;FASE 10;BOT_CENTRAL_SUR_INF;649,3089905;3;ESPERANZA
14-06-2023;PA6;C152;CAT 793 F;Lastre Sulfurado;ESP/F10/2296/1050;FASE 10;BOT_MIJO;432,8729858;2;ESPERANZA
14-06-2023;PA6;C153;CAT 793 F;Lastre Sulfurado;ESP/F10/2296/1050;FASE 10;BOT_CENTRAL_SUR_INF;1947,927948;9;ESPERANZA
14-06-2023;PA6;C154;CAT 793 F;Lastre Sulfurado;ESP/F10/2296/1050;FASE 10;BOT_CENTRAL_SUR_INF;865,7459717;4;ESPERANZA
14-06-2023;PA6;C154;CAT 793 F;Lastre Sulfurado;ESP/F10/2296/1050;FASE 10;BOT_MIJO;216,4360046;1;ESPERANZA
14-06-2023;PA6;C156;CAT 793 F;Lastre Sulfurado;ESP/F10/2296/1050;FASE 10;BOT_CENTRAL_SUR_INF;649,309021;3;ESPERANZA
14-06-2023;PA6;C159;CAT 793 F;Lastre Sulfurado;ESP/F10/2296/1050;FASE 10;BOT_CENTRAL_SUR_INF;216,4360046;1;ESPERANZA
14-06-2023;PA6;C159;CAT 793 F;Lastre Sulfurado;ESP/F10/2296/1050;FASE 10;BOT_MIJO;1298,618011;6;ESPERANZA
14-06-2023;PA6;C160;CAT 793 F;Lastre Sulfurado;ESP/F10/2296/1050;FASE 10;BOT_CENTRAL_SUR_INF;216,4360046;1;ESPERANZA
14-06-2023;PA6;C161;CAT 793 F;Lastre Sulfurado;ESP/F10/2296/1050;FASE 10;BOT_CENTRAL_SUR_INF;649,3089905;3;ESPERANZA
14-06-2023;PA6;C162;CAT 793 F;Lastre Sulfurado;ESP/F10/2296/1050;FASE 10;BOT_CENTRAL_SUR_INF;216,4360046;1;ESPERANZA
14-06-2023;PA6;C162;CAT 793 F;Lastre Sulfurado;ESP/F10/2296/1050;FASE 10;BOT_MIJO;432,8720093;2;ESPERANZA
14-06-2023;PA6;C162;CAT 793 F;Lastre Sulfurado;ESP/F10/2296/1050;FASE 10;BOT_RAMPA_SUPERIOR;432,8729858;2;ESPERANZA
14-06-2023;PA6;C163;CAT 793 F;Lastre Sulfurado;ESP/F10/2296/1050;FASE 10;BOT_CENTRAL_SUR_INF;649,3089905;3;ESPERANZA
14-06-2023;PA6;C50;KOM 930 E;Lastre Sulfurado;ESP/F10/2296/1050;FASE 10;BOT_CENTRAL_SUR_INF;291;1;ESPERANZA
14-06-2023;PA6;C53;KOM 930 E;Lastre Sulfurado;ESP/F10/2296/1050;FASE 10;BOT_CENTRAL_SUR_INF;291;1;ESPERANZA
14-06-2023;PA6;C55;KOM 930 E;Lastre Sulfurado;ESP/F10/2296/1050;FASE 10;BOT_CENTRAL_SUR_INF;291;1;ESPERANZA
14-06-2023;PA6;C56;KOM 930 E;Lastre Sulfurado;ESP/F10/2296/1050;FASE 10;BOT_CENTRAL_SUR_INF;582;2;ESPERANZA
14-06-2023;PA6;C58;KOM 930 E;Lastre Sulfurado;ESP/F10/2296/1050;FASE 10;BOT_CENTRAL_SUR_INF;582;2;ESPERANZA
14-06-2023;PA6;C59;KOM 930 E;Lastre Sulfurado;ESP/F10/2296/1050;FASE 10;BOT_CENTRAL_SUR_INF;582;2;ESPERANZA
14-06-2023;PA6;C61;KOM 930 E;Lastre Sulfurado;ESP/F10/2296/1050;FASE 10;BOT_CENTRAL_SUR_INF;291;1;ESPERANZA
14-06-2023;PA7;C07;CAT 797 B;Lastre Oxidado;ESP/F07/2120/735;FASE 7;BOT_2380_INT;3464,039917;10;ESPERANZA
14-06-2023;PA7;C07;CAT 797 B;Lastre Sulfurado;ESP/F07/2120/731;FASE 7;BOT_2380_INT;346,4039917;1;ESPERANZA
14-06-2023;PA7;C08;CAT 797 B;Lastre Oxidado;ESP/F07/2120/735;FASE 7;BOT_2380_INT;3117,637939;9;ESPERANZA
14-06-2023;PA7;C08;CAT 797 B;Lastre Sulfurado;ESP/F07/2120/731;FASE 7;BOT_2380_INT;692,8079834;2;ESPERANZA
14-06-2023;PA7;C09;CAT 797 B;Lastre Oxidado;ESP/F07/2120/735;FASE 7;BOT_2380_INT;1039,209961;3;ESPERANZA
14-06-2023;PA7;C09;CAT 797 B;Lastre Sulfurado;ESP/F07/2120/731;FASE 7;BOT_2380_INT;346,4039917;1;ESPERANZA
14-06-2023;PA7;C10;CAT 797 B;Lastre Oxidado;ESP/F07/2120/735;FASE 7;BOT_2380_INT;3464,047974;10;ESPERANZA
14-06-2023;PA7;C10;CAT 797 B;Lastre Sulfurado;ESP/F07/2120/731;FASE 7;BOT_2380_INT;346,4039917;1;ESPERANZA
14-06-2023;PA7;C11;CAT 797 B;Lastre Oxidado;ESP/F07/2120/735;FASE 7;BOT_2380_INT;2424,83197;7;ESPERANZA
14-06-2023;PA7;C11;CAT 797 B;Lastre Sulfurado;ESP/F07/2120/731;FASE 7;BOT_2380_INT;692,8079834;2;ESPERANZA
14-06-2023;PA7;C12;CAT 797 B;Lastre Oxidado;ESP/F07/2120/735;FASE 7;BOT_2380_INT;1039,211975;3;ESPERANZA
14-06-2023;PA7;C12;CAT 797 B;Lastre Sulfurado;ESP/F07/2120/731;FASE 7;BOT_2380_INT;346,4039917;1;ESPERANZA
14-06-2023;PA7;C13;CAT 797 B;Lastre Oxidado;ESP/F07/2120/735;FASE 7;BOT_2380_INT;2424,828003;7;ESPERANZA
14-06-2023;PA7;C13;CAT 797 B;Lastre Sulfurado;ESP/F07/2120/731;FASE 7;BOT_2380_INT;346,4039917;1;ESPERANZA
14-06-2023;PA7;C14;CAT 797 B;Lastre Oxidado;ESP/F07/2120/735;FASE 7;BOT_2380_INT;2771,231995;8;ESPERANZA
14-06-2023;PA7;C14;CAT 797 B;Lastre Sulfurado;ESP/F07/2120/731;FASE 7;BOT_2380_INT;346,4039917;1;ESPERANZA
14-06-2023;PA7;C15;CAT 797 B;Lastre Oxidado;ESP/F07/2120/735;FASE 7;BOT_2380_INT;1039,211975;3;ESPERANZA
14-06-2023;PA7;C15;CAT 797 B;Lastre Sulfurado;ESP/F07/2120/731;FASE 7;BOT_2380_INT;692,8079834;2;ESPERANZA
14-06-2023;PA7;C16;CAT 797 B;Lastre Oxidado;ESP/F07/2120/735;FASE 7;BOT_2380_INT;1732,017944;5;ESPERANZA
14-06-2023;PA7;C16;CAT 797 B;Lastre Sulfurado;ESP/F07/2120/731;FASE 7;BOT_2380_INT;346,4039917;1;ESPERANZA
14-06-2023;PA7;C17;CAT 797 F;Lastre Oxidado;ESP/F07/2120/735;FASE 7;BOT_2380_INT;1039,211975;3;ESPERANZA
14-06-2023;PA7;C17;CAT 797 F;Lastre Sulfurado;ESP/F07/2120/731;FASE 7;BOT_2380_INT;346,4039917;1;ESPERANZA
14-06-2023;PA7;C18;CAT 797 F;Lastre Oxidado;ESP/F07/2120/735;FASE 7;BOT_2380_INT;1385,613953;4;ESPERANZA
14-06-2023;PA7;C19;CAT 797 F;Lastre Oxidado;ESP/F07/2120/735;FASE 7;BOT_2380_INT;3117,635986;9;ESPERANZA
14-06-2023;PA7;C19;CAT 797 F;Lastre Sulfurado;ESP/F07/2120/731;FASE 7;BOT_2380_INT;346,4039917;1;ESPERANZA
14-06-2023;PA7;C22;CAT 797 F;Lastre Oxidado;ESP/F07/2120/735;FASE 7;BOT_2380_INT;2771,233948;8;ESPERANZA
14-06-2023;PA7;C23;CAT 797 F;Lastre Oxidado;ESP/F07/2120/735;FASE 7;BOT_2380_INT;1385,613953;4;ESPERANZA
14-06-2023;PA7;C24;CAT 797 F;Lastre Oxidado;ESP/F07/2120/735;FASE 7;BOT_2380_INT;1732,023987;5;ESPERANZA
14-06-2023;PA7;C25;CAT 797 F;Lastre Oxidado;ESP/F07/2120/735;FASE 7;BOT_2380_INT;2771,229919;8;ESPERANZA
14-06-2023;PA7;C25;CAT 797 F;Lastre Sulfurado;ESP/F07/2120/731;FASE 7;BOT_2380_INT;692,8079834;2;ESPERANZA
14-06-2023;PA7;C32;CAT 797 F;Lastre Oxidado;ESP/F07/2120/735;FASE 7;BOT_2380_INT;346,4039917;1;ESPERANZA
14-06-2023;PA7;C34;CAT 797 F;Lastre Oxidado;ESP/F07/2120/735;FASE 7;BOT_2380_INT;1385,615967;4;ESPERANZA
14-06-2023;PA7;C36;CAT 797 F;Lastre Oxidado;ESP/F07/2120/735;FASE 7;BOT_2380_INT;3117,635986;9;ESPERANZA
14-06-2023;PA7;C37;CAT 797 F;Lastre Oxidado;ESP/F07/2120/735;FASE 7;BOT_2380_INT;2078,424011;6;ESPERANZA
14-06-2023;PA7;C37;CAT 797 F;Lastre Sulfurado;ESP/F07/2120/731;FASE 7;BOT_2380_INT;692,8079834;2;ESPERANZA
14-06-2023;PA7;C38;CAT 797 F;Lastre Oxidado;ESP/F07/2120/735;FASE 7;BOT_2380_INT;2771,22998;8;ESPERANZA
14-06-2023;PA7;C38;CAT 797 F;Lastre Sulfurado;ESP/F07/2120/731;FASE 7;BOT_2380_INT;1039,209961;3;ESPERANZA
14-06-2023;PA7;C39;CAT 797 F;Lastre Oxidado;ESP/F07/2120/735;FASE 7;BOT_2380_INT;1039,209961;3;ESPERANZA
14-06-2023;PA7;C39;CAT 797 F;Lastre Sulfurado;ESP/F07/2120/731;FASE 7;BOT_2380_INT;692,8079834;2;ESPERANZA
14-06-2023;PA7;C40;CAT 797 F;Lastre Oxidado;ESP/F07/2120/735;FASE 7;BOT_2380_INT;1732,017944;5;ESPERANZA
14-06-2023;PA7;C41;CAT 797 F;Lastre Oxidado;ESP/F07/2120/735;FASE 7;BOT_2380_INT;692,8079834;2;ESPERANZA
14-06-2023;PA7;C41;CAT 797 F;Lastre Sulfurado;ESP/F07/2120/731;FASE 7;BOT_2380_INT;346,4039917;1;ESPERANZA
14-06-2023;PA7;C42;CAT 797 F;Lastre Oxidado;ESP/F07/2120/732;FASE 7;BOT_2380_INT;346,4039917;1;ESPERANZA
14-06-2023;PA7;C42;CAT 797 F;Lastre Oxidado;ESP/F07/2120/735;FASE 7;BOT_2380_INT;2771,22998;8;ESPERANZA
14-06-2023;PA7;C42;CAT 797 F;Lastre Sulfurado;ESP/F07/2120/731;FASE 7;BOT_2380_INT;346,4039917;1;ESPERANZA
14-06-2023;PA7;C43;CAT 797 F;Lastre Oxidado;ESP/F07/2120/735;FASE 7;BOT_2380_INT;2424,823914;7;ESPERANZA
14-06-2023;PA7;C43;CAT 797 F;Lastre Sulfurado;ESP/F07/2120/731;FASE 7;BOT_2380_INT;346,4039917;1;ESPERANZA
14-06-2023;PA7;C44;CAT 797 F;Lastre Oxidado;ESP/F07/2120/735;FASE 7;BOT_2380_INT;1385,619995;4;ESPERANZA
14-06-2023;PA7;C45;CAT 797 F;Lastre Oxidado;ESP/F07/2120/735;FASE 7;BOT_2380_INT;3464,037903;10;ESPERANZA
14-06-2023;PA7;C45;CAT 797 F;Lastre Sulfurado;ESP/F07/2120/731;FASE 7;BOT_2380_INT;346,4039917;1;ESPERANZA
14-06-2023;PA7;C46;CAT 797 F;Lastre Oxidado;ESP/F07/2120/735;FASE 7;BOT_2380_INT;2771,23407;8;ESPERANZA
14-06-2023;PA7;C47;CAT 797 F;Lastre Oxidado;ESP/F07/2120/732;FASE 7;BOT_2380_INT;346,4039917;1;ESPERANZA
14-06-2023;PA7;C47;CAT 797 F;Lastre Oxidado;ESP/F07/2120/735;FASE 7;BOT_2380_INT;3810,447998;11;ESPERANZA
14-06-2023;PA7;C56;KOM 930 E;Lastre Oxidado;ESP/F07/2120/735;FASE 7;BOT_2380_INT;291;1;ESPERANZA
14-06-2023;PA7;C58;KOM 930 E;Lastre Oxidado;ESP/F07/2120/735;FASE 7;BOT_2380_INT;582;2;ESPERANZA
14-06-2023;PA7;C60;KOM 930 E;Lastre Oxidado;ESP/F07/2120/735;FASE 7;BOT_2380_INT;291;1;ESPERANZA
14-06-2023;PA7;C61;KOM 930 E;Lastre Oxidado;ESP/F07/2120/735;FASE 7;BOT_2380_INT;291;1;ESPERANZA
14-06-2023;PAESPS;C20115ESPS;KOM 980 ESPS;Sulfuro de Media;ESS/F02/2104/204;F02 ESPSUR;CHANCADO-SULFURO;29880;83;ESPERANZA_SUR
14-06-2023;PAESPS;C980AHSESPS;Kom 980 AHS;Sulfuro de Media;ESS/F02/2104/204;F02 ESPSUR;STOCK_SME_ESS;2160;6;ESPERANZA_SUR
14-06-2023;PATH01;C701;LIEBHERR 264 ;LASTRE (LAS);LLA/F01/2295/103;F01 LLA;BOT_TSS;60225;275;LLANO
14-06-2023;PATH01;C701;LIEBHERR 264 ;LASTRE (LAS);LLA/F01/2295/104;F01 LLA;BOT_TSS;3504;16;LLANO
14-06-2023;PATH01;C701;LIEBHERR 264 ;LASTRE (LAS);LLA/F01/2295/105;F01 LLA;BOT_TSS;9198;42;LLANO
14-06-2023;PATH01;C701;LIEBHERR 264 ;LASTRE (LAS);LLA/F01/2295/106;F01 LLA;BOT_TSS;9855;45;LLANO
14-06-2023;PATH01;C701;LIEBHERR 264 ;LASTRE (LAS);LLA/F02/2302.5/210;F02 LLA;BOT_TSS;20805;95;LLANO
14-06-2023;PATH01;C793OXE;CAT 793 OXE;Mineral Sulfuro Primario(PRI);OXE/F04/2144/413;FASE 04 ENC;MOD G;4180;19;ENCUENTRO
14-06-2023;PATH01;C793OXE;CAT 793 OXE;OBR;MOD_D_REM;ENCUENTRO OXE;CHANCADO-ENCUENTRO;8140;37;ENCUENTRO
14-06-2023;PATH01;C793OXE;CAT 793 OXE;OBR;MOD_E_REM;ENCUENTRO OXE;CHANCADO-ENCUENTRO;13860;63;ENCUENTRO
14-06-2023;PATH01;C793OXE;CAT 793 OXE;OBR;MOD_F_REM;ENCUENTRO OXE;CHANCADO-ENCUENTRO;8580;39;ENCUENTRO
14-06-2023;PATH01;C793OXE;CAT 793 OXE;OMR;STOCK_OXMAR_NORTE;ENCUENTRO OXE;CHANCADO-ENCUENTRO;6820;31;ENCUENTRO
14-06-2023;PATH01;C793OXE;CAT 793 OXE;OXIDO MARGINAL (OXMAR);OXE/F04/2144/413;FASE 04 ENC;STOCK _MARGINAL_ESTE;8360;38;ENCUENTRO
14-06-2023;PATH01;C930OXE;KOM 930OXE;L21;04_2376_455;FASE 04 ENC;BOT.2420;85260;294;ENCUENTRO
14-06-2023;PATH01;C930OXE;KOM 930OXE;Mineral Sulfuro Primario(PRI);OXE/F04/2144/415;FASE 04 ENC;MOD G;28420;98;ENCUENTRO