Fecha;Carguio;Camión;Flota;Material;Origen;Zona;Destino;Tonelaje;Ciclos;Rajo
15-06-2023;CF2;C08;CAT 797 B;Lastre Oxidado;ESP/F07/2104/711;FASE 7;BOT_2380_INT;692,8079834;2;ESPERANZA
15-06-2023;CF2;C11;CAT 797 B;Lastre Oxidado;ESP/F07/2104/711;FASE 7;BOT_2380_INT;692,8079834;2;ESPERANZA
15-06-2023;CF2;C12;CAT 797 B;Lastre Oxidado;ESP/F07/2104/711;FASE 7;BOT_2380_INT;692,8079834;2;ESPERANZA
15-06-2023;CF2;C15;CAT 797 B;Lastre Oxidado;ESP/F07/2104/711;FASE 7;BOT_2380_INT;346,4039917;1;ESPERANZA
15-06-2023;CF2;C17;CAT 797 F;Lastre Oxidado;ESP/F07/2104/711;FASE 7;BOT_2380_INT;346,4039917;1;ESPERANZA
15-06-2023;CF2;C19;CAT 797 F;Lastre Sulfurado;ESP/F08/1768/8080;FASE 8;BOT_CENTRAL_SUR_INF;346,4039917;1;ESPERANZA
15-06-2023;CF2;C23;CAT 797 F;Lastre Oxidado;ESP/F07/2104/711;FASE 7;BOT_2380_INT;346,4039917;1;ESPERANZA
15-06-2023;CF2;C23;CAT 797 F;Lastre Sulfurado;ESP/F08/1768/8080;FASE 8;BOT_CENTRAL_SUR_INF;346,4039917;1;ESPERANZA
15-06-2023;CF2;C25;CAT 797 F;Lastre Oxidado;ESP/F07/2104/711;FASE 7;BOT_2380_INT;346,4039917;1;ESPERANZA
15-06-2023;CF2;C32;CAT 797 F;Lastre Sulfurado;ESP/F08/1768/8080;FASE 8;BOT_CENTRAL_SUR_INF;346,4039917;1;ESPERANZA
15-06-2023;CF2;C34;CAT 797 F;Lastre Oxidado;ESP/F07/2104/711;FASE 7;BOT_2380_INT;346,4039917;1;ESPERANZA
15-06-2023;CF2;C36;CAT 797 F;Lastre Oxidado;ESP/F07/2104/711;FASE 7;BOT_2380_INT;1039,211975;3;ESPERANZA
15-06-2023;CF2;C37;CAT 797 F;Lastre Sulfurado;ESP/F08/1768/8080;FASE 8;BOT_CENTRAL_SUR_INF;692,8079834;2;ESPERANZA
15-06-2023;CF2;C38;CAT 797 F;Lastre Sulfurado;ESP/F08/1768/8080;FASE 8;BOT_CENTRAL_SUR_INF;692,8079834;2;ESPERANZA
15-06-2023;CF2;C40;CAT 797 F;Lastre Oxidado;ESP/F07/2104/711;FASE 7;BOT_2380_INT;346,4039917;1;ESPERANZA
15-06-2023;CF2;C42;CAT 797 F;Lastre Sulfurado;ESP/F08/1768/8080;FASE 8;BOT_CENTRAL_SUR_INF;346,4039917;1;ESPERANZA
15-06-2023;CF2;C43;CAT 797 F;Lastre Oxidado;ESP/F07/2104/711;FASE 7;BOT_2380_INT;692,8079834;2;ESPERANZA
15-06-2023;CF2;C44;CAT 797 F;Lastre Sulfurado;ESP/F08/1768/8080;FASE 8;BOT_CENTRAL_SUR_INF;346,4039917;1;ESPERANZA
15-06-2023;CF2;C45;CAT 797 F;Lastre Oxidado;ESP/F07/2104/711;FASE 7;BOT_2380_INT;346,4039917;1;ESPERANZA
15-06-2023;CF2;C46;CAT 797 F;Lastre Oxidado;ESP/F07/2104/711;FASE 7;BOT_2380_INT;346,4039917;1;ESPERANZA
15-06-2023;CF2;C46;CAT 797 F;Lastre Sulfurado;ESP/F08/1768/8080;FASE 8;BOT_CENTRAL_SUR_INF;692,8079834;2;ESPERANZA
15-06-2023;CF2;C50;KOM 930 E;Lastre Sulfurado;ESP/F08/1768/8080;FASE 8;BOT_CENTRAL_SUR_INF;582;2;ESPERANZA
15-06-2023;CF2;C54;KOM 930 E;Lastre Sulfurado;ESP/F08/1768/8080;FASE 8;BOT_CENTRAL_SUR_INF;582;2;ESPERANZA
15-06-2023;CF2;C55;KOM 930 E;Lastre Sulfurado;ESP/F08/1768/8080;FASE 8;BOT_CENTRAL_SUR_INF;291;1;ESPERANZA
15-06-2023;CF2;C58;KOM 930 E;Lastre Sulfurado;ESP/F08/1768/8080;FASE 8;BOT_CENTRAL_SUR_INF;291;1;ESPERANZA
15-06-2023;CF2;C59;KOM 930 E;Lastre Sulfurado;ESP/F08/1768/8080;FASE 8;BOT_CENTRAL_SUR_INF;873;3;ESPERANZA
15-06-2023;CF2;C60;KOM 930 E;Lastre Sulfurado;ESP/F08/1768/8080;FASE 8;BOT_CENTRAL_SUR_INF;291;1;ESPERANZA
15-06-2023;CF2;C61;KOM 930 E;Lastre Sulfurado;ESP/F08/1768/8080;FASE 8;BOT_CENTRAL_SUR_INF;291;1;ESPERANZA
15-06-2023;CF203;C121;CAT 793 C;Marginal Rom;STOCK_MRO_MIR;OXIDO;ROM;1320;6;TESORO
15-06-2023;CF203;C122;CAT 793 C;Marginal Rom;STOCK_MRO_MIR;OXIDO;ROM;4400;20;TESORO
15-06-2023;CF203;C125;CAT 793 C;Marginal Rom;STOCK_MRO_MIR;OXIDO;ROM;7040;32;TESORO
15-06-2023;CF203;C128;CAT 793 C;Marginal Rom;STOCK_MRO_MIR;OXIDO;ROM;4620;21;TESORO
15-06-2023;CF203;C129;CAT 793 C;Marginal Rom;STOCK_MRO_MIR;OXIDO;ROM;2200;10;TESORO
15-06-2023;CF203;C130;CAT 793 C;Marginal Rom;STOCK_MRO_MIR;OXIDO;ROM;880;4;TESORO
15-06-2023;CF203;C132;CAT 793 C;Marginal Rom;STOCK_MRO_MIR;OXIDO;ROM;1540;7;TESORO
15-06-2023;CF203;C135;CAT 793 C;Marginal Rom;STOCK_MRO_MIR;OXIDO;ROM;1320;6;TESORO
15-06-2023;CF203;C160;CAT 793 F;Marginal Rom;STOCK_MRO_MIR;OXIDO;ROM;675;3;TESORO
15-06-2023;CF231;C121;CAT 793 C;Marginal Alta;STM-NE-02;OXIDO;CHANCADO-OXIDO;2597,236053;12;TESORO
15-06-2023;CF231;C123;CAT 793 C;Lastre Oxidado;ESP/F10/2296/1060;FASE 10;BOT_CENTRAL_SUR_INF;216,4360046;1;ESPERANZA
15-06-2023;CF231;C123;CAT 793 C;Lastre Oxidado;ESP/F10/2296/1060;FASE 10;BOT_MIJO;216,4360046;1;ESPERANZA
15-06-2023;CF231;C125;CAT 793 C;Marginal Alta;STM-NE-02;OXIDO;CHANCADO-OXIDO;1947,930054;9;TESORO
15-06-2023;CF231;C129;CAT 793 C;Lastre Oxidado;ESP/F10/2296/1051;FASE 10;BOT_MIJO;216,4360046;1;ESPERANZA
15-06-2023;CF231;C130;CAT 793 C;Lastre Oxidado;ESP/F10/2296/1051;FASE 10;BOT_MIJO;216,4360046;1;ESPERANZA
15-06-2023;CF231;C130;CAT 793 C;Lastre Oxidado;ESP/F10/2296/1060;FASE 10;BOT_CENTRAL_SUR_INF;432,8729858;2;ESPERANZA
15-06-2023;CF231;C130;CAT 793 C;Lastre Oxidado;ESP/F10/2296/1060;FASE 10;BOT_MIJO;216,4360046;1;ESPERANZA
15-06-2023;CF231;C131;CAT 793 C;Lastre Oxidado;ESP/F10/2296/1051;FASE 10;BOT_MIJO;216,4360046;1;ESPERANZA
15-06-2023;CF231;C131;CAT 793 C;Lastre Oxidado;ESP/F10/2296/1060;FASE 10;BOT_CENTRAL_SUR_INF;216,4360046;1;ESPERANZA
15-06-2023;CF231;C132;CAT 793 C;Marginal Alta;STM-NE-02;OXIDO;CHANCADO-OXIDO;1298,619995;6;TESORO
15-06-2023;CF231;C134;CAT 793 C;Lastre Oxidado;ESP/F10/2296/1060;FASE 10;BOT_CENTRAL_SUR_INF;216,4360046;1;ESPERANZA
15-06-2023;CF231;C135;CAT 793 C;Lastre Oxidado;ESP/F10/2296/1060;FASE 10;BOT_CENTRAL_SUR_INF;432,8729858;2;ESPERANZA
15-06-2023;CF231;C135;CAT 793 C;Lastre Oxidado;ESP/F10/2296/1060;FASE 10;BOT_MIJO;432,8729858;2;ESPERANZA
15-06-2023;CF231;C135;CAT 793 C;Marginal Alta;STM-NE-02;OXIDO;CHANCADO-OXIDO;2813,669922;13;TESORO
15-06-2023;CF231;C152;CAT 793 F;Lastre Oxidado;ESP/F10/2296/1060;FASE 10;BOT_CENTRAL_SUR_INF;432,8729858;2;ESPERANZA
15-06-2023;CF231;C154;CAT 793 F;Lastre Oxidado;ESP/F10/2296/1060;FASE 10;BOT_CENTRAL_SUR_INF;216,4360046;1;ESPERANZA
15-06-2023;CF231;C155;CAT 793 F;Lastre Oxidado;ESP/F10/2296/1060;FASE 10;BOT_CENTRAL_SUR_INF;216,4360046;1;ESPERANZA
15-06-2023;CF231;C156;CAT 793 F;Lastre Oxidado;ESP/F10/2296/1060;FASE 10;BOT_RAMPA_SUPERIOR;216,4360046;1;ESPERANZA
15-06-2023;CF231;C159;CAT 793 F;Lastre Oxidado;ESP/F10/2296/1051;FASE 10;BOT_MIJO;216,4360046;1;ESPERANZA
15-06-2023;CF231;C159;CAT 793 F;Lastre Oxidado;ESP/F10/2296/1060;FASE 10;BOT_CENTRAL_SUR_INF;432,8729858;2;ESPERANZA
15-06-2023;CF231;C161;CAT 793 F;Lastre Oxidado;ESP/F10/2296/1060;FASE 10;BOT_CENTRAL_SUR_INF;432,8729858;2;ESPERANZA
15-06-2023;CF231;C162;CAT 793 F;Lastre Oxidado;ESP/F10/2296/1051;FASE 10;BOT_MIJO;432,8729858;2;ESPERANZA
15-06-2023;CF231;C162;CAT 793 F;Lastre Oxidado;ESP/F10/2296/1060;FASE 10;BOT_CENTRAL_SUR_INF;216,4360046;1;ESPERANZA
15-06-2023;CF231;C162;CAT 793 F;Lastre Oxidado;ESP/F10/2296/1060;FASE 10;BOT_MIJO;216,4360046;1;ESPERANZA
15-06-2023;CF231;C163;CAT 793 F;Lastre Oxidado;ESP/F10/2296/1051;FASE 10;BOT_MIJO;216,4360046;1;ESPERANZA
15-06-2023;CF231;C163;CAT 793 F;Lastre Oxidado;ESP/F10/2296/1060;FASE 10;BOT_CENTRAL_SUR_INF;432,8729858;2;ESPERANZA
15-06-2023;CF232;C122;CAT 793 C;Lastre Oxidado;ESP/F10/2328/130;FASE 10;BOT_CENTRAL_SUR_INF;432,8729858;2;ESPERANZA
15-06-2023;CF232;C123;CAT 793 C;Lastre Oxidado;ESP/F10/2328/130;FASE 10;BOT_CENTRAL_SUR_INF;649,3089905;3;ESPERANZA
15-06-2023;CF232;C128;CAT 793 C;Lastre Oxidado;ESP/F10/2328/130;FASE 10;BOT_CENTRAL_SUR_INF;216,4360046;1;ESPERANZA
15-06-2023;CF232;C129;CAT 793 C;Lastre Oxidado;ESP/F10/2328/130;FASE 10;BOT_CENTRAL_SUR_INF;865,7459717;4;ESPERANZA
15-06-2023;CF232;C129;CAT 793 C;Lastre Oxidado;ESP/F10/2328/130;FASE 10;BOT_MIJO;432,8729858;2;ESPERANZA
15-06-2023;CF232;C130;CAT 793 C;Lastre Oxidado;ESP/F10/2328/130;FASE 10;BOT_CENTRAL_SUR_INF;649,309021;3;ESPERANZA
15-06-2023;CF232;C130;CAT 793 C;Lastre Oxidado;ESP/F10/2328/130;FASE 10;BOT_MIJO;216,4360046;1;ESPERANZA
15-06-2023;CF232;C131;CAT 793 C;Lastre Oxidado;ESP/F10/2328/130;FASE 10;BOT_CENTRAL_SUR_INF;1731,489075;8;ESPERANZA
15-06-2023;CF232;C131;CAT 793 C;Lastre Oxidado;ESP/F10/2328/130;FASE 10;BOT_MIJO;649,309021;3;ESPERANZA
15-06-2023;CF232;C132;CAT 793 C;Lastre Oxidado;ESP/F10/2328/130;FASE 10;BOT_CENTRAL_SUR_INF;432,8729858;2;ESPERANZA
15-06-2023;CF232;C132;CAT 793 C;Lastre Oxidado;ESP/F10/2328/130;FASE 10;BOT_CENTRAL_SUR_SUP;432,8729858;2;ESPERANZA
15-06-2023;CF232;C134;CAT 793 C;Lastre Oxidado;ESP/F10/2328/130;FASE 10;BOT_CENTRAL_SUR_INF;1515,054962;7;ESPERANZA
15-06-2023;CF232;C135;CAT 793 C;Lastre Oxidado;ESP/F10/2328/130;FASE 10;BOT_CENTRAL_SUR_INF;1082,180054;5;ESPERANZA
15-06-2023;CF232;C135;CAT 793 C;Lastre Oxidado;ESP/F10/2328/130;FASE 10;BOT_MIJO;216,4360046;1;ESPERANZA
15-06-2023;CF232;C151;CAT 793 F;Lastre Oxidado;ESP/F10/2328/130;FASE 10;BOT_CENTRAL_SUR_INF;1515,054962;7;ESPERANZA
15-06-2023;CF232;C151;CAT 793 F;Lastre Oxidado;ESP/F10/2328/130;FASE 10;BOT_MIJO;432,8729858;2;ESPERANZA
15-06-2023;CF232;C152;CAT 793 F;Lastre Oxidado;ESP/F10/2328/130;FASE 10;BOT_CENTRAL_SUR_INF;432,8729858;2;ESPERANZA
15-06-2023;CF232;C153;CAT 793 F;Lastre Oxidado;ESP/F10/2328/130;FASE 10;BOT_CENTRAL_SUR_INF;865,7450256;4;ESPERANZA
15-06-2023;CF232;C154;CAT 793 F;Lastre Oxidado;ESP/F10/2328/130;FASE 10;BOT_CENTRAL_SUR_INF;1515,05304;7;ESPERANZA
15-06-2023;CF232;C154;CAT 793 F;Lastre Oxidado;ESP/F10/2328/130;FASE 10;BOT_MIJO;216,4360046;1;ESPERANZA
15-06-2023;CF232;C155;CAT 793 F;Lastre Oxidado;ESP/F10/2328/130;FASE 10;BOT_CENTRAL_SUR_INF;432,8729858;2;ESPERANZA
15-06-2023;CF232;C156;CAT 793 F;Lastre Oxidado;ESP/F10/2328/130;FASE 10;BOT_CENTRAL_SUR_INF;1082,181976;5;ESPERANZA
15-06-2023;CF232;C156;CAT 793 F;Lastre Oxidado;ESP/F10/2328/130;FASE 10;BOT_RAMPA_SUPERIOR;216,4360046;1;ESPERANZA
15-06-2023;CF232;C159;CAT 793 F;Lastre Oxidado;ESP/F10/2328/130;FASE 10;BOT_CENTRAL_SUR_INF;865,7459717;4;ESPERANZA
15-06-2023;CF232;C159;CAT 793 F;Lastre Oxidado;ESP/F10/2328/130;FASE 10;BOT_MIJO;649,309021;3;ESPERANZA
15-06-2023;CF232;C161;CAT 793 F;Lastre Oxidado;ESP/F10/2328/130;FASE 10;BOT_CENTRAL_SUR_INF;865,7459717;4;ESPERANZA
15-06-2023;CF232;C162;CAT 793 F;Lastre Oxidado;ESP/F10/2328/130;FASE 10;BOT_CENTRAL_SUR_INF;1731,490967;8;ESPERANZA
15-06-2023;CF232;C162;CAT 793 F;Lastre Oxidado;ESP/F10/2328/130;FASE 10;BOT_MIJO;216,4360046;1;ESPERANZA
15-06-2023;CF232;C163;CAT 793 F;Lastre Oxidado;ESP/F10/2328/130;FASE 10;BOT_CENTRAL_SUR_INF;1082,18103;5;ESPERANZA
15-06-2023;CF232;C164;CAT 793 F;Lastre Oxidado;ESP/F10/2328/130;FASE 10;BOT_CENTRAL_SUR_INF;1298,618042;6;ESPERANZA
15-06-2023;CF233;C129;CAT 793 C;Baja Ley 1;ST-TS_18;OXIDO;CHANCADO-OXIDO;1731,48999;8;TESORO
15-06-2023;CF233;C130;CAT 793 C;Baja Ley 1;ST-TS_18;OXIDO;CHANCADO-OXIDO;2380,799011;11;TESORO
15-06-2023;CF233;C132;CAT 793 C;Baja Ley 1;ST-TS_18;OXIDO;CHANCADO-OXIDO;1515,060059;7;TESORO
15-06-2023;CF233;C132;CAT 793 C;Baja Ley 1;ST-TS_18;OXIDO;ST-TS_18;1082,180054;5;TESORO
15-06-2023;CF234;C122;CAT 793 C;Lastre Oxidado;ESP/F10/2296/1060;FASE 10;BOT_CENTRAL_SUR_INF;865,7459717;4;ESPERANZA
15-06-2023;CF234;C123;CAT 793 C;Lastre Oxidado;ESP/F10/2296/1060;FASE 10;BOT_CENTRAL_SUR_INF;1298,616058;6;ESPERANZA
15-06-2023;CF234;C123;CAT 793 C;Sulfuro de Alta Ley;STOCK_SAL_DIN;ESPERANZA;CHANCADO-SULFURO;1518,720016;7;ESPERANZA
15-06-2023;CF234;C134;CAT 793 C;Lastre Oxidado;ESP/F10/2296/1060;FASE 10;BOT_CENTRAL_SUR_INF;432,8729858;2;ESPERANZA
15-06-2023;CF234;C151;CAT 793 F;Lastre Oxidado;ESP/F10/2296/1060;FASE 10;BOT_CENTRAL_SUR_INF;1515,054962;7;ESPERANZA
15-06-2023;CF234;C152;CAT 793 F;Lastre Oxidado;ESP/F10/2296/1060;FASE 10;BOT_CENTRAL_SUR_INF;432,8729858;2;ESPERANZA
15-06-2023;CF234;C153;CAT 793 F;Lastre Oxidado;ESP/F10/2296/1060;FASE 10;BOT_CENTRAL_SUR_INF;432,8729858;2;ESPERANZA
15-06-2023;CF234;C154;CAT 793 F;Lastre Oxidado;DERRAMES_F07;FASE 7;BOT_2380_INT;865,7459717;4;ESPERANZA
15-06-2023;CF234;C155;CAT 793 F;Lastre Oxidado;ESP/F10/2296/1060;FASE 10;BOT_CENTRAL_SUR_INF;1082,182007;5;ESPERANZA
15-06-2023;CF234;C156;CAT 793 F;Lastre Oxidado;ESP/F10/2296/1060;FASE 10;BOT_CENTRAL_SUR_INF;216,4360046;1;ESPERANZA
15-06-2023;CF234;C156;CAT 793 F;Sulfuro de Alta Ley;STOCK_SAL_DIN;ESPERANZA;CHANCADO-SULFURO;216,9600067;1;ESPERANZA
15-06-2023;CF234;C159;CAT 793 F;Lastre Oxidado;ESP/F10/2296/1060;FASE 10;BOT_CENTRAL_SUR_INF;1298,618958;6;ESPERANZA
15-06-2023;CF234;C161;CAT 793 F;Lastre Oxidado;ESP/F10/2296/1060;FASE 10;BOT_CENTRAL_SUR_INF;432,8729858;2;ESPERANZA
15-06-2023;CF234;C162;CAT 793 F;Lastre Oxidado;ESP/F10/2296/1060;FASE 10;BOT_CENTRAL_SUR_INF;865,7450256;4;ESPERANZA
15-06-2023;CF234;C163;CAT 793 F;Lastre Oxidado;ESP/F10/2296/1060;FASE 10;BOT_CENTRAL_SUR_INF;216,4360046;1;ESPERANZA
15-06-2023;CF234;C164;CAT 793 F;Lastre Oxidado;ESP/F10/2296/1060;FASE 10;BOT_CENTRAL_SUR_INF;432,8729858;2;ESPERANZA
15-06-2023;CF3;C24;CAT 797 F;Sulfuro de Media;ESP/F08/1768/8070;FASE 8;CHANCADO-SULFURO;346,4039917;1;ESPERANZA
15-06-2023;CF3;C37;CAT 797 F;Sulfuro de Media;ESP/F08/1768/8070;FASE 8;CHANCADO-SULFURO;346,4039917;1;ESPERANZA
15-06-2023;CF3;C38;CAT 797 F;Sulfuro de Media;ESP/F08/1768/8070;FASE 8;CHANCADO-SULFURO;346,4039917;1;ESPERANZA
15-06-2023;CF3;C44;CAT 797 F;Sulfuro de Media;ESP/F08/1768/8070;FASE 8;CHANCADO-SULFURO;692,8079834;2;ESPERANZA
15-06-2023;CF3;C49;KOM 930 E;Sulfuro de Media;ESP/F08/1768/8070;FASE 8;CHANCADO-SULFURO;291;1;ESPERANZA
15-06-2023;CF3;C52;KOM 930 E;Sulfuro de Media;ESP/F08/1768/8070;FASE 8;STOCK_SME;291;1;ESPERANZA
15-06-2023;CF3;C54;KOM 930 E;Sulfuro de Media;ESP/F08/1768/8070;FASE 8;CHANCADO-SULFURO;1455;5;ESPERANZA
15-06-2023;CF3;C54;KOM 930 E;Sulfuro de Media;ESP/F08/1768/8070;FASE 8;STOCK_SME;291;1;ESPERANZA
15-06-2023;CF3;C55;KOM 930 E;Sulfuro de Media;ESP/F08/1768/8070;FASE 8;CHANCADO-SULFURO;873;3;ESPERANZA
15-06-2023;CF3;C55;KOM 930 E;Sulfuro de Media;ESP/F08/1768/8070;FASE 8;STOCK_SME;291;1;ESPERANZA
15-06-2023;CF3;C55;KOM 930 E;Sulfuro de Media;ESP/F08/1768/8070;FASE 8;STOCK-FIERROS;291;1;ESPERANZA
15-06-2023;CF3;C56;KOM 930 E;Sulfuro de Media;ESP/F08/1768/8070;FASE 8;CHANCADO-SULFURO;582;2;ESPERANZA
15-06-2023;CF3;C58;KOM 930 E;Sulfuro de Media;ESP/F08/1768/8070;FASE 8;CHANCADO-SULFURO;291;1;ESPERANZA
15-06-2023;CF3;C58;KOM 930 E;Sulfuro de Media;ESP/F08/1768/8070;FASE 8;STOCK_SME;291;1;ESPERANZA
15-06-2023;CF3;C59;KOM 930 E;Sulfuro de Media;ESP/F08/1768/8070;FASE 8;CHANCADO-SULFURO;582;2;ESPERANZA
15-06-2023;CF3;C59;KOM 930 E;Sulfuro de Media;ESP/F08/1768/8070;FASE 8;STOCK-FIERROS;291;1;ESPERANZA
15-06-2023;CF3;C61;KOM 930 E;Sulfuro de Media;ESP/F08/1768/8070;FASE 8;CHANCADO-SULFURO;1164;4;ESPERANZA
15-06-2023;CF4;C20115ESPS;KOM 980 ESPS;Sulfuro de Media;ESS/F02/2104/204;F02 ESPSUR;CHANCADO-SULFURO;4680;13;ESPERANZA_SUR
15-06-2023;CF4;C980AHSESPS;Kom 980 AHS;Lastre Oxidado;ESS/F03/2216/324;F03 ESPSUR;BOTADERO_2021;6480;18;ESPERANZA_SUR
15-06-2023;CF4;C980AHSESPS;Kom 980 AHS;Lastre Sulfurado;ESS/F03/2200/306;F03 ESPSUR;BOTADERO_2021;7200;20;ESPERANZA_SUR
15-06-2023;CF4;C980AHSESPS;Kom 980 AHS;Sulfuro de Media;ESS/F02/2104/204;F02 ESPSUR;STOCK_SME_ESS;3240;9;ESPERANZA_SUR
15-06-2023;PA1;C07;CAT 797 B;Lastre Oxidado;ESP/F07/2104/707;FASE 7;BOT_2380_INT;2771,23999;8;ESPERANZA
15-06-2023;PA1;C08;CAT 797 B;Lastre Oxidado;ESP/F07/2104/707;FASE 7;BOT_2380_INT;1385,619995;4;ESPERANZA
15-06-2023;PA1;C09;CAT 797 B;Lastre Oxidado;ESP/F07/2104/707;FASE 7;BOT_2380_INT;2424,828003;7;ESPERANZA
15-06-2023;PA1;C10;CAT 797 B;Lastre Oxidado;ESP/F07/2104/707;FASE 7;BOT_2380_INT;5888,863953;17;ESPERANZA
15-06-2023;PA1;C11;CAT 797 B;Lastre Oxidado;ESP/F07/2104/707;FASE 7;BOT_2380_INT;4503,251892;13;ESPERANZA
15-06-2023;PA1;C12;CAT 797 B;Lastre Oxidado;ESP/F07/2104/707;FASE 7;BOT_2380_INT;4503,253967;13;ESPERANZA
15-06-2023;PA1;C13;CAT 797 B;Lastre Oxidado;ESP/F07/2104/707;FASE 7;BOT_2380_INT;1039,211975;3;ESPERANZA
15-06-2023;PA1;C14;CAT 797 B;Lastre Oxidado;ESP/F07/2104/707;FASE 7;BOT_2380_INT;1039,211975;3;ESPERANZA
15-06-2023;PA1;C15;CAT 797 B;Lastre Oxidado;ESP/F07/2104/707;FASE 7;BOT_2380_INT;2424,829956;7;ESPERANZA
15-06-2023;PA1;C153;CAT 793 F;Lastre Oxidado;ESP/F07/2104/707;FASE 7;BOT_2380_INT;216,4360046;1;ESPERANZA
15-06-2023;PA1;C16;CAT 797 B;Lastre Oxidado;ESP/F07/2104/707;FASE 7;BOT_2380_INT;2424,828003;7;ESPERANZA
15-06-2023;PA1;C160;CAT 793 F;Lastre Oxidado;ESP/F07/2104/707;FASE 7;BOT_2380_INT;432,8729858;2;ESPERANZA
15-06-2023;PA1;C161;CAT 793 F;Lastre Oxidado;ESP/F07/2104/707;FASE 7;BOT_2380_INT;216,4360046;1;ESPERANZA
15-06-2023;PA1;C163;CAT 793 F;Lastre Oxidado;ESP/F07/2104/707;FASE 7;BOT_2380_INT;432,8729858;2;ESPERANZA
15-06-2023;PA1;C17;CAT 797 F;Lastre Oxidado;ESP/F07/2104/707;FASE 7;BOT_2380_INT;3810,444031;11;ESPERANZA
15-06-2023;PA1;C19;CAT 797 F;Lastre Oxidado;ESP/F07/2104/707;FASE 7;BOT_2380_INT;3117,635986;9;ESPERANZA
15-06-2023;PA1;C21;CAT 797 F;Lastre Oxidado;ESP/F07/2104/707;FASE 7;BOT_2380_INT;1039,211975;3;ESPERANZA
15-06-2023;PA1;C22;CAT 797 F;Lastre Oxidado;ESP/F07/2104/707;FASE 7;BOT_2380_INT;1385,613953;4;ESPERANZA
15-06-2023;PA1;C23;CAT 797 F;Lastre Oxidado;ESP/F07/2104/707;FASE 7;BOT_2380_INT;3464,047974;10;ESPERANZA
15-06-2023;PA1;C24;CAT 797 F;Lastre Oxidado;ESP/F07/2104/707;FASE 7;BOT_2380_INT;1732,019958;5;ESPERANZA
15-06-2023;PA1;C25;CAT 797 F;Lastre Oxidado;ESP/F07/2104/707;FASE 7;BOT_2380_INT;2424,827942;7;ESPERANZA
15-06-2023;PA1;C32;CAT 797 F;Lastre Oxidado;ESP/F07/2104/707;FASE 7;BOT_2380_INT;2424,83197;7;ESPERANZA
15-06-2023;PA1;C32;CAT 797 F;Lastre Oxidado;ESP/F07/2104/707;FASE 7;BOT_CENTRAL_SUR_INF;346,4039917;1;ESPERANZA
15-06-2023;PA1;C34;CAT 797 F;Lastre Oxidado;ESP/F07/2104/707;FASE 7;BOT_2380_INT;3117,639954;9;ESPERANZA
15-06-2023;PA1;C36;CAT 797 F;Lastre Oxidado;ESP/F07/2104/707;FASE 7;BOT_2380_INT;1732,019958;5;ESPERANZA
15-06-2023;PA1;C37;CAT 797 F;Lastre Oxidado;ESP/F07/2104/707;FASE 7;BOT_2380_INT;2771,227905;8;ESPERANZA
15-06-2023;PA1;C38;CAT 797 F;Lastre Oxidado;ESP/F07/2104/707;FASE 7;BOT_2380_INT;1385,619995;4;ESPERANZA
15-06-2023;PA1;C39;CAT 797 F;Lastre Oxidado;ESP/F07/2104/707;FASE 7;BOT_2380_INT;2078,42395;6;ESPERANZA
15-06-2023;PA1;C40;CAT 797 F;Lastre Oxidado;ESP/F07/2104/707;FASE 7;BOT_2380_INT;3117,640015;9;ESPERANZA
15-06-2023;PA1;C41;CAT 797 F;Lastre Oxidado;ESP/F07/2104/707;FASE 7;BOT_2380_INT;3117,633972;9;ESPERANZA
15-06-2023;PA1;C42;CAT 797 F;Lastre Oxidado;ESP/F07/2104/707;FASE 7;BOT_2380_INT;2771,235962;8;ESPERANZA
15-06-2023;PA1;C42;CAT 797 F;Lastre Oxidado;ESP/F07/2104/707;FASE 7;BOT_CENTRAL_SUR_INF;346,4039917;1;ESPERANZA
15-06-2023;PA1;C43;CAT 797 F;Lastre Oxidado;ESP/F07/2104/707;FASE 7;BOT_2380_INT;3810,447998;11;ESPERANZA
15-06-2023;PA1;C44;CAT 797 F;Lastre Oxidado;ESP/F07/2104/707;FASE 7;BOT_2380_INT;3810,443909;11;ESPERANZA
15-06-2023;PA1;C45;CAT 797 F;Lastre Oxidado;ESP/F07/2104/707;FASE 7;BOT_2380_INT;2078,419922;6;ESPERANZA
15-06-2023;PA1;C46;CAT 797 F;Lastre Oxidado;ESP/F07/2104/707;FASE 7;BOT_2380_INT;2771,23407;8;ESPERANZA
15-06-2023;PA1;C47;CAT 797 F;Lastre Oxidado;ESP/F07/2104/707;FASE 7;BOT_2380_INT;3810,441956;11;ESPERANZA
15-06-2023;PA1;C48;CAT 797 F;Lastre Oxidado;ESP/F07/2104/707;FASE 7;BOT_2380_INT;5542,466064;16;ESPERANZA
15-06-2023;PA1;C49;KOM 930 E;Lastre Oxidado;ESP/F07/2104/707;FASE 7;BOT_2380_INT;291;1;ESPERANZA
15-06-2023;PA1;C50;KOM 930 E;Lastre Oxidado;ESP/F07/2104/707;FASE 7;BOT_2380_INT;291;1;ESPERANZA
15-06-2023;PA1;C52;KOM 930 E;Lastre Oxidado;ESP/F07/2104/707;FASE 7;BOT_2380_INT;291;1;ESPERANZA
15-06-2023;PA1;C54;KOM 930 E;Lastre Oxidado;ESP/F07/2104/707;FASE 7;BOT_2380_INT;291;1;ESPERANZA
15-06-2023;PA1;C55;KOM 930 E;Lastre Oxidado;ESP/F07/2104/707;FASE 7;BOT_2380_INT;291;1;ESPERANZA
15-06-2023;PA1;C56;KOM 930 E;Lastre Oxidado;ESP/F07/2104/707;FASE 7;BOT_2380_INT;291;1;ESPERANZA
15-06-2023;PA1;C58;KOM 930 E;Lastre Oxidado;ESP/F07/2104/707;FASE 7;BOT_2380_INT;582;2;ESPERANZA
15-06-2023;PA1;C59;KOM 930 E;Lastre Oxidado;ESP/F07/2104/707;FASE 7;BOT_2380_INT;291;1;ESPERANZA
15-06-2023;PA10;C980AHSESPS;Kom 980 AHS;Lastre Oxidado;ESS/F03/2216/324;F03 ESPSUR;BOTADERO_2021;29880;83;ESPERANZA_SUR
15-06-2023;PA11;C20115ESPS;KOM 980 ESPS;Sulfuro Baja Ley;ESS/F02/2120/2131;F02 ESPSUR;CHANCADO-SULFURO;35280;98;ESPERANZA_SUR
15-06-2023;PA11;C980AHSESPS;Kom 980 AHS;Lastre Sulfurado;ESS/F02/2120/R200;F02 ESPSUR;BOTADERO_2021;34560;96;ESPERANZA_SUR
15-06-2023;PA11;C980AHSESPS;Kom 980 AHS;Sulfuro Baja Ley;ESS/F02/2120/2131;F02 ESPSUR;STOCK_SBL_ESS;7200;20;ESPERANZA_SUR
15-06-2023;PA2;C07;CAT 797 B;Lastre Sulfurado;ESP/F08/1768/8080;FASE 8;BOT_CENTRAL_SUR_INF;346,4039917;1;ESPERANZA
15-06-2023;PA2;C08;CAT 797 B;Lastre Sulfurado;ESP/F08/1768/8080;FASE 8;BOT_CENTRAL_SUR_INF;346,4039917;1;ESPERANZA
15-06-2023;PA2;C09;CAT 797 B;Lastre Sulfurado;ESP/F08/1768/8080;FASE 8;BOT_MIJO;346,4039917;1;ESPERANZA
15-06-2023;PA2;C09;CAT 797 B;Sulfuro Baja Ley;ESP/F08/1768/8080;FASE 8;CHANCADO-SULFURO;346,4039917;1;ESPERANZA
15-06-2023;PA2;C19;CAT 797 F;Sulfuro Baja Ley;ESP/F08/1768/8080;FASE 8;CHANCADO-SULFURO;346,4039917;1;ESPERANZA
15-06-2023;PA2;C22;CAT 797 F;Sulfuro Planta;ESP/F08/1768/8080;FASE 8;STOCK_SPL_DIN;346,4039917;1;ESPERANZA
15-06-2023;PA2;C23;CAT 797 F;Sulfuro Planta;ESP/F08/1768/8080;FASE 8;STOCK_SPL_DIN;346,4039917;1;ESPERANZA
15-06-2023;PA2;C24;CAT 797 F;Lastre Sulfurado;ESP/F08/1768/8080;FASE 8;BOT_MIJO;346,4039917;1;ESPERANZA
15-06-2023;PA2;C32;CAT 797 F;Sulfuro Planta;ESP/F08/1768/8080;FASE 8;CHANCADO-SULFURO;346,4039917;1;ESPERANZA
15-06-2023;PA2;C34;CAT 797 F;Sulfuro Planta;ESP/F08/1768/8080;FASE 8;STOCK_SPL_DIN;346,4039917;1;ESPERANZA
15-06-2023;PA2;C37;CAT 797 F;Lastre Sulfurado;ESP/F08/1768/8080;FASE 8;BOT_MIJO;346,4039917;1;ESPERANZA
15-06-2023;PA2;C37;CAT 797 F;Sulfuro Planta;ESP/F08/1768/8080;FASE 8;CHANCADO-SULFURO;1039,211975;3;ESPERANZA
15-06-2023;PA2;C37;CAT 797 F;Sulfuro Planta;ESP/F08/1768/8080;FASE 8;STOCK_SPL_DIN;346,4039917;1;ESPERANZA
15-06-2023;PA2;C38;CAT 797 F;Sulfuro Planta;ESP/F08/1768/8080;FASE 8;CHANCADO-SULFURO;346,4039917;1;ESPERANZA
15-06-2023;PA2;C38;CAT 797 F;Sulfuro Planta;ESP/F08/1768/8080;FASE 8;STOCK_SPL_DIN;346,4039917;1;ESPERANZA
15-06-2023;PA2;C39;CAT 797 F;Sulfuro de Media;ESP/F08/1768/8070;FASE 8;CHANCADO-SULFURO;346,4039917;1;ESPERANZA
15-06-2023;PA2;C39;CAT 797 F;Sulfuro de Media;ESP/F08/1768/8070;FASE 8;STOCK_SME;346,4039917;1;ESPERANZA
15-06-2023;PA2;C39;CAT 797 F;Sulfuro Planta;ESP/F08/1768/8080;FASE 8;CHANCADO-SULFURO;346,4039917;1;ESPERANZA
15-06-2023;PA2;C40;CAT 797 F;Sulfuro Baja Ley;ESP/F08/1768/8080;FASE 8;CHANCADO-SULFURO;346,4039917;1;ESPERANZA
15-06-2023;PA2;C40;CAT 797 F;Sulfuro Planta;ESP/F08/1768/8080;FASE 8;CHANCADO-SULFURO;346,4039917;1;ESPERANZA
15-06-2023;PA2;C42;CAT 797 F;Sulfuro Planta;ESP/F08/1768/8080;FASE 8;CHANCADO-SULFURO;346,4039917;1;ESPERANZA
15-06-2023;PA2;C45;CAT 797 F;Sulfuro de Media;ESP/F08/1768/8070;FASE 8;CHANCADO-SULFURO;346,4039917;1;ESPERANZA
15-06-2023;PA2;C45;CAT 797 F;Sulfuro de Media;ESP/F08/1768/8070;FASE 8;STOCK_SME;346,4039917;1;ESPERANZA
15-06-2023;PA2;C45;CAT 797 F;Sulfuro Planta;ESP/F08/1768/8080;FASE 8;CHANCADO-SULFURO;346,4039917;1;ESPERANZA
15-06-2023;PA2;C46;CAT 797 F;Sulfuro Planta;ESP/F08/1768/8080;FASE 8;CHANCADO-SULFURO;1039,211975;3;ESPERANZA
15-06-2023;PA2;C49;KOM 930 E;Lastre Sulfurado;ESP/F08/1768/8080;FASE 8;BOT_CENTRAL_SUR_INF;1164;4;ESPERANZA
15-06-2023;PA2;C49;KOM 930 E;Lastre Sulfurado;ESP/F08/1768/8080;FASE 8;BOT_MIJO;582;2;ESPERANZA
15-06-2023;PA2;C49;KOM 930 E;Sulfuro Baja Ley;ESP/F08/1768/8080;FASE 8;CHANCADO-SULFURO;582;2;ESPERANZA
15-06-2023;PA2;C49;KOM 930 E;Sulfuro Baja Ley;ESP/F08/1768/8080;FASE 8;STOCK_SBL1;291;1;ESPERANZA
15-06-2023;PA2;C49;KOM 930 E;Sulfuro de Media;ESP/F08/1768/8070;FASE 8;CHANCADO-SULFURO;291;1;ESPERANZA
15-06-2023;PA2;C49;KOM 930 E;Sulfuro de Media;ESP/F08/1768/8070;FASE 8;STOCK_SME;291;1;ESPERANZA
15-06-2023;PA2;C49;KOM 930 E;Sulfuro Planta;ESP/F08/1768/8080;FASE 8;CHANCADO-SULFURO;2037;7;ESPERANZA
15-06-2023;PA2;C49;KOM 930 E;Sulfuro Planta;ESP/F08/1768/8080;FASE 8;STOCK_SPL_DIN;873;3;ESPERANZA
15-06-2023;PA2;C50;KOM 930 E;Lastre Sulfurado;ESP/F08/1768/8080;FASE 8;BOT_CENTRAL_SUR_INF;873;3;ESPERANZA
15-06-2023;PA2;C50;KOM 930 E;Sulfuro Baja Ley;ESP/F08/1768/8080;FASE 8;STOCK_SBL1;1455;5;ESPERANZA
15-06-2023;PA2;C50;KOM 930 E;Sulfuro de Media;ESP/F08/1768/8080;FASE 8;CHANCADO-SULFURO;291;1;ESPERANZA
15-06-2023;PA2;C50;KOM 930 E;Sulfuro Planta;ESP/F08/1768/8080;FASE 8;CHANCADO-SULFURO;1746;6;ESPERANZA
15-06-2023;PA2;C50;KOM 930 E;Sulfuro Planta;ESP/F08/1768/8080;FASE 8;STOCK_SPL_DIN;582;2;ESPERANZA
15-06-2023;PA2;C51;KOM 930 E;Lastre Sulfurado;ESP/F08/1768/8080;FASE 8;BOT_CENTRAL_SUR_INF;582;2;ESPERANZA
15-06-2023;PA2;C51;KOM 930 E;Sulfuro Baja Ley;ESP/F08/1768/8080;FASE 8;CHANCADO-SULFURO;582;2;ESPERANZA
15-06-2023;PA2;C51;KOM 930 E;Sulfuro Baja Ley;ESP/F08/1768/8080;FASE 8;STOCK_SBL1;1164;4;ESPERANZA
15-06-2023;PA2;C51;KOM 930 E;Sulfuro de Media;ESP/F08/1768/8070;FASE 8;CHANCADO-SULFURO;582;2;ESPERANZA
15-06-2023;PA2;C51;KOM 930 E;Sulfuro Planta;ESP/F08/1768/8080;FASE 8;CHANCADO-SULFURO;1164;4;ESPERANZA
15-06-2023;PA2;C51;KOM 930 E;Sulfuro Planta;ESP/F08/1768/8080;FASE 8;STOCK_SPL_DIN;291;1;ESPERANZA
15-06-2023;PA2;C52;KOM 930 E;Lastre Sulfurado;ESP/F08/1768/8080;FASE 8;BOT_CENTRAL_SUR_INF;1164;4;ESPERANZA
15-06-2023;PA2;C52;KOM 930 E;Lastre Sulfurado;ESP/F08/1768/8080;FASE 8;BOT_MIJO;582;2;ESPERANZA
15-06-2023;PA2;C52;KOM 930 E;Sulfuro Baja Ley;ESP/F08/1768/8080;FASE 8;CHANCADO-SULFURO;291;1;ESPERANZA
15-06-2023;PA2;C52;KOM 930 E;Sulfuro Baja Ley;ESP/F08/1768/8080;FASE 8;STOCK_SBL1;582;2;ESPERANZA
15-06-2023;PA2;C52;KOM 930 E;Sulfuro de Media;ESP/F08/1768/8070;FASE 8;STOCK_SME;582;2;ESPERANZA
15-06-2023;PA2;C52;KOM 930 E;Sulfuro Planta;ESP/F08/1768/8080;FASE 8;CHANCADO-SULFURO;873;3;ESPERANZA
15-06-2023;PA2;C52;KOM 930 E;Sulfuro Planta;ESP/F08/1768/8080;FASE 8;STOCK_SPL_DIN;873;3;ESPERANZA
15-06-2023;PA2;C53;KOM 930 E;Lastre Sulfurado;ESP/F08/1768/8080;FASE 8;BOT_CENTRAL_SUR_INF;1164;4;ESPERANZA
15-06-2023;PA2;C53;KOM 930 E;Lastre Sulfurado;ESP/F08/1768/8080;FASE 8;BOT_MIJO;582;2;ESPERANZA
15-06-2023;PA2;C53;KOM 930 E;Sulfuro Baja Ley;ESP/F08/1768/8080;FASE 8;CHANCADO-SULFURO;582;2;ESPERANZA
15-06-2023;PA2;C53;KOM 930 E;Sulfuro Planta;ESP/F08/1768/8080;FASE 8;STOCK_SPL_DIN;291;1;ESPERANZA
15-06-2023;PA2;C54;KOM 930 E;Lastre Sulfurado;ESP/F08/1768/8080;FASE 8;BOT_CENTRAL_SUR_INF;1455;5;ESPERANZA
15-06-2023;PA2;C54;KOM 930 E;Sulfuro de Media;ESP/F08/1768/8070;FASE 8;CHANCADO-SULFURO;291;1;ESPERANZA
15-06-2023;PA2;C54;KOM 930 E;Sulfuro Planta;ESP/F08/1768/8080;FASE 8;CHANCADO-SULFURO;1746;6;ESPERANZA
15-06-2023;PA2;C54;KOM 930 E;Sulfuro Planta;ESP/F08/1768/8080;FASE 8;STOCK_SPL_DIN;582;2;ESPERANZA
15-06-2023;PA2;C55;KOM 930 E;Lastre Sulfurado;ESP/F08/1768/8080;FASE 8;BOT_CENTRAL_SUR_INF;873;3;ESPERANZA
15-06-2023;PA2;C55;KOM 930 E;Sulfuro Baja Ley;ESP/F08/1768/8080;FASE 8;CHANCADO-SULFURO;873;3;ESPERANZA
15-06-2023;PA2;C55;KOM 930 E;Sulfuro Baja Ley;ESP/F08/1768/8080;FASE 8;STOCK_SBL1;291;1;ESPERANZA
15-06-2023;PA2;C55;KOM 930 E;Sulfuro de Media;ESP/F08/1768/8070;FASE 8;CHANCADO-SULFURO;291;1;ESPERANZA
15-06-2023;PA2;C55;KOM 930 E;Sulfuro de Media;ESP/F08/1768/8070;FASE 8;STOCK_SME;291;1;ESPERANZA
15-06-2023;PA2;C55;KOM 930 E;Sulfuro Planta;ESP/F08/1768/8080;FASE 8;CHANCADO-SULFURO;1164;4;ESPERANZA
15-06-2023;PA2;C55;KOM 930 E;Sulfuro Planta;ESP/F08/1768/8080;FASE 8;STOCK_SPL_DIN;291;1;ESPERANZA
15-06-2023;PA2;C56;KOM 930 E;Lastre Sulfurado;ESP/F08/1768/8080;FASE 8;BOT_CENTRAL_SUR_INF;2328;8;ESPERANZA
15-06-2023;PA2;C56;KOM 930 E;Sulfuro Baja Ley;ESP/F08/1768/8080;FASE 8;CHANCADO-SULFURO;582;2;ESPERANZA
15-06-2023;PA2;C56;KOM 930 E;Sulfuro Baja Ley;ESP/F08/1768/8080;FASE 8;STOCK_SBL1;291;1;ESPERANZA
15-06-2023;PA2;C56;KOM 930 E;Sulfuro Planta;ESP/F08/1768/8080;FASE 8;CHANCADO-SULFURO;582;2;ESPERANZA
15-06-2023;PA2;C58;KOM 930 E;Lastre Sulfurado;ESP/F08/1768/8080;FASE 8;BOT_CENTRAL_SUR_INF;582;2;ESPERANZA
15-06-2023;PA2;C58;KOM 930 E;Lastre Sulfurado;ESP/F08/1768/8080;FASE 8;BOT_MIJO;582;2;ESPERANZA
15-06-2023;PA2;C58;KOM 930 E;Sulfuro Baja Ley;ESP/F08/1768/8080;FASE 8;CHANCADO-SULFURO;582;2;ESPERANZA
15-06-2023;PA2;C58;KOM 930 E;Sulfuro Baja Ley;ESP/F08/1768/8080;FASE 8;STOCK_SBL1;291;1;ESPERANZA
15-06-2023;PA2;C58;KOM 930 E;Sulfuro Planta;ESP/F08/1768/8080;FASE 8;CHANCADO-SULFURO;1455;5;ESPERANZA
15-06-2023;PA2;C58;KOM 930 E;Sulfuro Planta;ESP/F08/1768/8080;FASE 8;STOCK_SPL_DIN;582;2;ESPERANZA
15-06-2023;PA2;C59;KOM 930 E;Lastre Sulfurado;ESP/F08/1768/8080;FASE 8;BOT_CENTRAL_SUR_INF;1164;4;ESPERANZA
15-06-2023;PA2;C59;KOM 930 E;Lastre Sulfurado;ESP/F08/1768/8080;FASE 8;BOT_MIJO;582;2;ESPERANZA
15-06-2023;PA2;C59;KOM 930 E;Sulfuro Baja Ley;ESP/F08/1768/8080;FASE 8;CHANCADO-SULFURO;291;1;ESPERANZA
15-06-2023;PA2;C59;KOM 930 E;Sulfuro de Media;ESP/F08/1768/8070;FASE 8;CHANCADO-SULFURO;291;1;ESPERANZA
15-06-2023;PA2;C59;KOM 930 E;Sulfuro Planta;ESP/F08/1768/8080;FASE 8;CHANCADO-SULFURO;582;2;ESPERANZA
15-06-2023;PA2;C59;KOM 930 E;Sulfuro Planta;ESP/F08/1768/8080;FASE 8;STOCK_SPL_DIN;582;2;ESPERANZA
15-06-2023;PA2;C60;KOM 930 E;Lastre Sulfurado;ESP/F08/1768/8080;FASE 8;BOT_CENTRAL_SUR_INF;1164;4;ESPERANZA
15-06-2023;PA2;C60;KOM 930 E;Lastre Sulfurado;ESP/F08/1768/8080;FASE 8;BOT_MIJO;582;2;ESPERANZA
15-06-2023;PA2;C60;KOM 930 E;Sulfuro Baja Ley;ESP/F08/1768/8080;FASE 8;CHANCADO-SULFURO;291;1;ESPERANZA
15-06-2023;PA2;C60;KOM 930 E;Sulfuro de Media;ESP/F08/1768/8070;FASE 8;CHANCADO-SULFURO;291;1;ESPERANZA
15-06-2023;PA2;C60;KOM 930 E;Sulfuro de Media;ESP/F08/1768/8080;FASE 8;CHANCADO-SULFURO;291;1;ESPERANZA
15-06-2023;PA2;C60;KOM 930 E;Sulfuro Planta;ESP/F08/1768/8080;FASE 8;CHANCADO-SULFURO;291;1;ESPERANZA
15-06-2023;PA2;C60;KOM 930 E;Sulfuro Planta;ESP/F08/1768/8080;FASE 8;STOCK_SPL_DIN;582;2;ESPERANZA
15-06-2023;PA2;C61;KOM 930 E;Lastre Sulfurado;ESP/F08/1768/8080;FASE 8;BOT_CENTRAL_SUR_INF;1164;4;ESPERANZA
15-06-2023;PA2;C61;KOM 930 E;Sulfuro Baja Ley;ESP/F08/1768/8080;FASE 8;CHANCADO-SULFURO;291;1;ESPERANZA
15-06-2023;PA2;C61;KOM 930 E;Sulfuro Baja Ley;ESP/F08/1768/8080;FASE 8;STOCK_SBL1;291;1;ESPERANZA
15-06-2023;PA2;C61;KOM 930 E;Sulfuro de Media;ESP/F08/1768/8070;FASE 8;CHANCADO-SULFURO;582;2;ESPERANZA
15-06-2023;PA2;C61;KOM 930 E;Sulfuro de Media;ESP/F08/1768/8080;FASE 8;CHANCADO-SULFURO;291;1;ESPERANZA
15-06-2023;PA2;C61;KOM 930 E;Sulfuro Planta;ESP/F08/1768/8080;FASE 8;CHANCADO-SULFURO;1164;4;ESPERANZA
15-06-2023;PA2;C61;KOM 930 E;Sulfuro Planta;ESP/F08/1768/8080;FASE 8;STOCK_SPL_DIN;582;2;ESPERANZA
15-06-2023;PA211;C09;CAT 797 B;Lastre Sulfurado;ESP/F10/2296/1050;FASE 10;BOT_CENTRAL_SUR_INF;3810,439941;11;ESPERANZA
15-06-2023;PA211;C122;CAT 793 C;Lastre Sulfurado;ESP/F10/2296/1050;FASE 10;BOT_CENTRAL_SUR_INF;865,7459717;4;ESPERANZA
15-06-2023;PA211;C123;CAT 793 C;Lastre Sulfurado;ESP/F10/2296/1050;FASE 10;BOT_CENTRAL_SUR_INF;1082,181976;5;ESPERANZA
15-06-2023;PA211;C128;CAT 793 C;Lastre Sulfurado;ESP/F10/2296/1050;FASE 10;BOT_CENTRAL_SUR_INF;432,8720093;2;ESPERANZA
15-06-2023;PA211;C129;CAT 793 C;Lastre Sulfurado;ESP/F10/2296/1050;FASE 10;BOT_CENTRAL_SUR_INF;865,7450256;4;ESPERANZA
15-06-2023;PA211;C130;CAT 793 C;Lastre Sulfurado;ESP/F10/2296/1050;FASE 10;BOT_CENTRAL_SUR_INF;216,4360046;1;ESPERANZA
15-06-2023;PA211;C131;CAT 793 C;Lastre Sulfurado;ESP/F10/2296/1050;FASE 10;BOT_CENTRAL_SUR_INF;2597,238953;12;ESPERANZA
15-06-2023;PA211;C132;CAT 793 C;Lastre Sulfurado;ESP/F10/2296/1050;FASE 10;BOT_CENTRAL_SUR_INF;216,4360046;1;ESPERANZA
15-06-2023;PA211;C134;CAT 793 C;Lastre Sulfurado;ESP/F10/2296/1050;FASE 10;BOT_CENTRAL_SUR_INF;2597,242035;12;ESPERANZA
15-06-2023;PA211;C135;CAT 793 C;Lastre Sulfurado;ESP/F10/2296/1050;FASE 10;BOT_CENTRAL_SUR_INF;432,8729858;2;ESPERANZA
15-06-2023;PA211;C151;CAT 793 F;Lastre Sulfurado;ESP/F10/2296/1050;FASE 10;BOT_CENTRAL_SUR_INF;1082,182007;5;ESPERANZA
15-06-2023;PA211;C152;CAT 793 F;Lastre Sulfurado;ESP/F10/2296/1050;FASE 10;BOT_CENTRAL_SUR_INF;2164,360107;10;ESPERANZA
15-06-2023;PA211;C153;CAT 793 F;Lastre Sulfurado;ESP/F10/2296/1050;FASE 10;BOT_CENTRAL_SUR_INF;4112,295074;19;ESPERANZA
15-06-2023;PA211;C154;CAT 793 F;Lastre Sulfurado;ESP/F10/2296/1050;FASE 10;BOT_CENTRAL_SUR_INF;2164,36203;10;ESPERANZA
15-06-2023;PA211;C155;CAT 793 F;Lastre Sulfurado;ESP/F10/2296/1050;FASE 10;BOT_CENTRAL_SUR_INF;3679,420166;17;ESPERANZA
15-06-2023;PA211;C155;CAT 793 F;Lastre Sulfurado;ESP/F10/2296/1050;FASE 10;BOT_RAMPA_SUPERIOR;216,4360046;1;ESPERANZA
15-06-2023;PA211;C156;CAT 793 F;Lastre Sulfurado;ESP/F10/2296/1050;FASE 10;BOT_CENTRAL_SUR_INF;3246,550049;15;ESPERANZA
15-06-2023;PA211;C159;CAT 793 F;Lastre Sulfurado;ESP/F10/2296/1050;FASE 10;BOT_CENTRAL_SUR_INF;2813,670044;13;ESPERANZA
15-06-2023;PA211;C160;CAT 793 F;Lastre Sulfurado;ESP/F10/2296/1050;FASE 10;BOT_CENTRAL_SUR_INF;216,4360046;1;ESPERANZA
15-06-2023;PA211;C161;CAT 793 F;Lastre Sulfurado;ESP/F10/2296/1050;FASE 10;BOT_CENTRAL_SUR_INF;3679,421967;17;ESPERANZA
15-06-2023;PA211;C162;CAT 793 F;Lastre Sulfurado;ESP/F10/2296/1050;FASE 10;BOT_CENTRAL_SUR_INF;2164,365967;10;ESPERANZA
15-06-2023;PA211;C163;CAT 793 F;Lastre Sulfurado;ESP/F10/2296/1050;FASE 10;BOT_CENTRAL_SUR_INF;3462,986084;16;ESPERANZA
15-06-2023;PA211;C164;CAT 793 F;Lastre Sulfurado;ESP/F10/2296/1050;FASE 10;BOT_CENTRAL_SUR_INF;1298,619995;6;ESPERANZA
15-06-2023;PA211;C18;CAT 797 F;Lastre Sulfurado;ESP/F10/2296/1050;FASE 10;BOT_CENTRAL_SUR_INF;692,8079834;2;ESPERANZA
15-06-2023;PA211;C19;CAT 797 F;Lastre Sulfurado;ESP/F10/2296/1050;FASE 10;BOT_CENTRAL_SUR_INF;346,4039917;1;ESPERANZA
15-06-2023;PA211;C37;CAT 797 F;Lastre Sulfurado;ESP/F10/2296/1050;FASE 10;BOT_CENTRAL_SUR_INF;346,4039917;1;ESPERANZA
15-06-2023;PA211;C46;CAT 797 F;Lastre Sulfurado;ESP/F10/2296/1050;FASE 10;BOT_CENTRAL_SUR_INF;346,4039917;1;ESPERANZA
15-06-2023;PA211;C55;KOM 930 E;Lastre Sulfurado;ESP/F10/2296/1050;FASE 10;BOT_CENTRAL_SUR_INF;291;1;ESPERANZA
15-06-2023;PA211;C56;KOM 930 E;Lastre Sulfurado;ESP/F10/2296/1050;FASE 10;BOT_CENTRAL_SUR_INF;291;1;ESPERANZA
15-06-2023;PA211;C58;KOM 930 E;Lastre Sulfurado;ESP/F10/2296/1050;FASE 10;BOT_MIJO;291;1;ESPERANZA
15-06-2023;PA211;C61;KOM 930 E;Lastre Sulfurado;ESP/F10/2296/1050;FASE 10;BOT_CENTRAL_SUR_INF;582;2;ESPERANZA
15-06-2023;PA26;C07;CAT 797 B;Lastre Sulfurado;ESP/F07/2120/7290;FASE 7;BOT_2380_INT;2424,83197;7;ESPERANZA
15-06-2023;PA26;C09;CAT 797 B;Lastre Sulfurado;ESP/F07/2120/7290;FASE 7;BOT_2380_INT;692,8079834;2;ESPERANZA
15-06-2023;PA26;C10;CAT 797 B;Lastre Sulfurado;ESP/F07/2120/7290;FASE 7;BOT_2380_INT;692,8079834;2;ESPERANZA
15-06-2023;PA26;C11;CAT 797 B;Lastre Sulfurado;ESP/F07/2120/7290;FASE 7;BOT_2380_INT;692,8079834;2;ESPERANZA
15-06-2023;PA26;C12;CAT 797 B;Lastre Sulfurado;ESP/F07/2120/7290;FASE 7;BOT_2380_INT;346,4039917;1;ESPERANZA
15-06-2023;PA26;C12;CAT 797 B;Lastre Sulfurado;ESP/F07/2120/7290;FASE 7;BOT_PLATAFORMA;346,4039917;1;ESPERANZA
15-06-2023;PA26;C13;CAT 797 B;Lastre Sulfurado;ESP/F07/2120/7290;FASE 7;BOT_2380_INT;692,8079834;2;ESPERANZA
15-06-2023;PA26;C14;CAT 797 B;Lastre Sulfurado;ESP/F07/2120/7290;FASE 7;BOT_2380_INT;1039,209961;3;ESPERANZA
15-06-2023;PA26;C15;CAT 797 B;Lastre Sulfurado;ESP/F07/2120/7290;FASE 7;BOT_2380_INT;1039,211975;3;ESPERANZA
15-06-2023;PA26;C152;CAT 793 F;Lastre Sulfurado;ESP/F07/2120/7290;FASE 7;BOT_2380_INT;649,309021;3;ESPERANZA
15-06-2023;PA26;C16;CAT 797 B;Lastre Sulfurado;ESP/F07/2120/7290;FASE 7;BOT_2380_INT;346,4039917;1;ESPERANZA
15-06-2023;PA26;C17;CAT 797 F;Lastre Sulfurado;ESP/F07/2120/7290;FASE 7;BOT_2380_INT;1385,613953;4;ESPERANZA
15-06-2023;PA26;C19;CAT 797 F;Lastre Sulfurado;ESP/F07/2120/7290;FASE 7;BOT_2380_INT;1385,615967;4;ESPERANZA
15-06-2023;PA26;C21;CAT 797 F;Lastre Sulfurado;ESP/F07/2120/7290;FASE 7;BOT_2380_INT;692,8079834;2;ESPERANZA
15-06-2023;PA26;C22;CAT 797 F;Lastre Sulfurado;ESP/F07/2120/7290;FASE 7;BOT_2380_INT;692,8079834;2;ESPERANZA
15-06-2023;PA26;C22;CAT 797 F;Lastre Sulfurado;ESP/F07/2120/7290;FASE 7;BOT_PLATAFORMA;346,4039917;1;ESPERANZA
15-06-2023;PA26;C23;CAT 797 F;Lastre Sulfurado;ESP/F07/2120/7290;FASE 7;BOT_2380_INT;1732,023987;5;ESPERANZA
15-06-2023;PA26;C24;CAT 797 F;Lastre Sulfurado;ESP/F07/2120/7290;FASE 7;BOT_2380_INT;692,8079834;2;ESPERANZA
15-06-2023;PA26;C25;CAT 797 F;Lastre Sulfurado;ESP/F07/2120/7290;FASE 7;BOT_2380_INT;1385,615967;4;ESPERANZA
15-06-2023;PA26;C25;CAT 797 F;Lastre Sulfurado;ESP/F07/2120/7290;FASE 7;BOT_PLATAFORMA;346,4039917;1;ESPERANZA
15-06-2023;PA26;C34;CAT 797 F;Lastre Sulfurado;ESP/F07/2120/7290;FASE 7;BOT_2380_INT;692,8079834;2;ESPERANZA
15-06-2023;PA26;C36;CAT 797 F;Lastre Sulfurado;ESP/F07/2120/7290;FASE 7;BOT_2380_INT;1732,017944;5;ESPERANZA
15-06-2023;PA26;C37;CAT 797 F;Lastre Sulfurado;ESP/F07/2120/7290;FASE 7;BOT_2380_INT;346,4039917;1;ESPERANZA
15-06-2023;PA26;C39;CAT 797 F;Lastre Sulfurado;ESP/F07/2120/7290;FASE 7;BOT_2380_INT;692,8079834;2;ESPERANZA
15-06-2023;PA26;C40;CAT 797 F;Lastre Sulfurado;ESP/F07/2120/7290;FASE 7;BOT_2380_INT;346,4039917;1;ESPERANZA
15-06-2023;PA26;C42;CAT 797 F;Lastre Sulfurado;ESP/F07/2120/7290;FASE 7;BOT_2380_INT;692,8079834;2;ESPERANZA
15-06-2023;PA26;C43;CAT 797 F;Lastre Sulfurado;ESP/F07/2120/7290;FASE 7;BOT_2380_INT;346,4039917;1;ESPERANZA
15-06-2023;PA26;C44;CAT 797 F;Lastre Sulfurado;ESP/F07/2120/7290;FASE 7;BOT_2380_INT;692,8079834;2;ESPERANZA
15-06-2023;PA26;C45;CAT 797 F;Lastre Sulfurado;ESP/F07/2120/7290;FASE 7;BOT_2380_INT;692,8079834;2;ESPERANZA
15-06-2023;PA26;C46;CAT 797 F;Lastre Sulfurado;ESP/F07/2120/7290;FASE 7;BOT_2380_INT;1039,211975;3;ESPERANZA
15-06-2023;PA26;C47;CAT 797 F;Lastre Sulfurado;ESP/F07/2120/7290;FASE 7;BOT_2380_INT;692,8079834;2;ESPERANZA
15-06-2023;PA3;C07;CAT 797 B;Lastre Oxidado;ESP/F07/2104/711;FASE 7;BOT_2380_INT;1385,613953;4;ESPERANZA
15-06-2023;PA3;C09;CAT 797 B;Lastre Oxidado;ESP/F07/2104/711;FASE 7;BOT_2380_INT;692,8079834;2;ESPERANZA
15-06-2023;PA3;C10;CAT 797 B;Lastre Oxidado;ESP/F07/2104/711;FASE 7;BOT_2380_INT;1385,613953;4;ESPERANZA
15-06-2023;PA3;C11;CAT 797 B;Lastre Oxidado;ESP/F07/2104/711;FASE 7;BOT_2380_INT;2771,23407;8;ESPERANZA
15-06-2023;PA3;C12;CAT 797 B;Lastre Oxidado;ESP/F07/2104/711;FASE 7;BOT_2380_INT;1732,02002;5;ESPERANZA
15-06-2023;PA3;C13;CAT 797 B;Lastre Oxidado;ESP/F07/2104/711;FASE 7;BOT_2380_INT;692,8079834;2;ESPERANZA
15-06-2023;PA3;C14;CAT 797 B;Lastre Oxidado;ESP/F07/2104/711;FASE 7;BOT_2380_INT;2078,419922;6;ESPERANZA
15-06-2023;PA3;C15;CAT 797 B;Lastre Oxidado;ESP/F07/2104/711;FASE 7;BOT_2380_INT;1039,211975;3;ESPERANZA
15-06-2023;PA3;C152;CAT 793 F;Lastre Oxidado;ESP/F07/2104/711;FASE 7;BOT_2380_INT;216,4360046;1;ESPERANZA
15-06-2023;PA3;C16;CAT 797 B;Lastre Oxidado;ESP/F07/2104/711;FASE 7;BOT_2380_INT;2424,823914;7;ESPERANZA
15-06-2023;PA3;C160;CAT 793 F;Lastre Oxidado;ESP/F07/2104/711;FASE 7;BOT_2380_INT;1082,180054;5;ESPERANZA
15-06-2023;PA3;C17;CAT 797 F;Lastre Oxidado;ESP/F07/2104/711;FASE 7;BOT_2380_INT;346,4039917;1;ESPERANZA
15-06-2023;PA3;C19;CAT 797 F;Lastre Oxidado;ESP/F07/2104/711;FASE 7;BOT_2380_INT;692,8079834;2;ESPERANZA
15-06-2023;PA3;C21;CAT 797 F;Lastre Oxidado;ESP/F07/2104/711;FASE 7;BOT_2380_INT;2078,419922;6;ESPERANZA
15-06-2023;PA3;C22;CAT 797 F;Lastre Oxidado;ESP/F07/2104/711;FASE 7;BOT_2380_INT;1385,613953;4;ESPERANZA
15-06-2023;PA3;C23;CAT 797 F;Lastre Oxidado;ESP/F07/2104/711;FASE 7;BOT_2380_INT;1732,017944;5;ESPERANZA
15-06-2023;PA3;C24;CAT 797 F;Lastre Oxidado;ESP/F07/2104/711;FASE 7;BOT_2380_INT;2424,823914;7;ESPERANZA
15-06-2023;PA3;C25;CAT 797 F;Lastre Oxidado;ESP/F07/2104/711;FASE 7;BOT_2380_INT;2771,22998;8;ESPERANZA
15-06-2023;PA3;C32;CAT 797 F;Lastre Oxidado;ESP/F07/2104/711;FASE 7;BOT_2380_INT;692,8079834;2;ESPERANZA
15-06-2023;PA3;C34;CAT 797 F;Lastre Oxidado;ESP/F07/2104/711;FASE 7;BOT_2380_INT;1385,615967;4;ESPERANZA
15-06-2023;PA3;C36;CAT 797 F;Lastre Oxidado;ESP/F07/2104/711;FASE 7;BOT_2380_INT;1732,02002;5;ESPERANZA
15-06-2023;PA3;C37;CAT 797 F;Lastre Oxidado;ESP/F07/2104/711;FASE 7;BOT_2380_INT;346,4039917;1;ESPERANZA
15-06-2023;PA3;C38;CAT 797 F;Lastre Oxidado;ESP/F07/2104/711;FASE 7;BOT_2380_INT;692,8079834;2;ESPERANZA
15-06-2023;PA3;C39;CAT 797 F;Lastre Oxidado;ESP/F07/2104/711;FASE 7;BOT_2380_INT;692,8079834;2;ESPERANZA
15-06-2023;PA3;C40;CAT 797 F;Lastre Oxidado;ESP/F07/2104/711;FASE 7;BOT_2380_INT;2078,424011;6;ESPERANZA
15-06-2023;PA3;C41;CAT 797 F;Lastre Oxidado;ESP/F07/2104/711;FASE 7;BOT_2380_INT;692,8079834;2;ESPERANZA
15-06-2023;PA3;C42;CAT 797 F;Lastre Oxidado;ESP/F07/2104/711;FASE 7;BOT_2380_INT;692,8079834;2;ESPERANZA
15-06-2023;PA3;C43;CAT 797 F;Lastre Oxidado;ESP/F07/2104/711;FASE 7;BOT_2380_INT;2424,83197;7;ESPERANZA
15-06-2023;PA3;C44;CAT 797 F;Lastre Oxidado;ESP/F07/2104/711;FASE 7;BOT_2380_INT;1385,613953;4;ESPERANZA
15-06-2023;PA3;C45;CAT 797 F;Lastre Oxidado;ESP/F07/2104/711;FASE 7;BOT_2380_INT;692,8079834;2;ESPERANZA
15-06-2023;PA3;C46;CAT 797 F;Lastre Oxidado;ESP/F07/2104/711;FASE 7;BOT_2380_INT;1039,209961;3;ESPERANZA
15-06-2023;PA3;C47;CAT 797 F;Lastre Oxidado;ESP/F07/2104/711;FASE 7;BOT_2380_INT;692,8079834;2;ESPERANZA
15-06-2023;PA3;C48;CAT 797 F;Lastre Oxidado;ESP/F07/2104/711;FASE 7;BOT_2380_INT;1039,211975;3;ESPERANZA
15-06-2023;PA3;C52;KOM 930 E;Lastre Oxidado;ESP/F07/2104/711;FASE 7;BOT_2380_INT;291;1;ESPERANZA
15-06-2023;PA3;C54;KOM 930 E;Lastre Oxidado;ESP/F07/2104/711;FASE 7;BOT_2380_INT;291;1;ESPERANZA
15-06-2023;PA3;C55;KOM 930 E;Lastre Oxidado;ESP/F07/2104/711;FASE 7;BOT_2380_INT;291;1;ESPERANZA
15-06-2023;PA3;C59;KOM 930 E;Lastre Oxidado;ESP/F07/2104/711;FASE 7;BOT_2380_INT;291;1;ESPERANZA
15-06-2023;PA4;C09;CAT 797 B;Lastre Oxidado;ESP/F10/2328/129;FASE 10;BOT_CENTRAL_SUR_INF;2078,419922;6;ESPERANZA
15-06-2023;PA4;C121;CAT 793 C;Lastre Oxidado;ESP/F10/2328/129;FASE 10;BOT_MIJO;216,4360046;1;ESPERANZA
15-06-2023;PA4;C122;CAT 793 C;Lastre Oxidado;ESP/F10/2328/129;FASE 10;BOT_CENTRAL_SUR_INF;1731,48999;8;ESPERANZA
15-06-2023;PA4;C123;CAT 793 C;Lastre Oxidado;ESP/F10/2328/129;FASE 10;BOT_CENTRAL_SUR_INF;1731,492981;8;ESPERANZA
15-06-2023;PA4;C123;CAT 793 C;Lastre Oxidado;ESP/F10/2328/129;FASE 10;BOT_MIJO;649,309021;3;ESPERANZA
15-06-2023;PA4;C128;CAT 793 C;Lastre Oxidado;ESP/F10/2328/129;FASE 10;BOT_CENTRAL_SUR_INF;216,4360046;1;ESPERANZA
15-06-2023;PA4;C129;CAT 793 C;Lastre Oxidado;ESP/F10/2328/129;FASE 10;BOT_CENTRAL_SUR_INF;1082,182007;5;ESPERANZA
15-06-2023;PA4;C129;CAT 793 C;Lastre Oxidado;ESP/F10/2328/129;FASE 10;BOT_MIJO;432,8729858;2;ESPERANZA
15-06-2023;PA4;C130;CAT 793 C;Lastre Oxidado;ESP/F10/2328/129;FASE 10;BOT_CENTRAL_SUR_INF;1082,180054;5;ESPERANZA
15-06-2023;PA4;C130;CAT 793 C;Lastre Oxidado;ESP/F10/2328/129;FASE 10;BOT_MIJO;432,8729858;2;ESPERANZA
15-06-2023;PA4;C131;CAT 793 C;Lastre Oxidado;ESP/F10/2328/129;FASE 10;BOT_CENTRAL_SUR_INF;3462,989075;16;ESPERANZA
15-06-2023;PA4;C131;CAT 793 C;Lastre Oxidado;ESP/F10/2328/129;FASE 10;BOT_MIJO;216,4360046;1;ESPERANZA
15-06-2023;PA4;C132;CAT 793 C;Lastre Oxidado;ESP/F10/2328/129;FASE 10;BOT_CENTRAL_SUR_INF;432,8729858;2;ESPERANZA
15-06-2023;PA4;C134;CAT 793 C;Lastre Oxidado;ESP/F10/2328/129;FASE 10;BOT_CENTRAL_SUR_INF;3030,109985;14;ESPERANZA
15-06-2023;PA4;C134;CAT 793 C;Lastre Oxidado;ESP/F10/2328/129;FASE 10;BOT_MIJO;1082,181976;5;ESPERANZA
15-06-2023;PA4;C135;CAT 793 C;Lastre Oxidado;ESP/F10/2328/129;FASE 10;BOT_CENTRAL_SUR_INF;1298,619995;6;ESPERANZA
15-06-2023;PA4;C151;CAT 793 F;Lastre Oxidado;ESP/F10/2328/129;FASE 10;BOT_CENTRAL_SUR_INF;2380,800964;11;ESPERANZA
15-06-2023;PA4;C151;CAT 793 F;Lastre Oxidado;ESP/F10/2328/129;FASE 10;BOT_MIJO;432,8729858;2;ESPERANZA
15-06-2023;PA4;C152;CAT 793 F;Lastre Oxidado;ESP/F10/2328/129;FASE 10;BOT_CENTRAL_SUR_INF;2813,669128;13;ESPERANZA
15-06-2023;PA4;C152;CAT 793 F;Lastre Oxidado;ESP/F10/2328/129;FASE 10;BOT_MIJO;216,4360046;1;ESPERANZA
15-06-2023;PA4;C153;CAT 793 F;Lastre Oxidado;ESP/F10/2328/129;FASE 10;BOT_CENTRAL_SUR_INF;1298,618011;6;ESPERANZA
15-06-2023;PA4;C154;CAT 793 F;Lastre Oxidado;ESP/F10/2328/129;FASE 10;BOT_CENTRAL_SUR_INF;2164,364014;10;ESPERANZA
15-06-2023;PA4;C154;CAT 793 F;Lastre Oxidado;ESP/F10/2328/129;FASE 10;BOT_MIJO;216,4360046;1;ESPERANZA
15-06-2023;PA4;C155;CAT 793 F;Lastre Oxidado;ESP/F10/2328/129;FASE 10;BOT_CENTRAL_SUR_INF;2164,360107;10;ESPERANZA
15-06-2023;PA4;C155;CAT 793 F;Lastre Oxidado;ESP/F10/2328/129;FASE 10;BOT_MIJO;216,4360046;1;ESPERANZA
15-06-2023;PA4;C156;CAT 793 F;Lastre Oxidado;ESP/F10/2328/129;FASE 10;BOT_CENTRAL_SUR_INF;2164,36908;10;ESPERANZA
15-06-2023;PA4;C156;CAT 793 F;Lastre Oxidado;ESP/F10/2328/129;FASE 10;BOT_MIJO;216,4360046;1;ESPERANZA
15-06-2023;PA4;C159;CAT 793 F;Lastre Oxidado;ESP/F10/2328/129;FASE 10;BOT_CENTRAL_SUR_INF;1298,618042;6;ESPERANZA
15-06-2023;PA4;C159;CAT 793 F;Lastre Oxidado;ESP/F10/2328/129;FASE 10;BOT_MIJO;216,4360046;1;ESPERANZA
15-06-2023;PA4;C161;CAT 793 F;Lastre Oxidado;ESP/F10/2328/129;FASE 10;BOT_CENTRAL_SUR_INF;2597,238953;12;ESPERANZA
15-06-2023;PA4;C161;CAT 793 F;Lastre Oxidado;ESP/F10/2328/129;FASE 10;BOT_MIJO;216,4360046;1;ESPERANZA
15-06-2023;PA4;C162;CAT 793 F;Lastre Oxidado;ESP/F10/2328/129;FASE 10;BOT_CENTRAL_SUR_INF;1947,928009;9;ESPERANZA
15-06-2023;PA4;C162;CAT 793 F;Lastre Oxidado;ESP/F10/2328/129;FASE 10;BOT_MIJO;432,8729858;2;ESPERANZA
15-06-2023;PA4;C163;CAT 793 F;Lastre Oxidado;ESP/F10/2328/129;FASE 10;BOT_CENTRAL_SUR_INF;2597,23407;12;ESPERANZA
15-06-2023;PA4;C163;CAT 793 F;Lastre Oxidado;ESP/F10/2328/129;FASE 10;BOT_MIJO;432,8729858;2;ESPERANZA
15-06-2023;PA4;C164;CAT 793 F;Lastre Oxidado;ESP/F10/2328/129;FASE 10;BOT_CENTRAL_SUR_INF;432,8729858;2;ESPERANZA
15-06-2023;PA4;C19;CAT 797 F;Lastre Oxidado;ESP/F10/2328/129;FASE 10;BOT_CENTRAL_SUR_INF;1039,209961;3;ESPERANZA
15-06-2023;PA4;C49;KOM 930 E;Lastre Oxidado;ESP/F10/2328/129;FASE 10;BOT_CENTRAL_SUR_INF;582;2;ESPERANZA
15-06-2023;PA6;C122;CAT 793 C;Lastre Sulfurado;ESP/F10/2296/1050;FASE 10;BOT_CENTRAL_SUR_INF;216,4360046;1;ESPERANZA
15-06-2023;PA6;C123;CAT 793 C;Lastre Sulfurado;ESP/F10/2296/1050;FASE 10;BOT_CENTRAL_SUR_INF;1515,052063;7;ESPERANZA
15-06-2023;PA6;C128;CAT 793 C;Lastre Sulfurado;ESP/F10/2296/1050;FASE 10;BOT_CENTRAL_SUR_INF;432,8729858;2;ESPERANZA
15-06-2023;PA6;C129;CAT 793 C;Lastre Sulfurado;ESP/F10/2296/1050;FASE 10;BOT_CENTRAL_SUR_INF;432,8720093;2;ESPERANZA
15-06-2023;PA6;C130;CAT 793 C;Lastre Sulfurado;ESP/F10/2296/1050;FASE 10;BOT_CENTRAL_SUR_INF;432,8729858;2;ESPERANZA
15-06-2023;PA6;C131;CAT 793 C;Lastre Sulfurado;ESP/F10/2296/1050;FASE 10;BOT_CENTRAL_SUR_INF;216,4360046;1;ESPERANZA
15-06-2023;PA6;C131;CAT 793 C;Lastre Sulfurado;ESP/F10/2296/1050;FASE 10;BOT_RAMPA_SUPERIOR;216,4360046;1;ESPERANZA
15-06-2023;PA6;C132;CAT 793 C;Lastre Sulfurado;ESP/F10/2296/1050;FASE 10;BOT_CENTRAL_SUR_INF;865,7459717;4;ESPERANZA
15-06-2023;PA6;C134;CAT 793 C;Lastre Sulfurado;ESP/F10/2296/1050;FASE 10;BOT_CENTRAL_SUR_INF;649,3089905;3;ESPERANZA
15-06-2023;PA6;C151;CAT 793 F;Lastre Sulfurado;ESP/F10/2296/1050;FASE 10;BOT_CENTRAL_SUR_INF;2164,36908;10;ESPERANZA
15-06-2023;PA6;C152;CAT 793 F;Lastre Sulfurado;ESP/F10/2296/1050;FASE 10;BOT_CENTRAL_SUR_INF;649,309021;3;ESPERANZA
15-06-2023;PA6;C153;CAT 793 F;Lastre Sulfurado;ESP/F10/2296/1050;FASE 10;BOT_CENTRAL_SUR_INF;2164,365021;10;ESPERANZA
15-06-2023;PA6;C154;CAT 793 F;Lastre Sulfurado;ESP/F10/2296/1050;FASE 10;BOT_CENTRAL_SUR_INF;649,3089905;3;ESPERANZA
15-06-2023;PA6;C154;CAT 793 F;Lastre Sulfurado;ESP/F10/2296/1050;FASE 10;BOT_MIJO;216,4360046;1;ESPERANZA
15-06-2023;PA6;C155;CAT 793 F;Lastre Sulfurado;ESP/F10/2296/1050;FASE 10;BOT_CENTRAL_SUR_INF;1298,618042;6;ESPERANZA
15-06-2023;PA6;C156;CAT 793 F;Lastre Sulfurado;ESP/F10/2296/1050;FASE 10;BOT_CENTRAL_SUR_INF;1298,618958;6;ESPERANZA
15-06-2023;PA6;C159;CAT 793 F;Lastre Sulfurado;ESP/F10/2296/1050;FASE 10;BOT_CENTRAL_SUR_INF;2164,360107;10;ESPERANZA
15-06-2023;PA6;C161;CAT 793 F;Lastre Sulfurado;ESP/F10/2296/1050;FASE 10;BOT_CENTRAL_SUR_INF;1298,618042;6;ESPERANZA
15-06-2023;PA6;C162;CAT 793 F;Lastre Sulfurado;ESP/F10/2296/1050;FASE 10;BOT_CENTRAL_SUR_INF;649,3089905;3;ESPERANZA
15-06-2023;PA6;C163;CAT 793 F;Lastre Sulfurado;ESP/F10/2296/1050;FASE 10;BOT_CENTRAL_SUR_INF;216,4360046;1;ESPERANZA
15-06-2023;PA6;C164;CAT 793 F;Lastre Sulfurado;ESP/F10/2296/1050;FASE 10;BOT_CENTRAL_SUR_INF;432,8729858;2;ESPERANZA
15-06-2023;PA6;C18;CAT 797 F;Lastre Sulfurado;ESP/F10/2296/1050;FASE 10;BOT_CENTRAL_SUR_INF;346,4039917;1;ESPERANZA
15-06-2023;PA6;C21;CAT 797 F;Lastre Sulfurado;ESP/F10/2296/1050;FASE 10;BOT_CENTRAL_SUR_INF;346,4039917;1;ESPERANZA
15-06-2023;PA6;C50;KOM 930 E;Lastre Sulfurado;ESP/F10/2296/1050;FASE 10;BOT_CENTRAL_SUR_INF;291;1;ESPERANZA
15-06-2023;PA6;C50;KOM 930 E;Lastre Sulfurado;ESP/F10/2296/1050;FASE 10;BOT_RAMPA_SUPERIOR;291;1;ESPERANZA
15-06-2023;PA6;C56;KOM 930 E;Lastre Sulfurado;ESP/F10/2296/1050;FASE 10;BOT_CENTRAL_SUR_INF;291;1;ESPERANZA
15-06-2023;PA7;C07;CAT 797 B;Lastre Oxidado;ESP/F07/2120/732;FASE 7;BOT_2380_INT;1039,209961;3;ESPERANZA
15-06-2023;PA7;C07;CAT 797 B;Lastre Sulfurado;ESP/F07/2120/731;FASE 7;BOT_2380_INT;1385,613953;4;ESPERANZA
15-06-2023;PA7;C08;CAT 797 B;Lastre Oxidado;ESP/F07/2120/732;FASE 7;BOT_2380_INT;1732,02002;5;ESPERANZA
15-06-2023;PA7;C08;CAT 797 B;Lastre Sulfurado;ESP/F07/2120/731;FASE 7;BOT_2380_INT;1039,211975;3;ESPERANZA
15-06-2023;PA7;C09;CAT 797 B;Lastre Oxidado;ESP/F07/2120/732;FASE 7;BOT_2380_INT;1385,619995;4;ESPERANZA
15-06-2023;PA7;C09;CAT 797 B;Lastre Sulfurado;ESP/F07/2120/731;FASE 7;BOT_2380_INT;346,4039917;1;ESPERANZA
15-06-2023;PA7;C10;CAT 797 B;Lastre Oxidado;ESP/F07/2120/732;FASE 7;BOT_2380_INT;346,4039917;1;ESPERANZA
15-06-2023;PA7;C10;CAT 797 B;Lastre Sulfurado;ESP/F07/2120/731;FASE 7;BOT_2380_INT;2771,233948;8;ESPERANZA
15-06-2023;PA7;C11;CAT 797 B;Lastre Oxidado;ESP/F07/2120/732;FASE 7;BOT_2380_INT;692,8079834;2;ESPERANZA
15-06-2023;PA7;C11;CAT 797 B;Lastre Oxidado;ESP/F07/2120/735;FASE 7;BOT_2380_INT;346,4039917;1;ESPERANZA
15-06-2023;PA7;C11;CAT 797 B;Lastre Sulfurado;ESP/F07/2120/731;FASE 7;BOT_2380_INT;1039,211975;3;ESPERANZA
15-06-2023;PA7;C12;CAT 797 B;Lastre Sulfurado;ESP/F07/2120/731;FASE 7;BOT_2380_INT;1385,615967;4;ESPERANZA
15-06-2023;PA7;C13;CAT 797 B;Lastre Oxidado;ESP/F07/2120/732;FASE 7;BOT_2380_INT;692,8079834;2;ESPERANZA
15-06-2023;PA7;C14;CAT 797 B;Lastre Sulfurado;ESP/F07/2120/731;FASE 7;BOT_2380_INT;3810,444031;11;ESPERANZA
15-06-2023;PA7;C15;CAT 797 B;Lastre Oxidado;ESP/F07/2120/732;FASE 7;BOT_2380_INT;2424,828003;7;ESPERANZA
15-06-2023;PA7;C15;CAT 797 B;Lastre Sulfurado;ESP/F07/2120/731;FASE 7;BOT_2380_INT;346,4039917;1;ESPERANZA
15-06-2023;PA7;C152;CAT 793 F;Lastre Sulfurado;ESP/F07/2120/731;FASE 7;BOT_2380_INT;865,7459717;4;ESPERANZA
15-06-2023;PA7;C16;CAT 797 B;Lastre Oxidado;ESP/F07/2120/732;FASE 7;BOT_2380_INT;1039,209961;3;ESPERANZA
15-06-2023;PA7;C16;CAT 797 B;Lastre Sulfurado;ESP/F07/2120/731;FASE 7;BOT_2380_INT;3464,040039;10;ESPERANZA
15-06-2023;PA7;C163;CAT 793 F;Lastre Sulfurado;ESP/F07/2120/731;FASE 7;BOT_2380_INT;216,4360046;1;ESPERANZA
15-06-2023;PA7;C17;CAT 797 F;Lastre Sulfurado;ESP/F07/2120/731;FASE 7;BOT_2380_INT;1039,209961;3;ESPERANZA
15-06-2023;PA7;C19;CAT 797 F;Lastre Oxidado;ESP/F07/2120/732;FASE 7;BOT_2380_INT;692,8079834;2;ESPERANZA
15-06-2023;PA7;C19;CAT 797 F;Lastre Sulfurado;ESP/F07/2120/731;FASE 7;BOT_2380_INT;2078,421936;6;ESPERANZA
15-06-2023;PA7;C21;CAT 797 F;Lastre Oxidado;ESP/F07/2120/732;FASE 7;BOT_2380_INT;1039,211975;3;ESPERANZA
15-06-2023;PA7;C21;CAT 797 F;Lastre Sulfurado;ESP/F07/2120/731;FASE 7;BOT_2380_INT;2424,829956;7;ESPERANZA
15-06-2023;PA7;C22;CAT 797 F;Lastre Sulfurado;ESP/F07/2120/731;FASE 7;BOT_2380_INT;692,8079834;2;ESPERANZA
15-06-2023;PA7;C23;CAT 797 F;Lastre Oxidado;ESP/F07/2120/732;FASE 7;BOT_2380_INT;346,4039917;1;ESPERANZA
15-06-2023;PA7;C23;CAT 797 F;Lastre Sulfurado;ESP/F07/2120/731;FASE 7;BOT_2380_INT;1385,615967;4;ESPERANZA
15-06-2023;PA7;C24;CAT 797 F;Lastre Oxidado;ESP/F07/2120/732;FASE 7;BOT_2380_INT;1039,209961;3;ESPERANZA
15-06-2023;PA7;C24;CAT 797 F;Lastre Sulfurado;ESP/F07/2120/731;FASE 7;BOT_2380_INT;2078,427979;6;ESPERANZA
15-06-2023;PA7;C25;CAT 797 F;Lastre Oxidado;ESP/F07/2120/732;FASE 7;BOT_2380_INT;1039,209961;3;ESPERANZA
15-06-2023;PA7;C25;CAT 797 F;Lastre Oxidado;ESP/F07/2120/735;FASE 7;BOT_2380_INT;346,4039917;1;ESPERANZA
15-06-2023;PA7;C25;CAT 797 F;Lastre Sulfurado;ESP/F07/2120/731;FASE 7;BOT_2380_INT;2078,421936;6;ESPERANZA
15-06-2023;PA7;C32;CAT 797 F;Lastre Oxidado;ESP/F07/2120/732;FASE 7;BOT_2380_INT;346,4039917;1;ESPERANZA
15-06-2023;PA7;C32;CAT 797 F;Lastre Sulfurado;ESP/F07/2120/731;FASE 7;BOT_2380_INT;692,8079834;2;ESPERANZA
15-06-2023;PA7;C34;CAT 797 F;Lastre Oxidado;ESP/F07/2120/732;FASE 7;BOT_2380_INT;346,4039917;1;ESPERANZA
15-06-2023;PA7;C34;CAT 797 F;Lastre Sulfurado;ESP/F07/2120/731;FASE 7;BOT_2380_INT;3117,629883;9;ESPERANZA
15-06-2023;PA7;C36;CAT 797 F;Lastre Oxidado;ESP/F07/2120/732;FASE 7;BOT_2380_INT;692,8079834;2;ESPERANZA
15-06-2023;PA7;C36;CAT 797 F;Lastre Oxidado;ESP/F07/2120/735;FASE 7;BOT_2380_INT;346,4039917;1;ESPERANZA
15-06-2023;PA7;C36;CAT 797 F;Lastre Sulfurado;ESP/F07/2120/731;FASE 7;BOT_2380_INT;3464,044006;10;ESPERANZA
15-06-2023;PA7;C37;CAT 797 F;Lastre Oxidado;ESP/F07/2120/732;FASE 7;BOT_2380_INT;692,8079834;2;ESPERANZA
15-06-2023;PA7;C37;CAT 797 F;Lastre Sulfurado;ESP/F07/2120/731;FASE 7;BOT_2380_INT;692,8079834;2;ESPERANZA
15-06-2023;PA7;C38;CAT 797 F;Lastre Oxidado;ESP/F07/2120/732;FASE 7;BOT_2380_INT;346,4039917;1;ESPERANZA
15-06-2023;PA7;C38;CAT 797 F;Lastre Sulfurado;ESP/F07/2120/731;FASE 7;BOT_2380_INT;346,4039917;1;ESPERANZA
15-06-2023;PA7;C39;CAT 797 F;Lastre Oxidado;ESP/F07/2120/732;FASE 7;BOT_2380_INT;692,8079834;2;ESPERANZA
15-06-2023;PA7;C39;CAT 797 F;Lastre Sulfurado;ESP/F07/2120/731;FASE 7;BOT_2380_INT;2078,427979;6;ESPERANZA
15-06-2023;PA7;C40;CAT 797 F;Lastre Oxidado;ESP/F07/2120/732;FASE 7;BOT_2380_INT;1385,619995;4;ESPERANZA
15-06-2023;PA7;C40;CAT 797 F;Lastre Sulfurado;ESP/F07/2120/731;FASE 7;BOT_2380_INT;1732,017944;5;ESPERANZA
15-06-2023;PA7;C41;CAT 797 F;Lastre Oxidado;ESP/F07/2120/732;FASE 7;BOT_2380_INT;692,8079834;2;ESPERANZA
15-06-2023;PA7;C41;CAT 797 F;Lastre Sulfurado;ESP/F07/2120/731;FASE 7;BOT_2380_INT;1385,619995;4;ESPERANZA
15-06-2023;PA7;C42;CAT 797 F;Lastre Sulfurado;ESP/F07/2120/731;FASE 7;BOT_2380_INT;1732,019958;5;ESPERANZA
15-06-2023;PA7;C43;CAT 797 F;Lastre Oxidado;ESP/F07/2120/732;FASE 7;BOT_2380_INT;1039,211975;3;ESPERANZA
15-06-2023;PA7;C43;CAT 797 F;Lastre Sulfurado;ESP/F07/2120/731;FASE 7;BOT_2380_INT;1039,211975;3;ESPERANZA
15-06-2023;PA7;C44;CAT 797 F;Lastre Sulfurado;ESP/F07/2120/731;FASE 7;BOT_2380_INT;2771,235962;8;ESPERANZA
15-06-2023;PA7;C45;CAT 797 F;Lastre Oxidado;ESP/F07/2120/732;FASE 7;BOT_2380_INT;1385,613953;4;ESPERANZA
15-06-2023;PA7;C45;CAT 797 F;Lastre Oxidado;ESP/F07/2120/735;FASE 7;BOT_2380_INT;346,4039917;1;ESPERANZA
15-06-2023;PA7;C45;CAT 797 F;Lastre Sulfurado;ESP/F07/2120/731;FASE 7;BOT_2380_INT;2771,229919;8;ESPERANZA
15-06-2023;PA7;C46;CAT 797 F;Lastre Oxidado;ESP/F07/2120/732;FASE 7;BOT_2380_INT;692,8079834;2;ESPERANZA
15-06-2023;PA7;C46;CAT 797 F;Lastre Sulfurado;ESP/F07/2120/731;FASE 7;BOT_2380_INT;1385,613953;4;ESPERANZA
15-06-2023;PA7;C47;CAT 797 F;Lastre Oxidado;ESP/F07/2120/732;FASE 7;BOT_2380_INT;346,4039917;1;ESPERANZA
15-06-2023;PA7;C47;CAT 797 F;Lastre Sulfurado;ESP/F07/2120/731;FASE 7;BOT_2380_INT;4156,853943;12;ESPERANZA
15-06-2023;PA7;C48;CAT 797 F;Lastre Oxidado;ESP/F07/2120/732;FASE 7;BOT_2380_INT;346,4039917;1;ESPERANZA
15-06-2023;PA7;C48;CAT 797 F;Lastre Sulfurado;ESP/F07/2120/731;FASE 7;BOT_2380_INT;1732,019958;5;ESPERANZA
15-06-2023;PAESPS;C20115ESPS;KOM 980 ESPS;Sulfuro de Media;ESS/F02/2104/204;F02 ESPSUR;CHANCADO-SULFURO;29160;81;ESPERANZA_SUR
15-06-2023;PAESPS;C980AHSESPS;Kom 980 AHS;Sulfuro de Media;ESS/F02/2104/204;F02 ESPSUR;STOCK_SME_ESS;2880;8;ESPERANZA_SUR
15-06-2023;PATH01;C701;LIEBHERR 264 ;LASTRE (LAS);LLA/F01/2295/103;F01 LLA;BOT_TSS;54531;249;LLANO
15-06-2023;PATH01;C701;LIEBHERR 264 ;LASTRE (LAS);LLA/F01/2295/105;F01 LLA;BOT_TSS;1971;9;LLANO
15-06-2023;PATH01;C701;LIEBHERR 264 ;LASTRE (LAS);LLA/F01/2295/106;F01 LLA;BOT_TSS;9417;43;LLANO
15-06-2023;PATH01;C701;LIEBHERR 264 ;LASTRE (LAS);LLA/F02/2302.5/2090;F02 LLA;BOT_TSS;1095;5;LLANO
15-06-2023;PATH01;C701;LIEBHERR 264 ;LASTRE (LAS);LLA/F02/2302.5/210;F02 LLA;BOT_TSS;6570;30;LLANO
15-06-2023;PATH01;C702;LIEBHERR 264 ;LASTRE (LAS);LLA/F02/2302.5/2090;F02 LLA;BOT_TSS;17301;79;LLANO
15-06-2023;PATH01;C702;LIEBHERR 264 ;LASTRE (LAS);LLA/F02/2302.5/210;F02 LLA;BOT_TSS;4818;22;LLANO
15-06-2023;PATH01;C793OXE;CAT 793 OXE;Media Ley;OXE/F04/2136/403;FASE 04 ENC;CHANCADO-ENCUENTRO;16940;77;ENCUENTRO
15-06-2023;PATH01;C793OXE;CAT 793 OXE;Media Ley;OXE/F04/2136/403;FASE 04 ENC;MOD B;7260;33;ENCUENTRO
15-06-2023;PATH01;C793OXE;CAT 793 OXE;OBR;MOD_E_REM;ENCUENTRO OXE;CHANCADO-ENCUENTRO;9900;45;ENCUENTRO
15-06-2023;PATH01;C793OXE;CAT 793 OXE;OMR;STOCK_OXMAR_NORTE;ENCUENTRO OXE;CHANCADO-ENCUENTRO;14300;65;ENCUENTRO
15-06-2023;PATH01;C930OXE;KOM 930OXE;L21;04_2376_455;FASE 04 ENC;BOT.2420;87580;302;ENCUENTRO
15-06-2023;PATH01;C930OXE;KOM 930OXE;Mineral Sulfuro Primario(PRI);OXE/F04/2144/415;FASE 04 ENC;MOD G;38280;132;ENCUENTRO