Fecha;Carguio;Camión;Flota;Material;Origen;Zona;Destino;Tonelaje;Ciclos;Rajo
16-06-2023;CF2;C121;CAT 793 C;Sulfuro Baja Ley;STOCK_SBL_ESS;ESPERANZA_SUR;CHANCADO-SULFURO;433,92099;2;ESPERANZA_SUR
16-06-2023;CF2;C122;CAT 793 C;Sulfuro Baja Ley;STOCK_SBL_ESS;ESPERANZA_SUR;CHANCADO-SULFURO;3254,402985;15;ESPERANZA_SUR
16-06-2023;CF2;C125;CAT 793 C;Sulfuro Baja Ley;STOCK_SBL_ESS;ESPERANZA_SUR;CHANCADO-SULFURO;3688,322037;17;ESPERANZA_SUR
16-06-2023;CF2;C129;CAT 793 C;Sulfuro Baja Ley;STOCK_SBL_ESS;ESPERANZA_SUR;CHANCADO-SULFURO;433,92099;2;ESPERANZA_SUR
16-06-2023;CF2;C130;CAT 793 C;Sulfuro Baja Ley;STOCK_SBL_ESS;ESPERANZA_SUR;CHANCADO-SULFURO;2169,60495;10;ESPERANZA_SUR
16-06-2023;CF2;C131;CAT 793 C;Sulfuro Baja Ley;STOCK_SBL_ESS;ESPERANZA_SUR;CHANCADO-SULFURO;3688,322052;17;ESPERANZA_SUR
16-06-2023;CF2;C134;CAT 793 C;Sulfuro Baja Ley;STOCK_SBL_ESS;ESPERANZA_SUR;CHANCADO-SULFURO;650,8809967;3;ESPERANZA_SUR
16-06-2023;CF2;C15;CAT 797 B;Sulfuro Baja Ley;STOCK_SBL_ESS;ESPERANZA_SUR;CHANCADO-SULFURO;2078,424011;6;ESPERANZA_SUR
16-06-2023;CF2;C151;CAT 793 F;Sulfuro Baja Ley;STOCK_SBL_ESS;ESPERANZA_SUR;CHANCADO-SULFURO;6725,769943;31;ESPERANZA_SUR
16-06-2023;CF2;C159;CAT 793 F;Sulfuro Baja Ley;STOCK_SBL_ESS;ESPERANZA_SUR;CHANCADO-SULFURO;650,8809814;3;ESPERANZA_SUR
16-06-2023;CF2;C160;CAT 793 F;Sulfuro Baja Ley;STOCK_SBL_ESS;ESPERANZA_SUR;CHANCADO-SULFURO;650,8809967;3;ESPERANZA_SUR
16-06-2023;CF2;C161;CAT 793 F;Sulfuro Baja Ley;STOCK_SBL_ESS;ESPERANZA_SUR;CHANCADO-SULFURO;5857,920044;27;ESPERANZA_SUR
16-06-2023;CF2;C162;CAT 793 F;Sulfuro Baja Ley;STOCK_SBL_ESS;ESPERANZA_SUR;CHANCADO-SULFURO;1952,640015;9;ESPERANZA_SUR
16-06-2023;CF2;C164;CAT 793 F;Sulfuro Baja Ley;STOCK_SBL_ESS;ESPERANZA_SUR;CHANCADO-SULFURO;433,92099;2;ESPERANZA_SUR
16-06-2023;CF2;C19;CAT 797 F;Sulfuro Baja Ley;STOCK_SBL_ESS;ESPERANZA_SUR;CHANCADO-SULFURO;1385,615967;4;ESPERANZA_SUR
16-06-2023;CF2;C32;CAT 797 F;Sulfuro Baja Ley;STOCK_SBL_ESS;ESPERANZA_SUR;CHANCADO-SULFURO;1385,615967;4;ESPERANZA_SUR
16-06-2023;CF2;C54;KOM 930 E;Sulfuro Baja Ley;STOCK_SBL_ESS;ESPERANZA_SUR;CHANCADO-SULFURO;291;1;ESPERANZA_SUR
16-06-2023;CF203;C123;CAT 793 C;Marginal Rom;STOCK_MRO_MIR;OXIDO;ROM;2420;11;TESORO
16-06-2023;CF203;C125;CAT 793 C;Marginal Rom;STOCK_MRO_MIR;OXIDO;ROM;2640;12;TESORO
16-06-2023;CF203;C128;CAT 793 C;Marginal Rom;STOCK_MRO_MIR;OXIDO;ROM;2200;10;TESORO
16-06-2023;CF203;C129;CAT 793 C;Marginal Rom;STOCK_MRO_MIR;OXIDO;ROM;1980;9;TESORO
16-06-2023;CF203;C132;CAT 793 C;Marginal Rom;STOCK_MRO_MIR;OXIDO;ROM;2640;12;TESORO
16-06-2023;CF203;C134;CAT 793 C;Marginal Rom;STOCK_MRO_MIR;OXIDO;ROM;220;1;TESORO
16-06-2023;CF203;C135;CAT 793 C;Marginal Rom;STOCK_MRO_MIR;OXIDO;ROM;2420;11;TESORO
16-06-2023;CF203;C151;CAT 793 F;Marginal Rom;STOCK_MRO_MIR;OXIDO;ROM;675;3;TESORO
16-06-2023;CF203;C155;CAT 793 F;Marginal Rom;STOCK_MRO_MIR;OXIDO;ROM;1800;8;TESORO
16-06-2023;CF203;C159;CAT 793 F;Marginal Rom;STOCK_MRO_MIR;OXIDO;ROM;225;1;TESORO
16-06-2023;CF203;C160;CAT 793 F;Marginal Rom;STOCK_MRO_MIR;OXIDO;ROM;3150;14;TESORO
16-06-2023;CF203;C161;CAT 793 F;Marginal Rom;STOCK_MRO_MIR;OXIDO;ROM;450;2;TESORO
16-06-2023;CF231;C121;CAT 793 C;Marginal Alta;STM-NE-02;OXIDO;CHANCADO-OXIDO;7791,708099;36;TESORO
16-06-2023;CF231;C122;CAT 793 C;Marginal Alta;STM-NE-02;OXIDO;CHANCADO-OXIDO;432,8729858;2;TESORO
16-06-2023;CF231;C123;CAT 793 C;Marginal Alta;STM-NE-02;OXIDO;CHANCADO-OXIDO;2597,233093;12;TESORO
16-06-2023;CF231;C125;CAT 793 C;Marginal Alta;STM-NE-02;OXIDO;CHANCADO-OXIDO;1731,492981;8;TESORO
16-06-2023;CF231;C132;CAT 793 C;Marginal Alta;STM-NE-02;OXIDO;CHANCADO-OXIDO;216,4360046;1;TESORO
16-06-2023;CF231;C135;CAT 793 C;Marginal Alta;STM-NE-02;OXIDO;CHANCADO-OXIDO;1082,180054;5;TESORO
16-06-2023;CF231;C155;CAT 793 F;Marginal Alta;STM-NE-02;OXIDO;CHANCADO-OXIDO;865,7449951;4;TESORO
16-06-2023;CF231;C159;CAT 793 F;Marginal Alta;STM-NE-02;OXIDO;CHANCADO-OXIDO;2164,36499;10;TESORO
16-06-2023;CF231;C160;CAT 793 F;Marginal Alta;STM-NE-02;OXIDO;CHANCADO-OXIDO;432,8729858;2;TESORO
16-06-2023;CF231;C161;CAT 793 F;Marginal Alta;STM-NE-02;OXIDO;CHANCADO-OXIDO;432,8729858;2;TESORO
16-06-2023;CF232;C122;CAT 793 C;Sulfuro de Media;STOCK_SME;ESPERANZA;CHANCADO-SULFURO;433,92099;2;ESPERANZA
16-06-2023;CF232;C125;CAT 793 C;Lastre Sulfurado;ESP/F10/2328/1320;FASE 10;BOT_RAMPA_INFERIOR;1082,180054;5;ESPERANZA
16-06-2023;CF232;C128;CAT 793 C;Sulfuro de Media;STOCK_SME;ESPERANZA;CHANCADO-SULFURO;650,8809814;3;ESPERANZA
16-06-2023;CF232;C130;CAT 793 C;Lastre Sulfurado;ESP/F10/2328/1320;FASE 10;BOT_RAMPA_INFERIOR;865,7459717;4;ESPERANZA
16-06-2023;CF232;C130;CAT 793 C;Sulfuro de Alta Ley;STOCK_SAL_DIN;ESPERANZA;CHANCADO-SULFURO;216,9600067;1;ESPERANZA
16-06-2023;CF232;C130;CAT 793 C;Sulfuro de Media;STOCK_SME;ESPERANZA;CHANCADO-SULFURO;1952,64006;9;ESPERANZA
16-06-2023;CF232;C131;CAT 793 C;Lastre Sulfurado;ESP/F10/2328/1320;FASE 10;BOT_RAMPA_INFERIOR;649,309021;3;ESPERANZA
16-06-2023;CF232;C131;CAT 793 C;Sulfuro de Media;STOCK_SME;ESPERANZA;CHANCADO-SULFURO;1301,760056;6;ESPERANZA
16-06-2023;CF232;C132;CAT 793 C;Sulfuro de Media;STOCK_SME;ESPERANZA;CHANCADO-SULFURO;216,9600067;1;ESPERANZA
16-06-2023;CF232;C134;CAT 793 C;Lastre Sulfurado;ESP/F10/2328/1320;FASE 10;BOT_RAMPA_INFERIOR;432,8720093;2;ESPERANZA
16-06-2023;CF232;C134;CAT 793 C;Sulfuro de Alta Ley;STOCK_SAL_DIN;ESPERANZA;CHANCADO-SULFURO;650,8809967;3;ESPERANZA
16-06-2023;CF232;C134;CAT 793 C;Sulfuro de Media;STOCK_SME;ESPERANZA;CHANCADO-SULFURO;2603,521042;12;ESPERANZA
16-06-2023;CF232;C135;CAT 793 C;Sulfuro de Media;STOCK_SME;ESPERANZA;CHANCADO-SULFURO;433,92099;2;ESPERANZA
16-06-2023;CF232;C154;CAT 793 F;Lastre Oxidado;ESP/F10/2328/130;FASE 10;BOT_CENTRAL_SUR_INF;216,4360046;1;ESPERANZA
16-06-2023;CF232;C154;CAT 793 F;Sulfuro de Media;STOCK_SME;ESPERANZA;CHANCADO-SULFURO;1518,720016;7;ESPERANZA
16-06-2023;CF232;C155;CAT 793 F;Sulfuro de Media;STOCK_SME;ESPERANZA;CHANCADO-SULFURO;216,9600067;1;ESPERANZA
16-06-2023;CF232;C156;CAT 793 F;Sulfuro de Media;STOCK_SME;ESPERANZA;CHANCADO-SULFURO;216,9600067;1;ESPERANZA
16-06-2023;CF232;C162;CAT 793 F;Sulfuro Baja Ley;STOCK_SBL_ESS;ESPERANZA_SUR;CHANCADO-SULFURO;216,9600067;1;ESPERANZA_SUR
16-06-2023;CF232;C162;CAT 793 F;Sulfuro de Alta Ley;STOCK_SAL_DIN;ESPERANZA;CHANCADO-SULFURO;867,84198;4;ESPERANZA
16-06-2023;CF232;C162;CAT 793 F;Sulfuro de Media;STOCK_SME;ESPERANZA;CHANCADO-SULFURO;867,84198;4;ESPERANZA
16-06-2023;CF232;C163;CAT 793 F;Lastre Sulfurado;ESP/F10/2328/1320;FASE 10;BOT_RAMPA_INFERIOR;865,7459717;4;ESPERANZA
16-06-2023;CF232;C163;CAT 793 F;Sulfuro de Alta Ley;STOCK_SAL_DIN;ESPERANZA;CHANCADO-SULFURO;1952,640015;9;ESPERANZA
16-06-2023;CF232;C163;CAT 793 F;Sulfuro de Media;STOCK_SME;ESPERANZA;CHANCADO-SULFURO;1952,64006;9;ESPERANZA
16-06-2023;CF233;C122;CAT 793 C;Baja Ley 1;ST-TS_18;OXIDO;CHANCADO-OXIDO;1298,617035;6;TESORO
16-06-2023;CF233;C123;CAT 793 C;Baja Ley 1;ST-TS_18;OXIDO;CHANCADO-OXIDO;1298,619995;6;TESORO
16-06-2023;CF233;C129;CAT 793 C;Baja Ley 1;ST-TS_18;OXIDO;CHANCADO-OXIDO;4112,289124;19;TESORO
16-06-2023;CF233;C130;CAT 793 C;Baja Ley 1;ST-TS_18;OXIDO;CHANCADO-OXIDO;649,3089905;3;TESORO
16-06-2023;CF233;C132;CAT 793 C;Baja Ley 1;ST-TS_18;OXIDO;CHANCADO-OXIDO;1082,18103;5;TESORO
16-06-2023;CF233;C135;CAT 793 C;Baja Ley 1;ST-TS_18;OXIDO;CHANCADO-OXIDO;2164,360107;10;TESORO
16-06-2023;CF233;C151;CAT 793 F;Baja Ley 1;ST-TS_18;OXIDO;CHANCADO-OXIDO;432,8720093;2;TESORO
16-06-2023;CF233;C152;CAT 793 F;Baja Ley 1;ST-TS_18;OXIDO;CHANCADO-OXIDO;2380,796112;11;TESORO
16-06-2023;CF233;C156;CAT 793 F;Baja Ley 1;ST-TS_18;OXIDO;CHANCADO-OXIDO;1082,180054;5;TESORO
16-06-2023;CF234;C122;CAT 793 C;Lastre Oxidado;ESP/F07/2104/707;FASE 7;BOT_2380_INT;649,309021;3;ESPERANZA
16-06-2023;CF234;C122;CAT 793 C;Lastre Sulfurado;ESP/F07/2120/731;FASE 7;BOT_2380_INT;216,4360046;1;ESPERANZA
16-06-2023;CF234;C128;CAT 793 C;Lastre Sulfurado;ESP/F07/2120/731;FASE 7;BOT_2380_INT;432,8729858;2;ESPERANZA
16-06-2023;CF234;C130;CAT 793 C;Lastre Oxidado;ESP/F07/2104/707;FASE 7;BOT_2380_INT;649,309021;3;ESPERANZA
16-06-2023;CF234;C131;CAT 793 C;Lastre Oxidado;ESP/F07/2104/707;FASE 7;BOT_2380_INT;865,7450256;4;ESPERANZA
16-06-2023;CF234;C134;CAT 793 C;Lastre Oxidado;ESP/F07/2104/707;FASE 7;BOT_2380_INT;865,7459717;4;ESPERANZA
16-06-2023;CF234;C134;CAT 793 C;Lastre Oxidado;ESP/F10/2328/130;FASE 10;BOT_CENTRAL_SUR_INF;216,4360046;1;ESPERANZA
16-06-2023;CF234;C135;CAT 793 C;Lastre Oxidado;ESP/F07/2104/707;FASE 7;BOT_2380_INT;1082,182007;5;ESPERANZA
16-06-2023;CF234;C135;CAT 793 C;Lastre Oxidado;ESP/F10/2328/130;FASE 10;BOT_CENTRAL_SUR_INF;432,8729858;2;ESPERANZA
16-06-2023;CF234;C154;CAT 793 F;Lastre Oxidado;ESP/F07/2104/707;FASE 7;BOT_2380_INT;2164,36203;10;ESPERANZA
16-06-2023;CF234;C154;CAT 793 F;Lastre Oxidado;ESP/F10/2328/130;FASE 10;BOT_CENTRAL_SUR_INF;216,4360046;1;ESPERANZA
16-06-2023;CF234;C154;CAT 793 F;Lastre Sulfurado;ESP/F07/2120/731;FASE 7;BOT_2380_INT;865,7459717;4;ESPERANZA
16-06-2023;CF234;C155;CAT 793 F;Lastre Oxidado;ESP/F07/2104/707;FASE 7;BOT_2380_INT;216,4360046;1;ESPERANZA
16-06-2023;CF234;C155;CAT 793 F;Lastre Sulfurado;ESP/F07/2120/731;FASE 7;BOT_2380_INT;649,309021;3;ESPERANZA
16-06-2023;CF234;C159;CAT 793 F;Lastre Oxidado;ESP/F07/2104/707;FASE 7;BOT_2380_INT;1082,182007;5;ESPERANZA
16-06-2023;CF234;C159;CAT 793 F;Lastre Oxidado;ESP/F10/2328/130;FASE 10;BOT_CENTRAL_SUR_INF;216,4360046;1;ESPERANZA
16-06-2023;CF234;C162;CAT 793 F;Lastre Oxidado;ESP/F07/2104/707;FASE 7;BOT_2380_INT;865,7459717;4;ESPERANZA
16-06-2023;CF234;C162;CAT 793 F;Lastre Sulfurado;ESP/F07/2120/731;FASE 7;BOT_2380_INT;649,309021;3;ESPERANZA
16-06-2023;CF234;C162;CAT 793 F;Sulfuro Baja Ley;STOCK_SBL_ESS;ESPERANZA_SUR;CHANCADO-SULFURO;216,9600067;1;ESPERANZA_SUR
16-06-2023;CF234;C163;CAT 793 F;Lastre Oxidado;ESP/F07/2104/707;FASE 7;BOT_2380_INT;216,4360046;1;ESPERANZA
16-06-2023;CF234;C163;CAT 793 F;Lastre Sulfurado;ESP/F07/2120/731;FASE 7;BOT_RAMPA_INFERIOR;216,4360046;1;ESPERANZA
16-06-2023;CF234;C163;CAT 793 F;Sulfuro Baja Ley;STOCK_SBL_ESS;ESPERANZA_SUR;CHANCADO-SULFURO;216,9600067;1;ESPERANZA_SUR
16-06-2023;CF234;C164;CAT 793 F;Lastre Oxidado;ESP/F07/2104/707;FASE 7;BOT_2380_INT;2380,798065;11;ESPERANZA
16-06-2023;CF234;C164;CAT 793 F;Lastre Oxidado;ESP/F10/2328/130;FASE 10;BOT_CENTRAL_SUR_INF;216,4360046;1;ESPERANZA
16-06-2023;CF234;C164;CAT 793 F;Lastre Sulfurado;ESP/F07/2120/731;FASE 7;BOT_2380_INT;432,8729858;2;ESPERANZA
16-06-2023;CF4;C980AHSESPS;Kom 980 AHS;Lastre Oxidado;ESS/F03/2216/324;F03 ESPSUR;BOTADERO_2021;52560;146;ESPERANZA_SUR
16-06-2023;PA1;C07;CAT 797 B;Lastre Oxidado;ESP/F07/2104/707;FASE 7;BOT_2380_INT;692,8079834;2;ESPERANZA
16-06-2023;PA1;C07;CAT 797 B;Lastre Sulfurado;ESP/F07/2104/706;FASE 7;BOT_2380_INT;346,4039917;1;ESPERANZA
16-06-2023;PA1;C07;CAT 797 B;Lastre Sulfurado;ESP/F07/2104/7060;FASE 7;BOT_2380_INT;3464,042053;10;ESPERANZA
16-06-2023;PA1;C08;CAT 797 B;Lastre Sulfurado;ESP/F07/2104/7060;FASE 7;BOT_2380_INT;1039,211975;3;ESPERANZA
16-06-2023;PA1;C09;CAT 797 B;Lastre Oxidado;ESP/F07/2104/707;FASE 7;BOT_2380_INT;692,8079834;2;ESPERANZA
16-06-2023;PA1;C09;CAT 797 B;Lastre Sulfurado;ESP/F07/2104/706;FASE 7;BOT_2380_INT;346,4039917;1;ESPERANZA
16-06-2023;PA1;C09;CAT 797 B;Lastre Sulfurado;ESP/F07/2104/7060;FASE 7;BOT_2380_INT;1385,615967;4;ESPERANZA
16-06-2023;PA1;C10;CAT 797 B;Lastre Sulfurado;ESP/F07/2104/7060;FASE 7;BOT_2380_INT;1039,211975;3;ESPERANZA
16-06-2023;PA1;C11;CAT 797 B;Lastre Oxidado;ESP/F07/2104/707;FASE 7;BOT_2380_INT;692,8079834;2;ESPERANZA
16-06-2023;PA1;C11;CAT 797 B;Lastre Sulfurado;ESP/F07/2104/7060;FASE 7;BOT_2380_INT;1385,619995;4;ESPERANZA
16-06-2023;PA1;C12;CAT 797 B;Lastre Sulfurado;ESP/F07/2104/706;FASE 7;BOT_2380_INT;346,4039917;1;ESPERANZA
16-06-2023;PA1;C12;CAT 797 B;Lastre Sulfurado;ESP/F07/2104/7060;FASE 7;BOT_2380_INT;3117,629883;9;ESPERANZA
16-06-2023;PA1;C13;CAT 797 B;Lastre Oxidado;ESP/F07/2104/707;FASE 7;BOT_2380_INT;346,4039917;1;ESPERANZA
16-06-2023;PA1;C13;CAT 797 B;Lastre Sulfurado;ESP/F07/2104/706;FASE 7;BOT_2380_INT;346,4039917;1;ESPERANZA
16-06-2023;PA1;C14;CAT 797 B;Lastre Oxidado;ESP/F07/2104/707;FASE 7;BOT_2380_INT;346,4039917;1;ESPERANZA
16-06-2023;PA1;C14;CAT 797 B;Lastre Sulfurado;ESP/F07/2104/7060;FASE 7;BOT_2380_INT;2771,231995;8;ESPERANZA
16-06-2023;PA1;C154;CAT 793 F;Lastre Sulfurado;ESP/F07/2104/7060;FASE 7;BOT_2380_INT;432,8720093;2;ESPERANZA
16-06-2023;PA1;C155;CAT 793 F;Lastre Sulfurado;ESP/F07/2104/7060;FASE 7;BOT_2380_INT;432,8729858;2;ESPERANZA
16-06-2023;PA1;C16;CAT 797 B;Lastre Oxidado;ESP/F07/2104/707;FASE 7;BOT_2380_INT;692,8079834;2;ESPERANZA
16-06-2023;PA1;C16;CAT 797 B;Lastre Sulfurado;ESP/F07/2104/7060;FASE 7;BOT_2380_INT;2424,828003;7;ESPERANZA
16-06-2023;PA1;C160;CAT 793 F;Lastre Sulfurado;ESP/F07/2104/7060;FASE 7;BOT_2380_INT;1082,181976;5;ESPERANZA
16-06-2023;PA1;C162;CAT 793 F;Lastre Sulfurado;ESP/F07/2104/7060;FASE 7;BOT_2380_INT;432,8729858;2;ESPERANZA
16-06-2023;PA1;C163;CAT 793 F;Lastre Sulfurado;ESP/F07/2104/7060;FASE 7;BOT_2380_INT;432,8720093;2;ESPERANZA
16-06-2023;PA1;C164;CAT 793 F;Lastre Sulfurado;ESP/F07/2104/7060;FASE 7;BOT_2380_INT;649,3089905;3;ESPERANZA
16-06-2023;PA1;C17;CAT 797 F;Lastre Sulfurado;ESP/F07/2104/7060;FASE 7;BOT_2380_INT;1732,017944;5;ESPERANZA
16-06-2023;PA1;C19;CAT 797 F;Lastre Sulfurado;ESP/F07/2104/706;FASE 7;BOT_2380_INT;346,4039917;1;ESPERANZA
16-06-2023;PA1;C19;CAT 797 F;Lastre Sulfurado;ESP/F07/2104/7060;FASE 7;BOT_2380_INT;1385,615967;4;ESPERANZA
16-06-2023;PA1;C21;CAT 797 F;Lastre Oxidado;ESP/F07/2104/707;FASE 7;BOT_2380_INT;346,4039917;1;ESPERANZA
16-06-2023;PA1;C21;CAT 797 F;Lastre Sulfurado;ESP/F07/2104/7060;FASE 7;BOT_2380_INT;1732,017944;5;ESPERANZA
16-06-2023;PA1;C22;CAT 797 F;Lastre Oxidado;ESP/F07/2104/707;FASE 7;BOT_2380_INT;346,4039917;1;ESPERANZA
16-06-2023;PA1;C22;CAT 797 F;Lastre Sulfurado;ESP/F07/2104/7060;FASE 7;BOT_2380_INT;2078,427979;6;ESPERANZA
16-06-2023;PA1;C23;CAT 797 F;Lastre Sulfurado;ESP/F07/2104/7060;FASE 7;BOT_2380_INT;2078,427979;6;ESPERANZA
16-06-2023;PA1;C24;CAT 797 F;Lastre Sulfurado;ESP/F07/2104/7060;FASE 7;BOT_2380_INT;1039,211975;3;ESPERANZA
16-06-2023;PA1;C25;CAT 797 F;Lastre Oxidado;ESP/F07/2104/707;FASE 7;BOT_2380_INT;346,4039917;1;ESPERANZA
16-06-2023;PA1;C25;CAT 797 F;Lastre Sulfurado;ESP/F07/2104/7060;FASE 7;BOT_2380_INT;1039,211975;3;ESPERANZA
16-06-2023;PA1;C32;CAT 797 F;Lastre Oxidado;ESP/F07/2104/707;FASE 7;BOT_2380_INT;692,8079834;2;ESPERANZA
16-06-2023;PA1;C32;CAT 797 F;Lastre Sulfurado;ESP/F07/2104/706;FASE 7;BOT_2380_INT;692,8079834;2;ESPERANZA
16-06-2023;PA1;C34;CAT 797 F;Lastre Oxidado;ESP/F07/2104/707;FASE 7;BOT_2380_INT;346,4039917;1;ESPERANZA
16-06-2023;PA1;C34;CAT 797 F;Lastre Sulfurado;ESP/F07/2104/7060;FASE 7;BOT_2380_INT;1039,211975;3;ESPERANZA
16-06-2023;PA1;C36;CAT 797 F;Lastre Sulfurado;ESP/F07/2104/706;FASE 7;BOT_2380_INT;346,4039917;1;ESPERANZA
16-06-2023;PA1;C36;CAT 797 F;Lastre Sulfurado;ESP/F07/2104/7060;FASE 7;BOT_2380_INT;1385,615967;4;ESPERANZA
16-06-2023;PA1;C37;CAT 797 F;Lastre Oxidado;ESP/F07/2104/707;FASE 7;BOT_2380_INT;692,8079834;2;ESPERANZA
16-06-2023;PA1;C37;CAT 797 F;Lastre Sulfurado;ESP/F07/2104/706;FASE 7;BOT_2380_INT;346,4039917;1;ESPERANZA
16-06-2023;PA1;C37;CAT 797 F;Lastre Sulfurado;ESP/F07/2104/7060;FASE 7;BOT_2380_INT;692,8079834;2;ESPERANZA
16-06-2023;PA1;C38;CAT 797 F;Lastre Oxidado;ESP/F07/2104/707;FASE 7;BOT_2380_INT;346,4039917;1;ESPERANZA
16-06-2023;PA1;C38;CAT 797 F;Lastre Sulfurado;ESP/F07/2104/706;FASE 7;BOT_2380_INT;346,4039917;1;ESPERANZA
16-06-2023;PA1;C38;CAT 797 F;Lastre Sulfurado;ESP/F07/2104/7060;FASE 7;BOT_2380_INT;2771,229919;8;ESPERANZA
16-06-2023;PA1;C39;CAT 797 F;Lastre Oxidado;ESP/F07/2104/707;FASE 7;BOT_2380_INT;346,4039917;1;ESPERANZA
16-06-2023;PA1;C39;CAT 797 F;Lastre Sulfurado;ESP/F07/2104/7060;FASE 7;BOT_2380_INT;1385,619995;4;ESPERANZA
16-06-2023;PA1;C40;CAT 797 F;Lastre Oxidado;ESP/F07/2104/707;FASE 7;BOT_2380_INT;1039,209961;3;ESPERANZA
16-06-2023;PA1;C40;CAT 797 F;Lastre Sulfurado;ESP/F07/2104/7060;FASE 7;BOT_2380_INT;1732,019958;5;ESPERANZA
16-06-2023;PA1;C41;CAT 797 F;Lastre Oxidado;ESP/F07/2104/707;FASE 7;BOT_2380_INT;1039,209961;3;ESPERANZA
16-06-2023;PA1;C41;CAT 797 F;Lastre Sulfurado;ESP/F07/2104/7060;FASE 7;BOT_2380_INT;692,8079834;2;ESPERANZA
16-06-2023;PA1;C42;CAT 797 F;Lastre Oxidado;ESP/F07/2104/707;FASE 7;BOT_2380_INT;346,4039917;1;ESPERANZA
16-06-2023;PA1;C42;CAT 797 F;Lastre Sulfurado;ESP/F07/2104/7060;FASE 7;BOT_2380_INT;3810,445923;11;ESPERANZA
16-06-2023;PA1;C43;CAT 797 F;Lastre Sulfurado;ESP/F07/2104/7060;FASE 7;BOT_2380_INT;1039,211975;3;ESPERANZA
16-06-2023;PA1;C44;CAT 797 F;Lastre Oxidado;ESP/F07/2104/707;FASE 7;BOT_2380_INT;692,8079834;2;ESPERANZA
16-06-2023;PA1;C44;CAT 797 F;Lastre Sulfurado;ESP/F07/2104/706;FASE 7;BOT_2380_INT;346,4039917;1;ESPERANZA
16-06-2023;PA1;C44;CAT 797 F;Lastre Sulfurado;ESP/F07/2104/7060;FASE 7;BOT_2380_INT;1039,209961;3;ESPERANZA
16-06-2023;PA1;C45;CAT 797 F;Lastre Oxidado;ESP/F07/2104/707;FASE 7;BOT_2380_INT;346,4039917;1;ESPERANZA
16-06-2023;PA1;C45;CAT 797 F;Lastre Sulfurado;ESP/F07/2104/706;FASE 7;BOT_2380_INT;346,4039917;1;ESPERANZA
16-06-2023;PA1;C45;CAT 797 F;Lastre Sulfurado;ESP/F07/2104/7060;FASE 7;BOT_2380_INT;1039,209961;3;ESPERANZA
16-06-2023;PA1;C46;CAT 797 F;Lastre Oxidado;ESP/F07/2104/707;FASE 7;BOT_2380_INT;346,4039917;1;ESPERANZA
16-06-2023;PA1;C46;CAT 797 F;Lastre Sulfurado;ESP/F07/2104/7060;FASE 7;BOT_2380_INT;1385,615967;4;ESPERANZA
16-06-2023;PA1;C47;CAT 797 F;Lastre Oxidado;ESP/F07/2104/707;FASE 7;BOT_2380_INT;692,8079834;2;ESPERANZA
16-06-2023;PA1;C47;CAT 797 F;Lastre Sulfurado;ESP/F07/2104/7060;FASE 7;BOT_2380_INT;2771,229919;8;ESPERANZA
16-06-2023;PA1;C48;CAT 797 F;Lastre Oxidado;ESP/F07/2104/707;FASE 7;BOT_2380_INT;346,4039917;1;ESPERANZA
16-06-2023;PA1;C48;CAT 797 F;Lastre Sulfurado;ESP/F07/2104/706;FASE 7;BOT_2380_INT;346,4039917;1;ESPERANZA
16-06-2023;PA1;C48;CAT 797 F;Lastre Sulfurado;ESP/F07/2104/7060;FASE 7;BOT_2380_INT;1385,615967;4;ESPERANZA
16-06-2023;PA1;C49;KOM 930 E;Lastre Oxidado;ESP/F07/2104/707;FASE 7;BOT_2380_INT;291;1;ESPERANZA
16-06-2023;PA1;C49;KOM 930 E;Lastre Sulfurado;ESP/F07/2104/7060;FASE 7;BOT_2380_INT;291;1;ESPERANZA
16-06-2023;PA1;C52;KOM 930 E;Lastre Sulfurado;ESP/F07/2104/706;FASE 7;BOT_2380_INT;291;1;ESPERANZA
16-06-2023;PA1;C53;KOM 930 E;Lastre Sulfurado;ESP/F07/2104/706;FASE 7;BOT_2380_INT;291;1;ESPERANZA
16-06-2023;PA1;C53;KOM 930 E;Lastre Sulfurado;ESP/F07/2104/7060;FASE 7;BOT_2380_INT;1164;4;ESPERANZA
16-06-2023;PA1;C54;KOM 930 E;Lastre Sulfurado;ESP/F07/2104/706;FASE 7;BOT_2380_INT;582;2;ESPERANZA
16-06-2023;PA1;C54;KOM 930 E;Lastre Sulfurado;ESP/F07/2104/7060;FASE 7;BOT_2380_INT;291;1;ESPERANZA
16-06-2023;PA1;C55;KOM 930 E;Lastre Sulfurado;ESP/F07/2104/7060;FASE 7;BOT_2380_INT;291;1;ESPERANZA
16-06-2023;PA1;C56;KOM 930 E;Lastre Sulfurado;ESP/F07/2104/7060;FASE 7;BOT_2380_INT;873;3;ESPERANZA
16-06-2023;PA1;C58;KOM 930 E;Lastre Sulfurado;ESP/F07/2104/7060;FASE 7;BOT_2380_INT;582;2;ESPERANZA
16-06-2023;PA1;C59;KOM 930 E;Lastre Oxidado;ESP/F07/2104/707;FASE 7;BOT_2380_INT;291;1;ESPERANZA
16-06-2023;PA1;C59;KOM 930 E;Lastre Sulfurado;ESP/F07/2104/7060;FASE 7;BOT_2380_INT;873;3;ESPERANZA
16-06-2023;PA1;C61;KOM 930 E;Lastre Oxidado;ESP/F07/2104/707;FASE 7;BOT_2380_INT;291;1;ESPERANZA
16-06-2023;PA1;C61;KOM 930 E;Lastre Sulfurado;ESP/F07/2104/7060;FASE 7;BOT_2380_INT;873;3;ESPERANZA
16-06-2023;PA11;C20115ESPS;KOM 980 ESPS;Sulfuro Baja Ley;ESS/F02/2120/2130;F02 ESPSUR;CHANCADO-SULFURO;12960;36;ESPERANZA_SUR
16-06-2023;PA11;C20115ESPS;KOM 980 ESPS;Sulfuro Baja Ley;ESS/F02/2120/2131;F02 ESPSUR;CHANCADO-SULFURO;26640;74;ESPERANZA_SUR
16-06-2023;PA11;C980AHSESPS;Kom 980 AHS;Lastre Sulfurado;ESS/F02/2120/R200;F02 ESPSUR;BOTADERO_2021;6480;18;ESPERANZA_SUR
16-06-2023;PA11;C980AHSESPS;Kom 980 AHS;Sulfuro Baja Ley;ESS/F02/2120/2131;F02 ESPSUR;STOCK_SBL_ESS;12240;34;ESPERANZA_SUR
16-06-2023;PA2;C55;KOM 930 E;Sulfuro Baja Ley;ESP/F08/1768/8080;FASE 8;CHANCADO-SULFURO;291;1;ESPERANZA
16-06-2023;PA2;C56;KOM 930 E;Sulfuro Planta;ESP/F08/1768/8080;FASE 8;CHANCADO-SULFURO;291;1;ESPERANZA
16-06-2023;PA211;C11;CAT 797 B;Lastre Sulfurado;ESP/F10/2296/1050;FASE 10;BOT_RAMPA_INFERIOR;346,4039917;1;ESPERANZA
16-06-2023;PA211;C125;CAT 793 C;Lastre Sulfurado;ESP/F10/2296/1050;FASE 10;BOT_RAMPA_INFERIOR;216,4360046;1;ESPERANZA
16-06-2023;PA211;C129;CAT 793 C;Lastre Sulfurado;ESP/F10/2296/1050;FASE 10;BOT_CENTRAL_SUR_INF;216,4360046;1;ESPERANZA
16-06-2023;PA211;C130;CAT 793 C;Lastre Sulfurado;ESP/F10/2296/1050;FASE 10;BOT_RAMPA_INFERIOR;649,309021;3;ESPERANZA
16-06-2023;PA211;C131;CAT 793 C;Lastre Sulfurado;ESP/F10/2296/1050;FASE 10;BOT_CENTRAL_SUR_INF;216,4360046;1;ESPERANZA
16-06-2023;PA211;C134;CAT 793 C;Lastre Sulfurado;ESP/F10/2296/1050;FASE 10;BOT_CENTRAL_SUR_INF;1947,929016;9;ESPERANZA
16-06-2023;PA211;C134;CAT 793 C;Lastre Sulfurado;ESP/F10/2296/1050;FASE 10;BOT_RAMPA_INFERIOR;649,3089905;3;ESPERANZA
16-06-2023;PA211;C135;CAT 793 C;Lastre Sulfurado;ESP/F10/2296/1050;FASE 10;BOT_CENTRAL_SUR_INF;216,4360046;1;ESPERANZA
16-06-2023;PA211;C151;CAT 793 F;Lastre Sulfurado;ESP/F10/2296/1050;FASE 10;BOT_CENTRAL_SUR_INF;865,7450256;4;ESPERANZA
16-06-2023;PA211;C152;CAT 793 F;Lastre Sulfurado;ESP/F10/2296/1050;FASE 10;BOT_CENTRAL_SUR_INF;216,4360046;1;ESPERANZA
16-06-2023;PA211;C154;CAT 793 F;Lastre Sulfurado;ESP/F10/2296/1050;FASE 10;BOT_CENTRAL_SUR_INF;432,8729858;2;ESPERANZA
16-06-2023;PA211;C155;CAT 793 F;Lastre Oxidado;ESP/F10/2296/1051;FASE 10;BOT_CENTRAL_SUR_INF;216,4360046;1;ESPERANZA
16-06-2023;PA211;C155;CAT 793 F;Lastre Sulfurado;ESP/F10/2296/1050;FASE 10;BOT_CENTRAL_SUR_INF;649,309021;3;ESPERANZA
16-06-2023;PA211;C159;CAT 793 F;Lastre Sulfurado;ESP/F10/2296/1050;FASE 10;BOT_CENTRAL_SUR_INF;432,8729858;2;ESPERANZA
16-06-2023;PA211;C161;CAT 793 F;Lastre Sulfurado;ESP/F10/2296/1050;FASE 10;BOT_CENTRAL_SUR_INF;649,3089905;3;ESPERANZA
16-06-2023;PA211;C162;CAT 793 F;Lastre Sulfurado;ESP/F10/2296/1050;FASE 10;BOT_CENTRAL_SUR_INF;432,8729858;2;ESPERANZA
16-06-2023;PA211;C163;CAT 793 F;Lastre Sulfurado;ESP/F10/2296/1050;FASE 10;BOT_RAMPA_INFERIOR;1515,060059;7;ESPERANZA
16-06-2023;PA211;C164;CAT 793 F;Lastre Sulfurado;ESP/F10/2296/1050;FASE 10;BOT_CENTRAL_SUR_INF;1082,180054;5;ESPERANZA
16-06-2023;PA211;C24;CAT 797 F;Lastre Sulfurado;ESP/F10/2296/1050;FASE 10;BOT_2380_INT;346,4039917;1;ESPERANZA
16-06-2023;PA211;C32;CAT 797 F;Lastre Sulfurado;ESP/F10/2296/1050;FASE 10;BOT_CENTRAL_SUR_INF;346,4039917;1;ESPERANZA
16-06-2023;PA211;C39;CAT 797 F;Lastre Sulfurado;ESP/F10/2296/1050;FASE 10;BOT_RAMPA_INFERIOR;346,4039917;1;ESPERANZA
16-06-2023;PA211;C49;KOM 930 E;Lastre Sulfurado;ESP/F10/2296/1050;FASE 10;BOT_CENTRAL_SUR_INF;3492;12;ESPERANZA
16-06-2023;PA211;C49;KOM 930 E;Lastre Sulfurado;ESP/F10/2296/1050;FASE 10;BOT_RAMPA_INFERIOR;291;1;ESPERANZA
16-06-2023;PA211;C50;KOM 930 E;Lastre Sulfurado;ESP/F10/2296/1050;FASE 10;BOT_CENTRAL_SUR_INF;873;3;ESPERANZA
16-06-2023;PA211;C50;KOM 930 E;Lastre Sulfurado;ESP/F10/2296/1050;FASE 10;BOT_RAMPA_INFERIOR;4074;14;ESPERANZA
16-06-2023;PA211;C51;KOM 930 E;Lastre Oxidado;ESP/F10/2296/1051;FASE 10;BOT_CENTRAL_SUR_INF;291;1;ESPERANZA
16-06-2023;PA211;C51;KOM 930 E;Lastre Sulfurado;ESP/F10/2296/1050;FASE 10;BOT_CENTRAL_SUR_INF;5238;18;ESPERANZA
16-06-2023;PA211;C51;KOM 930 E;Lastre Sulfurado;ESP/F10/2296/1050;FASE 10;BOT_RAMPA_INFERIOR;5529;19;ESPERANZA
16-06-2023;PA211;C52;KOM 930 E;Lastre Sulfurado;ESP/F10/2296/1050;FASE 10;BOT_CENTRAL_SUR_INF;2328;8;ESPERANZA
16-06-2023;PA211;C52;KOM 930 E;Lastre Sulfurado;ESP/F10/2296/1050;FASE 10;BOT_RAMPA_INFERIOR;1455;5;ESPERANZA
16-06-2023;PA211;C52;KOM 930 E;Lastre Sulfurado;ESP/F10/2296/1050;FASE 10;BOT_RAMPA_SUPERIOR;291;1;ESPERANZA
16-06-2023;PA211;C53;KOM 930 E;Lastre Sulfurado;ESP/F10/2296/1050;FASE 10;BOT_RAMPA_INFERIOR;291;1;ESPERANZA
16-06-2023;PA211;C54;KOM 930 E;Lastre Sulfurado;ESP/F10/2296/1050;FASE 10;BOT_CENTRAL_SUR_INF;1455;5;ESPERANZA
16-06-2023;PA211;C54;KOM 930 E;Lastre Sulfurado;ESP/F10/2296/1050;FASE 10;BOT_RAMPA_INFERIOR;4074;14;ESPERANZA
16-06-2023;PA211;C55;KOM 930 E;Lastre Oxidado;ESP/F10/2296/1051;FASE 10;BOT_CENTRAL_SUR_INF;291;1;ESPERANZA
16-06-2023;PA211;C55;KOM 930 E;Lastre Sulfurado;ESP/F10/2296/1050;FASE 10;BOT_CENTRAL_SUR_INF;5529;19;ESPERANZA
16-06-2023;PA211;C55;KOM 930 E;Lastre Sulfurado;ESP/F10/2296/1050;FASE 10;BOT_RAMPA_INFERIOR;2037;7;ESPERANZA
16-06-2023;PA211;C56;KOM 930 E;Lastre Sulfurado;ESP/F10/2296/1050;FASE 10;BOT_CENTRAL_SUR_INF;3201;11;ESPERANZA
16-06-2023;PA211;C56;KOM 930 E;Lastre Sulfurado;ESP/F10/2296/1050;FASE 10;BOT_RAMPA_INFERIOR;3492;12;ESPERANZA
16-06-2023;PA211;C58;KOM 930 E;Lastre Sulfurado;ESP/F10/2296/1050;FASE 10;BOT_CENTRAL_SUR_INF;2619;9;ESPERANZA
16-06-2023;PA211;C59;KOM 930 E;Lastre Sulfurado;ESP/F10/2296/1050;FASE 10;BOT_2380_INT;291;1;ESPERANZA
16-06-2023;PA211;C59;KOM 930 E;Lastre Sulfurado;ESP/F10/2296/1050;FASE 10;BOT_CENTRAL_SUR_INF;1164;4;ESPERANZA
16-06-2023;PA211;C60;KOM 930 E;Lastre Oxidado;ESP/F10/2296/1051;FASE 10;BOT_CENTRAL_SUR_INF;582;2;ESPERANZA
16-06-2023;PA211;C60;KOM 930 E;Lastre Sulfurado;ESP/F10/2296/1050;FASE 10;BOT_CENTRAL_SUR_INF;2037;7;ESPERANZA
16-06-2023;PA211;C60;KOM 930 E;Lastre Sulfurado;ESP/F10/2296/1050;FASE 10;BOT_RAMPA_INFERIOR;4365;15;ESPERANZA
16-06-2023;PA211;C61;KOM 930 E;Lastre Sulfurado;ESP/F10/2296/1050;FASE 10;BOT_CENTRAL_SUR_INF;4365;15;ESPERANZA
16-06-2023;PA26;C07;CAT 797 B;Lastre Oxidado;ESP/F07/2120/730;FASE 7;BOT_2380_INT;692,8079834;2;ESPERANZA
16-06-2023;PA26;C08;CAT 797 B;Lastre Oxidado;ESP/F07/2120/730;FASE 7;BOT_2380_INT;1039,211975;3;ESPERANZA
16-06-2023;PA26;C09;CAT 797 B;Lastre Oxidado;ESP/F07/2120/730;FASE 7;BOT_2380_INT;1385,615967;4;ESPERANZA
16-06-2023;PA26;C10;CAT 797 B;Lastre Oxidado;ESP/F07/2120/730;FASE 7;BOT_2380_INT;1039,211975;3;ESPERANZA
16-06-2023;PA26;C11;CAT 797 B;Lastre Oxidado;ESP/F07/2120/730;FASE 7;BOT_2380_INT;346,4039917;1;ESPERANZA
16-06-2023;PA26;C12;CAT 797 B;Lastre Oxidado;ESP/F07/2120/730;FASE 7;BOT_2380_INT;346,4039917;1;ESPERANZA
16-06-2023;PA26;C128;CAT 793 C;Lastre Oxidado;ESP/F07/2120/730;FASE 7;BOT_2380_INT;432,8729858;2;ESPERANZA
16-06-2023;PA26;C13;CAT 797 B;Lastre Oxidado;ESP/F07/2120/730;FASE 7;BOT_2380_INT;692,8079834;2;ESPERANZA
16-06-2023;PA26;C13;CAT 797 B;Lastre Sulfurado;ESP/F07/2120/7290;FASE 7;BOT_2380_INT;346,4039917;1;ESPERANZA
16-06-2023;PA26;C14;CAT 797 B;Lastre Oxidado;ESP/F07/2120/730;FASE 7;BOT_2380_INT;1385,613953;4;ESPERANZA
16-06-2023;PA26;C155;CAT 793 F;Lastre Oxidado;ESP/F07/2120/730;FASE 7;BOT_2380_INT;216,4360046;1;ESPERANZA
16-06-2023;PA26;C16;CAT 797 B;Lastre Oxidado;ESP/F07/2120/730;FASE 7;BOT_2380_INT;692,8079834;2;ESPERANZA
16-06-2023;PA26;C16;CAT 797 B;Lastre Sulfurado;ESP/F07/2120/7290;FASE 7;BOT_2380_INT;692,8079834;2;ESPERANZA
16-06-2023;PA26;C160;CAT 793 F;Lastre Oxidado;ESP/F07/2120/730;FASE 7;BOT_2380_INT;216,4360046;1;ESPERANZA
16-06-2023;PA26;C162;CAT 793 F;Lastre Oxidado;ESP/F07/2120/730;FASE 7;BOT_2380_INT;216,4360046;1;ESPERANZA
16-06-2023;PA26;C164;CAT 793 F;Lastre Oxidado;ESP/F07/2120/730;FASE 7;BOT_2380_INT;432,8729858;2;ESPERANZA
16-06-2023;PA26;C17;CAT 797 F;Lastre Oxidado;ESP/F07/2120/730;FASE 7;BOT_2380_INT;692,8079834;2;ESPERANZA
16-06-2023;PA26;C19;CAT 797 F;Lastre Oxidado;ESP/F07/2120/730;FASE 7;BOT_2380_INT;2078,427979;6;ESPERANZA
16-06-2023;PA26;C21;CAT 797 F;Lastre Oxidado;ESP/F07/2120/730;FASE 7;BOT_2380_INT;1039,211975;3;ESPERANZA
16-06-2023;PA26;C22;CAT 797 F;Lastre Oxidado;ESP/F07/2120/730;FASE 7;BOT_2380_INT;1732,017944;5;ESPERANZA
16-06-2023;PA26;C23;CAT 797 F;Lastre Oxidado;ESP/F07/2120/730;FASE 7;BOT_2380_INT;1039,211975;3;ESPERANZA
16-06-2023;PA26;C24;CAT 797 F;Lastre Oxidado;ESP/F07/2120/730;FASE 7;BOT_2380_INT;346,4039917;1;ESPERANZA
16-06-2023;PA26;C25;CAT 797 F;Lastre Oxidado;ESP/F07/2120/730;FASE 7;BOT_2380_INT;1039,211975;3;ESPERANZA
16-06-2023;PA26;C25;CAT 797 F;Lastre Sulfurado;ESP/F07/2120/7290;FASE 7;BOT_2380_INT;346,4039917;1;ESPERANZA
16-06-2023;PA26;C32;CAT 797 F;Lastre Oxidado;ESP/F07/2120/730;FASE 7;BOT_2380_INT;346,4039917;1;ESPERANZA
16-06-2023;PA26;C34;CAT 797 F;Lastre Oxidado;ESP/F07/2120/730;FASE 7;BOT_2380_INT;346,4039917;1;ESPERANZA
16-06-2023;PA26;C36;CAT 797 F;Lastre Oxidado;ESP/F07/2120/730;FASE 7;BOT_2380_INT;692,8079834;2;ESPERANZA
16-06-2023;PA26;C37;CAT 797 F;Lastre Oxidado;ESP/F07/2120/730;FASE 7;BOT_2380_INT;1039,211975;3;ESPERANZA
16-06-2023;PA26;C38;CAT 797 F;Lastre Oxidado;ESP/F07/2120/730;FASE 7;BOT_2380_INT;346,4039917;1;ESPERANZA
16-06-2023;PA26;C39;CAT 797 F;Lastre Oxidado;ESP/F07/2120/730;FASE 7;BOT_2380_INT;346,4039917;1;ESPERANZA
16-06-2023;PA26;C40;CAT 797 F;Lastre Oxidado;ESP/F07/2120/730;FASE 7;BOT_2380_INT;692,8079834;2;ESPERANZA
16-06-2023;PA26;C41;CAT 797 F;Lastre Oxidado;ESP/F07/2120/730;FASE 7;BOT_2380_INT;1039,211975;3;ESPERANZA
16-06-2023;PA26;C42;CAT 797 F;Lastre Oxidado;ESP/F07/2120/730;FASE 7;BOT_2380_INT;346,4039917;1;ESPERANZA
16-06-2023;PA26;C43;CAT 797 F;Lastre Oxidado;ESP/F07/2120/730;FASE 7;BOT_2380_INT;346,4039917;1;ESPERANZA
16-06-2023;PA26;C44;CAT 797 F;Lastre Sulfurado;ESP/F07/2120/7290;FASE 7;BOT_2380_INT;692,8079834;2;ESPERANZA
16-06-2023;PA26;C45;CAT 797 F;Lastre Oxidado;ESP/F07/2120/730;FASE 7;BOT_2380_INT;346,4039917;1;ESPERANZA
16-06-2023;PA26;C45;CAT 797 F;Lastre Sulfurado;ESP/F07/2120/7290;FASE 7;BOT_2380_INT;346,4039917;1;ESPERANZA
16-06-2023;PA26;C46;CAT 797 F;Lastre Oxidado;ESP/F07/2120/730;FASE 7;BOT_2380_INT;1039,211975;3;ESPERANZA
16-06-2023;PA26;C47;CAT 797 F;Lastre Oxidado;ESP/F07/2120/730;FASE 7;BOT_2380_INT;2424,825928;7;ESPERANZA
16-06-2023;PA26;C48;CAT 797 F;Lastre Oxidado;ESP/F07/2120/730;FASE 7;BOT_2380_INT;1385,615967;4;ESPERANZA
16-06-2023;PA26;C49;KOM 930 E;Lastre Oxidado;ESP/F07/2120/730;FASE 7;BOT_2380_INT;582;2;ESPERANZA
16-06-2023;PA26;C52;KOM 930 E;Lastre Oxidado;ESP/F07/2120/730;FASE 7;BOT_2380_INT;582;2;ESPERANZA
16-06-2023;PA26;C53;KOM 930 E;Lastre Oxidado;ESP/F07/2120/730;FASE 7;BOT_2380_INT;873;3;ESPERANZA
16-06-2023;PA26;C54;KOM 930 E;Lastre Oxidado;ESP/F07/2120/730;FASE 7;BOT_2380_INT;582;2;ESPERANZA
16-06-2023;PA26;C55;KOM 930 E;Lastre Oxidado;ESP/F07/2120/730;FASE 7;BOT_2380_INT;291;1;ESPERANZA
16-06-2023;PA26;C56;KOM 930 E;Lastre Oxidado;ESP/F07/2120/730;FASE 7;BOT_2380_INT;291;1;ESPERANZA
16-06-2023;PA26;C61;KOM 930 E;Lastre Oxidado;ESP/F07/2120/730;FASE 7;BOT_2380_INT;582;2;ESPERANZA
16-06-2023;PA3;C07;CAT 797 B;Lastre Oxidado;ESP/F07/2104/711;FASE 7;BOT_2380_INT;2424,829956;7;ESPERANZA
16-06-2023;PA3;C08;CAT 797 B;Lastre Oxidado;ESP/F07/2104/711;FASE 7;BOT_2380_INT;346,4039917;1;ESPERANZA
16-06-2023;PA3;C09;CAT 797 B;Lastre Oxidado;ESP/F07/2104/711;FASE 7;BOT_2380_INT;3117,637939;9;ESPERANZA
16-06-2023;PA3;C10;CAT 797 B;Lastre Oxidado;ESP/F07/2104/711;FASE 7;BOT_2380_INT;2424,83197;7;ESPERANZA
16-06-2023;PA3;C11;CAT 797 B;Lastre Oxidado;ESP/F07/2104/711;FASE 7;BOT_2380_INT;2424,823914;7;ESPERANZA
16-06-2023;PA3;C12;CAT 797 B;Lastre Oxidado;ESP/F07/2104/711;FASE 7;BOT_2380_INT;2771,23999;8;ESPERANZA
16-06-2023;PA3;C13;CAT 797 B;Lastre Oxidado;ESP/F07/2104/711;FASE 7;BOT_2380_INT;2424,83197;7;ESPERANZA
16-06-2023;PA3;C14;CAT 797 B;Lastre Oxidado;ESP/F07/2104/711;FASE 7;BOT_2380_INT;1732,023987;5;ESPERANZA
16-06-2023;PA3;C15;CAT 797 B;Lastre Oxidado;ESP/F07/2104/711;FASE 7;BOT_2380_INT;346,4039917;1;ESPERANZA
16-06-2023;PA3;C152;CAT 793 F;Lastre Oxidado;ESP/F07/2104/711;FASE 7;BOT_2380_INT;216,4360046;1;ESPERANZA
16-06-2023;PA3;C155;CAT 793 F;Lastre Oxidado;ESP/F07/2104/711;FASE 7;BOT_2380_INT;216,4360046;1;ESPERANZA
16-06-2023;PA3;C16;CAT 797 B;Lastre Oxidado;ESP/F07/2104/711;FASE 7;BOT_2380_INT;2424,83197;7;ESPERANZA
16-06-2023;PA3;C160;CAT 793 F;Lastre Oxidado;ESP/F07/2104/711;FASE 7;BOT_2380_INT;432,8720093;2;ESPERANZA
16-06-2023;PA3;C163;CAT 793 F;Lastre Oxidado;ESP/F07/2104/711;FASE 7;BOT_2380_INT;649,3089905;3;ESPERANZA
16-06-2023;PA3;C164;CAT 793 F;Lastre Oxidado;ESP/F07/2104/711;FASE 7;BOT_2380_INT;216,4360046;1;ESPERANZA
16-06-2023;PA3;C17;CAT 797 F;Lastre Oxidado;ESP/F07/2104/711;FASE 7;BOT_2380_INT;1385,613953;4;ESPERANZA
16-06-2023;PA3;C19;CAT 797 F;Lastre Oxidado;ESP/F07/2104/711;FASE 7;BOT_2380_INT;1385,615967;4;ESPERANZA
16-06-2023;PA3;C21;CAT 797 F;Lastre Oxidado;ESP/F07/2104/711;FASE 7;BOT_2380_INT;3117,637939;9;ESPERANZA
16-06-2023;PA3;C22;CAT 797 F;Lastre Oxidado;ESP/F07/2104/711;FASE 7;BOT_2380_INT;1385,615967;4;ESPERANZA
16-06-2023;PA3;C23;CAT 797 F;Lastre Oxidado;ESP/F07/2104/711;FASE 7;BOT_2380_INT;2078,427979;6;ESPERANZA
16-06-2023;PA3;C24;CAT 797 F;Lastre Oxidado;ESP/F07/2104/711;FASE 7;BOT_2380_INT;1385,615967;4;ESPERANZA
16-06-2023;PA3;C25;CAT 797 F;Lastre Oxidado;ESP/F07/2104/711;FASE 7;BOT_2380_INT;1732,017944;5;ESPERANZA
16-06-2023;PA3;C34;CAT 797 F;Lastre Oxidado;ESP/F07/2104/711;FASE 7;BOT_2380_INT;1732,019958;5;ESPERANZA
16-06-2023;PA3;C36;CAT 797 F;Lastre Oxidado;ESP/F07/2104/711;FASE 7;BOT_2380_INT;3117,635986;9;ESPERANZA
16-06-2023;PA3;C37;CAT 797 F;Lastre Oxidado;ESP/F07/2104/711;FASE 7;BOT_2380_INT;2078,419922;6;ESPERANZA
16-06-2023;PA3;C38;CAT 797 F;Lastre Oxidado;ESP/F07/2104/711;FASE 7;BOT_2380_INT;2424,823914;7;ESPERANZA
16-06-2023;PA3;C39;CAT 797 F;Lastre Oxidado;ESP/F07/2104/711;FASE 7;BOT_2380_INT;3117,640015;9;ESPERANZA
16-06-2023;PA3;C40;CAT 797 F;Lastre Oxidado;ESP/F07/2104/711;FASE 7;BOT_2380_INT;692,8079834;2;ESPERANZA
16-06-2023;PA3;C41;CAT 797 F;Lastre Oxidado;ESP/F07/2104/711;FASE 7;BOT_2380_INT;1732,023987;5;ESPERANZA
16-06-2023;PA3;C42;CAT 797 F;Lastre Oxidado;ESP/F07/2104/711;FASE 7;BOT_2380_INT;2424,823914;7;ESPERANZA
16-06-2023;PA3;C43;CAT 797 F;Lastre Oxidado;ESP/F07/2104/711;FASE 7;BOT_2380_INT;2078,419922;6;ESPERANZA
16-06-2023;PA3;C44;CAT 797 F;Lastre Oxidado;ESP/F07/2104/711;FASE 7;BOT_2380_INT;2771,227905;8;ESPERANZA
16-06-2023;PA3;C45;CAT 797 F;Lastre Oxidado;ESP/F07/2104/711;FASE 7;BOT_2380_INT;1385,613953;4;ESPERANZA
16-06-2023;PA3;C46;CAT 797 F;Lastre Oxidado;ESP/F07/2104/711;FASE 7;BOT_2380_INT;2424,83197;7;ESPERANZA
16-06-2023;PA3;C47;CAT 797 F;Lastre Oxidado;ESP/F07/2104/711;FASE 7;BOT_2380_INT;1385,613953;4;ESPERANZA
16-06-2023;PA3;C48;CAT 797 F;Lastre Oxidado;ESP/F07/2104/711;FASE 7;BOT_2380_INT;2078,42395;6;ESPERANZA
16-06-2023;PA3;C49;KOM 930 E;Lastre Oxidado;ESP/F07/2104/711;FASE 7;BOT_2380_INT;2328;8;ESPERANZA
16-06-2023;PA3;C50;KOM 930 E;Lastre Oxidado;ESP/F07/2104/711;FASE 7;BOT_2380_INT;1164;4;ESPERANZA
16-06-2023;PA3;C52;KOM 930 E;Lastre Oxidado;ESP/F07/2104/711;FASE 7;BOT_2380_INT;582;2;ESPERANZA
16-06-2023;PA3;C53;KOM 930 E;Lastre Oxidado;ESP/F07/2104/711;FASE 7;BOT_2380_INT;1455;5;ESPERANZA
16-06-2023;PA3;C54;KOM 930 E;Lastre Oxidado;ESP/F07/2104/711;FASE 7;BOT_2380_INT;291;1;ESPERANZA
16-06-2023;PA3;C55;KOM 930 E;Lastre Oxidado;ESP/F07/2104/711;FASE 7;BOT_2380_INT;291;1;ESPERANZA
16-06-2023;PA3;C56;KOM 930 E;Lastre Oxidado;ESP/F07/2104/711;FASE 7;BOT_2380_INT;582;2;ESPERANZA
16-06-2023;PA3;C58;KOM 930 E;Lastre Oxidado;ESP/F07/2104/711;FASE 7;BOT_2380_INT;291;1;ESPERANZA
16-06-2023;PA3;C59;KOM 930 E;Lastre Oxidado;ESP/F07/2104/711;FASE 7;BOT_2380_INT;873;3;ESPERANZA
16-06-2023;PA3;C61;KOM 930 E;Lastre Oxidado;ESP/F07/2104/711;FASE 7;BOT_2380_INT;291;1;ESPERANZA
16-06-2023;PA4;C122;CAT 793 C;Lastre Oxidado;ESP/F10/2328/129;FASE 10;BOT_CENTRAL_SUR_INF;216,4360046;1;ESPERANZA
16-06-2023;PA4;C125;CAT 793 C;Lastre Oxidado;ESP/F10/2328/130;FASE 10;BOT_RAMPA_INFERIOR;1298,616058;6;ESPERANZA
16-06-2023;PA4;C128;CAT 793 C;Lastre Oxidado;ESP/F10/2328/129;FASE 10;BOT_CENTRAL_SUR_INF;432,8729858;2;ESPERANZA
16-06-2023;PA4;C130;CAT 793 C;Lastre Oxidado;ESP/F10/2328/130;FASE 10;BOT_RAMPA_INFERIOR;649,309021;3;ESPERANZA
16-06-2023;PA4;C131;CAT 793 C;Lastre Oxidado;ESP/F10/2328/130;FASE 10;BOT_RAMPA_INFERIOR;1515,060059;7;ESPERANZA
16-06-2023;PA4;C151;CAT 793 F;Lastre Oxidado;ESP/F10/2328/129;FASE 10;BOT_CENTRAL_SUR_INF;216,4360046;1;ESPERANZA
16-06-2023;PA4;C159;CAT 793 F;Lastre Oxidado;ESP/F10/2328/129;FASE 10;BOT_CENTRAL_SUR_INF;216,4360046;1;ESPERANZA
16-06-2023;PA4;C163;CAT 793 F;Lastre Oxidado;ESP/F10/2328/130;FASE 10;BOT_RAMPA_INFERIOR;216,4360046;1;ESPERANZA
16-06-2023;PA4;C50;KOM 930 E;Lastre Oxidado;ESP/F10/2328/130;FASE 10;BOT_RAMPA_INFERIOR;582;2;ESPERANZA
16-06-2023;PA4;C51;KOM 930 E;Lastre Oxidado;ESP/F10/2328/129;FASE 10;BOT_CENTRAL_SUR_INF;291;1;ESPERANZA
16-06-2023;PA4;C52;KOM 930 E;Lastre Oxidado;ESP/F10/2328/129;FASE 10;BOT_CENTRAL_SUR_INF;873;3;ESPERANZA
16-06-2023;PA4;C53;KOM 930 E;Lastre Oxidado;ESP/F10/2328/130;FASE 10;BOT_RAMPA_INFERIOR;582;2;ESPERANZA
16-06-2023;PA4;C54;KOM 930 E;Lastre Oxidado;ESP/F10/2328/129;FASE 10;BOT_CENTRAL_SUR_INF;582;2;ESPERANZA
16-06-2023;PA4;C54;KOM 930 E;Lastre Oxidado;ESP/F10/2328/130;FASE 10;BOT_RAMPA_INFERIOR;291;1;ESPERANZA
16-06-2023;PA4;C55;KOM 930 E;Lastre Oxidado;ESP/F10/2328/130;FASE 10;BOT_RAMPA_INFERIOR;291;1;ESPERANZA
16-06-2023;PA4;C56;KOM 930 E;Lastre Oxidado;ESP/F10/2328/130;FASE 10;BOT_RAMPA_INFERIOR;291;1;ESPERANZA
16-06-2023;PA4;C58;KOM 930 E;Lastre Oxidado;ESP/F10/2328/129;FASE 10;BOT_CENTRAL_SUR_INF;291;1;ESPERANZA
16-06-2023;PA4;C59;KOM 930 E;Lastre Oxidado;ESP/F10/2328/130;FASE 10;BOT_RAMPA_INFERIOR;582;2;ESPERANZA
16-06-2023;PA4;C60;KOM 930 E;Lastre Oxidado;ESP/F10/2328/129;FASE 10;BOT_CENTRAL_SUR_INF;291;1;ESPERANZA
16-06-2023;PA4;C60;KOM 930 E;Lastre Oxidado;ESP/F10/2328/130;FASE 10;BOT_RAMPA_INFERIOR;291;1;ESPERANZA
16-06-2023;PA6;C11;CAT 797 B;Lastre Sulfurado;ESP/F10/2296/1050;FASE 10;BOT_RAMPA_INFERIOR;346,4039917;1;ESPERANZA
16-06-2023;PA6;C121;CAT 793 C;Lastre Sulfurado;ESP/F10/2296/1050;FASE 10;BOT_CENTRAL_SUR_INF;216,4360046;1;ESPERANZA
16-06-2023;PA6;C122;CAT 793 C;Lastre Sulfurado;ESP/F10/2296/1050;FASE 10;BOT_CENTRAL_SUR_INF;216,4360046;1;ESPERANZA
16-06-2023;PA6;C130;CAT 793 C;Lastre Sulfurado;ESP/F10/2296/1050;FASE 10;BOT_RAMPA_INFERIOR;1731,48999;8;ESPERANZA
16-06-2023;PA6;C134;CAT 793 C;Lastre Sulfurado;ESP/F10/2296/1050;FASE 10;BOT_CENTRAL_SUR_INF;216,4360046;1;ESPERANZA
16-06-2023;PA6;C134;CAT 793 C;Lastre Sulfurado;ESP/F10/2296/1050;FASE 10;BOT_RAMPA_INFERIOR;865,7459717;4;ESPERANZA
16-06-2023;PA6;C135;CAT 793 C;Lastre Sulfurado;ESP/F10/2296/1050;FASE 10;BOT_CENTRAL_SUR_INF;216,4360046;1;ESPERANZA
16-06-2023;PA6;C151;CAT 793 F;Lastre Sulfurado;ESP/F10/2296/1050;FASE 10;BOT_CENTRAL_SUR_INF;649,3089905;3;ESPERANZA
16-06-2023;PA6;C152;CAT 793 F;Lastre Sulfurado;ESP/F10/2296/1050;FASE 10;BOT_CENTRAL_SUR_INF;432,8720093;2;ESPERANZA
16-06-2023;PA6;C153;CAT 793 F;Lastre Sulfurado;ESP/F10/2296/1050;FASE 10;BOT_CENTRAL_SUR_INF;216,4360046;1;ESPERANZA
16-06-2023;PA6;C154;CAT 793 F;Lastre Sulfurado;ESP/F10/2296/1050;FASE 10;BOT_CENTRAL_SUR_INF;216,4360046;1;ESPERANZA
16-06-2023;PA6;C155;CAT 793 F;Lastre Sulfurado;ESP/F10/2296/1050;FASE 10;BOT_CENTRAL_SUR_INF;1515,054993;7;ESPERANZA
16-06-2023;PA6;C156;CAT 793 F;Lastre Sulfurado;ESP/F10/2296/1050;FASE 10;BOT_CENTRAL_SUR_INF;216,4360046;1;ESPERANZA
16-06-2023;PA6;C159;CAT 793 F;Lastre Sulfurado;ESP/F10/2296/1050;FASE 10;BOT_CENTRAL_SUR_INF;649,3089905;3;ESPERANZA
16-06-2023;PA6;C160;CAT 793 F;Lastre Sulfurado;ESP/F10/2296/1050;FASE 10;BOT_RAMPA_INFERIOR;216,4360046;1;ESPERANZA
16-06-2023;PA6;C163;CAT 793 F;Lastre Sulfurado;ESP/F10/2296/1050;FASE 10;BOT_RAMPA_INFERIOR;216,4360046;1;ESPERANZA
16-06-2023;PA6;C164;CAT 793 F;Lastre Sulfurado;ESP/F10/2296/1050;FASE 10;BOT_CENTRAL_SUR_INF;649,3089905;3;ESPERANZA
16-06-2023;PA6;C49;KOM 930 E;Lastre Sulfurado;ESP/F10/2296/1050;FASE 10;BOT_CENTRAL_SUR_INF;582;2;ESPERANZA
16-06-2023;PA6;C49;KOM 930 E;Lastre Sulfurado;ESP/F10/2296/1050;FASE 10;BOT_RAMPA_INFERIOR;873;3;ESPERANZA
16-06-2023;PA6;C50;KOM 930 E;Lastre Sulfurado;ESP/F10/2296/1050;FASE 10;BOT_CENTRAL_SUR_INF;1164;4;ESPERANZA
16-06-2023;PA6;C50;KOM 930 E;Lastre Sulfurado;ESP/F10/2296/1050;FASE 10;BOT_RAMPA_INFERIOR;2619;9;ESPERANZA
16-06-2023;PA6;C50;KOM 930 E;Lastre Sulfurado;ESP/F10/2296/1050;FASE 10;BOT_RAMPA_SUPERIOR;582;2;ESPERANZA
16-06-2023;PA6;C51;KOM 930 E;Lastre Sulfurado;ESP/F10/2296/1050;FASE 10;BOT_CENTRAL_SUR_INF;3201;11;ESPERANZA
16-06-2023;PA6;C51;KOM 930 E;Lastre Sulfurado;ESP/F10/2296/1050;FASE 10;BOT_RAMPA_INFERIOR;2328;8;ESPERANZA
16-06-2023;PA6;C52;KOM 930 E;Lastre Sulfurado;ESP/F10/2296/1050;FASE 10;BOT_CENTRAL_SUR_INF;2619;9;ESPERANZA
16-06-2023;PA6;C52;KOM 930 E;Lastre Sulfurado;ESP/F10/2296/1050;FASE 10;BOT_RAMPA_INFERIOR;582;2;ESPERANZA
16-06-2023;PA6;C54;KOM 930 E;Lastre Sulfurado;ESP/F10/2296/1050;FASE 10;BOT_CENTRAL_SUR_INF;2619;9;ESPERANZA
16-06-2023;PA6;C54;KOM 930 E;Lastre Sulfurado;ESP/F10/2296/1050;FASE 10;BOT_RAMPA_INFERIOR;2037;7;ESPERANZA
16-06-2023;PA6;C55;KOM 930 E;Lastre Sulfurado;ESP/F10/2296/1050;FASE 10;BOT_CENTRAL_SUR_INF;2910;10;ESPERANZA
16-06-2023;PA6;C55;KOM 930 E;Lastre Sulfurado;ESP/F10/2296/1050;FASE 10;BOT_RAMPA_INFERIOR;1455;5;ESPERANZA
16-06-2023;PA6;C55;KOM 930 E;Lastre Sulfurado;ESP/F10/2296/1050;FASE 10;BOT_RAMPA_SUPERIOR;291;1;ESPERANZA
16-06-2023;PA6;C56;KOM 930 E;Lastre Sulfurado;ESP/F10/2296/1050;FASE 10;BOT_CENTRAL_SUR_INF;3492;12;ESPERANZA
16-06-2023;PA6;C56;KOM 930 E;Lastre Sulfurado;ESP/F10/2296/1050;FASE 10;BOT_RAMPA_INFERIOR;2037;7;ESPERANZA
16-06-2023;PA6;C58;KOM 930 E;Lastre Sulfurado;ESP/F10/2296/1050;FASE 10;BOT_CENTRAL_SUR_INF;2328;8;ESPERANZA
16-06-2023;PA6;C59;KOM 930 E;Lastre Sulfurado;ESP/F10/2296/1050;FASE 10;BOT_CENTRAL_SUR_INF;582;2;ESPERANZA
16-06-2023;PA6;C60;KOM 930 E;Lastre Sulfurado;ESP/F10/2296/1050;FASE 10;BOT_CENTRAL_SUR_INF;1455;5;ESPERANZA
16-06-2023;PA6;C60;KOM 930 E;Lastre Sulfurado;ESP/F10/2296/1050;FASE 10;BOT_RAMPA_INFERIOR;2619;9;ESPERANZA
16-06-2023;PA6;C61;KOM 930 E;Lastre Sulfurado;ESP/F10/2296/1050;FASE 10;BOT_CENTRAL_SUR_INF;2037;7;ESPERANZA
16-06-2023;PA7;C07;CAT 797 B;Lastre Oxidado;ESP/F07/2120/732;FASE 7;BOT_2380_INT;1732,019958;5;ESPERANZA
16-06-2023;PA7;C07;CAT 797 B;Lastre Sulfurado;ESP/F07/2120/731;FASE 7;BOT_2380_INT;692,8079834;2;ESPERANZA
16-06-2023;PA7;C08;CAT 797 B;Lastre Oxidado;ESP/F07/2120/732;FASE 7;BOT_2380_INT;346,4039917;1;ESPERANZA
16-06-2023;PA7;C09;CAT 797 B;Lastre Oxidado;ESP/F07/2120/732;FASE 7;BOT_2380_INT;1732,019958;5;ESPERANZA
16-06-2023;PA7;C09;CAT 797 B;Lastre Sulfurado;ESP/F07/2120/731;FASE 7;BOT_2380_INT;346,4039917;1;ESPERANZA
16-06-2023;PA7;C10;CAT 797 B;Lastre Oxidado;ESP/F07/2120/732;FASE 7;BOT_2380_INT;4156,843933;12;ESPERANZA
16-06-2023;PA7;C10;CAT 797 B;Lastre Sulfurado;ESP/F07/2120/731;FASE 7;BOT_2380_INT;1039,209961;3;ESPERANZA
16-06-2023;PA7;C11;CAT 797 B;Lastre Oxidado;ESP/F07/2120/732;FASE 7;BOT_2380_INT;3117,633972;9;ESPERANZA
16-06-2023;PA7;C11;CAT 797 B;Lastre Sulfurado;ESP/F07/2120/731;FASE 7;BOT_2380_INT;692,8079834;2;ESPERANZA
16-06-2023;PA7;C12;CAT 797 B;Lastre Oxidado;ESP/F07/2120/732;FASE 7;BOT_2380_INT;2078,42395;6;ESPERANZA
16-06-2023;PA7;C12;CAT 797 B;Lastre Sulfurado;ESP/F07/2120/731;FASE 7;BOT_2380_INT;1385,619995;4;ESPERANZA
16-06-2023;PA7;C128;CAT 793 C;Lastre Oxidado;ESP/F07/2120/732;FASE 7;BOT_2380_INT;432,8729858;2;ESPERANZA
16-06-2023;PA7;C13;CAT 797 B;Lastre Oxidado;ESP/F07/2120/732;FASE 7;BOT_2380_INT;3464,043945;10;ESPERANZA
16-06-2023;PA7;C14;CAT 797 B;Lastre Oxidado;ESP/F07/2120/732;FASE 7;BOT_2380_INT;2771,233948;8;ESPERANZA
16-06-2023;PA7;C15;CAT 797 B;Lastre Oxidado;ESP/F07/2120/732;FASE 7;BOT_2380_INT;346,4039917;1;ESPERANZA
16-06-2023;PA7;C15;CAT 797 B;Lastre Sulfurado;ESP/F07/2120/731;FASE 7;BOT_2380_INT;346,4039917;1;ESPERANZA
16-06-2023;PA7;C154;CAT 793 F;Lastre Oxidado;ESP/F07/2120/732;FASE 7;BOT_2380_INT;649,309021;3;ESPERANZA
16-06-2023;PA7;C16;CAT 797 B;Lastre Oxidado;ESP/F07/2120/732;FASE 7;BOT_2380_INT;2771,229919;8;ESPERANZA
16-06-2023;PA7;C160;CAT 793 F;Lastre Oxidado;ESP/F07/2120/732;FASE 7;BOT_2380_INT;216,4360046;1;ESPERANZA
16-06-2023;PA7;C162;CAT 793 F;Lastre Oxidado;ESP/F07/2120/732;FASE 7;BOT_2380_INT;865,7459717;4;ESPERANZA
16-06-2023;PA7;C164;CAT 793 F;Lastre Oxidado;ESP/F07/2120/732;FASE 7;BOT_2380_INT;216,4360046;1;ESPERANZA
16-06-2023;PA7;C17;CAT 797 F;Lastre Oxidado;ESP/F07/2120/732;FASE 7;BOT_2380_INT;4849,664001;14;ESPERANZA
16-06-2023;PA7;C17;CAT 797 F;Lastre Sulfurado;ESP/F07/2120/731;FASE 7;BOT_2380_INT;692,8079834;2;ESPERANZA
16-06-2023;PA7;C19;CAT 797 F;Lastre Oxidado;ESP/F07/2120/732;FASE 7;BOT_2380_INT;1732,017944;5;ESPERANZA
16-06-2023;PA7;C19;CAT 797 F;Lastre Sulfurado;ESP/F07/2120/731;FASE 7;BOT_2380_INT;692,8079834;2;ESPERANZA
16-06-2023;PA7;C21;CAT 797 F;Lastre Oxidado;ESP/F07/2120/732;FASE 7;BOT_2380_INT;1732,017944;5;ESPERANZA
16-06-2023;PA7;C21;CAT 797 F;Lastre Sulfurado;ESP/F07/2120/731;FASE 7;BOT_2380_INT;346,4039917;1;ESPERANZA
16-06-2023;PA7;C22;CAT 797 F;Lastre Oxidado;ESP/F07/2120/732;FASE 7;BOT_2380_INT;2424,825928;7;ESPERANZA
16-06-2023;PA7;C22;CAT 797 F;Lastre Sulfurado;ESP/F07/2120/731;FASE 7;BOT_2380_INT;1039,209961;3;ESPERANZA
16-06-2023;PA7;C23;CAT 797 F;Lastre Oxidado;ESP/F07/2120/732;FASE 7;BOT_2380_INT;3810,441956;11;ESPERANZA
16-06-2023;PA7;C23;CAT 797 F;Lastre Sulfurado;ESP/F07/2120/731;FASE 7;BOT_2380_INT;692,8079834;2;ESPERANZA
16-06-2023;PA7;C24;CAT 797 F;Lastre Oxidado;ESP/F07/2120/732;FASE 7;BOT_2380_INT;2078,427979;6;ESPERANZA
16-06-2023;PA7;C25;CAT 797 F;Lastre Oxidado;ESP/F07/2120/732;FASE 7;BOT_2380_INT;4156,8479;12;ESPERANZA
16-06-2023;PA7;C25;CAT 797 F;Lastre Sulfurado;ESP/F07/2120/731;FASE 7;BOT_2380_INT;346,4039917;1;ESPERANZA
16-06-2023;PA7;C32;CAT 797 F;Lastre Oxidado;ESP/F07/2120/732;FASE 7;BOT_2380_INT;692,8079834;2;ESPERANZA
16-06-2023;PA7;C32;CAT 797 F;Lastre Sulfurado;ESP/F07/2120/731;FASE 7;BOT_2380_INT;692,8079834;2;ESPERANZA
16-06-2023;PA7;C34;CAT 797 F;Lastre Oxidado;ESP/F07/2120/732;FASE 7;BOT_2380_INT;2078,42395;6;ESPERANZA
16-06-2023;PA7;C34;CAT 797 F;Lastre Sulfurado;ESP/F07/2120/731;FASE 7;BOT_2380_INT;692,8079834;2;ESPERANZA
16-06-2023;PA7;C36;CAT 797 F;Lastre Oxidado;ESP/F07/2120/732;FASE 7;BOT_2380_INT;3117,639954;9;ESPERANZA
16-06-2023;PA7;C37;CAT 797 F;Lastre Oxidado;ESP/F07/2120/732;FASE 7;BOT_2380_INT;1385,613953;4;ESPERANZA
16-06-2023;PA7;C38;CAT 797 F;Lastre Oxidado;ESP/F07/2120/732;FASE 7;BOT_2380_INT;2424,825928;7;ESPERANZA
16-06-2023;PA7;C38;CAT 797 F;Lastre Sulfurado;ESP/F07/2120/731;FASE 7;BOT_2380_INT;692,8079834;2;ESPERANZA
16-06-2023;PA7;C39;CAT 797 F;Lastre Oxidado;ESP/F07/2120/732;FASE 7;BOT_2380_INT;3117,637939;9;ESPERANZA
16-06-2023;PA7;C39;CAT 797 F;Lastre Sulfurado;ESP/F07/2120/731;FASE 7;BOT_2380_INT;692,8079834;2;ESPERANZA
16-06-2023;PA7;C40;CAT 797 F;Lastre Oxidado;ESP/F07/2120/732;FASE 7;BOT_2380_INT;2078,427979;6;ESPERANZA
16-06-2023;PA7;C41;CAT 797 F;Lastre Oxidado;ESP/F07/2120/732;FASE 7;BOT_2380_INT;2424,825928;7;ESPERANZA
16-06-2023;PA7;C42;CAT 797 F;Lastre Oxidado;ESP/F07/2120/732;FASE 7;BOT_2380_INT;2424,825928;7;ESPERANZA
16-06-2023;PA7;C42;CAT 797 F;Lastre Sulfurado;ESP/F07/2120/731;FASE 7;BOT_2380_INT;346,4039917;1;ESPERANZA
16-06-2023;PA7;C43;CAT 797 F;Lastre Oxidado;ESP/F07/2120/732;FASE 7;BOT_2380_INT;1385,613953;4;ESPERANZA
16-06-2023;PA7;C43;CAT 797 F;Lastre Sulfurado;ESP/F07/2120/731;FASE 7;BOT_2380_INT;346,4039917;1;ESPERANZA
16-06-2023;PA7;C44;CAT 797 F;Lastre Oxidado;ESP/F07/2120/732;FASE 7;BOT_2380_INT;2771,233948;8;ESPERANZA
16-06-2023;PA7;C44;CAT 797 F;Lastre Sulfurado;ESP/F07/2120/731;FASE 7;BOT_2380_INT;1039,209961;3;ESPERANZA
16-06-2023;PA7;C45;CAT 797 F;Lastre Oxidado;ESP/F07/2120/732;FASE 7;BOT_2380_INT;2424,83197;7;ESPERANZA
16-06-2023;PA7;C46;CAT 797 F;Lastre Oxidado;ESP/F07/2120/732;FASE 7;BOT_2380_INT;3117,631897;9;ESPERANZA
16-06-2023;PA7;C46;CAT 797 F;Lastre Sulfurado;ESP/F07/2120/731;FASE 7;BOT_2380_INT;692,8079834;2;ESPERANZA
16-06-2023;PA7;C47;CAT 797 F;Lastre Oxidado;ESP/F07/2120/732;FASE 7;BOT_2380_INT;1732,017944;5;ESPERANZA
16-06-2023;PA7;C48;CAT 797 F;Lastre Oxidado;ESP/F07/2120/732;FASE 7;BOT_2380_INT;1732,019958;5;ESPERANZA
16-06-2023;PA7;C49;KOM 930 E;Lastre Oxidado;ESP/F07/2120/732;FASE 7;BOT_2380_INT;1164;4;ESPERANZA
16-06-2023;PA7;C49;KOM 930 E;Lastre Oxidado;ESP/F07/2120/732;FASE 7;BOT_RAMPA_SUPERIOR;291;1;ESPERANZA
16-06-2023;PA7;C50;KOM 930 E;Lastre Oxidado;ESP/F07/2120/732;FASE 7;BOT_2380_INT;291;1;ESPERANZA
16-06-2023;PA7;C50;KOM 930 E;Lastre Oxidado;ESP/F07/2120/732;FASE 7;BOT_INT_RB;291;1;ESPERANZA
16-06-2023;PA7;C50;KOM 930 E;Lastre Sulfurado;ESP/F07/2120/731;FASE 7;BOT_2380_INT;873;3;ESPERANZA
16-06-2023;PA7;C52;KOM 930 E;Lastre Oxidado;ESP/F07/2120/732;FASE 7;BOT_2380_INT;1455;5;ESPERANZA
16-06-2023;PA7;C53;KOM 930 E;Lastre Oxidado;ESP/F07/2120/732;FASE 7;BOT_2380_INT;3492;12;ESPERANZA
16-06-2023;PA7;C54;KOM 930 E;Lastre Oxidado;ESP/F07/2120/732;FASE 7;BOT_2380_INT;873;3;ESPERANZA
16-06-2023;PA7;C54;KOM 930 E;Lastre Sulfurado;ESP/F07/2120/731;FASE 7;BOT_2380_INT;291;1;ESPERANZA
16-06-2023;PA7;C55;KOM 930 E;Lastre Oxidado;ESP/F07/2120/732;FASE 7;BOT_2380_INT;582;2;ESPERANZA
16-06-2023;PA7;C56;KOM 930 E;Lastre Oxidado;ESP/F07/2120/732;FASE 7;BOT_2380_INT;291;1;ESPERANZA
16-06-2023;PA7;C59;KOM 930 E;Lastre Oxidado;ESP/F07/2120/732;FASE 7;BOT_2380_INT;1455;5;ESPERANZA
16-06-2023;PA7;C59;KOM 930 E;Lastre Sulfurado;ESP/F07/2120/731;FASE 7;BOT_2380_INT;291;1;ESPERANZA
16-06-2023;PA7;C60;KOM 930 E;Lastre Sulfurado;ESP/F07/2120/731;FASE 7;BOT_2380_INT;291;1;ESPERANZA
16-06-2023;PA7;C61;KOM 930 E;Lastre Oxidado;ESP/F07/2120/732;FASE 7;BOT_2380_INT;582;2;ESPERANZA
16-06-2023;PA7;C61;KOM 930 E;Lastre Sulfurado;ESP/F07/2120/731;FASE 7;BOT_2380_INT;291;1;ESPERANZA
16-06-2023;PAESPS;C20115ESPS;KOM 980 ESPS;Sulfuro de Media;ESS/F02/2104/204;F02 ESPSUR;CHANCADO-SULFURO;19800;55;ESPERANZA_SUR
16-06-2023;PAESPS;C980AHSESPS;Kom 980 AHS;Sulfuro de Media;ESS/F02/2104/204;F02 ESPSUR;STOCK_SME_ESS;1800;5;ESPERANZA_SUR
16-06-2023;PATH01;C701;LIEBHERR 264 ;LASTRE (LAS);LLA/F01/2295/103;F01 LLA;BOT_TSS;49056;224;LLANO
16-06-2023;PATH01;C701;LIEBHERR 264 ;LASTRE (LAS);LLA/F01/2295/104;F01 LLA;BOT_TSS;657;3;LLANO
16-06-2023;PATH01;C701;LIEBHERR 264 ;LASTRE (LAS);LLA/F01/2295/105;F01 LLA;BOT_TSS;8979;41;LLANO
16-06-2023;PATH01;C701;LIEBHERR 264 ;LASTRE (LAS);LLA/F01/2295/106;F01 LLA;BOT_TSS;12702;58;LLANO
16-06-2023;PATH01;C701;LIEBHERR 264 ;LASTRE (LAS);LLA/F02/2302.5/2090;F02 LLA;BOT_TSS;12483;57;LLANO
16-06-2023;PATH01;C701;LIEBHERR 264 ;LASTRE (LAS);LLA/F02/2302.5/210;F02 LLA;BOT_TSS;9417;43;LLANO
16-06-2023;PATH01;C702;LIEBHERR 264 ;LASTRE (LAS);LLA/F01/2295/103;F01 LLA;BOT_TSS;3504;16;LLANO
16-06-2023;PATH01;C793OXE;CAT 793 OXE;Media Ley;OXE/F04/2136/403;FASE 04 ENC;CHANCADO-ENCUENTRO;9680;44;ENCUENTRO
16-06-2023;PATH01;C793OXE;CAT 793 OXE;Media Ley;OXE/F04/2136/403;FASE 04 ENC;MOD B;3080;14;ENCUENTRO
16-06-2023;PATH01;C793OXE;CAT 793 OXE;Mineral Sulfuro Primario(PRI);OXE/F04/2144/410;FASE 04 ENC;MOD G;6160;28;ENCUENTRO
16-06-2023;PATH01;C793OXE;CAT 793 OXE;Mineral Sulfuro Primario(PRI);OXE/F04/2144/413;FASE 04 ENC;MOD G;5500;25;ENCUENTRO
16-06-2023;PATH01;C793OXE;CAT 793 OXE;OMR;STOCK_OXMAR_NORTE;ENCUENTRO OXE;CHANCADO-ENCUENTRO;6160;28;ENCUENTRO
16-06-2023;PATH01;C793OXE;CAT 793 OXE;ORM;MOD_B_REM;ENCUENTRO OXE;CHANCADO-ENCUENTRO;11000;50;ENCUENTRO
16-06-2023;PATH01;C793OXE;CAT 793 OXE;OXIDO BAJA LEY (OXBL);OXE/F04/2144/415;FASE 04 ENC;CHANCADO-ENCUENTRO;15180;69;ENCUENTRO
16-06-2023;PATH01;C793OXE;CAT 793 OXE;OXIDO BAJA LEY (OXBL);OXE/F04/2144/415;FASE 04 ENC;MOD F;13640;62;ENCUENTRO
16-06-2023;PATH01;C793OXE;CAT 793 OXE;OXIDO MARGINAL (OXMAR);OXE/F04/2144/413;FASE 04 ENC;STOCK _MARGINAL_ESTE;11660;53;ENCUENTRO
16-06-2023;PATH01;C930OXE;KOM 930OXE;L21;04_2376_455;FASE 04 ENC;BOT.2420;101210;349;ENCUENTRO
16-06-2023;PATH01;C930OXE;KOM 930OXE;OXIDO MARGINAL (OXMAR);OXE/F04/2144/413;FASE 04 ENC;STOCK _MARGINAL_ESTE;11600;40;ENCUENTRO