Fecha;Carguio;Camión;Flota;Material;Origen;Zona;Destino;Tonelaje;Ciclos;Rajo
17-06-2023;CF2;C122;CAT 793 C;Sulfuro Baja Ley;STOCK_SBL_ESS;ESPERANZA_SUR;CHANCADO-SULFURO;3037,442032;14;ESPERANZA_SUR
17-06-2023;CF2;C123;CAT 793 C;Sulfuro Baja Ley;STOCK_SBL_ESS;ESPERANZA_SUR;CHANCADO-SULFURO;3471,360077;16;ESPERANZA_SUR
17-06-2023;CF2;C125;CAT 793 C;Sulfuro Baja Ley;STOCK_SBL_ESS;ESPERANZA_SUR;CHANCADO-SULFURO;2820,481003;13;ESPERANZA_SUR
17-06-2023;CF2;C131;CAT 793 C;Sulfuro Baja Ley;STOCK_SBL_ESS;ESPERANZA_SUR;CHANCADO-SULFURO;7376,653015;34;ESPERANZA_SUR
17-06-2023;CF2;C134;CAT 793 C;Sulfuro Baja Ley;STOCK_SBL_ESS;ESPERANZA_SUR;CHANCADO-SULFURO;3037,442001;14;ESPERANZA_SUR
17-06-2023;CF2;C135;CAT 793 C;Sulfuro Baja Ley;STOCK_SBL_ESS;ESPERANZA_SUR;CHANCADO-SULFURO;867,8409882;4;ESPERANZA_SUR
17-06-2023;CF2;C151;CAT 793 F;Sulfuro Baja Ley;STOCK_SBL_ESS;ESPERANZA_SUR;CHANCADO-SULFURO;216,9600067;1;ESPERANZA_SUR
17-06-2023;CF2;C152;CAT 793 F;Sulfuro Baja Ley;STOCK_SBL_ESS;ESPERANZA_SUR;CHANCADO-SULFURO;3688,320114;17;ESPERANZA_SUR
17-06-2023;CF2;C153;CAT 793 F;Sulfuro Baja Ley;STOCK_SBL_ESS;ESPERANZA_SUR;CHANCADO-SULFURO;433,9200134;2;ESPERANZA_SUR
17-06-2023;CF2;C154;CAT 793 F;Sulfuro Baja Ley;STOCK_SBL_ESS;ESPERANZA_SUR;CHANCADO-SULFURO;2386,562027;11;ESPERANZA_SUR
17-06-2023;CF2;C155;CAT 793 F;Sulfuro Baja Ley;STOCK_SBL_ESS;ESPERANZA_SUR;CHANCADO-SULFURO;5857,929779;27;ESPERANZA_SUR
17-06-2023;CF2;C156;CAT 793 F;Sulfuro Baja Ley;STOCK_SBL_ESS;ESPERANZA_SUR;CHANCADO-SULFURO;6074,891052;28;ESPERANZA_SUR
17-06-2023;CF2;C160;CAT 793 F;Sulfuro Baja Ley;STOCK_SBL_ESS;ESPERANZA_SUR;CHANCADO-SULFURO;1735,682983;8;ESPERANZA_SUR
17-06-2023;CF2;C161;CAT 793 F;Sulfuro Baja Ley;STOCK_SBL_ESS;ESPERANZA_SUR;CHANCADO-SULFURO;4556,169968;21;ESPERANZA_SUR
17-06-2023;CF2;C162;CAT 793 F;Sulfuro Baja Ley;STOCK_SBL_ESS;ESPERANZA_SUR;CHANCADO-SULFURO;1735,682968;8;ESPERANZA_SUR
17-06-2023;CF2;C163;CAT 793 F;Sulfuro Baja Ley;STOCK_SBL_ESS;ESPERANZA_SUR;CHANCADO-SULFURO;2820,480118;13;ESPERANZA_SUR
17-06-2023;CF2;C164;CAT 793 F;Sulfuro Baja Ley;STOCK_SBL_ESS;ESPERANZA_SUR;CHANCADO-SULFURO;3688,330124;17;ESPERANZA_SUR
17-06-2023;CF2;C18;CAT 797 F;Sulfuro Baja Ley;STOCK_SBL_ESS;ESPERANZA_SUR;CHANCADO-SULFURO;346,4039917;1;ESPERANZA_SUR
17-06-2023;CF2;C32;CAT 797 F;Sulfuro Baja Ley;STOCK_SBL_ESS;ESPERANZA_SUR;CHANCADO-SULFURO;3810,44397;11;ESPERANZA_SUR
17-06-2023;CF2;C57;KOM 930 E;Sulfuro Baja Ley;STOCK_SBL_ESS;ESPERANZA_SUR;CHANCADO-SULFURO;291;1;ESPERANZA_SUR
17-06-2023;CF203;C121;CAT 793 C;Baja Ley 1;ST-TS_18;OXIDO;CHANCADO-OXIDO;432,8729858;2;TESORO
17-06-2023;CF203;C121;CAT 793 C;Marginal Rom;STOCK_MRO_MIR;OXIDO;ROM;660;3;TESORO
17-06-2023;CF203;C123;CAT 793 C;Marginal Rom;STOCK_MRO_MIR;OXIDO;ROM;220;1;TESORO
17-06-2023;CF203;C128;CAT 793 C;Marginal Rom;STOCK_MRO_MIR;OXIDO;ROM;880;4;TESORO
17-06-2023;CF203;C129;CAT 793 C;Baja Ley 1;ST-TS_18;OXIDO;CHANCADO-OXIDO;4545,169128;21;TESORO
17-06-2023;CF203;C129;CAT 793 C;Marginal Rom;STOCK_MRO_MIR;OXIDO;ROM;1540;7;TESORO
17-06-2023;CF203;C134;CAT 793 C;Marginal Rom;STOCK_MRO_MIR;OXIDO;ROM;220;1;TESORO
17-06-2023;CF203;C135;CAT 793 C;Baja Ley 1;ST-TS_18;OXIDO;CHANCADO-OXIDO;3895,85907;18;TESORO
17-06-2023;CF203;C135;CAT 793 C;Marginal Rom;STOCK_MRO_MIR;OXIDO;ROM;660;3;TESORO
17-06-2023;CF203;C151;CAT 793 F;Marginal Rom;STOCK_MRO_MIR;OXIDO;ROM;675;3;TESORO
17-06-2023;CF203;C155;CAT 793 F;Baja Ley 1;ST-TS_18;OXIDO;CHANCADO-OXIDO;865,7450256;4;TESORO
17-06-2023;CF203;C159;CAT 793 F;Baja Ley 1;ST-TS_18;OXIDO;CHANCADO-OXIDO;1731,489075;8;TESORO
17-06-2023;CF203;C159;CAT 793 F;Marginal Rom;STOCK_MRO_MIR;OXIDO;ROM;225;1;TESORO
17-06-2023;CF203;C164;CAT 793 F;Baja Ley 1;ST-TS_18;OXIDO;CHANCADO-OXIDO;1515,056;7;TESORO
17-06-2023;CF231;C121;CAT 793 C;Marginal Alta;STM-NE-02;OXIDO;CHANCADO-OXIDO;6493,091095;30;TESORO
17-06-2023;CF231;C128;CAT 793 C;Marginal Alta;STM-NE-02;OXIDO;CHANCADO-OXIDO;3246,545074;15;TESORO
17-06-2023;CF231;C129;CAT 793 C;Marginal Alta;STM-NE-02;OXIDO;CHANCADO-OXIDO;2164,363068;10;TESORO
17-06-2023;CF231;C132;CAT 793 C;Marginal Alta;STM-NE-02;OXIDO;CHANCADO-OXIDO;649,309021;3;TESORO
17-06-2023;CF231;C153;CAT 793 F;Marginal Alta;STM-NE-02;OXIDO;CHANCADO-OXIDO;3895,85907;18;TESORO
17-06-2023;CF231;C159;CAT 793 F;Marginal Alta;STM-NE-02;OXIDO;CHANCADO-OXIDO;216,4360046;1;TESORO
17-06-2023;CF232;C122;CAT 793 C;Lastre Oxidado;ESP/F10/2312/1180;FASE 10;BOT_RAMPA_INFERIOR;649,309021;3;ESPERANZA
17-06-2023;CF232;C123;CAT 793 C;Lastre Oxidado;ESP/F10/2312/1180;FASE 10;BOT_RAMPA_INFERIOR;1731,48999;8;ESPERANZA
17-06-2023;CF232;C125;CAT 793 C;Lastre Oxidado;ESP/F10/2312/1180;FASE 10;BOT_RAMPA_INFERIOR;3679,423035;17;ESPERANZA
17-06-2023;CF232;C125;CAT 793 C;Lastre Sulfurado;ESP/F10/2312/1250;FASE 10;BOT_RAMPA_INFERIOR;865,7459717;4;ESPERANZA
17-06-2023;CF232;C125;CAT 793 C;Lastre Sulfurado;ESP/F10/2328/1320;FASE 10;BOT_RAMPA_INFERIOR;432,8729858;2;ESPERANZA
17-06-2023;CF232;C125;CAT 793 C;Sulfuro Baja Ley;STOCK_SBL_ESS;ESPERANZA_SUR;CHANCADO-SULFURO;433,9200134;2;ESPERANZA_SUR
17-06-2023;CF232;C128;CAT 793 C;Lastre Oxidado;ESP/F10/2312/1180;FASE 10;BOT_RAMPA_INFERIOR;1298,619995;6;ESPERANZA
17-06-2023;CF232;C128;CAT 793 C;Lastre Sulfurado;ESP/F10/2328/1320;FASE 10;BOT_RAMPA_INFERIOR;649,309021;3;ESPERANZA
17-06-2023;CF232;C130;CAT 793 C;Lastre Oxidado;ESP/F10/2312/1180;FASE 10;BOT_RAMPA_INFERIOR;3030,110107;14;ESPERANZA
17-06-2023;CF232;C131;CAT 793 C;Sulfuro Baja Ley;STOCK_SBL_ESS;ESPERANZA_SUR;CHANCADO-SULFURO;433,9200134;2;ESPERANZA_SUR
17-06-2023;CF232;C134;CAT 793 C;Lastre Oxidado;ESP/F10/2312/1180;FASE 10;BOT_RAMPA_INFERIOR;1947,930054;9;ESPERANZA
17-06-2023;CF232;C134;CAT 793 C;Sulfuro Baja Ley;STOCK_SBL_ESS;ESPERANZA_SUR;CHANCADO-SULFURO;216,9600067;1;ESPERANZA_SUR
17-06-2023;CF232;C135;CAT 793 C;Lastre Sulfurado;ESP/F10/2312/1250;FASE 10;BOT_RAMPA_INFERIOR;1947,929016;9;ESPERANZA
17-06-2023;CF232;C135;CAT 793 C;Sulfuro Baja Ley;STOCK_SBL_ESS;ESPERANZA_SUR;CHANCADO-SULFURO;433,92099;2;ESPERANZA_SUR
17-06-2023;CF232;C152;CAT 793 F;Sulfuro Baja Ley;STOCK_SBL_ESS;ESPERANZA_SUR;CHANCADO-SULFURO;433,92099;2;ESPERANZA_SUR
17-06-2023;CF232;C154;CAT 793 F;Sulfuro Baja Ley;STOCK_SBL_ESS;ESPERANZA_SUR;CHANCADO-SULFURO;650,8809814;3;ESPERANZA_SUR
17-06-2023;CF232;C155;CAT 793 F;Lastre Oxidado;ESP/F10/2312/1180;FASE 10;BOT_RAMPA_INFERIOR;216,4360046;1;ESPERANZA
17-06-2023;CF232;C155;CAT 793 F;Sulfuro Baja Ley;STOCK_SBL_ESS;ESPERANZA_SUR;CHANCADO-SULFURO;650,8809814;3;ESPERANZA_SUR
17-06-2023;CF232;C156;CAT 793 F;Lastre Sulfurado;ESP/F10/2312/1250;FASE 10;BOT_RAMPA_INFERIOR;865,7459717;4;ESPERANZA
17-06-2023;CF232;C156;CAT 793 F;Lastre Sulfurado;ESP/F10/2328/1320;FASE 10;BOT_RAMPA_INFERIOR;432,8729858;2;ESPERANZA
17-06-2023;CF232;C156;CAT 793 F;Sulfuro Baja Ley;STOCK_SBL_ESS;ESPERANZA_SUR;CHANCADO-SULFURO;216,9600067;1;ESPERANZA_SUR
17-06-2023;CF232;C160;CAT 793 F;Lastre Oxidado;ESP/F10/2312/1180;FASE 10;BOT_RAMPA_INFERIOR;216,4360046;1;ESPERANZA
17-06-2023;CF232;C160;CAT 793 F;Lastre Sulfurado;ESP/F10/2312/1250;FASE 10;BOT_RAMPA_INFERIOR;432,8729858;2;ESPERANZA
17-06-2023;CF232;C160;CAT 793 F;Lastre Sulfurado;ESP/F10/2328/1320;FASE 10;BOT_RAMPA_INFERIOR;865,7459717;4;ESPERANZA
17-06-2023;CF232;C160;CAT 793 F;Sulfuro Baja Ley;STOCK_SBL_ESS;ESPERANZA_SUR;CHANCADO-SULFURO;650,8809967;3;ESPERANZA_SUR
17-06-2023;CF232;C162;CAT 793 F;Sulfuro Baja Ley;STOCK_SBL_ESS;ESPERANZA_SUR;CHANCADO-SULFURO;433,9200134;2;ESPERANZA_SUR
17-06-2023;CF232;C163;CAT 793 F;Sulfuro Baja Ley;STOCK_SBL_ESS;ESPERANZA_SUR;CHANCADO-SULFURO;433,9200134;2;ESPERANZA_SUR
17-06-2023;CF232;C164;CAT 793 F;Lastre Oxidado;ESP/F10/2312/1180;FASE 10;BOT_RAMPA_INFERIOR;216,4360046;1;ESPERANZA
17-06-2023;CF233;C152;CAT 793 F;Baja Ley 1;ST-TS_18;OXIDO;CHANCADO-OXIDO;216,4360046;1;TESORO
17-06-2023;CF233;C156;CAT 793 F;Baja Ley 1;ST-TS_18;OXIDO;CHANCADO-OXIDO;216,4360046;1;TESORO
17-06-2023;CF234;C121;CAT 793 C;Lastre Oxidado;ESP/F07/2120/735;FASE 7;BOT_2380_INT;216,4360046;1;ESPERANZA
17-06-2023;CF234;C130;CAT 793 C;Lastre Oxidado;DERRAMES_F07;FASE 7;BOT_2380_INT;1731,489075;8;ESPERANZA
17-06-2023;CF234;C130;CAT 793 C;Lastre Oxidado;ESP/F07/2120/735;FASE 7;BOT_2380_INT;432,8729858;2;ESPERANZA
17-06-2023;CF234;C131;CAT 793 C;Lastre Oxidado;DERRAMES_F07;FASE 7;BOT_2380_INT;216,4360046;1;ESPERANZA
17-06-2023;CF234;C131;CAT 793 C;Lastre Oxidado;ESP/F07/2120/735;FASE 7;BOT_2380_INT;432,8729858;2;ESPERANZA
17-06-2023;CF234;C151;CAT 793 F;Lastre Oxidado;DERRAMES_F07;FASE 7;BOT_2380_INT;1515,05304;7;ESPERANZA
17-06-2023;CF234;C152;CAT 793 F;Lastre Oxidado;DERRAMES_F07;FASE 7;BOT_2380_INT;1731,48999;8;ESPERANZA
17-06-2023;CF234;C154;CAT 793 F;Lastre Oxidado;DERRAMES_F07;FASE 7;BOT_2380_INT;1082,180054;5;ESPERANZA
17-06-2023;CF234;C154;CAT 793 F;Lastre Oxidado;ESP/F07/2120/735;FASE 7;BOT_2380_INT;432,8729858;2;ESPERANZA
17-06-2023;CF234;C155;CAT 793 F;Lastre Oxidado;DERRAMES_F07;FASE 7;BOT_2380_INT;216,4360046;1;ESPERANZA
17-06-2023;CF234;C155;CAT 793 F;Lastre Oxidado;ESP/F07/2120/735;FASE 7;BOT_2380_INT;216,4360046;1;ESPERANZA
17-06-2023;CF234;C159;CAT 793 F;Lastre Oxidado;DERRAMES_F07;FASE 7;BOT_2380_INT;2813,669128;13;ESPERANZA
17-06-2023;CF234;C159;CAT 793 F;Lastre Oxidado;ESP/F07/2120/735;FASE 7;BOT_2380_INT;216,4360046;1;ESPERANZA
17-06-2023;CF234;C160;CAT 793 F;Lastre Oxidado;DERRAMES_F07;FASE 7;BOT_2380_INT;216,4360046;1;ESPERANZA
17-06-2023;CF234;C162;CAT 793 F;Lastre Oxidado;DERRAMES_F07;FASE 7;BOT_2380_INT;1515,056;7;ESPERANZA
17-06-2023;CF234;C162;CAT 793 F;Lastre Oxidado;ESP/F07/2120/735;FASE 7;BOT_2380_INT;649,3089905;3;ESPERANZA
17-06-2023;CF234;C163;CAT 793 F;Lastre Oxidado;DERRAMES_F07;FASE 7;BOT_2380_INT;216,4360046;1;ESPERANZA
17-06-2023;CF3;C122;CAT 793 C;Lastre Sulfurado;ESP/F10/2296/1050;FASE 10;BOT_RAMPA_INFERIOR;216,4360046;1;ESPERANZA
17-06-2023;CF3;C123;CAT 793 C;Lastre Sulfurado;ESP/F10/2296/1050;FASE 10;BOT_RAMPA_INFERIOR;432,8729858;2;ESPERANZA
17-06-2023;CF3;C130;CAT 793 C;Lastre Sulfurado;ESP/F10/2296/1050;FASE 10;BOT_RAMPA_INFERIOR;216,4360046;1;ESPERANZA
17-06-2023;CF3;C134;CAT 793 C;Lastre Sulfurado;ESP/F10/2296/1050;FASE 10;BOT_RAMPA_INFERIOR;432,8729858;2;ESPERANZA
17-06-2023;CF3;C49;KOM 930 E;Lastre Sulfurado;ESP/F10/2296/1050;FASE 10;BOT_RAMPA_INFERIOR;582;2;ESPERANZA
17-06-2023;CF3;C50;KOM 930 E;Lastre Sulfurado;ESP/F10/2296/1050;FASE 10;BOT_RAMPA_INFERIOR;582;2;ESPERANZA
17-06-2023;CF3;C51;KOM 930 E;Lastre Sulfurado;ESP/F10/2296/1050;FASE 10;BOT_RAMPA_INFERIOR;582;2;ESPERANZA
17-06-2023;CF3;C53;KOM 930 E;Lastre Sulfurado;ESP/F10/2296/1050;FASE 10;BOT_RAMPA_INFERIOR;1455;5;ESPERANZA
17-06-2023;CF3;C54;KOM 930 E;Lastre Sulfurado;ESP/F10/2296/1050;FASE 10;BOT_RAMPA_INFERIOR;873;3;ESPERANZA
17-06-2023;CF3;C56;KOM 930 E;Lastre Sulfurado;ESP/F10/2296/1050;FASE 10;BOT_RAMPA_INFERIOR;291;1;ESPERANZA
17-06-2023;CF3;C59;KOM 930 E;Lastre Sulfurado;ESP/F10/2296/1050;FASE 10;BOT_RAMPA_INFERIOR;873;3;ESPERANZA
17-06-2023;CF4;C980AHSESPS;Kom 980 AHS;Lastre Oxidado;ESS/F03/2216/324;F03 ESPSUR;BOTADERO_2021;19080;53;ESPERANZA_SUR
17-06-2023;PA1;C07;CAT 797 B;Lastre Oxidado;ESP/F07/2104/707;FASE 7;BOT_2380_INT;1039,211975;3;ESPERANZA
17-06-2023;PA1;C07;CAT 797 B;Lastre Sulfurado;ESP/F07/2104/7070;FASE 7;BOT_2380_INT;2771,235962;8;ESPERANZA
17-06-2023;PA1;C08;CAT 797 B;Lastre Sulfurado;ESP/F07/2104/7070;FASE 7;BOT_2380_INT;692,8079834;2;ESPERANZA
17-06-2023;PA1;C09;CAT 797 B;Lastre Oxidado;ESP/F07/2104/707;FASE 7;BOT_2380_INT;1039,209961;3;ESPERANZA
17-06-2023;PA1;C09;CAT 797 B;Lastre Sulfurado;ESP/F07/2104/7070;FASE 7;BOT_2380_INT;3464,047974;10;ESPERANZA
17-06-2023;PA1;C10;CAT 797 B;Lastre Oxidado;ESP/F07/2104/707;FASE 7;BOT_2380_INT;692,8079834;2;ESPERANZA
17-06-2023;PA1;C10;CAT 797 B;Lastre Sulfurado;ESP/F07/2104/7070;FASE 7;BOT_2380_INT;4156,854065;12;ESPERANZA
17-06-2023;PA1;C11;CAT 797 B;Lastre Oxidado;ESP/F07/2104/707;FASE 7;BOT_2380_INT;692,8079834;2;ESPERANZA
17-06-2023;PA1;C11;CAT 797 B;Lastre Sulfurado;ESP/F07/2104/7070;FASE 7;BOT_2380_INT;2771,235962;8;ESPERANZA
17-06-2023;PA1;C12;CAT 797 B;Lastre Sulfurado;ESP/F07/2104/7070;FASE 7;BOT_2380_INT;3117,635986;9;ESPERANZA
17-06-2023;PA1;C13;CAT 797 B;Lastre Oxidado;ESP/F07/2104/707;FASE 7;BOT_2380_INT;346,4039917;1;ESPERANZA
17-06-2023;PA1;C13;CAT 797 B;Lastre Sulfurado;ESP/F07/2104/7070;FASE 7;BOT_2380_INT;4503,252014;13;ESPERANZA
17-06-2023;PA1;C130;CAT 793 C;Lastre Sulfurado;ESP/F07/2104/7070;FASE 7;BOT_2380_INT;216,4360046;1;ESPERANZA
17-06-2023;PA1;C14;CAT 797 B;Lastre Oxidado;ESP/F07/2104/707;FASE 7;BOT_2380_INT;346,4039917;1;ESPERANZA
17-06-2023;PA1;C14;CAT 797 B;Lastre Sulfurado;ESP/F07/2104/7070;FASE 7;BOT_2380_INT;3464,047974;10;ESPERANZA
17-06-2023;PA1;C151;CAT 793 F;Lastre Sulfurado;ESP/F07/2104/7070;FASE 7;BOT_2380_INT;649,3089905;3;ESPERANZA
17-06-2023;PA1;C152;CAT 793 F;Lastre Sulfurado;ESP/F07/2104/7070;FASE 7;BOT_2380_INT;432,8729858;2;ESPERANZA
17-06-2023;PA1;C154;CAT 793 F;Lastre Sulfurado;ESP/F07/2104/7070;FASE 7;BOT_2380_INT;1298,619995;6;ESPERANZA
17-06-2023;PA1;C159;CAT 793 F;Lastre Sulfurado;ESP/F07/2104/7070;FASE 7;BOT_2380_INT;216,4360046;1;ESPERANZA
17-06-2023;PA1;C16;CAT 797 B;Lastre Oxidado;ESP/F07/2104/707;FASE 7;BOT_2380_INT;346,4039917;1;ESPERANZA
17-06-2023;PA1;C16;CAT 797 B;Lastre Sulfurado;ESP/F07/2104/7070;FASE 7;BOT_2380_INT;2424,827942;7;ESPERANZA
17-06-2023;PA1;C160;CAT 793 F;Lastre Sulfurado;ESP/F07/2104/7070;FASE 7;BOT_2380_INT;649,309021;3;ESPERANZA
17-06-2023;PA1;C162;CAT 793 F;Lastre Sulfurado;ESP/F07/2104/7070;FASE 7;BOT_2380_INT;649,309021;3;ESPERANZA
17-06-2023;PA1;C163;CAT 793 F;Lastre Sulfurado;ESP/F07/2104/7070;FASE 7;BOT_2380_INT;649,309021;3;ESPERANZA
17-06-2023;PA1;C17;CAT 797 F;Lastre Oxidado;ESP/F07/2104/707;FASE 7;BOT_2380_INT;346,4039917;1;ESPERANZA
17-06-2023;PA1;C17;CAT 797 F;Lastre Sulfurado;ESP/F07/2104/7070;FASE 7;BOT_2380_INT;3117,633972;9;ESPERANZA
17-06-2023;PA1;C18;CAT 797 F;Lastre Oxidado;ESP/F07/2104/707;FASE 7;BOT_2380_INT;346,4039917;1;ESPERANZA
17-06-2023;PA1;C18;CAT 797 F;Lastre Sulfurado;ESP/F07/2104/7070;FASE 7;BOT_2380_INT;1385,615967;4;ESPERANZA
17-06-2023;PA1;C19;CAT 797 F;Lastre Oxidado;ESP/F07/2104/707;FASE 7;BOT_2380_INT;346,4039917;1;ESPERANZA
17-06-2023;PA1;C19;CAT 797 F;Lastre Sulfurado;ESP/F07/2104/7070;FASE 7;BOT_2380_INT;1039,211975;3;ESPERANZA
17-06-2023;PA1;C21;CAT 797 F;Lastre Oxidado;ESP/F07/2104/707;FASE 7;BOT_2380_INT;692,8079834;2;ESPERANZA
17-06-2023;PA1;C21;CAT 797 F;Lastre Sulfurado;ESP/F07/2104/7070;FASE 7;BOT_2380_INT;2771,227905;8;ESPERANZA
17-06-2023;PA1;C22;CAT 797 F;Lastre Oxidado;ESP/F07/2104/707;FASE 7;BOT_2380_INT;346,4039917;1;ESPERANZA
17-06-2023;PA1;C22;CAT 797 F;Lastre Sulfurado;ESP/F07/2104/7070;FASE 7;BOT_2380_INT;2771,235962;8;ESPERANZA
17-06-2023;PA1;C23;CAT 797 F;Lastre Oxidado;ESP/F07/2104/707;FASE 7;BOT_2380_INT;1039,209961;3;ESPERANZA
17-06-2023;PA1;C23;CAT 797 F;Lastre Sulfurado;ESP/F07/2104/7070;FASE 7;BOT_2380_INT;3464,040039;10;ESPERANZA
17-06-2023;PA1;C24;CAT 797 F;Lastre Sulfurado;ESP/F07/2104/7070;FASE 7;BOT_2380_INT;3117,635986;9;ESPERANZA
17-06-2023;PA1;C25;CAT 797 F;Lastre Oxidado;ESP/F07/2104/707;FASE 7;BOT_2380_INT;1039,209961;3;ESPERANZA
17-06-2023;PA1;C25;CAT 797 F;Lastre Sulfurado;ESP/F07/2104/7060;FASE 7;BOT_2380_INT;346,4039917;1;ESPERANZA
17-06-2023;PA1;C25;CAT 797 F;Lastre Sulfurado;ESP/F07/2104/7070;FASE 7;BOT_2380_INT;3117,643982;9;ESPERANZA
17-06-2023;PA1;C32;CAT 797 F;Lastre Sulfurado;ESP/F07/2104/7070;FASE 7;BOT_2380_INT;3117,635925;9;ESPERANZA
17-06-2023;PA1;C34;CAT 797 F;Lastre Sulfurado;ESP/F07/2104/7070;FASE 7;BOT_2380_INT;3464,035889;10;ESPERANZA
17-06-2023;PA1;C36;CAT 797 F;Lastre Oxidado;ESP/F07/2104/707;FASE 7;BOT_2380_INT;1039,211975;3;ESPERANZA
17-06-2023;PA1;C36;CAT 797 F;Lastre Sulfurado;ESP/F07/2104/7070;FASE 7;BOT_2380_INT;346,4039917;1;ESPERANZA
17-06-2023;PA1;C37;CAT 797 F;Lastre Sulfurado;ESP/F07/2104/7070;FASE 7;BOT_2380_INT;1385,615967;4;ESPERANZA
17-06-2023;PA1;C38;CAT 797 F;Lastre Oxidado;ESP/F07/2104/707;FASE 7;BOT_2380_INT;1039,209961;3;ESPERANZA
17-06-2023;PA1;C38;CAT 797 F;Lastre Sulfurado;ESP/F07/2104/7070;FASE 7;BOT_2380_INT;2078,421936;6;ESPERANZA
17-06-2023;PA1;C39;CAT 797 F;Lastre Oxidado;ESP/F07/2104/707;FASE 7;BOT_2380_INT;346,4039917;1;ESPERANZA
17-06-2023;PA1;C39;CAT 797 F;Lastre Sulfurado;ESP/F07/2104/7070;FASE 7;BOT_2380_INT;1039,209961;3;ESPERANZA
17-06-2023;PA1;C40;CAT 797 F;Lastre Sulfurado;ESP/F07/2104/7070;FASE 7;BOT_2380_INT;346,4039917;1;ESPERANZA
17-06-2023;PA1;C41;CAT 797 F;Lastre Oxidado;ESP/F07/2104/707;FASE 7;BOT_2380_INT;346,4039917;1;ESPERANZA
17-06-2023;PA1;C41;CAT 797 F;Lastre Sulfurado;ESP/F07/2104/7070;FASE 7;BOT_2380_INT;1039,211975;3;ESPERANZA
17-06-2023;PA1;C42;CAT 797 F;Lastre Oxidado;ESP/F07/2104/707;FASE 7;BOT_2380_INT;346,4039917;1;ESPERANZA
17-06-2023;PA1;C42;CAT 797 F;Lastre Sulfurado;ESP/F07/2104/7070;FASE 7;BOT_2380_INT;2078,421936;6;ESPERANZA
17-06-2023;PA1;C43;CAT 797 F;Lastre Sulfurado;ESP/F07/2104/7070;FASE 7;BOT_2380_INT;3117,643982;9;ESPERANZA
17-06-2023;PA1;C44;CAT 797 F;Lastre Oxidado;ESP/F07/2104/707;FASE 7;BOT_2380_INT;346,4039917;1;ESPERANZA
17-06-2023;PA1;C44;CAT 797 F;Lastre Sulfurado;ESP/F07/2104/7070;FASE 7;BOT_2380_INT;2771,229919;8;ESPERANZA
17-06-2023;PA1;C45;CAT 797 F;Lastre Oxidado;ESP/F07/2104/707;FASE 7;BOT_2380_INT;692,8079834;2;ESPERANZA
17-06-2023;PA1;C45;CAT 797 F;Lastre Sulfurado;ESP/F07/2104/7070;FASE 7;BOT_2380_INT;3117,639954;9;ESPERANZA
17-06-2023;PA1;C46;CAT 797 F;Lastre Oxidado;ESP/F07/2104/707;FASE 7;BOT_2380_INT;346,4039917;1;ESPERANZA
17-06-2023;PA1;C46;CAT 797 F;Lastre Sulfurado;ESP/F07/2104/7070;FASE 7;BOT_2380_INT;3464,039917;10;ESPERANZA
17-06-2023;PA1;C47;CAT 797 F;Lastre Oxidado;ESP/F07/2104/707;FASE 7;BOT_2380_INT;346,4039917;1;ESPERANZA
17-06-2023;PA1;C47;CAT 797 F;Lastre Sulfurado;ESP/F07/2104/7070;FASE 7;BOT_2380_INT;2424,823914;7;ESPERANZA
17-06-2023;PA1;C48;CAT 797 F;Lastre Sulfurado;ESP/F07/2104/7060;FASE 7;BOT_2380_INT;346,4039917;1;ESPERANZA
17-06-2023;PA1;C48;CAT 797 F;Lastre Sulfurado;ESP/F07/2104/7070;FASE 7;BOT_2380_INT;4156,8479;12;ESPERANZA
17-06-2023;PA1;C49;KOM 930 E;Lastre Sulfurado;ESP/F07/2104/7070;FASE 7;BOT_2380_INT;582;2;ESPERANZA
17-06-2023;PA1;C50;KOM 930 E;Lastre Sulfurado;ESP/F07/2104/7070;FASE 7;BOT_2380_INT;873;3;ESPERANZA
17-06-2023;PA1;C51;KOM 930 E;Lastre Sulfurado;ESP/F07/2104/7070;FASE 7;BOT_2380_INT;291;1;ESPERANZA
17-06-2023;PA1;C52;KOM 930 E;Lastre Oxidado;ESP/F07/2104/707;FASE 7;BOT_2380_INT;291;1;ESPERANZA
17-06-2023;PA1;C52;KOM 930 E;Lastre Sulfurado;ESP/F07/2104/7070;FASE 7;BOT_2380_INT;3201;11;ESPERANZA
17-06-2023;PA1;C54;KOM 930 E;Lastre Sulfurado;ESP/F07/2104/7070;FASE 7;BOT_2380_INT;1164;4;ESPERANZA
17-06-2023;PA1;C55;KOM 930 E;Lastre Sulfurado;ESP/F07/2104/7070;FASE 7;BOT_2380_INT;582;2;ESPERANZA
17-06-2023;PA1;C56;KOM 930 E;Lastre Sulfurado;ESP/F07/2104/7070;FASE 7;BOT_2380_INT;291;1;ESPERANZA
17-06-2023;PA1;C57;KOM 930 E;Lastre Sulfurado;ESP/F07/2104/7070;FASE 7;BOT_2380_INT;1746;6;ESPERANZA
17-06-2023;PA1;C60;KOM 930 E;Lastre Sulfurado;ESP/F07/2104/7070;FASE 7;BOT_2380_INT;1164;4;ESPERANZA
17-06-2023;PA1;C61;KOM 930 E;Lastre Oxidado;ESP/F07/2104/707;FASE 7;BOT_2380_INT;291;1;ESPERANZA
17-06-2023;PA1;C61;KOM 930 E;Lastre Sulfurado;ESP/F07/2104/7070;FASE 7;BOT_2380_INT;873;3;ESPERANZA
17-06-2023;PA10;C980AHSESPS;Kom 980 AHS;Lastre Oxidado;ESS/F03/2216/324;F03 ESPSUR;BOTADERO_2021;28800;80;ESPERANZA_SUR
17-06-2023;PA11;C20115ESPS;KOM 980 ESPS;Sulfuro Baja Ley;ESS/F02/2104/204;F02 ESPSUR;CHANCADO-SULFURO;11880;33;ESPERANZA_SUR
17-06-2023;PA11;C20115ESPS;KOM 980 ESPS;Sulfuro Baja Ley;ESS/F02/2120/2131;F02 ESPSUR;CHANCADO-SULFURO;15120;42;ESPERANZA_SUR
17-06-2023;PA11;C20115ESPS;KOM 980 ESPS;Sulfuro de Media;ESS/F02/2104/204;F02 ESPSUR;CHANCADO-SULFURO;19080;53;ESPERANZA_SUR
17-06-2023;PA11;C980AHSESPS;Kom 980 AHS;Lastre Sulfurado;ESS/F02/2120/R200;F02 ESPSUR;BOTADERO_2021;11160;31;ESPERANZA_SUR
17-06-2023;PA11;C980AHSESPS;Kom 980 AHS;Sulfuro Baja Ley;ESS/F02/2104/204;F02 ESPSUR;STOCK_SBL_ESS;2160;6;ESPERANZA_SUR
17-06-2023;PA11;C980AHSESPS;Kom 980 AHS;Sulfuro Baja Ley;ESS/F02/2120/2131;F02 ESPSUR;STOCK_SBL_ESS;3960;11;ESPERANZA_SUR
17-06-2023;PA11;C980AHSESPS;Kom 980 AHS;Sulfuro de Media;ESS/F02/2104/204;F02 ESPSUR;STOCK_FIERROS_ESS;2520;7;ESPERANZA_SUR
17-06-2023;PA11;C980AHSESPS;Kom 980 AHS;Sulfuro de Media;ESS/F02/2104/204;F02 ESPSUR;STOCK_SME_ESS;1440;4;ESPERANZA_SUR
17-06-2023;PA2;C47;CAT 797 F;Sulfuro Baja Ley;ESP/F08/1768/R800;FASE 8;BOT_RAMPA_F08;3464,040039;10;ESPERANZA
17-06-2023;PA2;C51;KOM 930 E;Sulfuro Baja Ley;ESP/F08/1768/R800;FASE 8;BOT_RAMPA_F08;12222;42;ESPERANZA
17-06-2023;PA211;C123;CAT 793 C;Lastre Oxidado;ESP/F10/2296/1051;FASE 10;BOT_RAMPA_INFERIOR;1298,619995;6;ESPERANZA
17-06-2023;PA211;C128;CAT 793 C;Lastre Oxidado;ESP/F10/2296/1051;FASE 10;BOT_RAMPA_INFERIOR;649,3089905;3;ESPERANZA
17-06-2023;PA211;C130;CAT 793 C;Lastre Oxidado;ESP/F10/2296/1051;FASE 10;BOT_RAMPA_INFERIOR;649,3080139;3;ESPERANZA
17-06-2023;PA211;C131;CAT 793 C;Lastre Oxidado;ESP/F10/2296/1051;FASE 10;BOT_CENTRAL_SUR_INF;216,4360046;1;ESPERANZA
17-06-2023;PA211;C134;CAT 793 C;Lastre Oxidado;ESP/F10/2296/1051;FASE 10;BOT_CENTRAL_SUR_INF;216,4360046;1;ESPERANZA
17-06-2023;PA211;C134;CAT 793 C;Lastre Oxidado;ESP/F10/2296/1051;FASE 10;BOT_RAMPA_INFERIOR;1731,491943;8;ESPERANZA
17-06-2023;PA211;C151;CAT 793 F;Lastre Oxidado;ESP/F10/2296/1051;FASE 10;BOT_RAMPA_INFERIOR;216,4360046;1;ESPERANZA
17-06-2023;PA211;C153;CAT 793 F;Lastre Oxidado;ESP/F10/2296/1051;FASE 10;BOT_RAMPA_INFERIOR;216,4360046;1;ESPERANZA
17-06-2023;PA211;C155;CAT 793 F;Lastre Oxidado;ESP/F10/2296/1051;FASE 10;BOT_CENTRAL_SUR_INF;216,4360046;1;ESPERANZA
17-06-2023;PA211;C156;CAT 793 F;Lastre Oxidado;ESP/F10/2296/1051;FASE 10;BOT_CENTRAL_SUR_INF;216,4360046;1;ESPERANZA
17-06-2023;PA211;C160;CAT 793 F;Lastre Oxidado;ESP/F10/2296/1051;FASE 10;BOT_RAMPA_INFERIOR;432,8720093;2;ESPERANZA
17-06-2023;PA211;C162;CAT 793 F;Lastre Oxidado;ESP/F10/2296/1051;FASE 10;BOT_CENTRAL_SUR_INF;216,4360046;1;ESPERANZA
17-06-2023;PA211;C162;CAT 793 F;Lastre Oxidado;ESP/F10/2296/1051;FASE 10;BOT_RAMPA_INFERIOR;216,4360046;1;ESPERANZA
17-06-2023;PA211;C163;CAT 793 F;Lastre Oxidado;ESP/F10/2296/1051;FASE 10;BOT_CENTRAL_SUR_INF;216,4360046;1;ESPERANZA
17-06-2023;PA211;C163;CAT 793 F;Lastre Oxidado;ESP/F10/2296/1051;FASE 10;BOT_RAMPA_INFERIOR;432,8729858;2;ESPERANZA
17-06-2023;PA211;C164;CAT 793 F;Lastre Oxidado;ESP/F10/2296/1051;FASE 10;BOT_RAMPA_INFERIOR;865,7459717;4;ESPERANZA
17-06-2023;PA211;C24;CAT 797 F;Lastre Oxidado;ESP/F10/2296/1051;FASE 10;BOT_RAMPA_INFERIOR;346,4039917;1;ESPERANZA
17-06-2023;PA211;C41;CAT 797 F;Lastre Oxidado;ESP/F10/2296/1051;FASE 10;BOT_RAMPA_INFERIOR;1385,613953;4;ESPERANZA
17-06-2023;PA211;C41;CAT 797 F;Lastre Oxidado;ESP/F10/2296/1051;FASE 10;BOT_RAMPA_SUPERIOR;346,4039917;1;ESPERANZA
17-06-2023;PA211;C45;CAT 797 F;Lastre Oxidado;ESP/F10/2296/1051;FASE 10;BOT_RAMPA_INFERIOR;1732,023987;5;ESPERANZA
17-06-2023;PA211;C49;KOM 930 E;Lastre Oxidado;ESP/F10/2296/1051;FASE 10;BOT_CENTRAL_SUR_INF;291;1;ESPERANZA
17-06-2023;PA211;C49;KOM 930 E;Lastre Oxidado;ESP/F10/2296/1051;FASE 10;BOT_RAMPA_INFERIOR;4365;15;ESPERANZA
17-06-2023;PA211;C50;KOM 930 E;Lastre Oxidado;ESP/F10/2296/1051;FASE 10;BOT_RAMPA_INFERIOR;5529;19;ESPERANZA
17-06-2023;PA211;C51;KOM 930 E;Lastre Oxidado;ESP/F10/2296/1051;FASE 10;BOT_RAMPA_INFERIOR;4074;14;ESPERANZA
17-06-2023;PA211;C52;KOM 930 E;Lastre Oxidado;ESP/F10/2296/1051;FASE 10;BOT_CENTRAL_SUR_INF;582;2;ESPERANZA
17-06-2023;PA211;C52;KOM 930 E;Lastre Oxidado;ESP/F10/2296/1051;FASE 10;BOT_RAMPA_INFERIOR;2910;10;ESPERANZA
17-06-2023;PA211;C53;KOM 930 E;Lastre Oxidado;ESP/F10/2296/1051;FASE 10;BOT_CENTRAL_SUR_INF;291;1;ESPERANZA
17-06-2023;PA211;C53;KOM 930 E;Lastre Oxidado;ESP/F10/2296/1051;FASE 10;BOT_RAMPA_INFERIOR;9021;31;ESPERANZA
17-06-2023;PA211;C54;KOM 930 E;Lastre Oxidado;ESP/F10/2296/1051;FASE 10;BOT_RAMPA_INFERIOR;5820;20;ESPERANZA
17-06-2023;PA211;C55;KOM 930 E;Lastre Oxidado;ESP/F10/2296/1051;FASE 10;BOT_CENTRAL_SUR_INF;291;1;ESPERANZA
17-06-2023;PA211;C55;KOM 930 E;Lastre Oxidado;ESP/F10/2296/1051;FASE 10;BOT_RAMPA_INFERIOR;2328;8;ESPERANZA
17-06-2023;PA211;C56;KOM 930 E;Lastre Oxidado;ESP/F10/2296/1051;FASE 10;BOT_CENTRAL_SUR_INF;582;2;ESPERANZA
17-06-2023;PA211;C56;KOM 930 E;Lastre Oxidado;ESP/F10/2296/1051;FASE 10;BOT_RAMPA_INFERIOR;6984;24;ESPERANZA
17-06-2023;PA211;C57;KOM 930 E;Lastre Oxidado;ESP/F10/2296/1051;FASE 10;BOT_RAMPA_INFERIOR;2328;8;ESPERANZA
17-06-2023;PA211;C59;KOM 930 E;Lastre Oxidado;ESP/F10/2296/1051;FASE 10;BOT_CENTRAL_SUR_INF;291;1;ESPERANZA
17-06-2023;PA211;C59;KOM 930 E;Lastre Oxidado;ESP/F10/2296/1051;FASE 10;BOT_RAMPA_INFERIOR;9021;31;ESPERANZA
17-06-2023;PA211;C60;KOM 930 E;Lastre Oxidado;ESP/F10/2296/1051;FASE 10;BOT_CENTRAL_SUR_INF;291;1;ESPERANZA
17-06-2023;PA211;C60;KOM 930 E;Lastre Oxidado;ESP/F10/2296/1051;FASE 10;BOT_RAMPA_INFERIOR;4656;16;ESPERANZA
17-06-2023;PA211;C61;KOM 930 E;Lastre Oxidado;ESP/F10/2296/1051;FASE 10;BOT_CENTRAL_SUR_INF;582;2;ESPERANZA
17-06-2023;PA211;C61;KOM 930 E;Lastre Oxidado;ESP/F10/2296/1051;FASE 10;BOT_RAMPA_INFERIOR;1164;4;ESPERANZA
17-06-2023;PA26;C07;CAT 797 B;Lastre Sulfurado;ESP/F07/2120/731;FASE 7;BOT_2380_INT;692,8079834;2;ESPERANZA
17-06-2023;PA26;C09;CAT 797 B;Lastre Sulfurado;ESP/F07/2120/731;FASE 7;BOT_2380_INT;346,4039917;1;ESPERANZA
17-06-2023;PA26;C10;CAT 797 B;Lastre Sulfurado;ESP/F07/2120/731;FASE 7;BOT_2380_INT;346,4039917;1;ESPERANZA
17-06-2023;PA26;C11;CAT 797 B;Lastre Sulfurado;ESP/F07/2120/731;FASE 7;BOT_2380_INT;346,4039917;1;ESPERANZA
17-06-2023;PA26;C12;CAT 797 B;Lastre Sulfurado;ESP/F07/2120/731;FASE 7;BOT_2380_INT;1732,019958;5;ESPERANZA
17-06-2023;PA26;C13;CAT 797 B;Lastre Sulfurado;ESP/F07/2120/731;FASE 7;BOT_2380_INT;692,8079834;2;ESPERANZA
17-06-2023;PA26;C130;CAT 793 C;Lastre Sulfurado;ESP/F07/2120/731;FASE 7;BOT_2380_INT;216,4360046;1;ESPERANZA
17-06-2023;PA26;C14;CAT 797 B;Lastre Sulfurado;ESP/F07/2120/731;FASE 7;BOT_2380_INT;1385,615967;4;ESPERANZA
17-06-2023;PA26;C151;CAT 793 F;Lastre Sulfurado;ESP/F07/2120/731;FASE 7;BOT_2380_INT;216,4360046;1;ESPERANZA
17-06-2023;PA26;C154;CAT 793 F;Lastre Sulfurado;ESP/F07/2120/731;FASE 7;BOT_2380_INT;432,8720093;2;ESPERANZA
17-06-2023;PA26;C16;CAT 797 B;Lastre Sulfurado;ESP/F07/2120/731;FASE 7;BOT_2380_INT;2078,42395;6;ESPERANZA
17-06-2023;PA26;C162;CAT 793 F;Lastre Sulfurado;ESP/F07/2120/731;FASE 7;BOT_2380_INT;649,3089905;3;ESPERANZA
17-06-2023;PA26;C17;CAT 797 F;Lastre Sulfurado;ESP/F07/2120/731;FASE 7;BOT_2380_INT;346,4039917;1;ESPERANZA
17-06-2023;PA26;C18;CAT 797 F;Lastre Sulfurado;ESP/F07/2120/731;FASE 7;BOT_2380_INT;1039,211975;3;ESPERANZA
17-06-2023;PA26;C19;CAT 797 F;Lastre Sulfurado;ESP/F07/2120/731;FASE 7;BOT_2380_INT;1732,017944;5;ESPERANZA
17-06-2023;PA26;C21;CAT 797 F;Lastre Sulfurado;ESP/F07/2120/731;FASE 7;BOT_2380_INT;692,8079834;2;ESPERANZA
17-06-2023;PA26;C22;CAT 797 F;Lastre Sulfurado;ESP/F07/2120/731;FASE 7;BOT_2380_INT;1039,211975;3;ESPERANZA
17-06-2023;PA26;C23;CAT 797 F;Lastre Sulfurado;ESP/F07/2120/731;FASE 7;BOT_2380_INT;692,8079834;2;ESPERANZA
17-06-2023;PA26;C24;CAT 797 F;Lastre Sulfurado;ESP/F07/2120/731;FASE 7;BOT_2380_INT;1385,615967;4;ESPERANZA
17-06-2023;PA26;C25;CAT 797 F;Lastre Sulfurado;ESP/F07/2120/731;FASE 7;BOT_2380_INT;692,8079834;2;ESPERANZA
17-06-2023;PA26;C34;CAT 797 F;Lastre Sulfurado;ESP/F07/2120/731;FASE 7;BOT_2380_INT;1732,019958;5;ESPERANZA
17-06-2023;PA26;C36;CAT 797 F;Lastre Sulfurado;ESP/F07/2120/731;FASE 7;BOT_2380_INT;692,8079834;2;ESPERANZA
17-06-2023;PA26;C37;CAT 797 F;Lastre Sulfurado;ESP/F07/2120/731;FASE 7;BOT_2380_INT;1385,613953;4;ESPERANZA
17-06-2023;PA26;C38;CAT 797 F;Lastre Sulfurado;ESP/F07/2120/731;FASE 7;BOT_2380_INT;346,4039917;1;ESPERANZA
17-06-2023;PA26;C39;CAT 797 F;Lastre Sulfurado;ESP/F07/2120/731;FASE 7;BOT_2380_INT;1385,613953;4;ESPERANZA
17-06-2023;PA26;C40;CAT 797 F;Lastre Sulfurado;ESP/F07/2120/731;FASE 7;BOT_2380_INT;346,4039917;1;ESPERANZA
17-06-2023;PA26;C41;CAT 797 F;Lastre Sulfurado;ESP/F07/2120/731;FASE 7;BOT_2380_INT;1385,615967;4;ESPERANZA
17-06-2023;PA26;C42;CAT 797 F;Lastre Sulfurado;ESP/F07/2120/731;FASE 7;BOT_2380_INT;1039,211975;3;ESPERANZA
17-06-2023;PA26;C43;CAT 797 F;Lastre Oxidado;ESP/F07/2120/730;FASE 7;BOT_2380_INT;346,4039917;1;ESPERANZA
17-06-2023;PA26;C43;CAT 797 F;Lastre Sulfurado;ESP/F07/2120/731;FASE 7;BOT_2380_INT;692,8079834;2;ESPERANZA
17-06-2023;PA26;C44;CAT 797 F;Lastre Sulfurado;ESP/F07/2120/731;FASE 7;BOT_2380_INT;1385,615967;4;ESPERANZA
17-06-2023;PA26;C45;CAT 797 F;Lastre Sulfurado;ESP/F07/2120/731;FASE 7;BOT_2380_INT;346,4039917;1;ESPERANZA
17-06-2023;PA26;C46;CAT 797 F;Lastre Sulfurado;ESP/F07/2120/731;FASE 7;BOT_2380_INT;1732,017944;5;ESPERANZA
17-06-2023;PA26;C47;CAT 797 F;Lastre Sulfurado;ESP/F07/2120/731;FASE 7;BOT_2380_INT;692,8079834;2;ESPERANZA
17-06-2023;PA26;C48;CAT 797 F;Lastre Sulfurado;ESP/F07/2120/731;FASE 7;BOT_2380_INT;346,4039917;1;ESPERANZA
17-06-2023;PA26;C52;KOM 930 E;Lastre Sulfurado;ESP/F07/2120/731;FASE 7;BOT_2380_INT;873;3;ESPERANZA
17-06-2023;PA26;C54;KOM 930 E;Lastre Sulfurado;ESP/F07/2120/731;FASE 7;BOT_2380_INT;291;1;ESPERANZA
17-06-2023;PA26;C56;KOM 930 E;Lastre Sulfurado;ESP/F07/2120/731;FASE 7;BOT_2380_INT;291;1;ESPERANZA
17-06-2023;PA26;C61;KOM 930 E;Lastre Sulfurado;ESP/F07/2120/731;FASE 7;BOT_2380_INT;582;2;ESPERANZA
17-06-2023;PA3;C07;CAT 797 B;Lastre Oxidado;ESP/F07/2104/711;FASE 7;BOT_2380_INT;2078,424011;6;ESPERANZA
17-06-2023;PA3;C08;CAT 797 B;Lastre Oxidado;ESP/F07/2104/711;FASE 7;BOT_2380_INT;2078,419922;6;ESPERANZA
17-06-2023;PA3;C09;CAT 797 B;Lastre Oxidado;ESP/F07/2104/711;FASE 7;BOT_2380_INT;1039,209961;3;ESPERANZA
17-06-2023;PA3;C10;CAT 797 B;Lastre Oxidado;ESP/F07/2104/711;FASE 7;BOT_2380_INT;1385,613953;4;ESPERANZA
17-06-2023;PA3;C11;CAT 797 B;Lastre Oxidado;ESP/F07/2104/711;FASE 7;BOT_2380_INT;1039,211975;3;ESPERANZA
17-06-2023;PA3;C12;CAT 797 B;Lastre Oxidado;ESP/F07/2104/711;FASE 7;BOT_2380_INT;346,4039917;1;ESPERANZA
17-06-2023;PA3;C13;CAT 797 B;Lastre Oxidado;ESP/F07/2104/711;FASE 7;BOT_2380_INT;1385,613953;4;ESPERANZA
17-06-2023;PA3;C14;CAT 797 B;Lastre Oxidado;ESP/F07/2104/711;FASE 7;BOT_2380_INT;1039,209961;3;ESPERANZA
17-06-2023;PA3;C151;CAT 793 F;Lastre Oxidado;ESP/F07/2104/711;FASE 7;BOT_2380_INT;216,4360046;1;ESPERANZA
17-06-2023;PA3;C152;CAT 793 F;Lastre Oxidado;ESP/F07/2104/711;FASE 7;BOT_2380_INT;216,4360046;1;ESPERANZA
17-06-2023;PA3;C154;CAT 793 F;Lastre Oxidado;ESP/F07/2104/711;FASE 7;BOT_2380_INT;865,7459717;4;ESPERANZA
17-06-2023;PA3;C159;CAT 793 F;Lastre Oxidado;ESP/F07/2104/711;FASE 7;BOT_2380_INT;216,4360046;1;ESPERANZA
17-06-2023;PA3;C160;CAT 793 F;Lastre Oxidado;ESP/F07/2104/711;FASE 7;BOT_2380_INT;216,4360046;1;ESPERANZA
17-06-2023;PA3;C163;CAT 793 F;Lastre Oxidado;ESP/F07/2104/711;FASE 7;BOT_2380_INT;432,8729858;2;ESPERANZA
17-06-2023;PA3;C17;CAT 797 F;Lastre Oxidado;ESP/F07/2104/711;FASE 7;BOT_2380_INT;2424,83197;7;ESPERANZA
17-06-2023;PA3;C18;CAT 797 F;Lastre Oxidado;ESP/F07/2104/711;FASE 7;BOT_2380_INT;346,4039917;1;ESPERANZA
17-06-2023;PA3;C19;CAT 797 F;Lastre Oxidado;ESP/F07/2104/711;FASE 7;BOT_2380_INT;692,8079834;2;ESPERANZA
17-06-2023;PA3;C21;CAT 797 F;Lastre Oxidado;ESP/F07/2104/711;FASE 7;BOT_2380_INT;1385,619995;4;ESPERANZA
17-06-2023;PA3;C22;CAT 797 F;Lastre Oxidado;ESP/F07/2104/711;FASE 7;BOT_2380_INT;1732,023987;5;ESPERANZA
17-06-2023;PA3;C23;CAT 797 F;Lastre Oxidado;ESP/F07/2104/711;FASE 7;BOT_2380_INT;2424,823914;7;ESPERANZA
17-06-2023;PA3;C24;CAT 797 F;Lastre Oxidado;ESP/F07/2104/711;FASE 7;BOT_2380_INT;692,8079834;2;ESPERANZA
17-06-2023;PA3;C25;CAT 797 F;Lastre Oxidado;ESP/F07/2104/711;FASE 7;BOT_2380_INT;3117,638062;9;ESPERANZA
17-06-2023;PA3;C32;CAT 797 F;Lastre Oxidado;ESP/F07/2104/711;FASE 7;BOT_2380_INT;692,8079834;2;ESPERANZA
17-06-2023;PA3;C34;CAT 797 F;Lastre Oxidado;ESP/F07/2104/711;FASE 7;BOT_2380_INT;1039,211975;3;ESPERANZA
17-06-2023;PA3;C37;CAT 797 F;Lastre Oxidado;ESP/F07/2104/711;FASE 7;BOT_2380_INT;2078,421936;6;ESPERANZA
17-06-2023;PA3;C38;CAT 797 F;Lastre Oxidado;ESP/F07/2104/711;FASE 7;BOT_2380_INT;1732,017944;5;ESPERANZA
17-06-2023;PA3;C39;CAT 797 F;Lastre Oxidado;ESP/F07/2104/711;FASE 7;BOT_2380_INT;1039,209961;3;ESPERANZA
17-06-2023;PA3;C41;CAT 797 F;Lastre Oxidado;ESP/F07/2104/711;FASE 7;BOT_2380_INT;346,4039917;1;ESPERANZA
17-06-2023;PA3;C42;CAT 797 F;Lastre Oxidado;ESP/F07/2104/711;FASE 7;BOT_2380_INT;1039,209961;3;ESPERANZA
17-06-2023;PA3;C44;CAT 797 F;Lastre Oxidado;ESP/F07/2104/711;FASE 7;BOT_2380_INT;1732,017944;5;ESPERANZA
17-06-2023;PA3;C45;CAT 797 F;Lastre Oxidado;ESP/F07/2104/711;FASE 7;BOT_2380_INT;1385,613953;4;ESPERANZA
17-06-2023;PA3;C46;CAT 797 F;Lastre Oxidado;ESP/F07/2104/711;FASE 7;BOT_2380_INT;1732,02002;5;ESPERANZA
17-06-2023;PA3;C47;CAT 797 F;Lastre Oxidado;ESP/F07/2104/711;FASE 7;BOT_2380_INT;692,8079834;2;ESPERANZA
17-06-2023;PA3;C49;KOM 930 E;Lastre Oxidado;ESP/F07/2104/711;FASE 7;BOT_2380_INT;873;3;ESPERANZA
17-06-2023;PA3;C50;KOM 930 E;Lastre Oxidado;ESP/F07/2104/711;FASE 7;BOT_2380_INT;582;2;ESPERANZA
17-06-2023;PA3;C51;KOM 930 E;Lastre Oxidado;ESP/F07/2104/711;FASE 7;BOT_2380_INT;582;2;ESPERANZA
17-06-2023;PA3;C52;KOM 930 E;Lastre Oxidado;ESP/F07/2104/711;FASE 7;BOT_2380_INT;582;2;ESPERANZA
17-06-2023;PA3;C53;KOM 930 E;Lastre Oxidado;ESP/F07/2104/711;FASE 7;BOT_2380_INT;291;1;ESPERANZA
17-06-2023;PA3;C55;KOM 930 E;Lastre Oxidado;ESP/F07/2104/711;FASE 7;BOT_2380_INT;582;2;ESPERANZA
17-06-2023;PA3;C57;KOM 930 E;Lastre Oxidado;ESP/F07/2104/711;FASE 7;BOT_2380_INT;291;1;ESPERANZA
17-06-2023;PA3;C60;KOM 930 E;Lastre Oxidado;ESP/F07/2104/711;FASE 7;BOT_2380_INT;873;3;ESPERANZA
17-06-2023;PA3;C61;KOM 930 E;Lastre Oxidado;ESP/F07/2104/711;FASE 7;BOT_2380_INT;1455;5;ESPERANZA
17-06-2023;PA4;C121;CAT 793 C;Lastre Oxidado;ESP/F10/2328/129;FASE 10;BOT_RAMPA_INFERIOR;216,4360046;1;ESPERANZA
17-06-2023;PA4;C123;CAT 793 C;Lastre Oxidado;ESP/F10/2328/129;FASE 10;BOT_CENTRAL_SUR_INF;216,4360046;1;ESPERANZA
17-06-2023;PA4;C123;CAT 793 C;Lastre Oxidado;ESP/F10/2328/129;FASE 10;BOT_RAMPA_INFERIOR;432,8729858;2;ESPERANZA
17-06-2023;PA4;C125;CAT 793 C;Lastre Oxidado;ESP/F10/2328/129;FASE 10;BOT_RAMPA_INFERIOR;216,4360046;1;ESPERANZA
17-06-2023;PA4;C131;CAT 793 C;Lastre Oxidado;ESP/F10/2328/129;FASE 10;BOT_RAMPA_INFERIOR;216,4360046;1;ESPERANZA
17-06-2023;PA4;C134;CAT 793 C;Lastre Oxidado;ESP/F10/2328/129;FASE 10;BOT_RAMPA_INFERIOR;216,4360046;1;ESPERANZA
17-06-2023;PA4;C151;CAT 793 F;Lastre Oxidado;ESP/F10/2328/129;FASE 10;BOT_RAMPA_INFERIOR;216,4360046;1;ESPERANZA
17-06-2023;PA4;C160;CAT 793 F;Lastre Oxidado;ESP/F10/2328/129;FASE 10;BOT_RAMPA_INFERIOR;1298,618042;6;ESPERANZA
17-06-2023;PA4;C163;CAT 793 F;Lastre Oxidado;ESP/F10/2328/129;FASE 10;BOT_RAMPA_INFERIOR;432,8729858;2;ESPERANZA
17-06-2023;PA4;C164;CAT 793 F;Lastre Oxidado;ESP/F10/2328/129;FASE 10;BOT_RAMPA_INFERIOR;432,8729858;2;ESPERANZA
17-06-2023;PA4;C49;KOM 930 E;Lastre Oxidado;ESP/F10/2328/129;FASE 10;BOT_RAMPA_INFERIOR;2328;8;ESPERANZA
17-06-2023;PA4;C50;KOM 930 E;Lastre Oxidado;ESP/F10/2328/129;FASE 10;BOT_RAMPA_INFERIOR;2037;7;ESPERANZA
17-06-2023;PA4;C51;KOM 930 E;Lastre Oxidado;ESP/F10/2328/129;FASE 10;BOT_CENTRAL_SUR_INF;291;1;ESPERANZA
17-06-2023;PA4;C51;KOM 930 E;Lastre Oxidado;ESP/F10/2328/129;FASE 10;BOT_RAMPA_INFERIOR;582;2;ESPERANZA
17-06-2023;PA4;C52;KOM 930 E;Lastre Oxidado;ESP/F10/2328/129;FASE 10;BOT_RAMPA_INFERIOR;1164;4;ESPERANZA
17-06-2023;PA4;C53;KOM 930 E;Lastre Oxidado;ESP/F10/2328/129;FASE 10;BOT_RAMPA_INFERIOR;873;3;ESPERANZA
17-06-2023;PA4;C54;KOM 930 E;Lastre Oxidado;ESP/F10/2328/129;FASE 10;BOT_RAMPA_INFERIOR;2037;7;ESPERANZA
17-06-2023;PA4;C55;KOM 930 E;Lastre Oxidado;ESP/F10/2328/129;FASE 10;BOT_CENTRAL_SUR_INF;291;1;ESPERANZA
17-06-2023;PA4;C55;KOM 930 E;Lastre Oxidado;ESP/F10/2328/129;FASE 10;BOT_RAMPA_INFERIOR;873;3;ESPERANZA
17-06-2023;PA4;C56;KOM 930 E;Lastre Oxidado;ESP/F10/2328/129;FASE 10;BOT_RAMPA_INFERIOR;2037;7;ESPERANZA
17-06-2023;PA4;C57;KOM 930 E;Lastre Oxidado;ESP/F10/2328/129;FASE 10;BOT_RAMPA_INFERIOR;291;1;ESPERANZA
17-06-2023;PA4;C59;KOM 930 E;Lastre Oxidado;ESP/F10/2328/129;FASE 10;BOT_RAMPA_INFERIOR;2037;7;ESPERANZA
17-06-2023;PA4;C60;KOM 930 E;Lastre Oxidado;ESP/F10/2328/129;FASE 10;BOT_RAMPA_INFERIOR;2910;10;ESPERANZA
17-06-2023;PA4;C61;KOM 930 E;Lastre Oxidado;ESP/F10/2328/129;FASE 10;BOT_RAMPA_INFERIOR;582;2;ESPERANZA
17-06-2023;PA6;C09;CAT 797 B;Lastre Sulfurado;ESP/F07/2120/7290;FASE 7;BOT_2380_INT;692,8079834;2;ESPERANZA
17-06-2023;PA6;C12;CAT 797 B;Lastre Sulfurado;ESP/F07/2120/7290;FASE 7;BOT_2380_INT;346,4039917;1;ESPERANZA
17-06-2023;PA6;C14;CAT 797 B;Lastre Sulfurado;ESP/F07/2120/7290;FASE 7;BOT_2380_INT;346,4039917;1;ESPERANZA
17-06-2023;PA6;C152;CAT 793 F;Lastre Sulfurado;ESP/F07/2120/7290;FASE 7;BOT_2380_INT;216,4360046;1;ESPERANZA
17-06-2023;PA6;C153;CAT 793 F;Lastre Sulfurado;ESP/F10/2296/1050;FASE 10;BOT_RAMPA_INFERIOR;216,4360046;1;ESPERANZA
17-06-2023;PA6;C156;CAT 793 F;Lastre Sulfurado;ESP/F10/2296/1050;FASE 10;BOT_RAMPA_INFERIOR;216,4360046;1;ESPERANZA
17-06-2023;PA6;C160;CAT 793 F;Lastre Sulfurado;ESP/F07/2120/7290;FASE 7;BOT_2380_INT;216,4360046;1;ESPERANZA
17-06-2023;PA6;C163;CAT 793 F;Lastre Sulfurado;ESP/F07/2120/7290;FASE 7;BOT_2380_INT;216,4360046;1;ESPERANZA
17-06-2023;PA6;C163;CAT 793 F;Lastre Sulfurado;ESP/F07/2120/7290;FASE 7;BOT_RAMPA_INFERIOR;216,4360046;1;ESPERANZA
17-06-2023;PA6;C17;CAT 797 F;Lastre Sulfurado;ESP/F07/2120/7290;FASE 7;BOT_2380_INT;346,4039917;1;ESPERANZA
17-06-2023;PA6;C21;CAT 797 F;Lastre Sulfurado;ESP/F07/2120/7290;FASE 7;BOT_2380_INT;692,8079834;2;ESPERANZA
17-06-2023;PA6;C22;CAT 797 F;Lastre Sulfurado;ESP/F07/2120/7290;FASE 7;BOT_2380_INT;692,8079834;2;ESPERANZA
17-06-2023;PA6;C25;CAT 797 F;Lastre Sulfurado;ESP/F07/2120/7290;FASE 7;BOT_2380_INT;346,4039917;1;ESPERANZA
17-06-2023;PA6;C34;CAT 797 F;Lastre Sulfurado;ESP/F07/2120/7290;FASE 7;BOT_2380_INT;346,4039917;1;ESPERANZA
17-06-2023;PA6;C38;CAT 797 F;Lastre Sulfurado;ESP/F07/2120/7290;FASE 7;BOT_2380_INT;346,4039917;1;ESPERANZA
17-06-2023;PA6;C39;CAT 797 F;Lastre Sulfurado;ESP/F07/2120/7290;FASE 7;BOT_2380_INT;346,4039917;1;ESPERANZA
17-06-2023;PA6;C47;CAT 797 F;Lastre Sulfurado;ESP/F07/2120/7290;FASE 7;BOT_RAMPA_INFERIOR;346,4039917;1;ESPERANZA
17-06-2023;PA6;C48;CAT 797 F;Lastre Sulfurado;ESP/F07/2120/7290;FASE 7;BOT_2380_INT;346,4039917;1;ESPERANZA
17-06-2023;PA6;C49;KOM 930 E;Lastre Sulfurado;ESP/F07/2120/7290;FASE 7;BOT_2380_INT;291;1;ESPERANZA
17-06-2023;PA6;C49;KOM 930 E;Lastre Sulfurado;ESP/F10/2296/1050;FASE 10;BOT_RAMPA_INFERIOR;873;3;ESPERANZA
17-06-2023;PA6;C50;KOM 930 E;Lastre Sulfurado;ESP/F10/2296/1050;FASE 10;BOT_RAMPA_INFERIOR;1746;6;ESPERANZA
17-06-2023;PA6;C51;KOM 930 E;Lastre Sulfurado;ESP/F10/2296/1050;FASE 10;BOT_RAMPA_INFERIOR;1164;4;ESPERANZA
17-06-2023;PA6;C52;KOM 930 E;Lastre Sulfurado;ESP/F10/2296/1050;FASE 10;BOT_RAMPA_INFERIOR;1455;5;ESPERANZA
17-06-2023;PA6;C53;KOM 930 E;Lastre Sulfurado;ESP/F10/2296/1050;FASE 10;BOT_RAMPA_INFERIOR;2619;9;ESPERANZA
17-06-2023;PA6;C54;KOM 930 E;Lastre Sulfurado;ESP/F10/2296/1050;FASE 10;BOT_RAMPA_INFERIOR;2037;7;ESPERANZA
17-06-2023;PA6;C55;KOM 930 E;Lastre Sulfurado;ESP/F07/2120/7290;FASE 7;BOT_2380_INT;582;2;ESPERANZA
17-06-2023;PA6;C55;KOM 930 E;Lastre Sulfurado;ESP/F10/2296/1050;FASE 10;BOT_CENTRAL_SUR_INF;291;1;ESPERANZA
17-06-2023;PA6;C55;KOM 930 E;Lastre Sulfurado;ESP/F10/2296/1050;FASE 10;BOT_RAMPA_INFERIOR;1164;4;ESPERANZA
17-06-2023;PA6;C56;KOM 930 E;Lastre Sulfurado;ESP/F10/2296/1050;FASE 10;BOT_RAMPA_INFERIOR;582;2;ESPERANZA
17-06-2023;PA6;C57;KOM 930 E;Lastre Sulfurado;ESP/F10/2296/1050;FASE 10;BOT_RAMPA_INFERIOR;291;1;ESPERANZA
17-06-2023;PA6;C59;KOM 930 E;Lastre Sulfurado;ESP/F10/2296/1050;FASE 10;BOT_RAMPA_INFERIOR;873;3;ESPERANZA
17-06-2023;PA6;C60;KOM 930 E;Lastre Sulfurado;ESP/F07/2120/7290;FASE 7;BOT_2380_INT;291;1;ESPERANZA
17-06-2023;PA6;C60;KOM 930 E;Lastre Sulfurado;ESP/F10/2296/1050;FASE 10;BOT_RAMPA_INFERIOR;1164;4;ESPERANZA
17-06-2023;PA6;C61;KOM 930 E;Lastre Sulfurado;ESP/F07/2120/7290;FASE 7;BOT_RAMPA_INFERIOR;291;1;ESPERANZA
17-06-2023;PA6;C61;KOM 930 E;Lastre Sulfurado;ESP/F10/2296/1050;FASE 10;BOT_RAMPA_INFERIOR;873;3;ESPERANZA
17-06-2023;PA7;C07;CAT 797 B;Lastre Oxidado;ESP/F07/2120/732;FASE 7;BOT_2380_INT;3117,639954;9;ESPERANZA
17-06-2023;PA7;C08;CAT 797 B;Lastre Oxidado;ESP/F07/2120/732;FASE 7;BOT_2380_INT;2424,827942;7;ESPERANZA
17-06-2023;PA7;C09;CAT 797 B;Lastre Oxidado;ESP/F07/2120/732;FASE 7;BOT_2380_INT;3117,639954;9;ESPERANZA
17-06-2023;PA7;C10;CAT 797 B;Lastre Oxidado;ESP/F07/2120/732;FASE 7;BOT_2380_INT;346,4039917;1;ESPERANZA
17-06-2023;PA7;C11;CAT 797 B;Lastre Oxidado;ESP/F07/2120/732;FASE 7;BOT_2380_INT;3117,633972;9;ESPERANZA
17-06-2023;PA7;C12;CAT 797 B;Lastre Oxidado;ESP/F07/2120/732;FASE 7;BOT_2380_INT;2424,829956;7;ESPERANZA
17-06-2023;PA7;C13;CAT 797 B;Lastre Oxidado;ESP/F07/2120/732;FASE 7;BOT_2380_INT;2424,825928;7;ESPERANZA
17-06-2023;PA7;C14;CAT 797 B;Lastre Oxidado;ESP/F07/2120/732;FASE 7;BOT_2380_INT;2424,823914;7;ESPERANZA
17-06-2023;PA7;C151;CAT 793 F;Lastre Oxidado;ESP/F07/2120/732;FASE 7;BOT_2380_INT;432,8729858;2;ESPERANZA
17-06-2023;PA7;C152;CAT 793 F;Lastre Oxidado;ESP/F07/2120/732;FASE 7;BOT_2380_INT;216,4360046;1;ESPERANZA
17-06-2023;PA7;C16;CAT 797 B;Lastre Oxidado;ESP/F07/2120/732;FASE 7;BOT_2380_INT;2771,235962;8;ESPERANZA
17-06-2023;PA7;C160;CAT 793 F;Lastre Oxidado;ESP/F07/2120/732;FASE 7;BOT_2380_INT;649,3089905;3;ESPERANZA
17-06-2023;PA7;C162;CAT 793 F;Lastre Oxidado;ESP/F07/2120/732;FASE 7;BOT_2380_INT;216,4360046;1;ESPERANZA
17-06-2023;PA7;C163;CAT 793 F;Lastre Oxidado;ESP/F07/2120/732;FASE 7;BOT_2380_INT;649,309021;3;ESPERANZA
17-06-2023;PA7;C17;CAT 797 F;Lastre Oxidado;ESP/F07/2120/732;FASE 7;BOT_2380_INT;3117,631897;9;ESPERANZA
17-06-2023;PA7;C18;CAT 797 F;Lastre Oxidado;ESP/F07/2120/732;FASE 7;BOT_2380_INT;692,8079834;2;ESPERANZA
17-06-2023;PA7;C19;CAT 797 F;Lastre Oxidado;ESP/F07/2120/732;FASE 7;BOT_2380_INT;1385,615967;4;ESPERANZA
17-06-2023;PA7;C21;CAT 797 F;Lastre Oxidado;ESP/F07/2120/732;FASE 7;BOT_2380_INT;3464,042053;10;ESPERANZA
17-06-2023;PA7;C22;CAT 797 F;Lastre Oxidado;ESP/F07/2120/732;FASE 7;BOT_2380_INT;2078,427979;6;ESPERANZA
17-06-2023;PA7;C23;CAT 797 F;Lastre Oxidado;ESP/F07/2120/732;FASE 7;BOT_2380_INT;1732,017944;5;ESPERANZA
17-06-2023;PA7;C24;CAT 797 F;Lastre Oxidado;ESP/F07/2120/732;FASE 7;BOT_2380_INT;1732,019958;5;ESPERANZA
17-06-2023;PA7;C25;CAT 797 F;Lastre Oxidado;ESP/F07/2120/732;FASE 7;BOT_2380_INT;1385,613953;4;ESPERANZA
17-06-2023;PA7;C32;CAT 797 F;Lastre Oxidado;ESP/F07/2120/732;FASE 7;BOT_2380_INT;3810,446045;11;ESPERANZA
17-06-2023;PA7;C34;CAT 797 F;Lastre Oxidado;ESP/F07/2120/732;FASE 7;BOT_2380_INT;2771,235962;8;ESPERANZA
17-06-2023;PA7;C37;CAT 797 F;Lastre Oxidado;ESP/F07/2120/732;FASE 7;BOT_2380_INT;2078,421936;6;ESPERANZA
17-06-2023;PA7;C38;CAT 797 F;Lastre Oxidado;ESP/F07/2120/732;FASE 7;BOT_2380_INT;2078,427979;6;ESPERANZA
17-06-2023;PA7;C39;CAT 797 F;Lastre Oxidado;ESP/F07/2120/732;FASE 7;BOT_2380_INT;692,8079834;2;ESPERANZA
17-06-2023;PA7;C40;CAT 797 F;Lastre Oxidado;ESP/F07/2120/732;FASE 7;BOT_2380_INT;1385,613953;4;ESPERANZA
17-06-2023;PA7;C41;CAT 797 F;Lastre Oxidado;ESP/F07/2120/732;FASE 7;BOT_2380_INT;1732,017944;5;ESPERANZA
17-06-2023;PA7;C42;CAT 797 F;Lastre Oxidado;ESP/F07/2120/732;FASE 7;BOT_2380_INT;1385,613953;4;ESPERANZA
17-06-2023;PA7;C43;CAT 797 F;Lastre Oxidado;ESP/F07/2120/732;FASE 7;BOT_2380_INT;1732,019958;5;ESPERANZA
17-06-2023;PA7;C43;CAT 797 F;Lastre Oxidado;ESP/F07/2120/732;FASE 7;BOT_RAMPA_INFERIOR;346,4039917;1;ESPERANZA
17-06-2023;PA7;C44;CAT 797 F;Lastre Oxidado;ESP/F07/2120/732;FASE 7;BOT_2380_INT;2424,827942;7;ESPERANZA
17-06-2023;PA7;C45;CAT 797 F;Lastre Oxidado;ESP/F07/2120/732;FASE 7;BOT_2380_INT;692,8079834;2;ESPERANZA
17-06-2023;PA7;C46;CAT 797 F;Lastre Oxidado;ESP/F07/2120/732;FASE 7;BOT_2380_INT;1385,615967;4;ESPERANZA
17-06-2023;PA7;C47;CAT 797 F;Lastre Oxidado;ESP/F07/2120/732;FASE 7;BOT_2380_INT;2771,235962;8;ESPERANZA
17-06-2023;PA7;C48;CAT 797 F;Lastre Oxidado;ESP/F07/2120/732;FASE 7;BOT_2380_INT;3464,043945;10;ESPERANZA
17-06-2023;PA7;C49;KOM 930 E;Lastre Oxidado;ESP/F07/2120/732;FASE 7;BOT_2380_INT;1746;6;ESPERANZA
17-06-2023;PA7;C52;KOM 930 E;Lastre Oxidado;ESP/F07/2120/732;FASE 7;BOT_2380_INT;291;1;ESPERANZA
17-06-2023;PA7;C53;KOM 930 E;Lastre Oxidado;ESP/F07/2120/732;FASE 7;BOT_2380_INT;291;1;ESPERANZA
17-06-2023;PA7;C54;KOM 930 E;Lastre Oxidado;ESP/F07/2120/732;FASE 7;BOT_2380_INT;873;3;ESPERANZA
17-06-2023;PA7;C55;KOM 930 E;Lastre Oxidado;ESP/F07/2120/732;FASE 7;BOT_2380_INT;1746;6;ESPERANZA
17-06-2023;PA7;C56;KOM 930 E;Lastre Oxidado;ESP/F07/2120/732;FASE 7;BOT_2380_INT;582;2;ESPERANZA
17-06-2023;PA7;C59;KOM 930 E;Lastre Oxidado;ESP/F07/2120/732;FASE 7;BOT_2380_INT;291;1;ESPERANZA
17-06-2023;PA7;C60;KOM 930 E;Lastre Oxidado;ESP/F07/2120/732;FASE 7;BOT_2380_INT;1746;6;ESPERANZA
17-06-2023;PA7;C61;KOM 930 E;Lastre Oxidado;ESP/F07/2120/732;FASE 7;BOT_2380_INT;873;3;ESPERANZA
17-06-2023;PAESPS;C20115ESPS;KOM 980 ESPS;Sulfuro Baja Ley;ESS/F02/2120/2131;F02 ESPSUR;CHANCADO-SULFURO;5760;16;ESPERANZA_SUR
17-06-2023;PAESPS;C20115ESPS;KOM 980 ESPS;Sulfuro de Media;ESS/F02/2104/204;F02 ESPSUR;CHANCADO-SULFURO;12600;35;ESPERANZA_SUR
17-06-2023;PAESPS;C980AHSESPS;Kom 980 AHS;Lastre Sulfurado;ESS/F02/2120/2131;F02 ESPSUR;BOTADERO_2021;18720;52;ESPERANZA_SUR
17-06-2023;PAESPS;C980AHSESPS;Kom 980 AHS;Lastre Sulfurado;ESS/F02/2120/R200;F02 ESPSUR;BOTADERO_2021;1800;5;ESPERANZA_SUR
17-06-2023;PAESPS;C980AHSESPS;Kom 980 AHS;Sulfuro de Media;ESS/F02/2104/204;F02 ESPSUR;STOCK_SME_ESS;2880;8;ESPERANZA_SUR
17-06-2023;PATH01;C701;LIEBHERR 264 ;LASTRE (LAS);LLA/F01/2295/103;F01 LLA;BOT_TSS;56502;258;LLANO
17-06-2023;PATH01;C701;LIEBHERR 264 ;LASTRE (LAS);LLA/F01/2295/105;F01 LLA;BOT_TSS;3285;15;LLANO
17-06-2023;PATH01;C701;LIEBHERR 264 ;LASTRE (LAS);LLA/F01/2295/106;F01 LLA;BOT_TSS;1971;9;LLANO
17-06-2023;PATH01;C701;LIEBHERR 264 ;LASTRE (LAS);LLA/F01/2295/1060;F01 LLA;BOT_TSS;2409;11;LLANO
17-06-2023;PATH01;C702;LIEBHERR 264 ;LASTRE (LAS);LLA/F01/2295/103;F01 LLA;BOT_TSS;3723;17;LLANO
17-06-2023;PATH01;C702;LIEBHERR 264 ;LASTRE (LAS);LLA/F01/2295/104;F01 LLA;BOT_TSS;1314;6;LLANO
17-06-2023;PATH01;C702;LIEBHERR 264 ;LASTRE (LAS);LLA/F01/2295/106;F01 LLA;BOT_TSS;18834;86;LLANO
17-06-2023;PATH01;C702;LIEBHERR 264 ;LASTRE (LAS);LLA/F01/2295/1060;F01 LLA;BOT_TSS;1095;5;LLANO
17-06-2023;PATH01;C793OXE;CAT 793 OXE;OBR;MOD_E_REM;ENCUENTRO OXE;CHANCADO-ENCUENTRO;2640;12;ENCUENTRO
17-06-2023;PATH01;C793OXE;CAT 793 OXE;OMR;STOCK_OXMAR_NORTE;ENCUENTRO OXE;CHANCADO-ENCUENTRO;4400;20;ENCUENTRO
17-06-2023;PATH01;C793OXE;CAT 793 OXE;ORM;MOD_B_REM;ENCUENTRO OXE;CHANCADO-ENCUENTRO;2860;13;ENCUENTRO
17-06-2023;PATH01;C793OXE;CAT 793 OXE;Oxido Baja Ley;OXE/F04/2144/416;FASE 04 ENC;CHANCADO-ENCUENTRO;16060;73;ENCUENTRO
17-06-2023;PATH01;C793OXE;CAT 793 OXE;Oxido Baja Ley;OXE/F04/2144/416;FASE 04 ENC;MOD D;1540;7;ENCUENTRO
17-06-2023;PATH01;C793OXE;CAT 793 OXE;Oxido Baja Ley;OXE/F04/2144/416;FASE 04 ENC;MOD E;7480;34;ENCUENTRO
17-06-2023;PATH01;C793OXE;CAT 793 OXE;OXIDO BAJA LEY (OXBL);OXE/F04/2144/415;FASE 04 ENC;CHANCADO-ENCUENTRO;14300;65;ENCUENTRO
17-06-2023;PATH01;C930OXE;KOM 930OXE;L21;04_2376_455;FASE 04 ENC;BOT.2420;101500;350;ENCUENTRO
17-06-2023;PATH01;C930OXE;KOM 930OXE;Oxido Baja Ley;OXE/F04/2144/416;FASE 04 ENC;MOD F;3190;11;ENCUENTRO
17-06-2023;PATH01;C930OXE;KOM 930OXE;OXIDO BAJA LEY (OXBL);OXE/F04/2144/415;FASE 04 ENC;MOD E;5510;19;ENCUENTRO
17-06-2023;PATH01;C930OXE;KOM 930OXE;OXIDO BAJA LEY (OXBL);OXE/F04/2144/415;FASE 04 ENC;MOD F;3480;12;ENCUENTRO