Fecha;Carguio;Camión;Flota;Material;Origen;Zona;Destino;Tonelaje;Ciclos;Rajo
18-06-2023;CF2;C125;CAT 793 C;Sulfuro Baja Ley;STOCK_SBL_ESS;ESPERANZA_SUR;CHANCADO-SULFURO;2603,521057;12;ESPERANZA_SUR
18-06-2023;CF2;C125;CAT 793 C;Sulfuro Baja Ley;STOCK_SBL1;ESPERANZA;CHANCADO-SULFURO;216,9600067;1;ESPERANZA
18-06-2023;CF2;C125;CAT 793 C;Sulfuro de Media;STOCK_SME;ESPERANZA;CHANCADO-SULFURO;1084,801987;5;ESPERANZA
18-06-2023;CF2;C128;CAT 793 C;Sulfuro Baja Ley;STOCK_SBL1;ESPERANZA;CHANCADO-SULFURO;1518,722961;7;ESPERANZA
18-06-2023;CF2;C130;CAT 793 C;Sulfuro de Media;STOCK_SME;ESPERANZA;CHANCADO-SULFURO;1084,801987;5;ESPERANZA
18-06-2023;CF2;C132;CAT 793 C;Sulfuro de Media;STOCK_SME;ESPERANZA;CHANCADO-SULFURO;216,9600067;1;ESPERANZA
18-06-2023;CF2;C15;CAT 797 B;Sulfuro Baja Ley;STOCK_SBL1;ESPERANZA;CHANCADO-SULFURO;2078,419922;6;ESPERANZA
18-06-2023;CF2;C15;CAT 797 B;Sulfuro de Media;STOCK_SME;ESPERANZA;CHANCADO-SULFURO;346,4039917;1;ESPERANZA
18-06-2023;CF2;C152;CAT 793 F;Sulfuro Baja Ley;STOCK_SBL1;ESPERANZA;CHANCADO-SULFURO;1518,72197;7;ESPERANZA
18-06-2023;CF2;C153;CAT 793 F;Sulfuro Baja Ley;STOCK_SBL_ESS;ESPERANZA_SUR;CHANCADO-SULFURO;1952,642029;9;ESPERANZA_SUR
18-06-2023;CF2;C153;CAT 793 F;Sulfuro Baja Ley;STOCK_SBL1;ESPERANZA;CHANCADO-SULFURO;433,92099;2;ESPERANZA
18-06-2023;CF2;C153;CAT 793 F;Sulfuro de Media;STOCK_SME;ESPERANZA;CHANCADO-SULFURO;216,9600067;1;ESPERANZA
18-06-2023;CF2;C155;CAT 793 F;Sulfuro de Media;STOCK_SME;ESPERANZA;CHANCADO-SULFURO;433,92099;2;ESPERANZA
18-06-2023;CF2;C156;CAT 793 F;Sulfuro Baja Ley;STOCK_SBL_ESS;ESPERANZA_SUR;CHANCADO-SULFURO;1952,64006;9;ESPERANZA_SUR
18-06-2023;CF2;C156;CAT 793 F;Sulfuro de Media;STOCK_SME;ESPERANZA;CHANCADO-SULFURO;2386,561005;11;ESPERANZA
18-06-2023;CF2;C159;CAT 793 F;Sulfuro de Media;STOCK_SME;ESPERANZA;CHANCADO-SULFURO;433,92099;2;ESPERANZA
18-06-2023;CF2;C160;CAT 793 F;Sulfuro Baja Ley;STOCK_SBL_ESS;ESPERANZA_SUR;CHANCADO-SULFURO;2603,521057;12;ESPERANZA_SUR
18-06-2023;CF2;C160;CAT 793 F;Sulfuro de Media;STOCK_SME;ESPERANZA;CHANCADO-SULFURO;1084,801987;5;ESPERANZA
18-06-2023;CF2;C18;CAT 797 F;Sulfuro Baja Ley;STOCK_SBL_ESS;ESPERANZA_SUR;CHANCADO-SULFURO;7274,481995;21;ESPERANZA_SUR
18-06-2023;CF2;C18;CAT 797 F;Sulfuro de Media;STOCK_SME;ESPERANZA;CHANCADO-SULFURO;3810,437866;11;ESPERANZA
18-06-2023;CF2;C20;CAT 797 F;Sulfuro Baja Ley;STOCK_SBL1;ESPERANZA;CHANCADO-SULFURO;692,8079834;2;ESPERANZA
18-06-2023;CF2;C32;CAT 797 F;Sulfuro Baja Ley;STOCK_SBL_ESS;ESPERANZA_SUR;CHANCADO-SULFURO;6235,269958;18;ESPERANZA_SUR
18-06-2023;CF2;C32;CAT 797 F;Sulfuro Baja Ley;STOCK_SBL1;ESPERANZA;CHANCADO-SULFURO;692,8079834;2;ESPERANZA
18-06-2023;CF2;C32;CAT 797 F;Sulfuro de Media;STOCK_SME;ESPERANZA;CHANCADO-SULFURO;2771,231995;8;ESPERANZA
18-06-2023;CF2;C61;KOM 930 E;Sulfuro de Media;STOCK_SME;ESPERANZA;CHANCADO-SULFURO;291;1;ESPERANZA
18-06-2023;CF203;C121;CAT 793 C;Baja Ley 1;ST-TS_18;OXIDO;CHANCADO-OXIDO;1515,053986;7;TESORO
18-06-2023;CF203;C122;CAT 793 C;Baja Ley 1;ST-TS_18;OXIDO;CHANCADO-OXIDO;2164,369049;10;TESORO
18-06-2023;CF203;C123;CAT 793 C;Baja Ley 1;ST-TS_18;OXIDO;CHANCADO-OXIDO;865,7459717;4;TESORO
18-06-2023;CF203;C129;CAT 793 C;Baja Ley 1;ST-TS_18;OXIDO;CHANCADO-OXIDO;216,4360046;1;TESORO
18-06-2023;CF203;C132;CAT 793 C;Baja Ley 1;ST-TS_18;OXIDO;CHANCADO-OXIDO;3462,978943;16;TESORO
18-06-2023;CF203;C134;CAT 793 C;Baja Ley 1;ST-TS_18;OXIDO;CHANCADO-OXIDO;1947,925049;9;TESORO
18-06-2023;CF203;C135;CAT 793 C;Baja Ley 1;ST-TS_18;OXIDO;CHANCADO-OXIDO;2380,802002;11;TESORO
18-06-2023;CF203;C153;CAT 793 F;Baja Ley 1;ST-TS_18;OXIDO;CHANCADO-OXIDO;216,4360046;1;TESORO
18-06-2023;CF231;C121;CAT 793 C;Marginal Alta;STM-NE-02;OXIDO;CHANCADO-OXIDO;6925,962036;32;TESORO
18-06-2023;CF231;C121;CAT 793 C;Marginal Alta;STM-NE-02;OXIDO;STOCK_INCHANCABLE_2;432,8729858;2;TESORO
18-06-2023;CF231;C122;CAT 793 C;Marginal Alta;STM-NE-02;OXIDO;CHANCADO-OXIDO;3895,85907;18;TESORO
18-06-2023;CF231;C129;CAT 793 C;Marginal Alta;STM-NE-02;OXIDO;CHANCADO-OXIDO;1731,490997;8;TESORO
18-06-2023;CF231;C129;CAT 793 C;Marginal Alta;STM-NE-02;OXIDO;STOCK_INCHANCABLE_2;216,4360046;1;TESORO
18-06-2023;CF231;C132;CAT 793 C;Marginal Alta;STM-NE-02;OXIDO;CHANCADO-OXIDO;1082,180054;5;TESORO
18-06-2023;CF231;C132;CAT 793 C;Marginal Alta;STM-NE-02;OXIDO;STOCK_INCHANCABLE_2;216,4360046;1;TESORO
18-06-2023;CF231;C134;CAT 793 C;Marginal Alta;STM-NE-02;OXIDO;CHANCADO-OXIDO;432,8729858;2;TESORO
18-06-2023;CF231;C135;CAT 793 C;Marginal Alta;STM-NE-02;OXIDO;CHANCADO-OXIDO;4112,296021;19;TESORO
18-06-2023;CF231;C151;CAT 793 F;Marginal Alta;STM-NE-02;OXIDO;CHANCADO-OXIDO;432,8729858;2;TESORO
18-06-2023;CF231;C153;CAT 793 F;Marginal Alta;STM-NE-02;OXIDO;CHANCADO-OXIDO;1082,181976;5;TESORO
18-06-2023;CF231;C153;CAT 793 F;Marginal Alta;STM-NE-02;OXIDO;STOCK_INCHANCABLE_2;649,309021;3;TESORO
18-06-2023;CF232;C122;CAT 793 C;Lastre Sulfurado;ESP/F10/2312/1250;FASE 10;BOT_RAMPA_INFERIOR;865,7459717;4;ESPERANZA
18-06-2023;CF232;C122;CAT 793 C;Lastre Sulfurado;ESP/F10/2312/1290;FASE 10;BOT_RAMPA_INFERIOR;432,8729858;2;ESPERANZA
18-06-2023;CF232;C123;CAT 793 C;Lastre Sulfurado;ESP/F10/2312/1250;FASE 10;BOT_RAMPA_INFERIOR;1515,054993;7;ESPERANZA
18-06-2023;CF232;C123;CAT 793 C;Lastre Sulfurado;ESP/F10/2312/1290;FASE 10;BOT_RAMPA_INFERIOR;1515,056;7;ESPERANZA
18-06-2023;CF232;C125;CAT 793 C;Lastre Sulfurado;ESP/F10/2312/1250;FASE 10;BOT_RAMPA_INFERIOR;432,8720093;2;ESPERANZA
18-06-2023;CF232;C125;CAT 793 C;Lastre Sulfurado;ESP/F10/2312/1290;FASE 10;BOT_RAMPA_INFERIOR;865,7449951;4;ESPERANZA
18-06-2023;CF232;C128;CAT 793 C;Lastre Sulfurado;ESP/F10/2312/1250;FASE 10;BOT_RAMPA_INFERIOR;216,4360046;1;ESPERANZA
18-06-2023;CF232;C130;CAT 793 C;Lastre Sulfurado;ESP/F10/2312/1250;FASE 10;BOT_RAMPA_INFERIOR;649,3089905;3;ESPERANZA
18-06-2023;CF232;C130;CAT 793 C;Lastre Sulfurado;ESP/F10/2312/1290;FASE 10;BOT_RAMPA_INFERIOR;1082,180054;5;ESPERANZA
18-06-2023;CF232;C131;CAT 793 C;Lastre Sulfurado;ESP/F10/2312/1250;FASE 10;BOT_RAMPA_INFERIOR;1515,054993;7;ESPERANZA
18-06-2023;CF232;C131;CAT 793 C;Lastre Sulfurado;ESP/F10/2312/1290;FASE 10;BOT_RAMPA_INFERIOR;432,8729858;2;ESPERANZA
18-06-2023;CF232;C132;CAT 793 C;Lastre Sulfurado;ESP/F10/2312/1250;FASE 10;BOT_RAMPA_INFERIOR;865,7459717;4;ESPERANZA
18-06-2023;CF232;C132;CAT 793 C;Lastre Sulfurado;ESP/F10/2312/1290;FASE 10;BOT_RAMPA_INFERIOR;216,4360046;1;ESPERANZA
18-06-2023;CF232;C134;CAT 793 C;Lastre Sulfurado;ESP/F10/2312/1250;FASE 10;BOT_RAMPA_INFERIOR;1515,054993;7;ESPERANZA
18-06-2023;CF232;C134;CAT 793 C;Lastre Sulfurado;ESP/F10/2312/1290;FASE 10;BOT_RAMPA_INFERIOR;216,4360046;1;ESPERANZA
18-06-2023;CF232;C135;CAT 793 C;Lastre Sulfurado;ESP/F10/2312/1250;FASE 10;BOT_RAMPA_INFERIOR;432,8729858;2;ESPERANZA
18-06-2023;CF232;C151;CAT 793 F;Lastre Sulfurado;ESP/F10/2312/1250;FASE 10;BOT_RAMPA_INFERIOR;1082,181976;5;ESPERANZA
18-06-2023;CF232;C151;CAT 793 F;Lastre Sulfurado;ESP/F10/2312/1290;FASE 10;BOT_RAMPA_INFERIOR;649,3089905;3;ESPERANZA
18-06-2023;CF232;C152;CAT 793 F;Lastre Sulfurado;ESP/F10/2312/1250;FASE 10;BOT_RAMPA_INFERIOR;432,8720093;2;ESPERANZA
18-06-2023;CF232;C152;CAT 793 F;Lastre Sulfurado;ESP/F10/2312/1290;FASE 10;BOT_RAMPA_INFERIOR;432,8729858;2;ESPERANZA
18-06-2023;CF232;C154;CAT 793 F;Lastre Sulfurado;ESP/F10/2312/1250;FASE 10;BOT_RAMPA_INFERIOR;1731,492981;8;ESPERANZA
18-06-2023;CF232;C154;CAT 793 F;Lastre Sulfurado;ESP/F10/2312/1290;FASE 10;BOT_RAMPA_INFERIOR;216,4360046;1;ESPERANZA
18-06-2023;CF232;C155;CAT 793 F;Lastre Sulfurado;ESP/F10/2312/1250;FASE 10;BOT_RAMPA_INFERIOR;2164,36203;10;ESPERANZA
18-06-2023;CF232;C155;CAT 793 F;Lastre Sulfurado;ESP/F10/2312/1290;FASE 10;BOT_RAMPA_INFERIOR;649,3089905;3;ESPERANZA
18-06-2023;CF232;C156;CAT 793 F;Lastre Sulfurado;ESP/F10/2312/1250;FASE 10;BOT_RAMPA_INFERIOR;216,4360046;1;ESPERANZA
18-06-2023;CF232;C156;CAT 793 F;Lastre Sulfurado;ESP/F10/2312/1290;FASE 10;BOT_RAMPA_INFERIOR;432,8720093;2;ESPERANZA
18-06-2023;CF232;C159;CAT 793 F;Lastre Sulfurado;ESP/F10/2312/1250;FASE 10;BOT_RAMPA_INFERIOR;432,8720093;2;ESPERANZA
18-06-2023;CF232;C159;CAT 793 F;Lastre Sulfurado;ESP/F10/2312/1290;FASE 10;BOT_RAMPA_INFERIOR;216,4360046;1;ESPERANZA
18-06-2023;CF232;C160;CAT 793 F;Lastre Sulfurado;ESP/F10/2312/1250;FASE 10;BOT_RAMPA_INFERIOR;216,4360046;1;ESPERANZA
18-06-2023;CF232;C160;CAT 793 F;Lastre Sulfurado;ESP/F10/2312/1290;FASE 10;BOT_RAMPA_INFERIOR;432,8729858;2;ESPERANZA
18-06-2023;CF232;C161;CAT 793 F;Lastre Sulfurado;ESP/F10/2312/1250;FASE 10;BOT_RAMPA_INFERIOR;865,7450256;4;ESPERANZA
18-06-2023;CF232;C161;CAT 793 F;Lastre Sulfurado;ESP/F10/2312/1290;FASE 10;BOT_RAMPA_INFERIOR;1082,181976;5;ESPERANZA
18-06-2023;CF232;C162;CAT 793 F;Lastre Sulfurado;ESP/F10/2312/1250;FASE 10;BOT_RAMPA_INFERIOR;2164,36203;10;ESPERANZA
18-06-2023;CF232;C162;CAT 793 F;Lastre Sulfurado;ESP/F10/2312/1290;FASE 10;BOT_RAMPA_INFERIOR;432,8729858;2;ESPERANZA
18-06-2023;CF232;C163;CAT 793 F;Lastre Sulfurado;ESP/F10/2312/1250;FASE 10;BOT_RAMPA_INFERIOR;1298,618958;6;ESPERANZA
18-06-2023;CF232;C163;CAT 793 F;Lastre Sulfurado;ESP/F10/2312/1290;FASE 10;BOT_RAMPA_INFERIOR;649,309021;3;ESPERANZA
18-06-2023;CF232;C164;CAT 793 F;Lastre Sulfurado;ESP/F10/2312/1250;FASE 10;BOT_RAMPA_INFERIOR;1731,489075;8;ESPERANZA
18-06-2023;CF232;C164;CAT 793 F;Lastre Sulfurado;ESP/F10/2312/1290;FASE 10;BOT_RAMPA_INFERIOR;1515,05304;7;ESPERANZA
18-06-2023;CF234;C130;CAT 793 C;Sulfuro de Media;STOCK_SME;ESPERANZA;CHANCADO-SULFURO;1301,76001;6;ESPERANZA
18-06-2023;CF234;C131;CAT 793 C;Lastre Oxidado;DERRAMES_F07;FASE 7;BOT_2380_INT;865,7459717;4;ESPERANZA
18-06-2023;CF234;C131;CAT 793 C;Lastre Oxidado;DERRAMES_F07;FASE 7;BOT_RAMPA_INFERIOR;649,309021;3;ESPERANZA
18-06-2023;CF234;C134;CAT 793 C;Lastre Sulfurado;ESP/F07/2104/7070;FASE 7;BOT_2380_INT;216,4360046;1;ESPERANZA
18-06-2023;CF234;C151;CAT 793 F;Lastre Sulfurado;ESP/F07/2104/7070;FASE 7;BOT_2380_INT;216,4360046;1;ESPERANZA
18-06-2023;CF234;C152;CAT 793 F;Lastre Oxidado;DERRAMES_F07;FASE 7;BOT_2380_INT;649,309021;3;ESPERANZA
18-06-2023;CF234;C152;CAT 793 F;Lastre Sulfurado;ESP/F07/2104/7070;FASE 7;BOT_2380_INT;432,8729858;2;ESPERANZA
18-06-2023;CF234;C152;CAT 793 F;Sulfuro de Media;STOCK_SME;ESPERANZA;CHANCADO-SULFURO;650,8809814;3;ESPERANZA
18-06-2023;CF234;C154;CAT 793 F;Lastre Oxidado;DERRAMES_F07;FASE 7;BOT_2380_INT;649,309021;3;ESPERANZA
18-06-2023;CF234;C154;CAT 793 F;Lastre Sulfurado;ESP/F07/2104/7070;FASE 7;BOT_2380_INT;649,3089905;3;ESPERANZA
18-06-2023;CF234;C156;CAT 793 F;Lastre Oxidado;DERRAMES_F07;FASE 7;BOT_RAMPA_INFERIOR;432,8729858;2;ESPERANZA
18-06-2023;CF234;C156;CAT 793 F;Sulfuro de Media;STOCK_SME;ESPERANZA;CHANCADO-SULFURO;433,92099;2;ESPERANZA
18-06-2023;CF234;C159;CAT 793 F;Lastre Oxidado;DERRAMES_F07;FASE 7;BOT_2380_INT;865,7459717;4;ESPERANZA
18-06-2023;CF234;C159;CAT 793 F;Lastre Oxidado;DERRAMES_F07;FASE 7;BOT_RAMPA_INFERIOR;649,309021;3;ESPERANZA
18-06-2023;CF234;C159;CAT 793 F;Lastre Sulfurado;ESP/F07/2104/7070;FASE 7;BOT_2380_INT;432,8729858;2;ESPERANZA
18-06-2023;CF234;C159;CAT 793 F;Sulfuro de Media;STOCK_SME;ESPERANZA;CHANCADO-SULFURO;216,9600067;1;ESPERANZA
18-06-2023;CF234;C161;CAT 793 F;Lastre Sulfurado;ESP/F07/2104/7070;FASE 7;BOT_2380_INT;216,4360046;1;ESPERANZA
18-06-2023;CF234;C162;CAT 793 F;Lastre Oxidado;DERRAMES_F07;FASE 7;BOT_RAMPA_INFERIOR;649,309021;3;ESPERANZA
18-06-2023;CF234;C162;CAT 793 F;Lastre Sulfurado;ESP/F07/2104/7070;FASE 7;BOT_2380_INT;216,4360046;1;ESPERANZA
18-06-2023;CF234;C164;CAT 793 F;Lastre Sulfurado;ESP/F07/2104/7070;FASE 7;BOT_2380_INT;216,4360046;1;ESPERANZA
18-06-2023;CF3;C07;CAT 797 B;Lastre Sulfurado;ESP/F07/2104/7070;FASE 7;BOT_2380_INT;346,4039917;1;ESPERANZA
18-06-2023;CF3;C08;CAT 797 B;Lastre Sulfurado;ESP/F07/2104/7070;FASE 7;BOT_2380_INT;346,4039917;1;ESPERANZA
18-06-2023;CF3;C09;CAT 797 B;Lastre Sulfurado;ESP/F07/2104/7070;FASE 7;BOT_2380_INT;1039,209961;3;ESPERANZA
18-06-2023;CF3;C11;CAT 797 B;Lastre Sulfurado;ESP/F07/2104/7070;FASE 7;BOT_2380_INT;346,4039917;1;ESPERANZA
18-06-2023;CF3;C123;CAT 793 C;Lastre Oxidado;ESP/F10/2296/1051;FASE 10;BOT_RAMPA_INFERIOR;2164,360107;10;ESPERANZA
18-06-2023;CF3;C125;CAT 793 C;Lastre Oxidado;ESP/F10/2296/1051;FASE 10;BOT_RAMPA_INFERIOR;1298,619995;6;ESPERANZA
18-06-2023;CF3;C128;CAT 793 C;Lastre Oxidado;ESP/F10/2296/1051;FASE 10;BOT_RAMPA_INFERIOR;1515,060059;7;ESPERANZA
18-06-2023;CF3;C129;CAT 793 C;Lastre Oxidado;ESP/F10/2296/1051;FASE 10;BOT_RAMPA_INFERIOR;649,309021;3;ESPERANZA
18-06-2023;CF3;C130;CAT 793 C;Lastre Oxidado;ESP/F10/2296/1051;FASE 10;BOT_RAMPA_INFERIOR;1082,180054;5;ESPERANZA
18-06-2023;CF3;C130;CAT 793 C;Lastre Sulfurado;ESP/F10/2296/1050;FASE 10;BOT_RAMPA_INFERIOR;432,8729858;2;ESPERANZA
18-06-2023;CF3;C131;CAT 793 C;Lastre Oxidado;ESP/F10/2296/1051;FASE 10;BOT_RAMPA_INFERIOR;1515,060059;7;ESPERANZA
18-06-2023;CF3;C132;CAT 793 C;Lastre Sulfurado;ESP/F10/2296/1050;FASE 10;BOT_RAMPA_INFERIOR;216,4360046;1;ESPERANZA
18-06-2023;CF3;C134;CAT 793 C;Lastre Oxidado;ESP/F10/2296/1051;FASE 10;BOT_RAMPA_INFERIOR;2164,360107;10;ESPERANZA
18-06-2023;CF3;C134;CAT 793 C;Lastre Sulfurado;ESP/F10/2296/1050;FASE 10;BOT_RAMPA_INFERIOR;216,4360046;1;ESPERANZA
18-06-2023;CF3;C14;CAT 797 B;Lastre Sulfurado;ESP/F07/2104/7070;FASE 7;BOT_2380_INT;346,4039917;1;ESPERANZA
18-06-2023;CF3;C151;CAT 793 F;Lastre Oxidado;ESP/F10/2296/1051;FASE 10;BOT_RAMPA_INFERIOR;649,309021;3;ESPERANZA
18-06-2023;CF3;C152;CAT 793 F;Lastre Oxidado;ESP/F10/2296/1051;FASE 10;BOT_RAMPA_INFERIOR;1082,180054;5;ESPERANZA
18-06-2023;CF3;C154;CAT 793 F;Lastre Oxidado;ESP/F10/2296/1051;FASE 10;BOT_RAMPA_INFERIOR;1082,182007;5;ESPERANZA
18-06-2023;CF3;C155;CAT 793 F;Lastre Oxidado;ESP/F10/2296/1051;FASE 10;BOT_RAMPA_INFERIOR;2164,360107;10;ESPERANZA
18-06-2023;CF3;C155;CAT 793 F;Lastre Sulfurado;ESP/F10/2296/1050;FASE 10;BOT_RAMPA_INFERIOR;216,4360046;1;ESPERANZA
18-06-2023;CF3;C156;CAT 793 F;Lastre Oxidado;ESP/F10/2296/1051;FASE 10;BOT_RAMPA_INFERIOR;216,4360046;1;ESPERANZA
18-06-2023;CF3;C159;CAT 793 F;Lastre Oxidado;ESP/F10/2296/1051;FASE 10;BOT_RAMPA_INFERIOR;1082,180054;5;ESPERANZA
18-06-2023;CF3;C160;CAT 793 F;Lastre Oxidado;ESP/F10/2296/1051;FASE 10;BOT_RAMPA_INFERIOR;216,4360046;1;ESPERANZA
18-06-2023;CF3;C161;CAT 793 F;Lastre Oxidado;ESP/F10/2296/1051;FASE 10;BOT_RAMPA_INFERIOR;649,309021;3;ESPERANZA
18-06-2023;CF3;C162;CAT 793 F;Lastre Oxidado;ESP/F10/2296/1051;FASE 10;BOT_RAMPA_INFERIOR;1731,48999;8;ESPERANZA
18-06-2023;CF3;C162;CAT 793 F;Lastre Sulfurado;ESP/F10/2296/1050;FASE 10;BOT_RAMPA_INFERIOR;216,4360046;1;ESPERANZA
18-06-2023;CF3;C163;CAT 793 F;Lastre Oxidado;ESP/F10/2296/1051;FASE 10;BOT_RAMPA_INFERIOR;649,309021;3;ESPERANZA
18-06-2023;CF3;C164;CAT 793 F;Lastre Oxidado;ESP/F10/2296/1051;FASE 10;BOT_RAMPA_INFERIOR;865,7459717;4;ESPERANZA
18-06-2023;CF3;C17;CAT 797 F;Lastre Sulfurado;ESP/F07/2104/7070;FASE 7;BOT_RAMPA_INFERIOR;346,4039917;1;ESPERANZA
18-06-2023;CF3;C19;CAT 797 F;Lastre Sulfurado;ESP/F07/2104/7070;FASE 7;BOT_2380_INT;346,4039917;1;ESPERANZA
18-06-2023;CF3;C21;CAT 797 F;Lastre Sulfurado;ESP/F07/2104/7070;FASE 7;BOT_2380_INT;346,4039917;1;ESPERANZA
18-06-2023;CF3;C22;CAT 797 F;Lastre Sulfurado;ESP/F07/2104/7070;FASE 7;BOT_2380_INT;346,4039917;1;ESPERANZA
18-06-2023;CF3;C24;CAT 797 F;Lastre Sulfurado;ESP/F07/2104/7070;FASE 7;BOT_2380_INT;346,4039917;1;ESPERANZA
18-06-2023;CF3;C25;CAT 797 F;Lastre Sulfurado;ESP/F07/2104/7070;FASE 7;BOT_2380_INT;346,4039917;1;ESPERANZA
18-06-2023;CF3;C36;CAT 797 F;Lastre Sulfurado;ESP/F07/2104/7070;FASE 7;BOT_2380_INT;346,4039917;1;ESPERANZA
18-06-2023;CF3;C37;CAT 797 F;Lastre Sulfurado;ESP/F07/2104/7070;FASE 7;BOT_2380_INT;346,4039917;1;ESPERANZA
18-06-2023;CF3;C38;CAT 797 F;Lastre Sulfurado;ESP/F07/2104/7070;FASE 7;BOT_2380_INT;346,4039917;1;ESPERANZA
18-06-2023;CF3;C42;CAT 797 F;Lastre Sulfurado;ESP/F07/2104/7070;FASE 7;BOT_2380_INT;346,4039917;1;ESPERANZA
18-06-2023;CF3;C43;CAT 797 F;Lastre Sulfurado;ESP/F07/2104/7070;FASE 7;BOT_2380_INT;346,4039917;1;ESPERANZA
18-06-2023;CF3;C45;CAT 797 F;Lastre Sulfurado;ESP/F07/2104/7070;FASE 7;BOT_2380_INT;346,4039917;1;ESPERANZA
18-06-2023;CF3;C47;CAT 797 F;Lastre Sulfurado;ESP/F07/2104/7070;FASE 7;BOT_INTEGRACION;346,4039917;1;ESPERANZA
18-06-2023;CF3;C48;CAT 797 F;Lastre Sulfurado;ESP/F07/2104/7070;FASE 7;BOT_2380_INT;346,4039917;1;ESPERANZA
18-06-2023;CF3;C49;KOM 930 E;Lastre Sulfurado;ESP/F10/2296/1050;FASE 10;BOT_RAMPA_INFERIOR;582;2;ESPERANZA
18-06-2023;CF3;C50;KOM 930 E;Lastre Sulfurado;ESP/F10/2296/1050;FASE 10;BOT_RAMPA_INFERIOR;582;2;ESPERANZA
18-06-2023;CF3;C51;KOM 930 E;Lastre Oxidado;ESP/F10/2296/1051;FASE 10;BOT_RAMPA_INFERIOR;291;1;ESPERANZA
18-06-2023;CF3;C52;KOM 930 E;Lastre Sulfurado;ESP/F10/2296/1050;FASE 10;BOT_RAMPA_INFERIOR;291;1;ESPERANZA
18-06-2023;CF3;C53;KOM 930 E;Lastre Sulfurado;ESP/F10/2296/1050;FASE 10;BOT_RAMPA_INFERIOR;291;1;ESPERANZA
18-06-2023;CF3;C54;KOM 930 E;Lastre Sulfurado;ESP/F10/2296/1050;FASE 10;BOT_RAMPA_INFERIOR;582;2;ESPERANZA
18-06-2023;CF3;C56;KOM 930 E;Lastre Oxidado;ESP/F10/2296/1051;FASE 10;BOT_RAMPA_INFERIOR;291;1;ESPERANZA
18-06-2023;CF3;C56;KOM 930 E;Lastre Sulfurado;ESP/F10/2296/1050;FASE 10;BOT_RAMPA_INFERIOR;291;1;ESPERANZA
18-06-2023;CF3;C57;KOM 930 E;Lastre Oxidado;ESP/F10/2296/1051;FASE 10;BOT_RAMPA_INFERIOR;291;1;ESPERANZA
18-06-2023;CF3;C57;KOM 930 E;Lastre Sulfurado;ESP/F10/2296/1050;FASE 10;BOT_RAMPA_INFERIOR;291;1;ESPERANZA
18-06-2023;CF3;C59;KOM 930 E;Lastre Oxidado;ESP/F10/2296/1051;FASE 10;BOT_RAMPA_INFERIOR;291;1;ESPERANZA
18-06-2023;CF3;C59;KOM 930 E;Lastre Sulfurado;ESP/F10/2296/1050;FASE 10;BOT_RAMPA_INFERIOR;582;2;ESPERANZA
18-06-2023;CF3;C60;KOM 930 E;Lastre Oxidado;ESP/F10/2296/1051;FASE 10;BOT_RAMPA_INFERIOR;582;2;ESPERANZA
18-06-2023;CF3;C60;KOM 930 E;Lastre Sulfurado;ESP/F10/2296/1050;FASE 10;BOT_RAMPA_INFERIOR;291;1;ESPERANZA
18-06-2023;CF3;C61;KOM 930 E;Lastre Sulfurado;ESP/F10/2296/1050;FASE 10;BOT_RAMPA_INFERIOR;291;1;ESPERANZA
18-06-2023;CF4;C980AHSESPS;Kom 980 AHS;Lastre Oxidado;ESS/F03/2216/323;F03 ESPSUR;BOTADERO_2021;20160;56;ESPERANZA_SUR
18-06-2023;CF4;C980AHSESPS;Kom 980 AHS;Lastre Oxidado;ESS/F03/2216/3230;F03 ESPSUR;BOTADERO_2021;6480;18;ESPERANZA_SUR
18-06-2023;CF4;C980AHSESPS;Kom 980 AHS;Lastre Oxidado;ESS/F03/2216/324;F03 ESPSUR;BOTADERO_2021;7560;21;ESPERANZA_SUR
18-06-2023;PA1;C07;CAT 797 B;Lastre Sulfurado;ESP/F07/2104/7070;FASE 7;BOT_2380_INT;346,4039917;1;ESPERANZA
18-06-2023;PA1;C08;CAT 797 B;Lastre Sulfurado;ESP/F07/2104/7070;FASE 7;BOT_2380_INT;346,4039917;1;ESPERANZA
18-06-2023;PA1;C09;CAT 797 B;Lastre Sulfurado;ESP/F07/2104/7070;FASE 7;BOT_2380_INT;346,4039917;1;ESPERANZA
18-06-2023;PA1;C11;CAT 797 B;Lastre Sulfurado;ESP/F07/2104/7070;FASE 7;BOT_2380_INT;346,4039917;1;ESPERANZA
18-06-2023;PA1;C12;CAT 797 B;Lastre Sulfurado;ESP/F07/2104/7070;FASE 7;BOT_2380_INT;692,8079834;2;ESPERANZA
18-06-2023;PA1;C13;CAT 797 B;Lastre Sulfurado;ESP/F07/2104/7070;FASE 7;BOT_2380_INT;1385,619995;4;ESPERANZA
18-06-2023;PA1;C130;CAT 793 C;Lastre Sulfurado;ESP/F07/2104/706;FASE 7;BOT_2380_INT;432,8729858;2;ESPERANZA
18-06-2023;PA1;C14;CAT 797 B;Lastre Sulfurado;ESP/F07/2104/7060;FASE 7;BOT_RAMPA_INFERIOR;346,4039917;1;ESPERANZA
18-06-2023;PA1;C15;CAT 797 B;Lastre Sulfurado;ESP/F07/2104/7060;FASE 7;BOT_RAMPA_INFERIOR;346,4039917;1;ESPERANZA
18-06-2023;PA1;C151;CAT 793 F;Lastre Sulfurado;ESP/F07/2104/706;FASE 7;BOT_2380_INT;216,4360046;1;ESPERANZA
18-06-2023;PA1;C153;CAT 793 F;Lastre Sulfurado;ESP/F07/2104/706;FASE 7;BOT_2380_INT;432,8729858;2;ESPERANZA
18-06-2023;PA1;C153;CAT 793 F;Lastre Sulfurado;ESP/F07/2104/706;FASE 7;BOT_RAMPA_INFERIOR;216,4360046;1;ESPERANZA
18-06-2023;PA1;C154;CAT 793 F;Lastre Sulfurado;ESP/F07/2104/706;FASE 7;BOT_2380_INT;432,8729858;2;ESPERANZA
18-06-2023;PA1;C154;CAT 793 F;Lastre Sulfurado;ESP/F07/2104/7070;FASE 7;BOT_2380_INT;216,4360046;1;ESPERANZA
18-06-2023;PA1;C155;CAT 793 F;Lastre Sulfurado;ESP/F07/2104/706;FASE 7;BOT_2380_INT;432,8729858;2;ESPERANZA
18-06-2023;PA1;C159;CAT 793 F;Lastre Sulfurado;ESP/F07/2104/706;FASE 7;BOT_2380_INT;216,4360046;1;ESPERANZA
18-06-2023;PA1;C16;CAT 797 B;Lastre Sulfurado;ESP/F07/2104/7070;FASE 7;BOT_2380_INT;346,4039917;1;ESPERANZA
18-06-2023;PA1;C162;CAT 793 F;Lastre Sulfurado;ESP/F07/2104/7070;FASE 7;BOT_2380_INT;216,4360046;1;ESPERANZA
18-06-2023;PA1;C163;CAT 793 F;Lastre Sulfurado;ESP/F07/2104/706;FASE 7;BOT_2380_INT;865,7459717;4;ESPERANZA
18-06-2023;PA1;C17;CAT 797 F;Lastre Sulfurado;ESP/F07/2104/7060;FASE 7;BOT_2380_INT;346,4039917;1;ESPERANZA
18-06-2023;PA1;C20;CAT 797 F;Lastre Sulfurado;ESP/F07/2104/706;FASE 7;BOT_2380_INT;346,4039917;1;ESPERANZA
18-06-2023;PA1;C23;CAT 797 F;Lastre Sulfurado;ESP/F07/2104/7070;FASE 7;BOT_2380_INT;346,4039917;1;ESPERANZA
18-06-2023;PA1;C24;CAT 797 F;Lastre Sulfurado;ESP/F07/2104/7060;FASE 7;BOT_2380_INT;346,4039917;1;ESPERANZA
18-06-2023;PA1;C24;CAT 797 F;Lastre Sulfurado;ESP/F07/2104/7070;FASE 7;BOT_2380_INT;346,4039917;1;ESPERANZA
18-06-2023;PA1;C34;CAT 797 F;Lastre Sulfurado;ESP/F07/2104/7070;FASE 7;BOT_2380_INT;692,8079834;2;ESPERANZA
18-06-2023;PA1;C37;CAT 797 F;Lastre Sulfurado;ESP/F07/2104/706;FASE 7;BOT_2380_INT;346,4039917;1;ESPERANZA
18-06-2023;PA1;C37;CAT 797 F;Lastre Sulfurado;ESP/F07/2104/7070;FASE 7;BOT_2380_INT;346,4039917;1;ESPERANZA
18-06-2023;PA1;C38;CAT 797 F;Lastre Sulfurado;ESP/F07/2104/7070;FASE 7;BOT_2380_INT;346,4039917;1;ESPERANZA
18-06-2023;PA1;C39;CAT 797 F;Lastre Sulfurado;ESP/F07/2104/7060;FASE 7;BOT_2380_INT;346,4039917;1;ESPERANZA
18-06-2023;PA1;C39;CAT 797 F;Lastre Sulfurado;ESP/F07/2104/7070;FASE 7;BOT_2380_INT;346,4039917;1;ESPERANZA
18-06-2023;PA1;C42;CAT 797 F;Lastre Sulfurado;ESP/F07/2104/7070;FASE 7;BOT_2380_INT;692,8079834;2;ESPERANZA
18-06-2023;PA1;C43;CAT 797 F;Lastre Sulfurado;ESP/F07/2104/7070;FASE 7;BOT_2380_INT;346,4039917;1;ESPERANZA
18-06-2023;PA1;C44;CAT 797 F;Lastre Sulfurado;ESP/F07/2104/7070;FASE 7;BOT_2380_INT;346,4039917;1;ESPERANZA
18-06-2023;PA1;C45;CAT 797 F;Lastre Sulfurado;ESP/F07/2104/7060;FASE 7;BOT_2380_INT;346,4039917;1;ESPERANZA
18-06-2023;PA1;C45;CAT 797 F;Lastre Sulfurado;ESP/F07/2104/7070;FASE 7;BOT_2380_INT;346,4039917;1;ESPERANZA
18-06-2023;PA1;C47;CAT 797 F;Lastre Sulfurado;ESP/F07/2104/7060;FASE 7;BOT_2380_INT;346,4039917;1;ESPERANZA
18-06-2023;PA1;C48;CAT 797 F;Lastre Sulfurado;ESP/F07/2104/7070;FASE 7;BOT_2380_INT;346,4039917;1;ESPERANZA
18-06-2023;PA1;C49;KOM 930 E;Lastre Sulfurado;ESP/F07/2104/706;FASE 7;BOT_2380_INT;873;3;ESPERANZA
18-06-2023;PA1;C50;KOM 930 E;Lastre Sulfurado;ESP/F07/2104/706;FASE 7;BOT_2380_INT;2328;8;ESPERANZA
18-06-2023;PA1;C50;KOM 930 E;Lastre Sulfurado;ESP/F07/2104/7060;FASE 7;BOT_CENTRAL_SUR_INF;291;1;ESPERANZA
18-06-2023;PA1;C50;KOM 930 E;Lastre Sulfurado;ESP/F07/2104/7060;FASE 7;BOT_RAMPA_INFERIOR;1164;4;ESPERANZA
18-06-2023;PA1;C51;KOM 930 E;Lastre Sulfurado;ESP/F07/2104/706;FASE 7;BOT_2380_INT;291;1;ESPERANZA
18-06-2023;PA1;C51;KOM 930 E;Lastre Sulfurado;ESP/F07/2104/7060;FASE 7;BOT_RAMPA_INFERIOR;1455;5;ESPERANZA
18-06-2023;PA1;C52;KOM 930 E;Lastre Sulfurado;ESP/F07/2104/706;FASE 7;BOT_2380_INT;2619;9;ESPERANZA
18-06-2023;PA1;C52;KOM 930 E;Lastre Sulfurado;ESP/F07/2104/7060;FASE 7;BOT_RAMPA_INFERIOR;2037;7;ESPERANZA
18-06-2023;PA1;C53;KOM 930 E;Lastre Sulfurado;ESP/F07/2104/706;FASE 7;BOT_2380_INT;3201;11;ESPERANZA
18-06-2023;PA1;C53;KOM 930 E;Lastre Sulfurado;ESP/F07/2104/7060;FASE 7;BOT_RAMPA_INFERIOR;1455;5;ESPERANZA
18-06-2023;PA1;C54;KOM 930 E;Lastre Sulfurado;ESP/F07/2104/706;FASE 7;BOT_2380_INT;3492;12;ESPERANZA
18-06-2023;PA1;C55;KOM 930 E;Lastre Sulfurado;ESP/F07/2104/706;FASE 7;BOT_2380_INT;3783;13;ESPERANZA
18-06-2023;PA1;C55;KOM 930 E;Lastre Sulfurado;ESP/F07/2104/706;FASE 7;BOT_RAMPA_INFERIOR;291;1;ESPERANZA
18-06-2023;PA1;C55;KOM 930 E;Lastre Sulfurado;ESP/F07/2104/7060;FASE 7;BOT_RAMPA_INFERIOR;2619;9;ESPERANZA
18-06-2023;PA1;C56;KOM 930 E;Lastre Sulfurado;ESP/F07/2104/706;FASE 7;BOT_2380_INT;3783;13;ESPERANZA
18-06-2023;PA1;C56;KOM 930 E;Lastre Sulfurado;ESP/F07/2104/7060;FASE 7;BOT_RAMPA_INFERIOR;1746;6;ESPERANZA
18-06-2023;PA1;C57;KOM 930 E;Lastre Sulfurado;ESP/F07/2104/706;FASE 7;BOT_2380_INT;2910;10;ESPERANZA
18-06-2023;PA1;C57;KOM 930 E;Lastre Sulfurado;ESP/F07/2104/706;FASE 7;BOT_RAMPA_INFERIOR;582;2;ESPERANZA
18-06-2023;PA1;C57;KOM 930 E;Lastre Sulfurado;ESP/F07/2104/7060;FASE 7;BOT_RAMPA_INFERIOR;2037;7;ESPERANZA
18-06-2023;PA1;C57;KOM 930 E;Lastre Sulfurado;ESP/F07/2104/7070;FASE 7;BOT_2380_INT;291;1;ESPERANZA
18-06-2023;PA1;C58;KOM 930 E;Lastre Sulfurado;ESP/F07/2104/706;FASE 7;BOT_2380_INT;2619;9;ESPERANZA
18-06-2023;PA1;C59;KOM 930 E;Lastre Sulfurado;ESP/F07/2104/706;FASE 7;BOT_2380_INT;2328;8;ESPERANZA
18-06-2023;PA1;C59;KOM 930 E;Lastre Sulfurado;ESP/F07/2104/7060;FASE 7;BOT_RAMPA_INFERIOR;2037;7;ESPERANZA
18-06-2023;PA1;C60;KOM 930 E;Lastre Sulfurado;ESP/F07/2104/706;FASE 7;BOT_2380_INT;2328;8;ESPERANZA
18-06-2023;PA1;C61;KOM 930 E;Lastre Sulfurado;ESP/F07/2104/706;FASE 7;BOT_2380_INT;3201;11;ESPERANZA
18-06-2023;PA1;C61;KOM 930 E;Lastre Sulfurado;ESP/F07/2104/706;FASE 7;BOT_RAMPA_INFERIOR;291;1;ESPERANZA
18-06-2023;PA1;C61;KOM 930 E;Lastre Sulfurado;ESP/F07/2104/7060;FASE 7;BOT_RAMPA_INFERIOR;1746;6;ESPERANZA
18-06-2023;PA10;C980AHSESPS;Kom 980 AHS;Lastre Oxidado;ESS/F03/2216/324;F03 ESPSUR;BOTADERO_2021;8640;24;ESPERANZA_SUR
18-06-2023;PA11;C20115ESPS;KOM 980 ESPS;Sulfuro Baja Ley;ESS/F02/2104/204;F02 ESPSUR;CHANCADO-SULFURO;66240;184;ESPERANZA_SUR
18-06-2023;PA11;C20115ESPS;KOM 980 ESPS;Sulfuro Baja Ley;ESS/F02/2104/205;F02 ESPSUR;CHANCADO-SULFURO;3600;10;ESPERANZA_SUR
18-06-2023;PA11;C980AHSESPS;Kom 980 AHS;Sulfuro Baja Ley;ESS/F02/2104/204;F02 ESPSUR;STOCK_SBL_ESS;18360;51;ESPERANZA_SUR
18-06-2023;PA11;C980AHSESPS;Kom 980 AHS;Sulfuro Baja Ley;ESS/F02/2104/205;F02 ESPSUR;STOCK_SBL_ESS;2520;7;ESPERANZA_SUR
18-06-2023;PA2;C47;CAT 797 F;Sulfuro Baja Ley;ESP/F08/1768/R800;FASE 8;BOT_RAMPA_F08;18705,8244;54;ESPERANZA
18-06-2023;PA211;C122;CAT 793 C;Lastre Oxidado;ESP/F10/2296/1051;FASE 10;BOT_RAMPA_INFERIOR;216,4360046;1;ESPERANZA
18-06-2023;PA211;C123;CAT 793 C;Lastre Oxidado;ESP/F10/2296/1051;FASE 10;BOT_RAMPA_INFERIOR;1731,496063;8;ESPERANZA
18-06-2023;PA211;C123;CAT 793 C;Lastre Sulfurado;ESP/F10/2296/1050;FASE 10;BOT_RAMPA_INFERIOR;216,4360046;1;ESPERANZA
18-06-2023;PA211;C125;CAT 793 C;Lastre Oxidado;ESP/F10/2296/1051;FASE 10;BOT_RAMPA_INFERIOR;649,309021;3;ESPERANZA
18-06-2023;PA211;C130;CAT 793 C;Lastre Oxidado;ESP/F10/2296/1051;FASE 10;BOT_RAMPA_INFERIOR;1082,180054;5;ESPERANZA
18-06-2023;PA211;C130;CAT 793 C;Lastre Sulfurado;ESP/F10/2296/1050;FASE 10;BOT_RAMPA_INFERIOR;432,8729858;2;ESPERANZA
18-06-2023;PA211;C131;CAT 793 C;Lastre Oxidado;ESP/F10/2296/1051;FASE 10;BOT_RAMPA_INFERIOR;1515,054962;7;ESPERANZA
18-06-2023;PA211;C131;CAT 793 C;Lastre Sulfurado;ESP/F10/2296/1050;FASE 10;BOT_RAMPA_INFERIOR;216,4360046;1;ESPERANZA
18-06-2023;PA211;C132;CAT 793 C;Lastre Oxidado;ESP/F10/2296/1051;FASE 10;BOT_RAMPA_INFERIOR;432,8729858;2;ESPERANZA
18-06-2023;PA211;C132;CAT 793 C;Lastre Sulfurado;ESP/F10/2296/1050;FASE 10;BOT_RAMPA_INFERIOR;649,309021;3;ESPERANZA
18-06-2023;PA211;C134;CAT 793 C;Lastre Oxidado;ESP/F10/2296/1051;FASE 10;BOT_RAMPA_INFERIOR;865,7450256;4;ESPERANZA
18-06-2023;PA211;C135;CAT 793 C;Lastre Sulfurado;ESP/F10/2296/1050;FASE 10;BOT_RAMPA_INFERIOR;432,8729858;2;ESPERANZA
18-06-2023;PA211;C151;CAT 793 F;Lastre Oxidado;ESP/F10/2296/1051;FASE 10;BOT_RAMPA_INFERIOR;216,4360046;1;ESPERANZA
18-06-2023;PA211;C151;CAT 793 F;Lastre Sulfurado;ESP/F10/2296/1050;FASE 10;BOT_RAMPA_INFERIOR;216,4360046;1;ESPERANZA
18-06-2023;PA211;C152;CAT 793 F;Lastre Oxidado;ESP/F10/2296/1051;FASE 10;BOT_RAMPA_INFERIOR;1731,489075;8;ESPERANZA
18-06-2023;PA211;C154;CAT 793 F;Lastre Oxidado;ESP/F10/2296/1051;FASE 10;BOT_RAMPA_INFERIOR;1298,616058;6;ESPERANZA
18-06-2023;PA211;C155;CAT 793 F;Lastre Oxidado;ESP/F10/2296/1051;FASE 10;BOT_RAMPA_INFERIOR;865,7459717;4;ESPERANZA
18-06-2023;PA211;C156;CAT 793 F;Lastre Oxidado;ESP/F10/2296/1051;FASE 10;BOT_RAMPA_INFERIOR;649,309021;3;ESPERANZA
18-06-2023;PA211;C159;CAT 793 F;Lastre Oxidado;ESP/F10/2296/1051;FASE 10;BOT_RAMPA_INFERIOR;1947,925995;9;ESPERANZA
18-06-2023;PA211;C159;CAT 793 F;Lastre Sulfurado;ESP/F10/2296/1050;FASE 10;BOT_RAMPA_INFERIOR;216,4360046;1;ESPERANZA
18-06-2023;PA211;C160;CAT 793 F;Lastre Sulfurado;ESP/F10/2296/1050;FASE 10;BOT_RAMPA_INFERIOR;216,4360046;1;ESPERANZA
18-06-2023;PA211;C161;CAT 793 F;Lastre Oxidado;ESP/F10/2296/1051;FASE 10;BOT_RAMPA_INFERIOR;1731,489075;8;ESPERANZA
18-06-2023;PA211;C161;CAT 793 F;Lastre Sulfurado;ESP/F10/2296/1050;FASE 10;BOT_RAMPA_INFERIOR;216,4360046;1;ESPERANZA
18-06-2023;PA211;C162;CAT 793 F;Lastre Oxidado;ESP/F10/2296/1051;FASE 10;BOT_RAMPA_INFERIOR;1298,616058;6;ESPERANZA
18-06-2023;PA211;C162;CAT 793 F;Lastre Sulfurado;ESP/F10/2296/1050;FASE 10;BOT_RAMPA_INFERIOR;432,8729858;2;ESPERANZA
18-06-2023;PA211;C163;CAT 793 F;Lastre Oxidado;ESP/F10/2296/1051;FASE 10;BOT_RAMPA_INFERIOR;1082,182007;5;ESPERANZA
18-06-2023;PA211;C164;CAT 793 F;Lastre Oxidado;ESP/F10/2296/1051;FASE 10;BOT_RAMPA_INFERIOR;649,3089905;3;ESPERANZA
18-06-2023;PA211;C164;CAT 793 F;Lastre Sulfurado;ESP/F10/2296/1050;FASE 10;BOT_RAMPA_INFERIOR;649,309021;3;ESPERANZA
18-06-2023;PA211;C49;KOM 930 E;Lastre Oxidado;ESP/F10/2296/1051;FASE 10;BOT_RAMPA_INFERIOR;2328;8;ESPERANZA
18-06-2023;PA211;C49;KOM 930 E;Lastre Sulfurado;ESP/F10/2296/1050;FASE 10;BOT_RAMPA_INFERIOR;1746;6;ESPERANZA
18-06-2023;PA211;C50;KOM 930 E;Lastre Oxidado;ESP/F10/2296/1051;FASE 10;BOT_RAMPA_SUPERIOR;291;1;ESPERANZA
18-06-2023;PA211;C50;KOM 930 E;Lastre Sulfurado;ESP/F10/2296/1050;FASE 10;BOT_RAMPA_INFERIOR;1455;5;ESPERANZA
18-06-2023;PA211;C51;KOM 930 E;Lastre Oxidado;ESP/F10/2296/1051;FASE 10;BOT_RAMPA_INFERIOR;582;2;ESPERANZA
18-06-2023;PA211;C51;KOM 930 E;Lastre Oxidado;ESP/F10/2296/1051;FASE 10;BOT_RAMPA_SUPERIOR;291;1;ESPERANZA
18-06-2023;PA211;C51;KOM 930 E;Lastre Sulfurado;ESP/F10/2296/1050;FASE 10;BOT_RAMPA_INFERIOR;873;3;ESPERANZA
18-06-2023;PA211;C52;KOM 930 E;Lastre Sulfurado;ESP/F10/2296/1050;FASE 10;BOT_RAMPA_INFERIOR;873;3;ESPERANZA
18-06-2023;PA211;C53;KOM 930 E;Lastre Oxidado;ESP/F10/2296/1051;FASE 10;BOT_RAMPA_INFERIOR;873;3;ESPERANZA
18-06-2023;PA211;C53;KOM 930 E;Lastre Sulfurado;ESP/F10/2296/1050;FASE 10;BOT_RAMPA_INFERIOR;1455;5;ESPERANZA
18-06-2023;PA211;C54;KOM 930 E;Lastre Oxidado;ESP/F10/2296/1051;FASE 10;BOT_RAMPA_INFERIOR;2037;7;ESPERANZA
18-06-2023;PA211;C54;KOM 930 E;Lastre Sulfurado;ESP/F10/2296/1050;FASE 10;BOT_RAMPA_INFERIOR;2328;8;ESPERANZA
18-06-2023;PA211;C55;KOM 930 E;Lastre Oxidado;ESP/F10/2296/1051;FASE 10;BOT_RAMPA_INFERIOR;582;2;ESPERANZA
18-06-2023;PA211;C55;KOM 930 E;Lastre Sulfurado;ESP/F10/2296/1050;FASE 10;BOT_RAMPA_INFERIOR;582;2;ESPERANZA
18-06-2023;PA211;C56;KOM 930 E;Lastre Sulfurado;ESP/F10/2296/1050;FASE 10;BOT_RAMPA_INFERIOR;1164;4;ESPERANZA
18-06-2023;PA211;C57;KOM 930 E;Lastre Oxidado;ESP/F10/2296/1051;FASE 10;BOT_RAMPA_INFERIOR;3201;11;ESPERANZA
18-06-2023;PA211;C57;KOM 930 E;Lastre Sulfurado;ESP/F10/2296/1050;FASE 10;BOT_RAMPA_INFERIOR;873;3;ESPERANZA
18-06-2023;PA211;C59;KOM 930 E;Lastre Oxidado;ESP/F10/2296/1051;FASE 10;BOT_RAMPA_INFERIOR;291;1;ESPERANZA
18-06-2023;PA211;C59;KOM 930 E;Lastre Sulfurado;ESP/F10/2296/1050;FASE 10;BOT_RAMPA_INFERIOR;1164;4;ESPERANZA
18-06-2023;PA211;C60;KOM 930 E;Lastre Oxidado;ESP/F10/2296/1051;FASE 10;BOT_RAMPA_INFERIOR;2328;8;ESPERANZA
18-06-2023;PA211;C61;KOM 930 E;Lastre Oxidado;ESP/F10/2296/1051;FASE 10;BOT_RAMPA_INFERIOR;873;3;ESPERANZA
18-06-2023;PA211;C61;KOM 930 E;Lastre Sulfurado;ESP/F10/2296/1050;FASE 10;BOT_RAMPA_INFERIOR;873;3;ESPERANZA
18-06-2023;PA26;C08;CAT 797 B;Lastre Sulfurado;ESP/F07/2120/731;FASE 7;BOT_2380_INT;346,4039917;1;ESPERANZA
18-06-2023;PA26;C09;CAT 797 B;Lastre Sulfurado;ESP/F07/2120/731;FASE 7;BOT_2380_INT;346,4039917;1;ESPERANZA
18-06-2023;PA26;C10;CAT 797 B;Lastre Sulfurado;ESP/F07/2120/731;FASE 7;BOT_2380_INT;692,8079834;2;ESPERANZA
18-06-2023;PA26;C11;CAT 797 B;Lastre Sulfurado;ESP/F07/2120/731;FASE 7;BOT_2380_INT;346,4039917;1;ESPERANZA
18-06-2023;PA26;C12;CAT 797 B;Lastre Sulfurado;ESP/F07/2120/731;FASE 7;BOT_2380_INT;692,8079834;2;ESPERANZA
18-06-2023;PA26;C13;CAT 797 B;Lastre Sulfurado;ESP/F07/2120/731;FASE 7;BOT_2380_INT;346,4039917;1;ESPERANZA
18-06-2023;PA26;C14;CAT 797 B;Lastre Sulfurado;ESP/F07/2120/731;FASE 7;BOT_2380_INT;346,4039917;1;ESPERANZA
18-06-2023;PA26;C16;CAT 797 B;Lastre Sulfurado;ESP/F07/2120/731;FASE 7;BOT_2380_INT;346,4039917;1;ESPERANZA
18-06-2023;PA26;C17;CAT 797 F;Lastre Sulfurado;ESP/F07/2120/731;FASE 7;BOT_2380_INT;346,4039917;1;ESPERANZA
18-06-2023;PA26;C20;CAT 797 F;Lastre Sulfurado;ESP/F07/2120/731;FASE 7;BOT_2380_INT;692,8079834;2;ESPERANZA
18-06-2023;PA26;C23;CAT 797 F;Lastre Sulfurado;ESP/F07/2120/731;FASE 7;BOT_2380_INT;346,4039917;1;ESPERANZA
18-06-2023;PA26;C24;CAT 797 F;Lastre Sulfurado;ESP/F07/2120/731;FASE 7;BOT_2380_INT;346,4039917;1;ESPERANZA
18-06-2023;PA26;C25;CAT 797 F;Lastre Sulfurado;ESP/F07/2120/731;FASE 7;BOT_2380_INT;346,4039917;1;ESPERANZA
18-06-2023;PA26;C37;CAT 797 F;Lastre Sulfurado;ESP/F07/2120/731;FASE 7;BOT_2380_INT;692,8079834;2;ESPERANZA
18-06-2023;PA26;C38;CAT 797 F;Lastre Sulfurado;ESP/F07/2120/731;FASE 7;BOT_2380_INT;346,4039917;1;ESPERANZA
18-06-2023;PA26;C39;CAT 797 F;Lastre Sulfurado;ESP/F07/2120/731;FASE 7;BOT_2380_INT;692,8079834;2;ESPERANZA
18-06-2023;PA26;C40;CAT 797 F;Lastre Sulfurado;ESP/F07/2120/731;FASE 7;BOT_2380_INT;1039,211975;3;ESPERANZA
18-06-2023;PA26;C43;CAT 797 F;Lastre Sulfurado;ESP/F07/2120/731;FASE 7;BOT_2380_INT;346,4039917;1;ESPERANZA
18-06-2023;PA26;C44;CAT 797 F;Lastre Sulfurado;ESP/F07/2120/731;FASE 7;BOT_2380_INT;346,4039917;1;ESPERANZA
18-06-2023;PA26;C45;CAT 797 F;Lastre Sulfurado;ESP/F07/2120/731;FASE 7;BOT_2380_INT;692,8079834;2;ESPERANZA
18-06-2023;PA26;C46;CAT 797 F;Lastre Sulfurado;ESP/F07/2120/731;FASE 7;BOT_2380_INT;346,4039917;1;ESPERANZA
18-06-2023;PA26;C53;KOM 930 E;Lastre Sulfurado;ESP/F07/2120/731;FASE 7;BOT_2380_INT;291;1;ESPERANZA
18-06-2023;PA3;C07;CAT 797 B;Lastre Oxidado;ESP/F07/2104/711;FASE 7;BOT_2380_INT;2078,427979;6;ESPERANZA
18-06-2023;PA3;C08;CAT 797 B;Lastre Oxidado;ESP/F07/2104/711;FASE 7;BOT_2380_INT;346,4039917;1;ESPERANZA
18-06-2023;PA3;C09;CAT 797 B;Lastre Oxidado;ESP/F07/2104/711;FASE 7;BOT_2380_INT;2078,421936;6;ESPERANZA
18-06-2023;PA3;C10;CAT 797 B;Lastre Oxidado;ESP/F07/2104/711;FASE 7;BOT_2380_INT;2771,233948;8;ESPERANZA
18-06-2023;PA3;C11;CAT 797 B;Lastre Oxidado;ESP/F07/2104/711;FASE 7;BOT_2380_INT;692,8079834;2;ESPERANZA
18-06-2023;PA3;C12;CAT 797 B;Lastre Oxidado;ESP/F07/2104/711;FASE 7;BOT_2380_INT;2424,825928;7;ESPERANZA
18-06-2023;PA3;C13;CAT 797 B;Lastre Oxidado;ESP/F07/2104/711;FASE 7;BOT_2380_INT;346,4039917;1;ESPERANZA
18-06-2023;PA3;C14;CAT 797 B;Lastre Oxidado;ESP/F07/2104/711;FASE 7;BOT_2380_INT;1039,211975;3;ESPERANZA
18-06-2023;PA3;C151;CAT 793 F;Lastre Oxidado;ESP/F07/2104/711;FASE 7;BOT_2380_INT;216,4360046;1;ESPERANZA
18-06-2023;PA3;C156;CAT 793 F;Lastre Oxidado;ESP/F07/2104/711;FASE 7;BOT_2380_INT;216,4360046;1;ESPERANZA
18-06-2023;PA3;C16;CAT 797 B;Lastre Oxidado;ESP/F07/2104/711;FASE 7;BOT_2380_INT;692,8079834;2;ESPERANZA
18-06-2023;PA3;C164;CAT 793 F;Lastre Oxidado;ESP/F07/2104/711;FASE 7;BOT_2380_INT;216,4360046;1;ESPERANZA
18-06-2023;PA3;C17;CAT 797 F;Lastre Oxidado;ESP/F07/2104/711;FASE 7;BOT_2380_INT;3117,640015;9;ESPERANZA
18-06-2023;PA3;C19;CAT 797 F;Lastre Oxidado;ESP/F07/2104/711;FASE 7;BOT_2380_INT;1732,02002;5;ESPERANZA
18-06-2023;PA3;C20;CAT 797 F;Lastre Oxidado;ESP/F07/2104/711;FASE 7;BOT_2380_INT;1039,209961;3;ESPERANZA
18-06-2023;PA3;C21;CAT 797 F;Lastre Oxidado;ESP/F07/2104/711;FASE 7;BOT_2380_INT;4503,253967;13;ESPERANZA
18-06-2023;PA3;C22;CAT 797 F;Lastre Oxidado;ESP/F07/2104/711;FASE 7;BOT_2380_INT;3117,643982;9;ESPERANZA
18-06-2023;PA3;C23;CAT 797 F;Lastre Oxidado;ESP/F07/2104/711;FASE 7;BOT_2380_INT;2078,421936;6;ESPERANZA
18-06-2023;PA3;C24;CAT 797 F;Lastre Oxidado;ESP/F07/2104/711;FASE 7;BOT_2380_INT;1385,615967;4;ESPERANZA
18-06-2023;PA3;C25;CAT 797 F;Lastre Oxidado;ESP/F07/2104/711;FASE 7;BOT_2380_INT;3810,449951;11;ESPERANZA
18-06-2023;PA3;C32;CAT 797 F;Lastre Oxidado;ESP/F07/2104/711;FASE 7;BOT_2380_INT;1039,211975;3;ESPERANZA
18-06-2023;PA3;C34;CAT 797 F;Lastre Oxidado;ESP/F07/2104/711;FASE 7;BOT_2380_INT;1732,02002;5;ESPERANZA
18-06-2023;PA3;C36;CAT 797 F;Lastre Oxidado;ESP/F07/2104/711;FASE 7;BOT_2380_INT;3117,635986;9;ESPERANZA
18-06-2023;PA3;C37;CAT 797 F;Lastre Oxidado;ESP/F07/2104/711;FASE 7;BOT_2380_INT;3117,635986;9;ESPERANZA
18-06-2023;PA3;C38;CAT 797 F;Lastre Oxidado;ESP/F07/2104/711;FASE 7;BOT_2380_INT;2424,828003;7;ESPERANZA
18-06-2023;PA3;C38;CAT 797 F;Lastre Oxidado;ESP/F07/2104/711;FASE 7;BOT_INT_RB;346,4039917;1;ESPERANZA
18-06-2023;PA3;C39;CAT 797 F;Lastre Oxidado;ESP/F07/2104/711;FASE 7;BOT_2380_INT;2078,419922;6;ESPERANZA
18-06-2023;PA3;C39;CAT 797 F;Lastre Oxidado;ESP/F07/2104/711;FASE 7;BOT_INTEGRACION;346,4039917;1;ESPERANZA
18-06-2023;PA3;C40;CAT 797 F;Lastre Oxidado;ESP/F07/2104/711;FASE 7;BOT_2380_INT;3464,044006;10;ESPERANZA
18-06-2023;PA3;C41;CAT 797 F;Lastre Oxidado;ESP/F07/2104/711;FASE 7;BOT_2380_INT;2771,227905;8;ESPERANZA
18-06-2023;PA3;C42;CAT 797 F;Lastre Oxidado;ESP/F07/2104/711;FASE 7;BOT_2380_INT;1385,613953;4;ESPERANZA
18-06-2023;PA3;C43;CAT 797 F;Lastre Oxidado;ESP/F07/2104/711;FASE 7;BOT_2380_INT;2771,233948;8;ESPERANZA
18-06-2023;PA3;C44;CAT 797 F;Lastre Oxidado;ESP/F07/2104/711;FASE 7;BOT_2380_INT;2078,421936;6;ESPERANZA
18-06-2023;PA3;C45;CAT 797 F;Lastre Oxidado;ESP/F07/2104/711;FASE 7;BOT_2380_INT;3117,629883;9;ESPERANZA
18-06-2023;PA3;C46;CAT 797 F;Lastre Oxidado;ESP/F07/2104/711;FASE 7;BOT_2380_INT;2424,823914;7;ESPERANZA
18-06-2023;PA3;C48;CAT 797 F;Lastre Oxidado;ESP/F07/2104/711;FASE 7;BOT_2380_INT;3117,635986;9;ESPERANZA
18-06-2023;PA3;C50;KOM 930 E;Lastre Oxidado;ESP/F07/2104/711;FASE 7;BOT_2380_INT;873;3;ESPERANZA
18-06-2023;PA3;C51;KOM 930 E;Lastre Oxidado;ESP/F07/2104/711;FASE 7;BOT_2380_INT;291;1;ESPERANZA
18-06-2023;PA3;C52;KOM 930 E;Lastre Oxidado;ESP/F07/2104/711;FASE 7;BOT_2380_INT;1164;4;ESPERANZA
18-06-2023;PA3;C55;KOM 930 E;Lastre Oxidado;ESP/F07/2104/711;FASE 7;BOT_2380_INT;873;3;ESPERANZA
18-06-2023;PA3;C56;KOM 930 E;Lastre Oxidado;ESP/F07/2104/711;FASE 7;BOT_2380_INT;291;1;ESPERANZA
18-06-2023;PA3;C57;KOM 930 E;Lastre Oxidado;ESP/F07/2104/711;FASE 7;BOT_2380_INT;291;1;ESPERANZA
18-06-2023;PA3;C58;KOM 930 E;Lastre Oxidado;ESP/F07/2104/711;FASE 7;BOT_2380_INT;291;1;ESPERANZA
18-06-2023;PA3;C59;KOM 930 E;Lastre Oxidado;ESP/F07/2104/711;FASE 7;BOT_2380_INT;582;2;ESPERANZA
18-06-2023;PA3;C60;KOM 930 E;Lastre Oxidado;ESP/F07/2104/711;FASE 7;BOT_2380_INT;291;1;ESPERANZA
18-06-2023;PA4;C122;CAT 793 C;Lastre Oxidado;ESP/F10/2328/129;FASE 10;BOT_RAMPA_INFERIOR;216,4360046;1;ESPERANZA
18-06-2023;PA4;C123;CAT 793 C;Lastre Oxidado;ESP/F10/2328/129;FASE 10;BOT_RAMPA_INFERIOR;865,7450256;4;ESPERANZA
18-06-2023;PA4;C125;CAT 793 C;Lastre Oxidado;ESP/F10/2328/129;FASE 10;BOT_RAMPA_INFERIOR;1947,928986;9;ESPERANZA
18-06-2023;PA4;C129;CAT 793 C;Lastre Oxidado;ESP/F10/2328/129;FASE 10;BOT_RAMPA_INFERIOR;432,8729858;2;ESPERANZA
18-06-2023;PA4;C130;CAT 793 C;Lastre Oxidado;ESP/F10/2328/129;FASE 10;BOT_RAMPA_INFERIOR;865,7459717;4;ESPERANZA
18-06-2023;PA4;C131;CAT 793 C;Lastre Oxidado;ESP/F10/2328/129;FASE 10;BOT_RAMPA_INFERIOR;1298,616058;6;ESPERANZA
18-06-2023;PA4;C132;CAT 793 C;Lastre Oxidado;ESP/F10/2328/129;FASE 10;BOT_RAMPA_INFERIOR;649,309021;3;ESPERANZA
18-06-2023;PA4;C134;CAT 793 C;Lastre Oxidado;ESP/F10/2328/129;FASE 10;BOT_RAMPA_INFERIOR;865,7459717;4;ESPERANZA
18-06-2023;PA4;C135;CAT 793 C;Lastre Oxidado;ESP/F10/2328/129;FASE 10;BOT_RAMPA_INFERIOR;432,8729858;2;ESPERANZA
18-06-2023;PA4;C15;CAT 797 B;Lastre Oxidado;ESP/F10/2328/129;FASE 10;BOT_RAMPA_INFERIOR;346,4039917;1;ESPERANZA
18-06-2023;PA4;C151;CAT 793 F;Lastre Oxidado;ESP/F10/2328/129;FASE 10;BOT_RAMPA_INFERIOR;3246,550049;15;ESPERANZA
18-06-2023;PA4;C152;CAT 793 F;Lastre Oxidado;ESP/F10/2328/129;FASE 10;BOT_RAMPA_INFERIOR;1082,181976;5;ESPERANZA
18-06-2023;PA4;C154;CAT 793 F;Lastre Oxidado;ESP/F10/2328/129;FASE 10;BOT_RAMPA_INFERIOR;1082,180054;5;ESPERANZA
18-06-2023;PA4;C155;CAT 793 F;Lastre Oxidado;ESP/F10/2328/129;FASE 10;BOT_RAMPA_INFERIOR;3030,105927;14;ESPERANZA
18-06-2023;PA4;C156;CAT 793 F;Lastre Oxidado;ESP/F10/2328/129;FASE 10;BOT_RAMPA_INFERIOR;1082,181976;5;ESPERANZA
18-06-2023;PA4;C159;CAT 793 F;Lastre Oxidado;ESP/F10/2328/129;FASE 10;BOT_RAMPA_INFERIOR;865,7450256;4;ESPERANZA
18-06-2023;PA4;C160;CAT 793 F;Lastre Oxidado;ESP/F10/2328/129;FASE 10;BOT_RAMPA_INFERIOR;216,4360046;1;ESPERANZA
18-06-2023;PA4;C161;CAT 793 F;Lastre Oxidado;ESP/F10/2328/129;FASE 10;BOT_RAMPA_INFERIOR;1947,933044;9;ESPERANZA
18-06-2023;PA4;C162;CAT 793 F;Lastre Oxidado;ESP/F10/2328/129;FASE 10;BOT_RAMPA_INFERIOR;1731,492981;8;ESPERANZA
18-06-2023;PA4;C163;CAT 793 F;Lastre Oxidado;ESP/F10/2328/129;FASE 10;BOT_RAMPA_INFERIOR;2380,80603;11;ESPERANZA
18-06-2023;PA4;C164;CAT 793 F;Lastre Oxidado;ESP/F10/2328/129;FASE 10;BOT_RAMPA_INFERIOR;2164,365967;10;ESPERANZA
18-06-2023;PA4;C32;CAT 797 F;Lastre Oxidado;ESP/F10/2328/129;FASE 10;BOT_RAMPA_INFERIOR;346,4039917;1;ESPERANZA
18-06-2023;PA4;C49;KOM 930 E;Lastre Oxidado;ESP/F10/2328/129;FASE 10;BOT_RAMPA_INFERIOR;1746;6;ESPERANZA
18-06-2023;PA4;C50;KOM 930 E;Lastre Oxidado;ESP/F10/2328/129;FASE 10;BOT_RAMPA_INFERIOR;1455;5;ESPERANZA
18-06-2023;PA4;C51;KOM 930 E;Lastre Oxidado;ESP/F10/2328/129;FASE 10;BOT_RAMPA_INFERIOR;2037;7;ESPERANZA
18-06-2023;PA4;C52;KOM 930 E;Lastre Oxidado;ESP/F10/2328/129;FASE 10;BOT_RAMPA_INFERIOR;1455;5;ESPERANZA
18-06-2023;PA4;C53;KOM 930 E;Lastre Oxidado;ESP/F10/2328/129;FASE 10;BOT_RAMPA_INFERIOR;873;3;ESPERANZA
18-06-2023;PA4;C53;KOM 930 E;Lastre Sulfurado;ESP/F10/2312/1250;FASE 10;BOT_RAMPA_INFERIOR;291;1;ESPERANZA
18-06-2023;PA4;C54;KOM 930 E;Lastre Oxidado;ESP/F10/2328/129;FASE 10;BOT_RAMPA_INFERIOR;1455;5;ESPERANZA
18-06-2023;PA4;C55;KOM 930 E;Lastre Oxidado;ESP/F10/2328/129;FASE 10;BOT_RAMPA_INFERIOR;582;2;ESPERANZA
18-06-2023;PA4;C56;KOM 930 E;Lastre Oxidado;ESP/F10/2328/129;FASE 10;BOT_RAMPA_INFERIOR;1455;5;ESPERANZA
18-06-2023;PA4;C57;KOM 930 E;Lastre Oxidado;ESP/F10/2328/129;FASE 10;BOT_RAMPA_INFERIOR;873;3;ESPERANZA
18-06-2023;PA4;C59;KOM 930 E;Lastre Oxidado;ESP/F10/2328/129;FASE 10;BOT_RAMPA_INFERIOR;1164;4;ESPERANZA
18-06-2023;PA4;C60;KOM 930 E;Lastre Oxidado;ESP/F10/2328/129;FASE 10;BOT_RAMPA_INFERIOR;4656;16;ESPERANZA
18-06-2023;PA4;C61;KOM 930 E;Lastre Oxidado;ESP/F10/2328/129;FASE 10;BOT_RAMPA_INFERIOR;873;3;ESPERANZA
18-06-2023;PA6;C07;CAT 797 B;Lastre Oxidado;ESP/F07/2120/732;FASE 7;BOT_2380_INT;346,4039917;1;ESPERANZA
18-06-2023;PA6;C09;CAT 797 B;Lastre Oxidado;ESP/F07/2120/732;FASE 7;BOT_2380_INT;346,4039917;1;ESPERANZA
18-06-2023;PA6;C09;CAT 797 B;Lastre Sulfurado;ESP/F07/2120/7290;FASE 7;BOT_2380_INT;346,4039917;1;ESPERANZA
18-06-2023;PA6;C10;CAT 797 B;Lastre Oxidado;ESP/F07/2120/732;FASE 7;BOT_2380_INT;346,4039917;1;ESPERANZA
18-06-2023;PA6;C10;CAT 797 B;Lastre Sulfurado;ESP/F07/2120/7290;FASE 7;BOT_2380_INT;346,4039917;1;ESPERANZA
18-06-2023;PA6;C11;CAT 797 B;Lastre Oxidado;ESP/F07/2120/732;FASE 7;BOT_2380_INT;692,8079834;2;ESPERANZA
18-06-2023;PA6;C12;CAT 797 B;Lastre Oxidado;ESP/F07/2120/732;FASE 7;BOT_2380_INT;692,8079834;2;ESPERANZA
18-06-2023;PA6;C13;CAT 797 B;Lastre Oxidado;ESP/F07/2120/732;FASE 7;BOT_2380_INT;1039,211975;3;ESPERANZA
18-06-2023;PA6;C15;CAT 797 B;Lastre Oxidado;ESP/F07/2120/732;FASE 7;BOT_2380_INT;346,4039917;1;ESPERANZA
18-06-2023;PA6;C152;CAT 793 F;Lastre Oxidado;ESP/F07/2120/732;FASE 7;BOT_2380_INT;216,4360046;1;ESPERANZA
18-06-2023;PA6;C154;CAT 793 F;Lastre Oxidado;ESP/F07/2120/732;FASE 7;BOT_2380_INT;216,4360046;1;ESPERANZA
18-06-2023;PA6;C17;CAT 797 F;Lastre Oxidado;ESP/F07/2120/732;FASE 7;BOT_2380_INT;346,4039917;1;ESPERANZA
18-06-2023;PA6;C19;CAT 797 F;Lastre Oxidado;ESP/F07/2120/732;FASE 7;BOT_2380_INT;346,4039917;1;ESPERANZA
18-06-2023;PA6;C21;CAT 797 F;Lastre Oxidado;ESP/F07/2120/732;FASE 7;BOT_2380_INT;692,8079834;2;ESPERANZA
18-06-2023;PA6;C22;CAT 797 F;Lastre Oxidado;ESP/F07/2120/732;FASE 7;BOT_2380_INT;692,8079834;2;ESPERANZA
18-06-2023;PA6;C23;CAT 797 F;Lastre Oxidado;ESP/F07/2120/732;FASE 7;BOT_2380_INT;346,4039917;1;ESPERANZA
18-06-2023;PA6;C24;CAT 797 F;Lastre Oxidado;ESP/F07/2120/732;FASE 7;BOT_2380_INT;346,4039917;1;ESPERANZA
18-06-2023;PA6;C25;CAT 797 F;Lastre Oxidado;ESP/F07/2120/732;FASE 7;BOT_2380_INT;346,4039917;1;ESPERANZA
18-06-2023;PA6;C34;CAT 797 F;Lastre Oxidado;ESP/F07/2120/732;FASE 7;BOT_2380_INT;346,4039917;1;ESPERANZA
18-06-2023;PA6;C37;CAT 797 F;Lastre Oxidado;ESP/F07/2120/732;FASE 7;BOT_2380_INT;346,4039917;1;ESPERANZA
18-06-2023;PA6;C38;CAT 797 F;Lastre Oxidado;ESP/F07/2120/732;FASE 7;BOT_2380_INT;692,8079834;2;ESPERANZA
18-06-2023;PA6;C40;CAT 797 F;Lastre Oxidado;ESP/F07/2120/732;FASE 7;BOT_2380_INT;346,4039917;1;ESPERANZA
18-06-2023;PA6;C42;CAT 797 F;Lastre Oxidado;ESP/F07/2120/732;FASE 7;BOT_2380_INT;1039,211975;3;ESPERANZA
18-06-2023;PA6;C43;CAT 797 F;Lastre Oxidado;ESP/F07/2120/732;FASE 7;BOT_2380_INT;346,4039917;1;ESPERANZA
18-06-2023;PA6;C44;CAT 797 F;Lastre Sulfurado;ESP/F07/2120/7290;FASE 7;BOT_2380_INT;346,4039917;1;ESPERANZA
18-06-2023;PA6;C45;CAT 797 F;Lastre Oxidado;ESP/F07/2120/732;FASE 7;BOT_2380_INT;346,4039917;1;ESPERANZA
18-06-2023;PA6;C46;CAT 797 F;Lastre Oxidado;ESP/F07/2120/732;FASE 7;BOT_2380_INT;346,4039917;1;ESPERANZA
18-06-2023;PA6;C48;CAT 797 F;Lastre Oxidado;ESP/F07/2120/732;FASE 7;BOT_2380_INT;692,8079834;2;ESPERANZA
18-06-2023;PA6;C58;KOM 930 E;Lastre Oxidado;ESP/F07/2120/732;FASE 7;BOT_2380_INT;291;1;ESPERANZA
18-06-2023;PA6;C60;KOM 930 E;Lastre Sulfurado;ESP/F07/2120/7290;FASE 7;BOT_2380_INT;291;1;ESPERANZA
18-06-2023;PA7;C07;CAT 797 B;Lastre Sulfurado;ESP/F07/2104/7070;FASE 7;BOT_2380_INT;1039,211975;3;ESPERANZA
18-06-2023;PA7;C08;CAT 797 B;Lastre Oxidado;ESP/F07/2120/732;FASE 7;BOT_2380_INT;346,4039917;1;ESPERANZA
18-06-2023;PA7;C08;CAT 797 B;Lastre Sulfurado;ESP/F07/2104/7070;FASE 7;BOT_2380_INT;1385,619995;4;ESPERANZA
18-06-2023;PA7;C09;CAT 797 B;Lastre Sulfurado;ESP/F07/2104/7070;FASE 7;BOT_2380_INT;2771,231995;8;ESPERANZA
18-06-2023;PA7;C10;CAT 797 B;Lastre Oxidado;ESP/F07/2120/732;FASE 7;BOT_2380_INT;346,4039917;1;ESPERANZA
18-06-2023;PA7;C10;CAT 797 B;Lastre Sulfurado;ESP/F07/2104/7070;FASE 7;BOT_2380_INT;2771,227905;8;ESPERANZA
18-06-2023;PA7;C12;CAT 797 B;Lastre Sulfurado;ESP/F07/2104/7070;FASE 7;BOT_2380_INT;2078,421936;6;ESPERANZA
18-06-2023;PA7;C13;CAT 797 B;Lastre Oxidado;ESP/F07/2120/732;FASE 7;BOT_2380_INT;346,4039917;1;ESPERANZA
18-06-2023;PA7;C13;CAT 797 B;Lastre Sulfurado;ESP/F07/2104/7070;FASE 7;BOT_2380_INT;692,8079834;2;ESPERANZA
18-06-2023;PA7;C14;CAT 797 B;Lastre Sulfurado;ESP/F07/2104/7070;FASE 7;BOT_2380_INT;3464,033875;10;ESPERANZA
18-06-2023;PA7;C15;CAT 797 B;Lastre Sulfurado;ESP/F07/2104/7070;FASE 7;BOT_2380_INT;346,4039917;1;ESPERANZA
18-06-2023;PA7;C154;CAT 793 F;Lastre Sulfurado;ESP/F07/2104/7070;FASE 7;BOT_2380_INT;216,4360046;1;ESPERANZA
18-06-2023;PA7;C156;CAT 793 F;Lastre Sulfurado;ESP/F07/2104/7070;FASE 7;BOT_2380_INT;432,8729858;2;ESPERANZA
18-06-2023;PA7;C16;CAT 797 B;Lastre Oxidado;ESP/F07/2120/732;FASE 7;BOT_2380_INT;1732,02002;5;ESPERANZA
18-06-2023;PA7;C16;CAT 797 B;Lastre Sulfurado;ESP/F07/2104/7070;FASE 7;BOT_2380_INT;4156,843933;12;ESPERANZA
18-06-2023;PA7;C163;CAT 793 F;Lastre Sulfurado;ESP/F07/2104/7070;FASE 7;BOT_2380_INT;649,3089905;3;ESPERANZA
18-06-2023;PA7;C17;CAT 797 F;Lastre Sulfurado;ESP/F07/2104/7070;FASE 7;BOT_2380_INT;2424,829956;7;ESPERANZA
18-06-2023;PA7;C18;CAT 797 F;Lastre Sulfurado;ESP/F07/2104/7070;FASE 7;BOT_2380_INT;346,4039917;1;ESPERANZA
18-06-2023;PA7;C19;CAT 797 F;Lastre Oxidado;ESP/F07/2120/732;FASE 7;BOT_2380_INT;346,4039917;1;ESPERANZA
18-06-2023;PA7;C19;CAT 797 F;Lastre Sulfurado;ESP/F07/2104/7070;FASE 7;BOT_2380_INT;346,4039917;1;ESPERANZA
18-06-2023;PA7;C20;CAT 797 F;Lastre Sulfurado;ESP/F07/2104/7070;FASE 7;BOT_2380_INT;1732,017944;5;ESPERANZA
18-06-2023;PA7;C21;CAT 797 F;Lastre Sulfurado;ESP/F07/2104/7070;FASE 7;BOT_2380_INT;1732,023987;5;ESPERANZA
18-06-2023;PA7;C22;CAT 797 F;Lastre Oxidado;ESP/F07/2120/732;FASE 7;BOT_2380_INT;346,4039917;1;ESPERANZA
18-06-2023;PA7;C22;CAT 797 F;Lastre Sulfurado;ESP/F07/2104/7070;FASE 7;BOT_2380_INT;1385,615967;4;ESPERANZA
18-06-2023;PA7;C22;CAT 797 F;Lastre Sulfurado;ESP/F07/2104/7070;FASE 7;BOT_MIJO;346,4039917;1;ESPERANZA
18-06-2023;PA7;C23;CAT 797 F;Lastre Oxidado;ESP/F07/2120/732;FASE 7;BOT_2380_INT;346,4039917;1;ESPERANZA
18-06-2023;PA7;C23;CAT 797 F;Lastre Sulfurado;ESP/F07/2104/7070;FASE 7;BOT_2380_INT;3117,639954;9;ESPERANZA
18-06-2023;PA7;C24;CAT 797 F;Lastre Oxidado;ESP/F07/2120/732;FASE 7;BOT_2380_INT;346,4039917;1;ESPERANZA
18-06-2023;PA7;C24;CAT 797 F;Lastre Sulfurado;ESP/F07/2104/7070;FASE 7;BOT_2380_INT;1732,019958;5;ESPERANZA
18-06-2023;PA7;C25;CAT 797 F;Lastre Sulfurado;ESP/F07/2104/7070;FASE 7;BOT_2380_INT;2771,235962;8;ESPERANZA
18-06-2023;PA7;C32;CAT 797 F;Lastre Sulfurado;ESP/F07/2104/7070;FASE 7;BOT_2380_INT;1385,613953;4;ESPERANZA
18-06-2023;PA7;C34;CAT 797 F;Lastre Oxidado;ESP/F07/2120/732;FASE 7;BOT_2380_INT;346,4039917;1;ESPERANZA
18-06-2023;PA7;C34;CAT 797 F;Lastre Sulfurado;ESP/F07/2104/7070;FASE 7;BOT_2380_INT;1385,619995;4;ESPERANZA
18-06-2023;PA7;C36;CAT 797 F;Lastre Oxidado;ESP/F07/2120/732;FASE 7;BOT_2380_INT;692,8079834;2;ESPERANZA
18-06-2023;PA7;C36;CAT 797 F;Lastre Sulfurado;ESP/F07/2104/7070;FASE 7;BOT_2380_INT;3117,639893;9;ESPERANZA
18-06-2023;PA7;C37;CAT 797 F;Lastre Sulfurado;ESP/F07/2104/7070;FASE 7;BOT_2380_INT;2424,827942;7;ESPERANZA
18-06-2023;PA7;C38;CAT 797 F;Lastre Oxidado;ESP/F07/2120/732;FASE 7;BOT_2380_INT;346,4039917;1;ESPERANZA
18-06-2023;PA7;C38;CAT 797 F;Lastre Sulfurado;ESP/F07/2104/7070;FASE 7;BOT_2380_INT;1039,211975;3;ESPERANZA
18-06-2023;PA7;C39;CAT 797 F;Lastre Sulfurado;ESP/F07/2104/7070;FASE 7;BOT_2380_INT;2424,828003;7;ESPERANZA
18-06-2023;PA7;C40;CAT 797 F;Lastre Sulfurado;ESP/F07/2104/7070;FASE 7;BOT_2380_INT;1385,613953;4;ESPERANZA
18-06-2023;PA7;C41;CAT 797 F;Lastre Sulfurado;ESP/F07/2104/7070;FASE 7;BOT_2380_INT;1385,615967;4;ESPERANZA
18-06-2023;PA7;C42;CAT 797 F;Lastre Oxidado;ESP/F07/2120/732;FASE 7;BOT_2380_INT;346,4039917;1;ESPERANZA
18-06-2023;PA7;C42;CAT 797 F;Lastre Sulfurado;ESP/F07/2104/7070;FASE 7;BOT_2380_INT;2078,427979;6;ESPERANZA
18-06-2023;PA7;C43;CAT 797 F;Lastre Sulfurado;ESP/F07/2104/7070;FASE 7;BOT_2380_INT;2771,231995;8;ESPERANZA
18-06-2023;PA7;C44;CAT 797 F;Lastre Sulfurado;ESP/F07/2104/7070;FASE 7;BOT_2380_INT;692,8079834;2;ESPERANZA
18-06-2023;PA7;C45;CAT 797 F;Lastre Oxidado;ESP/F07/2120/732;FASE 7;BOT_2380_INT;692,8079834;2;ESPERANZA
18-06-2023;PA7;C45;CAT 797 F;Lastre Sulfurado;ESP/F07/2104/7070;FASE 7;BOT_2380_INT;2078,427979;6;ESPERANZA
18-06-2023;PA7;C46;CAT 797 F;Lastre Oxidado;ESP/F07/2120/732;FASE 7;BOT_2380_INT;346,4039917;1;ESPERANZA
18-06-2023;PA7;C46;CAT 797 F;Lastre Sulfurado;ESP/F07/2104/7070;FASE 7;BOT_2380_INT;346,4039917;1;ESPERANZA
18-06-2023;PA7;C48;CAT 797 F;Lastre Oxidado;ESP/F07/2120/732;FASE 7;BOT_2380_INT;346,4039917;1;ESPERANZA
18-06-2023;PA7;C48;CAT 797 F;Lastre Sulfurado;ESP/F07/2104/7070;FASE 7;BOT_2380_INT;1385,615967;4;ESPERANZA
18-06-2023;PA7;C50;KOM 930 E;Lastre Sulfurado;ESP/F07/2104/7070;FASE 7;BOT_2380_INT;582;2;ESPERANZA
18-06-2023;PA7;C52;KOM 930 E;Lastre Sulfurado;ESP/F07/2104/7070;FASE 7;BOT_2380_INT;873;3;ESPERANZA
18-06-2023;PA7;C53;KOM 930 E;Lastre Sulfurado;ESP/F07/2104/7070;FASE 7;BOT_2380_INT;291;1;ESPERANZA
18-06-2023;PA7;C53;KOM 930 E;Lastre Sulfurado;ESP/F07/2104/7070;FASE 7;BOT_RAMPA_INFERIOR;291;1;ESPERANZA
18-06-2023;PA7;C54;KOM 930 E;Lastre Sulfurado;ESP/F07/2104/7070;FASE 7;BOT_2380_INT;291;1;ESPERANZA
18-06-2023;PA7;C56;KOM 930 E;Lastre Sulfurado;ESP/F07/2104/7070;FASE 7;BOT_2380_INT;873;3;ESPERANZA
18-06-2023;PA7;C57;KOM 930 E;Lastre Sulfurado;ESP/F07/2104/7070;FASE 7;BOT_2380_INT;1164;4;ESPERANZA
18-06-2023;PA7;C58;KOM 930 E;Lastre Sulfurado;ESP/F07/2104/7070;FASE 7;BOT_2380_INT;873;3;ESPERANZA
18-06-2023;PA7;C60;KOM 930 E;Lastre Sulfurado;ESP/F07/2104/7070;FASE 7;BOT_2380_INT;582;2;ESPERANZA
18-06-2023;PA7;C61;KOM 930 E;Lastre Sulfurado;ESP/F07/2104/7070;FASE 7;BOT_2380_INT;873;3;ESPERANZA
18-06-2023;PAESPS;C20115ESPS;KOM 980 ESPS;Sulfuro Baja Ley;ESS/F02/2120/2131;F02 ESPSUR;CHANCADO-SULFURO;10080;28;ESPERANZA_SUR
18-06-2023;PAESPS;C980AHSESPS;Kom 980 AHS;Lastre Sulfurado;ESS/F02/2120/R200;F02 ESPSUR;BOTADERO_2021;11160;31;ESPERANZA_SUR
18-06-2023;PAESPS;C980AHSESPS;Kom 980 AHS;Sulfuro Baja Ley;ESS/F02/2120/2131;F02 ESPSUR;STOCK_SBL_ESS;2520;7;ESPERANZA_SUR
18-06-2023;PATH01;C701;LIEBHERR 264 ;LASTRE (LAS);LLA/F01/2295/103;F01 LLA;BOT_TSS;2847;13;LLANO
18-06-2023;PATH01;C701;LIEBHERR 264 ;LASTRE (LAS);LLA/F01/2295/105;F01 LLA;BOT_TSS;4161;19;LLANO
18-06-2023;PATH01;C701;LIEBHERR 264 ;LASTRE (LAS);LLA/F01/2295/106;F01 LLA;BOT_TSS;7446;34;LLANO
18-06-2023;PATH01;C701;LIEBHERR 264 ;LASTRE (LAS);LLA/F01/2295/1060;F01 LLA;BOT_TSS;34383;157;LLANO
18-06-2023;PATH01;C701;LIEBHERR 264 ;LASTRE (LAS);LLA/F02/2302.5/2091;F02 LLA;BOT_TSS;4380;20;LLANO
18-06-2023;PATH01;C702;LIEBHERR 264 ;LASTRE (LAS);LLA/F01/2295/103;F01 LLA;BOT_TSS;5256;24;LLANO
18-06-2023;PATH01;C702;LIEBHERR 264 ;LASTRE (LAS);LLA/F01/2295/105;F01 LLA;BOT_TSS;876;4;LLANO
18-06-2023;PATH01;C702;LIEBHERR 264 ;LASTRE (LAS);LLA/F01/2295/1060;F01 LLA;BOT_TSS;9636;44;LLANO
18-06-2023;PATH01;C702;LIEBHERR 264 ;LASTRE (LAS);LLA/F01/2302.5/1080;F01 LLA;BOT_TSS;22995;105;LLANO
18-06-2023;PATH01;C702;LIEBHERR 264 ;LASTRE (LAS);LLA/F02/2302.5/2091;F02 LLA;BOT_TSS;219;1;LLANO
18-06-2023;PATH01;C702;LIEBHERR 264 ;LASTRE (LAS);LLA/F02/2302.5/215;F02 LLA;BOT_TSS;219;1;LLANO
18-06-2023;PATH01;C793OXE;CAT 793 OXE;Media Ley;OXE/F04/2136/403;FASE 04 ENC;CHANCADO-ENCUENTRO;8140;37;ENCUENTRO
18-06-2023;PATH01;C793OXE;CAT 793 OXE;Media Ley;OXE/F04/2136/403;FASE 04 ENC;MOD B;10120;46;ENCUENTRO
18-06-2023;PATH01;C793OXE;CAT 793 OXE;OBR;MOD_E_REM;ENCUENTRO OXE;CHANCADO-ENCUENTRO;3080;14;ENCUENTRO
18-06-2023;PATH01;C793OXE;CAT 793 OXE;OMR;STOCK_OXMAR_NORTE;ENCUENTRO OXE;CHANCADO-ENCUENTRO;1540;7;ENCUENTRO
18-06-2023;PATH01;C793OXE;CAT 793 OXE;ORM;MOD_B_REM;ENCUENTRO OXE;CHANCADO-ENCUENTRO;2200;10;ENCUENTRO
18-06-2023;PATH01;C793OXE;CAT 793 OXE;OXIDO ALTA LEY (OXAL);OXE/F04/2136/405;FASE 04 ENC;CHANCADO-ENCUENTRO;2860;13;ENCUENTRO
18-06-2023;PATH01;C793OXE;CAT 793 OXE;OXIDO ALTA LEY (OXAL);OXE/F04/2136/405;FASE 04 ENC;MOD A;8140;37;ENCUENTRO
18-06-2023;PATH01;C793OXE;CAT 793 OXE;Oxido Baja Ley;OXE/F04/2144/416;FASE 04 ENC;CHANCADO-ENCUENTRO;12980;59;ENCUENTRO
18-06-2023;PATH01;C793OXE;CAT 793 OXE;Oxido Baja Ley;OXE/F04/2144/416;FASE 04 ENC;MOD D;3300;15;ENCUENTRO
18-06-2023;PATH01;C793OXE;CAT 793 OXE;Oxido Baja Ley;OXE/F04/2144/416;FASE 04 ENC;MOD F;5060;23;ENCUENTRO
18-06-2023;PATH01;C930OXE;KOM 930OXE;L21;04_2376_455;FASE 04 ENC;BOT.2420;86710;299;ENCUENTRO
18-06-2023;PATH01;C930OXE;KOM 930OXE;Mineral Sulfuro Primario(PRI);OXE/F04/2144/410;FASE 04 ENC;MOD G;25520;88;ENCUENTRO
18-06-2023;PATH01;C930OXE;KOM 930OXE;Oxido Baja Ley;OXE/F04/2144/416;FASE 04 ENC;MOD D;290;1;ENCUENTRO
18-06-2023;PATH01;C930OXE;KOM 930OXE;Oxido Baja Ley;OXE/F04/2144/416;FASE 04 ENC;MOD E;7540;26;ENCUENTRO
18-06-2023;PATH01;C930OXE;KOM 930OXE;Oxido Baja Ley;OXE/F04/2144/416;FASE 04 ENC;MOD F;290;1;ENCUENTRO