Fecha;Carguio;Camión;Flota;Material;Origen;Zona;Destino;Tonelaje;Ciclos;Rajo
19-06-2023;CF2;C121;CAT 793 C;Sulfuro de Media;STOCK_SME;ESPERANZA;CHANCADO-SULFURO;4556,170166;21;ESPERANZA
19-06-2023;CF2;C125;CAT 793 C;Sulfuro Baja Ley;STOCK_SBL1;ESPERANZA;CHANCADO-SULFURO;216,9600067;1;ESPERANZA
19-06-2023;CF2;C125;CAT 793 C;Sulfuro de Media;STOCK_SME;ESPERANZA;CHANCADO-SULFURO;7593,610901;35;ESPERANZA
19-06-2023;CF2;C128;CAT 793 C;Sulfuro de Media;STOCK_SME;ESPERANZA;CHANCADO-SULFURO;5424,001099;25;ESPERANZA
19-06-2023;CF2;C131;CAT 793 C;Sulfuro de Media;STOCK_SME;ESPERANZA;CHANCADO-SULFURO;1301,76297;6;ESPERANZA
19-06-2023;CF2;C134;CAT 793 C;Sulfuro de Media;STOCK_SME;ESPERANZA;CHANCADO-SULFURO;1301,76001;6;ESPERANZA
19-06-2023;CF2;C14;CAT 797 B;Sulfuro de Media;STOCK_SME;ESPERANZA;CHANCADO-SULFURO;346,4039917;1;ESPERANZA
19-06-2023;CF2;C15;CAT 797 B;Sulfuro Baja Ley;STOCK_SBL1;ESPERANZA;CHANCADO-SULFURO;346,4039917;1;ESPERANZA
19-06-2023;CF2;C152;CAT 793 F;Sulfuro de Media;STOCK_SME;ESPERANZA;CHANCADO-SULFURO;650,8809814;3;ESPERANZA
19-06-2023;CF2;C155;CAT 793 F;Sulfuro de Media;STOCK_SME;ESPERANZA;CHANCADO-SULFURO;3471,370972;16;ESPERANZA
19-06-2023;CF2;C17;CAT 797 F;Sulfuro de Media;STOCK_SME;ESPERANZA;CHANCADO-SULFURO;1385,613953;4;ESPERANZA
19-06-2023;CF2;C20;CAT 797 F;Sulfuro de Media;STOCK_SME;ESPERANZA;CHANCADO-SULFURO;2078,427979;6;ESPERANZA
19-06-2023;CF2;C32;CAT 797 F;Sulfuro de Media;STOCK_SME;ESPERANZA;CHANCADO-SULFURO;10045,72211;29;ESPERANZA
19-06-2023;CF203;C122;CAT 793 C;Baja Ley 1;ST-TS_18;OXIDO;ST-TS_18;216,4360046;1;TESORO
19-06-2023;CF203;C128;CAT 793 C;Marginal Rom;STOCK_MRO_MIR;OXIDO;ROM;220;1;TESORO
19-06-2023;CF203;C129;CAT 793 C;Marginal Rom;STOCK_MRO_MIR;OXIDO;ROM;440;2;TESORO
19-06-2023;CF203;C130;CAT 793 C;Marginal Rom;STOCK_MRO_MIR;OXIDO;ROM;3740;17;TESORO
19-06-2023;CF203;C132;CAT 793 C;Baja Ley 1;ST-TS_18;OXIDO;ST-TS_18;216,4360046;1;TESORO
19-06-2023;CF203;C132;CAT 793 C;Marginal Rom;STOCK_MRO_MIR;OXIDO;ROM;3960;18;TESORO
19-06-2023;CF203;C134;CAT 793 C;Marginal Rom;STOCK_MRO_MIR;OXIDO;ROM;1100;5;TESORO
19-06-2023;CF203;C135;CAT 793 C;Marginal Rom;STOCK_MRO_MIR;OXIDO;ROM;3740;17;TESORO
19-06-2023;CF203;C160;CAT 793 F;Marginal Rom;STOCK_MRO_MIR;OXIDO;ROM;450;2;TESORO
19-06-2023;CF231;C121;CAT 793 C;Marginal Alta;STM-NE-02;OXIDO;CHANCADO-OXIDO;1731,492981;8;TESORO
19-06-2023;CF231;C121;CAT 793 C;Marginal Alta;STM-NE-02;OXIDO;STM-NE-02;216,4360046;1;TESORO
19-06-2023;CF231;C129;CAT 793 C;Marginal Alta;STM-NE-02;OXIDO;CHANCADO-OXIDO;2380,80304;11;TESORO
19-06-2023;CF231;C130;CAT 793 C;Marginal Alta;STM-NE-02;OXIDO;CHANCADO-OXIDO;2597,23999;12;TESORO
19-06-2023;CF231;C132;CAT 793 C;Marginal Alta;STM-NE-02;OXIDO;CHANCADO-OXIDO;1731,48999;8;TESORO
19-06-2023;CF232;C121;CAT 793 C;Lastre Sulfurado;ESP/F10/2312/1290;FASE 10;BOT_CENTRAL_SUR_INF;216,4360046;1;ESPERANZA
19-06-2023;CF232;C121;CAT 793 C;Lastre Sulfurado;ESP/F10/2312/1290;FASE 10;BOT_RAMPA_INFERIOR;216,4360046;1;ESPERANZA
19-06-2023;CF232;C123;CAT 793 C;Lastre Sulfurado;ESP/F10/2312/1290;FASE 10;BOT_CENTRAL_SUR_INF;1082,181976;5;ESPERANZA
19-06-2023;CF232;C123;CAT 793 C;Lastre Sulfurado;ESP/F10/2312/1290;FASE 10;BOT_RAMPA_INFERIOR;216,4360046;1;ESPERANZA
19-06-2023;CF232;C125;CAT 793 C;Lastre Sulfurado;ESP/F10/2312/1290;FASE 10;BOT_CENTRAL_SUR_INF;432,8720093;2;ESPERANZA
19-06-2023;CF232;C128;CAT 793 C;Lastre Sulfurado;ESP/F10/2312/1250;FASE 10;BOT_CENTRAL_SUR_INF;216,4360046;1;ESPERANZA
19-06-2023;CF232;C128;CAT 793 C;Lastre Sulfurado;ESP/F10/2312/1290;FASE 10;BOT_CENTRAL_SUR_INF;865,7459717;4;ESPERANZA
19-06-2023;CF232;C129;CAT 793 C;Lastre Sulfurado;ESP/F10/2312/1290;FASE 10;BOT_RAMPA_INFERIOR;216,4360046;1;ESPERANZA
19-06-2023;CF232;C131;CAT 793 C;Lastre Sulfurado;ESP/F10/2312/1290;FASE 10;BOT_CENTRAL_SUR_INF;1947,929016;9;ESPERANZA
19-06-2023;CF232;C131;CAT 793 C;Lastre Sulfurado;ESP/F10/2312/1290;FASE 10;BOT_RAMPA_INFERIOR;216,4360046;1;ESPERANZA
19-06-2023;CF232;C132;CAT 793 C;Lastre Sulfurado;ESP/F10/2312/1290;FASE 10;BOT_RAMPA_INFERIOR;216,4360046;1;ESPERANZA
19-06-2023;CF232;C134;CAT 793 C;Lastre Sulfurado;ESP/F10/2312/1250;FASE 10;BOT_CENTRAL_SUR_INF;432,8729858;2;ESPERANZA
19-06-2023;CF232;C134;CAT 793 C;Lastre Sulfurado;ESP/F10/2312/1290;FASE 10;BOT_CENTRAL_SUR_INF;1947,925079;9;ESPERANZA
19-06-2023;CF232;C135;CAT 793 C;Lastre Sulfurado;ESP/F10/2312/1290;FASE 10;BOT_CENTRAL_SUR_INF;216,4360046;1;ESPERANZA
19-06-2023;CF232;C151;CAT 793 F;Lastre Sulfurado;ESP/F10/2312/1250;FASE 10;BOT_CENTRAL_SUR_INF;432,8729858;2;ESPERANZA
19-06-2023;CF232;C151;CAT 793 F;Lastre Sulfurado;ESP/F10/2312/1250;FASE 10;BOT_RAMPA_INFERIOR;216,4360046;1;ESPERANZA
19-06-2023;CF232;C151;CAT 793 F;Lastre Sulfurado;ESP/F10/2312/1290;FASE 10;BOT_CENTRAL_SUR_INF;1082,182007;5;ESPERANZA
19-06-2023;CF232;C152;CAT 793 F;Lastre Sulfurado;ESP/F10/2312/1250;FASE 10;BOT_CENTRAL_SUR_INF;216,4360046;1;ESPERANZA
19-06-2023;CF232;C152;CAT 793 F;Lastre Sulfurado;ESP/F10/2312/1290;FASE 10;BOT_CENTRAL_SUR_INF;1298,616058;6;ESPERANZA
19-06-2023;CF232;C152;CAT 793 F;Lastre Sulfurado;ESP/F10/2312/1290;FASE 10;BOT_RAMPA_INFERIOR;649,309021;3;ESPERANZA
19-06-2023;CF232;C153;CAT 793 F;Lastre Sulfurado;ESP/F10/2312/1290;FASE 10;BOT_CENTRAL_SUR_INF;1731,492004;8;ESPERANZA
19-06-2023;CF232;C153;CAT 793 F;Lastre Sulfurado;ESP/F10/2312/1290;FASE 10;BOT_RAMPA_INFERIOR;432,8729858;2;ESPERANZA
19-06-2023;CF232;C154;CAT 793 F;Lastre Sulfurado;ESP/F10/2312/1290;FASE 10;BOT_CENTRAL_SUR_INF;649,3089905;3;ESPERANZA
19-06-2023;CF232;C155;CAT 793 F;Lastre Sulfurado;ESP/F10/2312/1250;FASE 10;BOT_CENTRAL_SUR_INF;216,4360046;1;ESPERANZA
19-06-2023;CF232;C155;CAT 793 F;Lastre Sulfurado;ESP/F10/2312/1290;FASE 10;BOT_CENTRAL_SUR_INF;1947,930054;9;ESPERANZA
19-06-2023;CF232;C156;CAT 793 F;Lastre Sulfurado;ESP/F10/2312/1290;FASE 10;BOT_RAMPA_INFERIOR;216,4360046;1;ESPERANZA
19-06-2023;CF232;C159;CAT 793 F;Lastre Sulfurado;ESP/F10/2312/1290;FASE 10;BOT_CENTRAL_SUR_INF;2164,362976;10;ESPERANZA
19-06-2023;CF232;C159;CAT 793 F;Lastre Sulfurado;ESP/F10/2312/1290;FASE 10;BOT_RAMPA_INFERIOR;216,4360046;1;ESPERANZA
19-06-2023;CF232;C160;CAT 793 F;Lastre Sulfurado;ESP/F10/2312/1290;FASE 10;BOT_CENTRAL_SUR_INF;216,4360046;1;ESPERANZA
19-06-2023;CF232;C161;CAT 793 F;Lastre Sulfurado;ESP/F10/2312/1250;FASE 10;BOT_CENTRAL_SUR_INF;216,4360046;1;ESPERANZA
19-06-2023;CF232;C161;CAT 793 F;Lastre Sulfurado;ESP/F10/2312/1290;FASE 10;BOT_CENTRAL_SUR_INF;1515,056;7;ESPERANZA
19-06-2023;CF232;C162;CAT 793 F;Lastre Sulfurado;ESP/F10/2312/1250;FASE 10;BOT_RAMPA_INFERIOR;216,4360046;1;ESPERANZA
19-06-2023;CF232;C162;CAT 793 F;Lastre Sulfurado;ESP/F10/2312/1290;FASE 10;BOT_CENTRAL_SUR_INF;1082,18103;5;ESPERANZA
19-06-2023;CF232;C163;CAT 793 F;Lastre Sulfurado;ESP/F10/2312/1290;FASE 10;BOT_CENTRAL_SUR_INF;865,7459717;4;ESPERANZA
19-06-2023;CF232;C163;CAT 793 F;Lastre Sulfurado;ESP/F10/2312/1290;FASE 10;BOT_RAMPA_INFERIOR;216,4360046;1;ESPERANZA
19-06-2023;CF232;C164;CAT 793 F;Lastre Sulfurado;ESP/F10/2312/1250;FASE 10;BOT_CENTRAL_SUR_INF;216,4360046;1;ESPERANZA
19-06-2023;CF232;C164;CAT 793 F;Lastre Sulfurado;ESP/F10/2312/1290;FASE 10;BOT_CENTRAL_SUR_INF;1731,491943;8;ESPERANZA
19-06-2023;CF232;C164;CAT 793 F;Lastre Sulfurado;ESP/F10/2312/1290;FASE 10;BOT_RAMPA_INFERIOR;216,4360046;1;ESPERANZA
19-06-2023;CF233;C121;CAT 793 C;Baja Ley 1;ST-TS_18;OXIDO;CHANCADO-OXIDO;649,309021;3;TESORO
19-06-2023;CF233;C132;CAT 793 C;Baja Ley 1;ST-TS_18;OXIDO;CHANCADO-OXIDO;649,309021;3;TESORO
19-06-2023;CF234;C129;CAT 793 C;Lastre Oxidado;DERRAMES_F07;FASE 7;BOT_RAMPA_INFERIOR;1515,056;7;ESPERANZA
19-06-2023;CF234;C152;CAT 793 F;Lastre Oxidado;DERRAMES_F07;FASE 7;BOT_CENTRAL_SUR_INF;1947,930054;9;ESPERANZA
19-06-2023;CF234;C153;CAT 793 F;Lastre Oxidado;DERRAMES_F07;FASE 7;BOT_RAMPA_INFERIOR;1515,056;7;ESPERANZA
19-06-2023;CF234;C154;CAT 793 F;Lastre Oxidado;DERRAMES_F07;FASE 7;BOT_CENTRAL_SUR_INF;216,4360046;1;ESPERANZA
19-06-2023;CF234;C154;CAT 793 F;Lastre Oxidado;DERRAMES_F07;FASE 7;BOT_RAMPA_INFERIOR;2380,800049;11;ESPERANZA
19-06-2023;CF234;C156;CAT 793 F;Lastre Oxidado;DERRAMES_F07;FASE 7;BOT_CENTRAL_SUR_INF;865,7459717;4;ESPERANZA
19-06-2023;CF234;C156;CAT 793 F;Lastre Oxidado;DERRAMES_F07;FASE 7;BOT_RAMPA_INFERIOR;1731,492981;8;ESPERANZA
19-06-2023;CF234;C160;CAT 793 F;Lastre Oxidado;DERRAMES_F07;FASE 7;BOT_CENTRAL_SUR_INF;1082,180054;5;ESPERANZA
19-06-2023;CF234;C161;CAT 793 F;Lastre Oxidado;DERRAMES_F07;FASE 7;BOT_RAMPA_INFERIOR;432,8729858;2;ESPERANZA
19-06-2023;CF234;C162;CAT 793 F;Lastre Oxidado;DERRAMES_F07;FASE 7;BOT_RAMPA_INFERIOR;1298,619995;6;ESPERANZA
19-06-2023;CF234;C163;CAT 793 F;Lastre Oxidado;DERRAMES_F07;FASE 7;BOT_CENTRAL_SUR_INF;1515,060059;7;ESPERANZA
19-06-2023;CF3;C123;CAT 793 C;Lastre Oxidado;ESP/F10/2296/1051;FASE 10;BOT_CENTRAL_SUR_INF;432,8729858;2;ESPERANZA
19-06-2023;CF3;C123;CAT 793 C;Lastre Oxidado;ESP/F10/2296/1051;FASE 10;BOT_RAMPA_INFERIOR;216,4360046;1;ESPERANZA
19-06-2023;CF3;C128;CAT 793 C;Lastre Oxidado;ESP/F10/2296/1051;FASE 10;BOT_RAMPA_INFERIOR;216,4360046;1;ESPERANZA
19-06-2023;CF3;C129;CAT 793 C;Lastre Oxidado;ESP/F10/2296/1051;FASE 10;BOT_CENTRAL_SUR_INF;432,8729858;2;ESPERANZA
19-06-2023;CF3;C129;CAT 793 C;Lastre Oxidado;ESP/F10/2296/1051;FASE 10;BOT_RAMPA_INFERIOR;216,4360046;1;ESPERANZA
19-06-2023;CF3;C131;CAT 793 C;Lastre Oxidado;ESP/F10/2296/1051;FASE 10;BOT_CENTRAL_SUR_INF;649,309021;3;ESPERANZA
19-06-2023;CF3;C131;CAT 793 C;Lastre Oxidado;ESP/F10/2296/1051;FASE 10;BOT_RAMPA_INFERIOR;216,4360046;1;ESPERANZA
19-06-2023;CF3;C132;CAT 793 C;Lastre Oxidado;ESP/F10/2296/1051;FASE 10;BOT_RAMPA_INFERIOR;216,4360046;1;ESPERANZA
19-06-2023;CF3;C134;CAT 793 C;Lastre Oxidado;ESP/F10/2296/1051;FASE 10;BOT_CENTRAL_SUR_INF;432,8729858;2;ESPERANZA
19-06-2023;CF3;C134;CAT 793 C;Lastre Oxidado;ESP/F10/2296/1051;FASE 10;BOT_RAMPA_INFERIOR;216,4360046;1;ESPERANZA
19-06-2023;CF3;C151;CAT 793 F;Lastre Oxidado;ESP/F10/2296/1051;FASE 10;BOT_CENTRAL_SUR_INF;432,8729858;2;ESPERANZA
19-06-2023;CF3;C151;CAT 793 F;Lastre Oxidado;ESP/F10/2296/1051;FASE 10;BOT_RAMPA_INFERIOR;216,4360046;1;ESPERANZA
19-06-2023;CF3;C152;CAT 793 F;Lastre Oxidado;ESP/F10/2296/1051;FASE 10;BOT_CENTRAL_SUR_INF;216,4360046;1;ESPERANZA
19-06-2023;CF3;C152;CAT 793 F;Lastre Oxidado;ESP/F10/2296/1051;FASE 10;BOT_RAMPA_INFERIOR;216,4360046;1;ESPERANZA
19-06-2023;CF3;C154;CAT 793 F;Lastre Oxidado;ESP/F10/2296/1051;FASE 10;BOT_CENTRAL_SUR_INF;216,4360046;1;ESPERANZA
19-06-2023;CF3;C155;CAT 793 F;Lastre Oxidado;ESP/F10/2296/1051;FASE 10;BOT_CENTRAL_SUR_INF;216,4360046;1;ESPERANZA
19-06-2023;CF3;C156;CAT 793 F;Lastre Oxidado;ESP/F10/2296/1051;FASE 10;BOT_CENTRAL_SUR_INF;432,8729858;2;ESPERANZA
19-06-2023;CF3;C159;CAT 793 F;Lastre Oxidado;ESP/F10/2296/1051;FASE 10;BOT_CENTRAL_SUR_INF;865,7459717;4;ESPERANZA
19-06-2023;CF3;C162;CAT 793 F;Lastre Oxidado;ESP/F10/2296/1051;FASE 10;BOT_CENTRAL_SUR_INF;216,4360046;1;ESPERANZA
19-06-2023;CF3;C162;CAT 793 F;Lastre Oxidado;ESP/F10/2296/1051;FASE 10;BOT_RAMPA_INFERIOR;216,4360046;1;ESPERANZA
19-06-2023;CF3;C164;CAT 793 F;Lastre Oxidado;ESP/F10/2296/1051;FASE 10;BOT_CENTRAL_SUR_INF;649,309021;3;ESPERANZA
19-06-2023;CF3;C164;CAT 793 F;Lastre Oxidado;ESP/F10/2296/1051;FASE 10;BOT_RAMPA_INFERIOR;216,4360046;1;ESPERANZA
19-06-2023;CF3;C56;KOM 930 E;Lastre Oxidado;ESP/F10/2296/1051;FASE 10;BOT_RAMPA_INFERIOR;291;1;ESPERANZA
19-06-2023;CF4;C980AHSESPS;Kom 980 AHS;Lastre Oxidado;ESS/F03/2200/3040;F03 ESPSUR;BOTADERO_2021;36720;102;ESPERANZA_SUR
19-06-2023;PA1;C09;CAT 797 B;Lastre Sulfurado;ESP/F07/2104/706;FASE 7;BOT_2380_INT;1039,209961;3;ESPERANZA
19-06-2023;PA1;C123;CAT 793 C;Lastre Sulfurado;ESP/F07/2104/706;FASE 7;BOT_2380_INT;1298,619995;6;ESPERANZA
19-06-2023;PA1;C123;CAT 793 C;Lastre Sulfurado;ESP/F07/2104/706;FASE 7;BOT_CENTRAL_SUR_INF;216,4360046;1;ESPERANZA
19-06-2023;PA1;C151;CAT 793 F;Lastre Sulfurado;ESP/F07/2104/706;FASE 7;BOT_2380_INT;1731,48999;8;ESPERANZA
19-06-2023;PA1;C151;CAT 793 F;Lastre Sulfurado;ESP/F07/2104/706;FASE 7;BOT_INT_RB;216,4360046;1;ESPERANZA
19-06-2023;PA1;C153;CAT 793 F;Lastre Sulfurado;ESP/F07/2104/706;FASE 7;BOT_CENTRAL_SUR_INF;216,4360046;1;ESPERANZA
19-06-2023;PA1;C153;CAT 793 F;Lastre Sulfurado;ESP/F07/2104/706;FASE 7;BOT_INT_RB;216,4360046;1;ESPERANZA
19-06-2023;PA1;C160;CAT 793 F;Lastre Sulfurado;ESP/F07/2104/706;FASE 7;BOT_2380_INT;216,4360046;1;ESPERANZA
19-06-2023;PA1;C162;CAT 793 F;Lastre Sulfurado;ESP/F07/2104/706;FASE 7;BOT_2380_INT;2164,360107;10;ESPERANZA
19-06-2023;PA1;C43;CAT 797 F;Lastre Sulfurado;ESP/F07/2104/706;FASE 7;BOT_2380_INT;346,4039917;1;ESPERANZA
19-06-2023;PA1;C49;KOM 930 E;Lastre Sulfurado;ESP/F07/2104/706;FASE 7;BOT_2380_INT;3492;12;ESPERANZA
19-06-2023;PA1;C49;KOM 930 E;Lastre Sulfurado;ESP/F07/2104/706;FASE 7;BOT_CENTRAL_SUR_INF;1455;5;ESPERANZA
19-06-2023;PA1;C50;KOM 930 E;Lastre Sulfurado;ESP/F07/2104/706;FASE 7;BOT_2380_INT;2619;9;ESPERANZA
19-06-2023;PA1;C50;KOM 930 E;Lastre Sulfurado;ESP/F07/2104/706;FASE 7;BOT_CENTRAL_SUR_INF;1746;6;ESPERANZA
19-06-2023;PA1;C52;KOM 930 E;Lastre Sulfurado;ESP/F07/2104/706;FASE 7;BOT_2380_INT;4656;16;ESPERANZA
19-06-2023;PA1;C52;KOM 930 E;Lastre Sulfurado;ESP/F07/2104/706;FASE 7;BOT_CENTRAL_SUR_INF;1164;4;ESPERANZA
19-06-2023;PA1;C52;KOM 930 E;Lastre Sulfurado;ESP/F07/2104/706;FASE 7;BOT_RAMPA_INFERIOR;291;1;ESPERANZA
19-06-2023;PA1;C53;KOM 930 E;Lastre Sulfurado;ESP/F07/2104/706;FASE 7;BOT_2380_INT;1746;6;ESPERANZA
19-06-2023;PA1;C53;KOM 930 E;Lastre Sulfurado;ESP/F07/2104/706;FASE 7;BOT_CENTRAL_SUR_INF;1455;5;ESPERANZA
19-06-2023;PA1;C53;KOM 930 E;Lastre Sulfurado;ESP/F07/2104/706;FASE 7;BOT_RAMPA_INFERIOR;582;2;ESPERANZA
19-06-2023;PA1;C54;KOM 930 E;Lastre Sulfurado;ESP/F07/2104/706;FASE 7;BOT_2380_INT;5238;18;ESPERANZA
19-06-2023;PA1;C54;KOM 930 E;Lastre Sulfurado;ESP/F07/2104/706;FASE 7;BOT_CENTRAL_SUR_INF;582;2;ESPERANZA
19-06-2023;PA1;C54;KOM 930 E;Lastre Sulfurado;ESP/F07/2104/706;FASE 7;BOT_INT_RB;291;1;ESPERANZA
19-06-2023;PA1;C55;KOM 930 E;Lastre Sulfurado;ESP/F07/2104/706;FASE 7;BOT_2380_INT;2910;10;ESPERANZA
19-06-2023;PA1;C55;KOM 930 E;Lastre Sulfurado;ESP/F07/2104/706;FASE 7;BOT_CENTRAL_SUR_INF;873;3;ESPERANZA
19-06-2023;PA1;C55;KOM 930 E;Lastre Sulfurado;ESP/F07/2104/706;FASE 7;BOT_INT_RB;291;1;ESPERANZA
19-06-2023;PA1;C55;KOM 930 E;Lastre Sulfurado;ESP/F07/2104/706;FASE 7;BOT_RAMPA_INFERIOR;291;1;ESPERANZA
19-06-2023;PA1;C56;KOM 930 E;Lastre Sulfurado;ESP/F07/2104/706;FASE 7;BOT_2380_INT;3201;11;ESPERANZA
19-06-2023;PA1;C56;KOM 930 E;Lastre Sulfurado;ESP/F07/2104/706;FASE 7;BOT_CENTRAL_SUR_INF;1455;5;ESPERANZA
19-06-2023;PA1;C57;KOM 930 E;Lastre Sulfurado;ESP/F07/2104/706;FASE 7;BOT_2380_INT;3492;12;ESPERANZA
19-06-2023;PA1;C57;KOM 930 E;Lastre Sulfurado;ESP/F07/2104/706;FASE 7;BOT_CENTRAL_SUR_INF;873;3;ESPERANZA
19-06-2023;PA1;C57;KOM 930 E;Lastre Sulfurado;ESP/F07/2104/706;FASE 7;BOT_RAMPA_INFERIOR;582;2;ESPERANZA
19-06-2023;PA1;C58;KOM 930 E;Lastre Sulfurado;ESP/F07/2104/706;FASE 7;BOT_2380_INT;2910;10;ESPERANZA
19-06-2023;PA1;C58;KOM 930 E;Lastre Sulfurado;ESP/F07/2104/706;FASE 7;BOT_CENTRAL_SUR_INF;1164;4;ESPERANZA
19-06-2023;PA1;C59;KOM 930 E;Lastre Sulfurado;ESP/F07/2104/706;FASE 7;BOT_2380_INT;3783;13;ESPERANZA
19-06-2023;PA1;C59;KOM 930 E;Lastre Sulfurado;ESP/F07/2104/706;FASE 7;BOT_CENTRAL_SUR_INF;1164;4;ESPERANZA
19-06-2023;PA1;C60;KOM 930 E;Lastre Sulfurado;ESP/F07/2104/706;FASE 7;BOT_2380_INT;4074;14;ESPERANZA
19-06-2023;PA1;C60;KOM 930 E;Lastre Sulfurado;ESP/F07/2104/706;FASE 7;BOT_CENTRAL_SUR_INF;1455;5;ESPERANZA
19-06-2023;PA1;C60;KOM 930 E;Lastre Sulfurado;ESP/F07/2104/706;FASE 7;BOT_RAMPA_INFERIOR;291;1;ESPERANZA
19-06-2023;PA1;C61;KOM 930 E;Lastre Sulfurado;ESP/F07/2104/706;FASE 7;BOT_2380_INT;3783;13;ESPERANZA
19-06-2023;PA1;C61;KOM 930 E;Lastre Sulfurado;ESP/F07/2104/706;FASE 7;BOT_CENTRAL_SUR_INF;291;1;ESPERANZA
19-06-2023;PA1;C61;KOM 930 E;Lastre Sulfurado;ESP/F07/2104/706;FASE 7;BOT_RAMPA_INFERIOR;582;2;ESPERANZA
19-06-2023;PA10;C980AHSESPS;Kom 980 AHS;Lastre Oxidado;ESS/F03/2216/324;F03 ESPSUR;BOTADERO_2021;20880;58;ESPERANZA_SUR
19-06-2023;PA10;C980AHSESPS;Kom 980 AHS;Lastre Oxidado;ESS/F03/2232/338;F03 ESPSUR;BOTADERO_2021;16200;45;ESPERANZA_SUR
19-06-2023;PA11;C20115ESPS;KOM 980 ESPS;Sulfuro Baja Ley;ESS/F02/2104/204;F02 ESPSUR;CHANCADO-SULFURO;1800;5;ESPERANZA_SUR
19-06-2023;PA11;C20115ESPS;KOM 980 ESPS;Sulfuro Baja Ley;ESS/F02/2104/205;F02 ESPSUR;CHANCADO-SULFURO;6840;19;ESPERANZA_SUR
19-06-2023;PA11;C980AHSESPS;Kom 980 AHS;Sulfuro Baja Ley;ESS/F02/2104/205;F02 ESPSUR;STOCK_SBL_ESS;4320;12;ESPERANZA_SUR
19-06-2023;PA2;C07;CAT 797 B;Sulfuro de Media;ESP/F08/1768/8080;FASE 8;CHANCADO-SULFURO;346,4039917;1;ESPERANZA
19-06-2023;PA2;C08;CAT 797 B;Sulfuro de Media;ESP/F08/1768/8070;FASE 8;CHANCADO-SULFURO;346,4039917;1;ESPERANZA
19-06-2023;PA2;C08;CAT 797 B;Sulfuro de Media;ESP/F08/1768/8080;FASE 8;CHANCADO-SULFURO;346,4039917;1;ESPERANZA
19-06-2023;PA2;C08;CAT 797 B;Sulfuro Planta;ESP/F08/1768/8080;FASE 8;CHANCADO-SULFURO;346,4039917;1;ESPERANZA
19-06-2023;PA2;C09;CAT 797 B;Sulfuro Baja Ley;ESP/F08/1768/8080;FASE 8;CHANCADO-SULFURO;346,4039917;1;ESPERANZA
19-06-2023;PA2;C10;CAT 797 B;Sulfuro de Media;ESP/F08/1768/8080;FASE 8;STOCK_SME;346,4039917;1;ESPERANZA
19-06-2023;PA2;C11;CAT 797 B;Sulfuro Planta;ESP/F08/1768/8070;FASE 8;CHANCADO-SULFURO;2078,427979;6;ESPERANZA
19-06-2023;PA2;C12;CAT 797 B;Sulfuro Baja Ley;ESP/F08/1768/8080;FASE 8;CHANCADO-SULFURO;346,4039917;1;ESPERANZA
19-06-2023;PA2;C121;CAT 793 C;Sulfuro de Media;ESP/F08/1768/8070;FASE 8;CHANCADO-SULFURO;216,4360046;1;ESPERANZA
19-06-2023;PA2;C14;CAT 797 B;Sulfuro de Media;ESP/F08/1768/8070;FASE 8;CHANCADO-SULFURO;692,8079834;2;ESPERANZA
19-06-2023;PA2;C14;CAT 797 B;Sulfuro de Media;ESP/F08/1768/8080;FASE 8;CHANCADO-SULFURO;692,8079834;2;ESPERANZA
19-06-2023;PA2;C14;CAT 797 B;Sulfuro Planta;ESP/F08/1768/8070;FASE 8;CHANCADO-SULFURO;692,8079834;2;ESPERANZA
19-06-2023;PA2;C15;CAT 797 B;Sulfuro Planta;ESP/F08/1768/8070;FASE 8;CHANCADO-SULFURO;346,4039917;1;ESPERANZA
19-06-2023;PA2;C16;CAT 797 B;Sulfuro Baja Ley;ESP/F08/1768/8080;FASE 8;CHANCADO-SULFURO;346,4039917;1;ESPERANZA
19-06-2023;PA2;C16;CAT 797 B;Sulfuro de Media;ESP/F08/1768/8070;FASE 8;CHANCADO-SULFURO;346,4039917;1;ESPERANZA
19-06-2023;PA2;C17;CAT 797 F;Sulfuro Baja Ley;ESP/F08/1768/8080;FASE 8;CHANCADO-SULFURO;692,8079834;2;ESPERANZA
19-06-2023;PA2;C17;CAT 797 F;Sulfuro Baja Ley;ESP/F08/1768/8080;FASE 8;STOCK_SBL1;346,4039917;1;ESPERANZA
19-06-2023;PA2;C17;CAT 797 F;Sulfuro de Media;ESP/F08/1768/8070;FASE 8;CHANCADO-SULFURO;692,8079834;2;ESPERANZA
19-06-2023;PA2;C17;CAT 797 F;Sulfuro de Media;ESP/F08/1768/8080;FASE 8;CHANCADO-SULFURO;346,4039917;1;ESPERANZA
19-06-2023;PA2;C17;CAT 797 F;Sulfuro Planta;ESP/F08/1768/8070;FASE 8;CHANCADO-SULFURO;2078,421936;6;ESPERANZA
19-06-2023;PA2;C18;CAT 797 F;Sulfuro Baja Ley;ESP/F08/1768/8080;FASE 8;STOCK_SBL1;346,4039917;1;ESPERANZA
19-06-2023;PA2;C20;CAT 797 F;Sulfuro Baja Ley;ESP/F08/1768/8080;FASE 8;CHANCADO-SULFURO;346,4039917;1;ESPERANZA
19-06-2023;PA2;C20;CAT 797 F;Sulfuro de Media;ESP/F08/1768/8070;FASE 8;CHANCADO-SULFURO;1039,211975;3;ESPERANZA
19-06-2023;PA2;C20;CAT 797 F;Sulfuro Planta;ESP/F08/1768/8070;FASE 8;CHANCADO-SULFURO;1385,615967;4;ESPERANZA
19-06-2023;PA2;C20;CAT 797 F;Sulfuro Planta;ESP/F08/1768/8070;FASE 8;STOCK_SPL_DIN;346,4039917;1;ESPERANZA
19-06-2023;PA2;C21;CAT 797 F;Sulfuro de Media;ESP/F08/1768/8070;FASE 8;CHANCADO-SULFURO;692,8079834;2;ESPERANZA
19-06-2023;PA2;C21;CAT 797 F;Sulfuro de Media;ESP/F08/1768/8080;FASE 8;STOCK_SME;346,4039917;1;ESPERANZA
19-06-2023;PA2;C21;CAT 797 F;Sulfuro Planta;ESP/F08/1768/8070;FASE 8;CHANCADO-SULFURO;1732,017944;5;ESPERANZA
19-06-2023;PA2;C21;CAT 797 F;Sulfuro Planta;ESP/F08/1768/8080;FASE 8;CHANCADO-SULFURO;346,4039917;1;ESPERANZA
19-06-2023;PA2;C22;CAT 797 F;Sulfuro Baja Ley;ESP/F08/1768/8080;FASE 8;STOCK_SBL1;692,8079834;2;ESPERANZA
19-06-2023;PA2;C22;CAT 797 F;Sulfuro de Media;ESP/F08/1768/8070;FASE 8;CHANCADO-SULFURO;692,8079834;2;ESPERANZA
19-06-2023;PA2;C22;CAT 797 F;Sulfuro de Media;ESP/F08/1768/8080;FASE 8;CHANCADO-SULFURO;346,4039917;1;ESPERANZA
19-06-2023;PA2;C22;CAT 797 F;Sulfuro Planta;ESP/F08/1768/8070;FASE 8;CHANCADO-SULFURO;1385,613953;4;ESPERANZA
19-06-2023;PA2;C22;CAT 797 F;Sulfuro Planta;ESP/F08/1768/8070;FASE 8;STOCK_SPL_DIN;346,4039917;1;ESPERANZA
19-06-2023;PA2;C23;CAT 797 F;Sulfuro Baja Ley;ESP/F08/1768/8080;FASE 8;CHANCADO-SULFURO;346,4039917;1;ESPERANZA
19-06-2023;PA2;C23;CAT 797 F;Sulfuro Baja Ley;ESP/F08/1768/8080;FASE 8;STOCK_SBL1;346,4039917;1;ESPERANZA
19-06-2023;PA2;C23;CAT 797 F;Sulfuro de Media;ESP/F08/1768/8070;FASE 8;CHANCADO-SULFURO;692,8079834;2;ESPERANZA
19-06-2023;PA2;C23;CAT 797 F;Sulfuro Planta;ESP/F08/1768/8070;FASE 8;CHANCADO-SULFURO;692,8079834;2;ESPERANZA
19-06-2023;PA2;C24;CAT 797 F;Sulfuro Baja Ley;ESP/F08/1768/8080;FASE 8;CHANCADO-SULFURO;692,8079834;2;ESPERANZA
19-06-2023;PA2;C24;CAT 797 F;Sulfuro de Media;ESP/F08/1768/8070;FASE 8;CHANCADO-SULFURO;346,4039917;1;ESPERANZA
19-06-2023;PA2;C24;CAT 797 F;Sulfuro de Media;ESP/F08/1768/8080;FASE 8;CHANCADO-SULFURO;692,8079834;2;ESPERANZA
19-06-2023;PA2;C24;CAT 797 F;Sulfuro Planta;ESP/F08/1768/8070;FASE 8;CHANCADO-SULFURO;692,8079834;2;ESPERANZA
19-06-2023;PA2;C25;CAT 797 F;Sulfuro Baja Ley;ESP/F08/1768/8080;FASE 8;CHANCADO-SULFURO;692,8079834;2;ESPERANZA
19-06-2023;PA2;C25;CAT 797 F;Sulfuro Baja Ley;ESP/F08/1768/8080;FASE 8;STOCK_SBL1;346,4039917;1;ESPERANZA
19-06-2023;PA2;C25;CAT 797 F;Sulfuro de Media;ESP/F08/1768/8070;FASE 8;CHANCADO-SULFURO;692,8079834;2;ESPERANZA
19-06-2023;PA2;C25;CAT 797 F;Sulfuro de Media;ESP/F08/1768/8080;FASE 8;CHANCADO-SULFURO;346,4039917;1;ESPERANZA
19-06-2023;PA2;C25;CAT 797 F;Sulfuro de Media;ESP/F08/1768/8080;FASE 8;STOCK_SME1;346,4039917;1;ESPERANZA
19-06-2023;PA2;C25;CAT 797 F;Sulfuro Planta;ESP/F08/1768/8070;FASE 8;CHANCADO-SULFURO;2424,828003;7;ESPERANZA
19-06-2023;PA2;C25;CAT 797 F;Sulfuro Planta;ESP/F08/1768/8070;FASE 8;STOCK_SPL_DIN;1039,211975;3;ESPERANZA
19-06-2023;PA2;C32;CAT 797 F;Sulfuro Baja Ley;ESP/F08/1768/8080;FASE 8;CHANCADO-SULFURO;346,4039917;1;ESPERANZA
19-06-2023;PA2;C32;CAT 797 F;Sulfuro de Media;ESP/F08/1768/8070;FASE 8;CHANCADO-SULFURO;346,4039917;1;ESPERANZA
19-06-2023;PA2;C32;CAT 797 F;Sulfuro Planta;ESP/F08/1768/8080;FASE 8;CHANCADO-SULFURO;346,4039917;1;ESPERANZA
19-06-2023;PA2;C34;CAT 797 F;Sulfuro Baja Ley;ESP/F08/1768/8080;FASE 8;STOCK_SBL1;692,8079834;2;ESPERANZA
19-06-2023;PA2;C34;CAT 797 F;Sulfuro de Media;ESP/F08/1768/8070;FASE 8;CHANCADO-SULFURO;692,8079834;2;ESPERANZA
19-06-2023;PA2;C34;CAT 797 F;Sulfuro de Media;ESP/F08/1768/8080;FASE 8;CHANCADO-SULFURO;346,4039917;1;ESPERANZA
19-06-2023;PA2;C34;CAT 797 F;Sulfuro Planta;ESP/F08/1768/8070;FASE 8;CHANCADO-SULFURO;2078,421936;6;ESPERANZA
19-06-2023;PA2;C34;CAT 797 F;Sulfuro Planta;ESP/F08/1768/8080;FASE 8;CHANCADO-SULFURO;346,4039917;1;ESPERANZA
19-06-2023;PA2;C36;CAT 797 F;Sulfuro Baja Ley;ESP/F08/1768/8080;FASE 8;STOCK_SBL1;692,8079834;2;ESPERANZA
19-06-2023;PA2;C36;CAT 797 F;Sulfuro de Media;ESP/F08/1768/8070;FASE 8;CHANCADO-SULFURO;1039,211975;3;ESPERANZA
19-06-2023;PA2;C36;CAT 797 F;Sulfuro de Media;ESP/F08/1768/8080;FASE 8;CHANCADO-SULFURO;692,8079834;2;ESPERANZA
19-06-2023;PA2;C36;CAT 797 F;Sulfuro Planta;ESP/F08/1768/8070;FASE 8;CHANCADO-SULFURO;2078,427979;6;ESPERANZA
19-06-2023;PA2;C37;CAT 797 F;Sulfuro Baja Ley;ESP/F08/1768/8080;FASE 8;CHANCADO-SULFURO;692,8079834;2;ESPERANZA
19-06-2023;PA2;C37;CAT 797 F;Sulfuro de Media;ESP/F08/1768/8070;FASE 8;CHANCADO-SULFURO;692,8079834;2;ESPERANZA
19-06-2023;PA2;C38;CAT 797 F;Sulfuro Baja Ley;ESP/F08/1768/8080;FASE 8;CHANCADO-SULFURO;346,4039917;1;ESPERANZA
19-06-2023;PA2;C38;CAT 797 F;Sulfuro Baja Ley;ESP/F08/1768/8080;FASE 8;STOCK_SBL1;346,4039917;1;ESPERANZA
19-06-2023;PA2;C38;CAT 797 F;Sulfuro de Media;ESP/F08/1768/8080;FASE 8;STOCK_SME;346,4039917;1;ESPERANZA
19-06-2023;PA2;C38;CAT 797 F;Sulfuro Planta;ESP/F08/1768/8070;FASE 8;CHANCADO-SULFURO;692,8079834;2;ESPERANZA
19-06-2023;PA2;C38;CAT 797 F;Sulfuro Planta;ESP/F08/1768/8070;FASE 8;STOCK_SPL_DIN;346,4039917;1;ESPERANZA
19-06-2023;PA2;C39;CAT 797 F;Sulfuro Baja Ley;ESP/F08/1768/8080;FASE 8;CHANCADO-SULFURO;346,4039917;1;ESPERANZA
19-06-2023;PA2;C39;CAT 797 F;Sulfuro Baja Ley;ESP/F08/1768/8080;FASE 8;STOCK_SBL1;346,4039917;1;ESPERANZA
19-06-2023;PA2;C39;CAT 797 F;Sulfuro de Media;ESP/F08/1768/8070;FASE 8;CHANCADO-SULFURO;346,4039917;1;ESPERANZA
19-06-2023;PA2;C39;CAT 797 F;Sulfuro de Media;ESP/F08/1768/8070;FASE 8;STOCK_SME;346,4039917;1;ESPERANZA
19-06-2023;PA2;C39;CAT 797 F;Sulfuro de Media;ESP/F08/1768/8080;FASE 8;STOCK_SME;346,4039917;1;ESPERANZA
19-06-2023;PA2;C40;CAT 797 F;Lastre Sulfurado;ESP/F08/1768/8080;FASE 8;BOT_CENTRAL_SUR_INF;346,4039917;1;ESPERANZA
19-06-2023;PA2;C40;CAT 797 F;Sulfuro Baja Ley;ESP/F08/1768/8080;FASE 8;CHANCADO-SULFURO;692,8079834;2;ESPERANZA
19-06-2023;PA2;C40;CAT 797 F;Sulfuro de Media;ESP/F08/1768/8070;FASE 8;CHANCADO-SULFURO;346,4039917;1;ESPERANZA
19-06-2023;PA2;C42;CAT 797 F;Sulfuro Baja Ley;ESP/F08/1768/8080;FASE 8;STOCK_SBL1;346,4039917;1;ESPERANZA
19-06-2023;PA2;C42;CAT 797 F;Sulfuro de Media;ESP/F08/1768/8070;FASE 8;CHANCADO-SULFURO;346,4039917;1;ESPERANZA
19-06-2023;PA2;C42;CAT 797 F;Sulfuro de Media;ESP/F08/1768/8080;FASE 8;STOCK_SME;346,4039917;1;ESPERANZA
19-06-2023;PA2;C42;CAT 797 F;Sulfuro Planta;ESP/F08/1768/8070;FASE 8;CHANCADO-SULFURO;1039,211975;3;ESPERANZA
19-06-2023;PA2;C42;CAT 797 F;Sulfuro Planta;ESP/F08/1768/8070;FASE 8;STOCK_SPL_DIN;346,4039917;1;ESPERANZA
19-06-2023;PA2;C42;CAT 797 F;Sulfuro Planta;ESP/F08/1768/8080;FASE 8;CHANCADO-SULFURO;346,4039917;1;ESPERANZA
19-06-2023;PA2;C43;CAT 797 F;Sulfuro Baja Ley;ESP/F08/1768/8080;FASE 8;CHANCADO-SULFURO;692,8079834;2;ESPERANZA
19-06-2023;PA2;C43;CAT 797 F;Sulfuro Baja Ley;ESP/F08/1768/8080;FASE 8;STOCK_SBL1;346,4039917;1;ESPERANZA
19-06-2023;PA2;C43;CAT 797 F;Sulfuro de Media;ESP/F08/1768/8070;FASE 8;CHANCADO-SULFURO;692,8079834;2;ESPERANZA
19-06-2023;PA2;C43;CAT 797 F;Sulfuro de Media;ESP/F08/1768/8080;FASE 8;CHANCADO-SULFURO;692,8079834;2;ESPERANZA
19-06-2023;PA2;C44;CAT 797 F;Sulfuro Baja Ley;ESP/F08/1768/8080;FASE 8;CHANCADO-SULFURO;1039,211975;3;ESPERANZA
19-06-2023;PA2;C44;CAT 797 F;Sulfuro de Media;ESP/F08/1768/8070;FASE 8;CHANCADO-SULFURO;692,8079834;2;ESPERANZA
19-06-2023;PA2;C44;CAT 797 F;Sulfuro de Media;ESP/F08/1768/8080;FASE 8;CHANCADO-SULFURO;1039,211975;3;ESPERANZA
19-06-2023;PA2;C44;CAT 797 F;Sulfuro Planta;ESP/F08/1768/8070;FASE 8;CHANCADO-SULFURO;2424,83197;7;ESPERANZA
19-06-2023;PA2;C44;CAT 797 F;Sulfuro Planta;ESP/F08/1768/8080;FASE 8;CHANCADO-SULFURO;346,4039917;1;ESPERANZA
19-06-2023;PA2;C45;CAT 797 F;Sulfuro Baja Ley;ESP/F08/1768/8080;FASE 8;STOCK_SBL1;692,8079834;2;ESPERANZA
19-06-2023;PA2;C45;CAT 797 F;Sulfuro de Media;ESP/F08/1768/8070;FASE 8;CHANCADO-SULFURO;346,4039917;1;ESPERANZA
19-06-2023;PA2;C45;CAT 797 F;Sulfuro de Media;ESP/F08/1768/8070;FASE 8;STOCK_SME;346,4039917;1;ESPERANZA
19-06-2023;PA2;C45;CAT 797 F;Sulfuro de Media;ESP/F08/1768/8080;FASE 8;STOCK_SME1;346,4039917;1;ESPERANZA
19-06-2023;PA2;C45;CAT 797 F;Sulfuro Planta;ESP/F08/1768/8070;FASE 8;CHANCADO-SULFURO;1385,615967;4;ESPERANZA
19-06-2023;PA2;C45;CAT 797 F;Sulfuro Planta;ESP/F08/1768/8070;FASE 8;STOCK_SPL_DIN;692,8079834;2;ESPERANZA
19-06-2023;PA2;C46;CAT 797 F;Sulfuro Baja Ley;ESP/F08/1768/8080;FASE 8;CHANCADO-SULFURO;346,4039917;1;ESPERANZA
19-06-2023;PA2;C46;CAT 797 F;Sulfuro de Media;ESP/F08/1768/8070;FASE 8;CHANCADO-SULFURO;692,8079834;2;ESPERANZA
19-06-2023;PA2;C46;CAT 797 F;Sulfuro de Media;ESP/F08/1768/8080;FASE 8;CHANCADO-SULFURO;346,4039917;1;ESPERANZA
19-06-2023;PA2;C46;CAT 797 F;Sulfuro Planta;ESP/F08/1768/8070;FASE 8;CHANCADO-SULFURO;1732,017944;5;ESPERANZA
19-06-2023;PA2;C46;CAT 797 F;Sulfuro Planta;ESP/F08/1768/8070;FASE 8;STOCK_SPL_DIN;346,4039917;1;ESPERANZA
19-06-2023;PA2;C47;CAT 797 F;Lastre Sulfurado;ESP/F08/1768/8080;FASE 8;BOT_CENTRAL_SUR_INF;346,4039917;1;ESPERANZA
19-06-2023;PA2;C47;CAT 797 F;Sulfuro Baja Ley;ESP/F08/1768/8080;FASE 8;CHANCADO-SULFURO;692,8079834;2;ESPERANZA
19-06-2023;PA2;C47;CAT 797 F;Sulfuro de Media;ESP/F08/1768/8080;FASE 8;CHANCADO-SULFURO;346,4039917;1;ESPERANZA
19-06-2023;PA2;C48;CAT 797 F;Sulfuro Baja Ley;ESP/F08/1768/8080;FASE 8;CHANCADO-SULFURO;1039,211975;3;ESPERANZA
19-06-2023;PA2;C48;CAT 797 F;Sulfuro de Media;ESP/F08/1768/8080;FASE 8;CHANCADO-SULFURO;346,4039917;1;ESPERANZA
19-06-2023;PA2;C49;KOM 930 E;Sulfuro Baja Ley;ESP/F08/1768/8080;FASE 8;CHANCADO-SULFURO;291;1;ESPERANZA
19-06-2023;PA2;C49;KOM 930 E;Sulfuro Baja Ley;ESP/F08/1768/8080;FASE 8;STOCK_SBL1;291;1;ESPERANZA
19-06-2023;PA2;C49;KOM 930 E;Sulfuro de Media;ESP/F08/1768/8080;FASE 8;CHANCADO-SULFURO;291;1;ESPERANZA
19-06-2023;PA2;C52;KOM 930 E;Sulfuro Baja Ley;ESP/F08/1768/8080;FASE 8;STOCK_SBL1;291;1;ESPERANZA
19-06-2023;PA2;C53;KOM 930 E;Lastre Sulfurado;ESP/F08/1768/8080;FASE 8;BOT_CENTRAL_SUR_INF;291;1;ESPERANZA
19-06-2023;PA2;C53;KOM 930 E;Sulfuro Baja Ley;ESP/F08/1768/8080;FASE 8;CHANCADO-SULFURO;291;1;ESPERANZA
19-06-2023;PA2;C53;KOM 930 E;Sulfuro Baja Ley;ESP/F08/1768/8080;FASE 8;STOCK_SBL1;291;1;ESPERANZA
19-06-2023;PA2;C54;KOM 930 E;Sulfuro Baja Ley;ESP/F08/1768/8080;FASE 8;CHANCADO-SULFURO;291;1;ESPERANZA
19-06-2023;PA2;C54;KOM 930 E;Sulfuro Baja Ley;ESP/F08/1768/8080;FASE 8;STOCK_SBL1;291;1;ESPERANZA
19-06-2023;PA2;C55;KOM 930 E;Lastre Sulfurado;ESP/F08/1768/8080;FASE 8;BOT_CENTRAL_SUR_INF;582;2;ESPERANZA
19-06-2023;PA2;C55;KOM 930 E;Sulfuro Baja Ley;ESP/F08/1768/8080;FASE 8;CHANCADO-SULFURO;291;1;ESPERANZA
19-06-2023;PA2;C55;KOM 930 E;Sulfuro de Media;ESP/F08/1768/8080;FASE 8;CHANCADO-SULFURO;291;1;ESPERANZA
19-06-2023;PA2;C56;KOM 930 E;Sulfuro Baja Ley;ESP/F08/1768/8080;FASE 8;STOCK_SBL1;291;1;ESPERANZA
19-06-2023;PA2;C57;KOM 930 E;Lastre Sulfurado;ESP/F08/1768/8080;FASE 8;BOT_CENTRAL_SUR_INF;291;1;ESPERANZA
19-06-2023;PA2;C57;KOM 930 E;Sulfuro de Media;ESP/F08/1768/8080;FASE 8;CHANCADO-SULFURO;291;1;ESPERANZA
19-06-2023;PA2;C57;KOM 930 E;Sulfuro Planta;ESP/F08/1768/8080;FASE 8;STOCK_SPL_DIN;873;3;ESPERANZA
19-06-2023;PA2;C58;KOM 930 E;Sulfuro Baja Ley;ESP/F08/1768/8080;FASE 8;STOCK_SBL1;291;1;ESPERANZA
19-06-2023;PA2;C59;KOM 930 E;Sulfuro Baja Ley;ESP/F08/1768/8080;FASE 8;CHANCADO-SULFURO;291;1;ESPERANZA
19-06-2023;PA2;C60;KOM 930 E;Lastre Sulfurado;ESP/F08/1768/8080;FASE 8;BOT_CENTRAL_SUR_INF;291;1;ESPERANZA
19-06-2023;PA2;C60;KOM 930 E;Sulfuro Baja Ley;ESP/F08/1768/8080;FASE 8;CHANCADO-SULFURO;291;1;ESPERANZA
19-06-2023;PA2;C61;KOM 930 E;Sulfuro Baja Ley;ESP/F08/1768/8080;FASE 8;STOCK_SBL1;873;3;ESPERANZA
19-06-2023;PA211;C07;CAT 797 B;Lastre Oxidado;ESP/F10/2296/1051;FASE 10;BOT_CENTRAL_SUR_INF;346,4039917;1;ESPERANZA
19-06-2023;PA211;C11;CAT 797 B;Lastre Oxidado;ESP/F10/2296/1051;FASE 10;BOT_RAMPA_SUPERIOR;346,4039917;1;ESPERANZA
19-06-2023;PA211;C121;CAT 793 C;Lastre Oxidado;ESP/F10/2296/1051;FASE 10;BOT_RAMPA_INFERIOR;216,4360046;1;ESPERANZA
19-06-2023;PA211;C122;CAT 793 C;Lastre Oxidado;ESP/F10/2296/1051;FASE 10;BOT_RAMPA_INFERIOR;216,4360046;1;ESPERANZA
19-06-2023;PA211;C123;CAT 793 C;Lastre Oxidado;ESP/F10/2296/1051;FASE 10;BOT_CENTRAL_SUR_INF;1082,180054;5;ESPERANZA
19-06-2023;PA211;C125;CAT 793 C;Lastre Oxidado;ESP/F10/2296/1051;FASE 10;BOT_CENTRAL_SUR_INF;1082,180054;5;ESPERANZA
19-06-2023;PA211;C128;CAT 793 C;Lastre Oxidado;ESP/F10/2296/1051;FASE 10;BOT_CENTRAL_SUR_INF;216,4360046;1;ESPERANZA
19-06-2023;PA211;C131;CAT 793 C;Lastre Oxidado;ESP/F10/2296/1051;FASE 10;BOT_CENTRAL_SUR_INF;2597,23999;12;ESPERANZA
19-06-2023;PA211;C132;CAT 793 C;Lastre Oxidado;ESP/F10/2296/1051;FASE 10;BOT_RAMPA_INFERIOR;216,4360046;1;ESPERANZA
19-06-2023;PA211;C134;CAT 793 C;Lastre Oxidado;ESP/F10/2296/1051;FASE 10;BOT_CENTRAL_SUR_INF;1298,619995;6;ESPERANZA
19-06-2023;PA211;C135;CAT 793 C;Lastre Oxidado;ESP/F10/2296/1051;FASE 10;BOT_CENTRAL_SUR_INF;432,8729858;2;ESPERANZA
19-06-2023;PA211;C135;CAT 793 C;Lastre Oxidado;ESP/F10/2296/1051;FASE 10;BOT_RAMPA_INFERIOR;216,4360046;1;ESPERANZA
19-06-2023;PA211;C151;CAT 793 F;Lastre Oxidado;ESP/F10/2296/1051;FASE 10;BOT_CENTRAL_SUR_INF;432,8729858;2;ESPERANZA
19-06-2023;PA211;C151;CAT 793 F;Lastre Oxidado;ESP/F10/2296/1051;FASE 10;BOT_RAMPA_INFERIOR;216,4360046;1;ESPERANZA
19-06-2023;PA211;C152;CAT 793 F;Lastre Oxidado;ESP/F10/2296/1051;FASE 10;BOT_CENTRAL_SUR_INF;649,309021;3;ESPERANZA
19-06-2023;PA211;C153;CAT 793 F;Lastre Oxidado;ESP/F10/2296/1051;FASE 10;BOT_CENTRAL_SUR_INF;2813,669922;13;ESPERANZA
19-06-2023;PA211;C154;CAT 793 F;Lastre Oxidado;ESP/F10/2296/1051;FASE 10;BOT_CENTRAL_SUR_INF;3462,986053;16;ESPERANZA
19-06-2023;PA211;C154;CAT 793 F;Lastre Oxidado;ESP/F10/2296/1051;FASE 10;BOT_RAMPA_INFERIOR;1082,182007;5;ESPERANZA
19-06-2023;PA211;C154;CAT 793 F;Lastre Oxidado;ESP/F10/2296/1051;FASE 10;BOT_RAMPA_SUPERIOR;216,4360046;1;ESPERANZA
19-06-2023;PA211;C155;CAT 793 F;Lastre Oxidado;ESP/F10/2296/1051;FASE 10;BOT_CENTRAL_SUR_INF;216,4360046;1;ESPERANZA
19-06-2023;PA211;C155;CAT 793 F;Lastre Oxidado;ESP/F10/2296/1051;FASE 10;BOT_RAMPA_INFERIOR;216,4360046;1;ESPERANZA
19-06-2023;PA211;C156;CAT 793 F;Lastre Oxidado;ESP/F10/2296/1051;FASE 10;BOT_RAMPA_INFERIOR;432,8729858;2;ESPERANZA
19-06-2023;PA211;C159;CAT 793 F;Lastre Oxidado;ESP/F10/2296/1051;FASE 10;BOT_CENTRAL_SUR_INF;3895,856049;18;ESPERANZA
19-06-2023;PA211;C159;CAT 793 F;Lastre Oxidado;ESP/F10/2296/1051;FASE 10;BOT_RAMPA_INFERIOR;216,4360046;1;ESPERANZA
19-06-2023;PA211;C16;CAT 797 B;Lastre Oxidado;ESP/F10/2296/1051;FASE 10;BOT_CENTRAL_SUR_INF;346,4039917;1;ESPERANZA
19-06-2023;PA211;C160;CAT 793 F;Lastre Oxidado;ESP/F10/2296/1051;FASE 10;BOT_CENTRAL_SUR_INF;1731,48999;8;ESPERANZA
19-06-2023;PA211;C162;CAT 793 F;Lastre Oxidado;ESP/F10/2296/1051;FASE 10;BOT_CENTRAL_SUR_INF;432,8729858;2;ESPERANZA
19-06-2023;PA211;C162;CAT 793 F;Lastre Oxidado;ESP/F10/2296/1051;FASE 10;BOT_RAMPA_INFERIOR;216,4360046;1;ESPERANZA
19-06-2023;PA211;C163;CAT 793 F;Lastre Oxidado;ESP/F10/2296/1051;FASE 10;BOT_CENTRAL_SUR_INF;1298,619995;6;ESPERANZA
19-06-2023;PA211;C163;CAT 793 F;Lastre Oxidado;ESP/F10/2296/1051;FASE 10;BOT_RAMPA_INFERIOR;432,8729858;2;ESPERANZA
19-06-2023;PA211;C164;CAT 793 F;Lastre Oxidado;ESP/F10/2296/1051;FASE 10;BOT_CENTRAL_SUR_INF;3246,550049;15;ESPERANZA
19-06-2023;PA211;C21;CAT 797 F;Lastre Oxidado;ESP/F10/2296/1051;FASE 10;BOT_CENTRAL_SUR_INF;346,4039917;1;ESPERANZA
19-06-2023;PA211;C22;CAT 797 F;Lastre Oxidado;ESP/F10/2296/1051;FASE 10;BOT_CENTRAL_SUR_INF;346,4039917;1;ESPERANZA
19-06-2023;PA211;C23;CAT 797 F;Lastre Oxidado;ESP/F10/2296/1051;FASE 10;BOT_CENTRAL_SUR_INF;346,4039917;1;ESPERANZA
19-06-2023;PA211;C24;CAT 797 F;Lastre Oxidado;ESP/F10/2296/1051;FASE 10;BOT_CENTRAL_SUR_INF;346,4039917;1;ESPERANZA
19-06-2023;PA211;C34;CAT 797 F;Lastre Oxidado;ESP/F10/2296/1051;FASE 10;BOT_CENTRAL_SUR_INF;346,4039917;1;ESPERANZA
19-06-2023;PA211;C34;CAT 797 F;Lastre Oxidado;ESP/F10/2296/1051;FASE 10;BOT_CENTRAL_SUR_SUP;346,4039917;1;ESPERANZA
19-06-2023;PA211;C40;CAT 797 F;Lastre Oxidado;ESP/F10/2296/1051;FASE 10;BOT_CENTRAL_SUR_INF;1039,211975;3;ESPERANZA
19-06-2023;PA211;C40;CAT 797 F;Lastre Oxidado;ESP/F10/2296/1051;FASE 10;BOT_RAMPA_SUPERIOR;346,4039917;1;ESPERANZA
19-06-2023;PA211;C46;CAT 797 F;Lastre Oxidado;ESP/F10/2296/1051;FASE 10;BOT_CENTRAL_SUR_INF;346,4039917;1;ESPERANZA
19-06-2023;PA211;C46;CAT 797 F;Lastre Oxidado;ESP/F10/2296/1051;FASE 10;BOT_RAMPA_SUPERIOR;346,4039917;1;ESPERANZA
19-06-2023;PA211;C48;CAT 797 F;Lastre Oxidado;ESP/F10/2296/1051;FASE 10;BOT_CENTRAL_SUR_INF;346,4039917;1;ESPERANZA
19-06-2023;PA211;C56;KOM 930 E;Lastre Oxidado;ESP/F10/2296/1051;FASE 10;BOT_RAMPA_INFERIOR;291;1;ESPERANZA
19-06-2023;PA26;C07;CAT 797 B;Lastre Sulfurado;ESP/F07/2104/701;FASE 7;BOT_2380_INT;346,4039917;1;ESPERANZA
19-06-2023;PA26;C07;CAT 797 B;Lastre Sulfurado;ESP/F07/2104/706;FASE 7;BOT_2380_INT;346,4039917;1;ESPERANZA
19-06-2023;PA26;C08;CAT 797 B;Lastre Sulfurado;ESP/F07/2104/701;FASE 7;BOT_2380_INT;346,4039917;1;ESPERANZA
19-06-2023;PA26;C09;CAT 797 B;Lastre Oxidado;ESP/F07/2104/703;FASE 7;BOT_2380_INT;346,4039917;1;ESPERANZA
19-06-2023;PA26;C09;CAT 797 B;Lastre Sulfurado;ESP/F07/2104/706;FASE 7;BOT_2380_INT;1039,211975;3;ESPERANZA
19-06-2023;PA26;C10;CAT 797 B;Lastre Oxidado;ESP/F07/2104/703;FASE 7;BOT_INT_RB;346,4039917;1;ESPERANZA
19-06-2023;PA26;C11;CAT 797 B;Lastre Sulfurado;ESP/F07/2104/701;FASE 7;BOT_2380_INT;692,8079834;2;ESPERANZA
19-06-2023;PA26;C11;CAT 797 B;Lastre Sulfurado;ESP/F07/2104/706;FASE 7;BOT_2380_INT;1039,211975;3;ESPERANZA
19-06-2023;PA26;C12;CAT 797 B;Lastre Oxidado;ESP/F07/2104/703;FASE 7;BOT_2380_INT;346,4039917;1;ESPERANZA
19-06-2023;PA26;C12;CAT 797 B;Lastre Sulfurado;ESP/F07/2104/701;FASE 7;BOT_2380_INT;346,4039917;1;ESPERANZA
19-06-2023;PA26;C13;CAT 797 B;Lastre Sulfurado;ESP/F07/2104/706;FASE 7;BOT_2380_INT;1039,209961;3;ESPERANZA
19-06-2023;PA26;C15;CAT 797 B;Lastre Sulfurado;ESP/F07/2104/706;FASE 7;BOT_2380_INT;1039,211975;3;ESPERANZA
19-06-2023;PA26;C151;CAT 793 F;Lastre Oxidado;ESP/F07/2104/709;FASE 7;BOT_2380_INT;216,4360046;1;ESPERANZA
19-06-2023;PA26;C151;CAT 793 F;Lastre Oxidado;ESP/F07/2104/709;FASE 7;BOT_INT_RB;216,4360046;1;ESPERANZA
19-06-2023;PA26;C16;CAT 797 B;Lastre Oxidado;ESP/F07/2104/709;FASE 7;BOT_2380_INT;346,4039917;1;ESPERANZA
19-06-2023;PA26;C16;CAT 797 B;Lastre Sulfurado;ESP/F07/2104/701;FASE 7;BOT_2380_INT;692,8079834;2;ESPERANZA
19-06-2023;PA26;C16;CAT 797 B;Lastre Sulfurado;ESP/F07/2104/706;FASE 7;BOT_2380_INT;346,4039917;1;ESPERANZA
19-06-2023;PA26;C161;CAT 793 F;Lastre Oxidado;ESP/F07/2104/709;FASE 7;BOT_2380_INT;432,8720093;2;ESPERANZA
19-06-2023;PA26;C18;CAT 797 F;Lastre Oxidado;ESP/F07/2104/709;FASE 7;BOT_2380_INT;346,4039917;1;ESPERANZA
19-06-2023;PA26;C18;CAT 797 F;Lastre Sulfurado;ESP/F07/2104/701;FASE 7;BOT_2380_INT;1039,209961;3;ESPERANZA
19-06-2023;PA26;C18;CAT 797 F;Lastre Sulfurado;ESP/F07/2104/706;FASE 7;BOT_2380_INT;692,8079834;2;ESPERANZA
19-06-2023;PA26;C20;CAT 797 F;Lastre Sulfurado;ESP/F07/2104/701;FASE 7;BOT_2380_INT;346,4039917;1;ESPERANZA
19-06-2023;PA26;C20;CAT 797 F;Lastre Sulfurado;ESP/F07/2104/706;FASE 7;BOT_2380_INT;346,4039917;1;ESPERANZA
19-06-2023;PA26;C21;CAT 797 F;Lastre Oxidado;ESP/F07/2104/703;FASE 7;BOT_2380_INT;346,4039917;1;ESPERANZA
19-06-2023;PA26;C21;CAT 797 F;Lastre Oxidado;ESP/F07/2104/703;FASE 7;BOT_INT_RB;346,4039917;1;ESPERANZA
19-06-2023;PA26;C21;CAT 797 F;Lastre Sulfurado;ESP/F07/2104/706;FASE 7;BOT_2380_INT;692,8079834;2;ESPERANZA
19-06-2023;PA26;C23;CAT 797 F;Lastre Sulfurado;ESP/F07/2104/706;FASE 7;BOT_2380_INT;692,8079834;2;ESPERANZA
19-06-2023;PA26;C32;CAT 797 F;Lastre Oxidado;ESP/F07/2104/703;FASE 7;BOT_2380_INT;346,4039917;1;ESPERANZA
19-06-2023;PA26;C37;CAT 797 F;Lastre Sulfurado;ESP/F07/2104/701;FASE 7;BOT_2380_INT;346,4039917;1;ESPERANZA
19-06-2023;PA26;C37;CAT 797 F;Lastre Sulfurado;ESP/F07/2104/706;FASE 7;BOT_2380_INT;692,8079834;2;ESPERANZA
19-06-2023;PA26;C38;CAT 797 F;Lastre Oxidado;ESP/F07/2104/709;FASE 7;BOT_2380_INT;346,4039917;1;ESPERANZA
19-06-2023;PA26;C39;CAT 797 F;Lastre Sulfurado;ESP/F07/2104/706;FASE 7;BOT_2380_INT;1039,209961;3;ESPERANZA
19-06-2023;PA26;C42;CAT 797 F;Lastre Sulfurado;ESP/F07/2104/701;FASE 7;BOT_2380_INT;346,4039917;1;ESPERANZA
19-06-2023;PA26;C42;CAT 797 F;Lastre Sulfurado;ESP/F07/2104/706;FASE 7;BOT_2380_INT;346,4039917;1;ESPERANZA
19-06-2023;PA26;C43;CAT 797 F;Lastre Oxidado;ESP/F07/2104/703;FASE 7;BOT_2380_INT;346,4039917;1;ESPERANZA
19-06-2023;PA26;C45;CAT 797 F;Lastre Oxidado;ESP/F07/2104/703;FASE 7;BOT_INT_RB;346,4039917;1;ESPERANZA
19-06-2023;PA26;C46;CAT 797 F;Lastre Sulfurado;ESP/F07/2104/701;FASE 7;BOT_2380_INT;346,4039917;1;ESPERANZA
19-06-2023;PA26;C47;CAT 797 F;Lastre Oxidado;ESP/F07/2104/709;FASE 7;BOT_2380_INT;346,4039917;1;ESPERANZA
19-06-2023;PA26;C50;KOM 930 E;Lastre Oxidado;ESP/F07/2104/709;FASE 7;BOT_2380_INT;291;1;ESPERANZA
19-06-2023;PA26;C52;KOM 930 E;Lastre Sulfurado;ESP/F07/2104/701;FASE 7;BOT_2380_INT;291;1;ESPERANZA
19-06-2023;PA26;C53;KOM 930 E;Lastre Oxidado;ESP/F07/2104/709;FASE 7;BOT_2380_INT;291;1;ESPERANZA
19-06-2023;PA26;C54;KOM 930 E;Lastre Oxidado;ESP/F07/2104/709;FASE 7;BOT_2380_INT;291;1;ESPERANZA
19-06-2023;PA26;C54;KOM 930 E;Lastre Sulfurado;ESP/F07/2104/701;FASE 7;BOT_2380_INT;291;1;ESPERANZA
19-06-2023;PA26;C54;KOM 930 E;Lastre Sulfurado;ESP/F07/2104/706;FASE 7;BOT_2380_INT;291;1;ESPERANZA
19-06-2023;PA26;C55;KOM 930 E;Lastre Oxidado;ESP/F07/2104/709;FASE 7;BOT_2380_INT;291;1;ESPERANZA
19-06-2023;PA26;C55;KOM 930 E;Lastre Sulfurado;ESP/F07/2104/706;FASE 7;BOT_2380_INT;291;1;ESPERANZA
19-06-2023;PA26;C56;KOM 930 E;Lastre Sulfurado;ESP/F07/2104/706;FASE 7;BOT_2380_INT;291;1;ESPERANZA
19-06-2023;PA26;C57;KOM 930 E;Lastre Sulfurado;ESP/F07/2104/701;FASE 7;BOT_2380_INT;291;1;ESPERANZA
19-06-2023;PA26;C58;KOM 930 E;Lastre Oxidado;ESP/F07/2104/703;FASE 7;BOT_2380_INT;291;1;ESPERANZA
19-06-2023;PA26;C58;KOM 930 E;Lastre Sulfurado;ESP/F07/2104/706;FASE 7;BOT_2380_INT;291;1;ESPERANZA
19-06-2023;PA26;C59;KOM 930 E;Lastre Oxidado;ESP/F07/2104/709;FASE 7;BOT_2380_INT;291;1;ESPERANZA
19-06-2023;PA26;C59;KOM 930 E;Lastre Sulfurado;ESP/F07/2104/701;FASE 7;BOT_2380_INT;873;3;ESPERANZA
19-06-2023;PA26;C59;KOM 930 E;Lastre Sulfurado;ESP/F07/2104/706;FASE 7;BOT_2380_INT;291;1;ESPERANZA
19-06-2023;PA26;C60;KOM 930 E;Lastre Sulfurado;ESP/F07/2104/701;FASE 7;BOT_2380_INT;291;1;ESPERANZA
19-06-2023;PA26;C60;KOM 930 E;Lastre Sulfurado;ESP/F07/2104/706;FASE 7;BOT_2380_INT;291;1;ESPERANZA
19-06-2023;PA26;C61;KOM 930 E;Lastre Sulfurado;ESP/F07/2104/706;FASE 7;BOT_2380_INT;291;1;ESPERANZA
19-06-2023;PA3;C07;CAT 797 B;Lastre Oxidado;ESP/F07/2104/711;FASE 7;BOT_2380_INT;4849,657959;14;ESPERANZA
19-06-2023;PA3;C08;CAT 797 B;Lastre Oxidado;ESP/F07/2104/711;FASE 7;BOT_2380_INT;3810,439941;11;ESPERANZA
19-06-2023;PA3;C08;CAT 797 B;Lastre Oxidado;ESP/F07/2104/711;FASE 7;BOT_INT_RB;346,4039917;1;ESPERANZA
19-06-2023;PA3;C09;CAT 797 B;Lastre Oxidado;ESP/F07/2104/711;FASE 7;BOT_2380_INT;4156,849976;12;ESPERANZA
19-06-2023;PA3;C10;CAT 797 B;Lastre Oxidado;ESP/F07/2104/711;FASE 7;BOT_2380_INT;4503,247925;13;ESPERANZA
19-06-2023;PA3;C11;CAT 797 B;Lastre Oxidado;ESP/F07/2104/711;FASE 7;BOT_2380_INT;3117,631897;9;ESPERANZA
19-06-2023;PA3;C12;CAT 797 B;Lastre Oxidado;ESP/F07/2104/711;FASE 7;BOT_2380_INT;5542,457886;16;ESPERANZA
19-06-2023;PA3;C123;CAT 793 C;Lastre Oxidado;ESP/F07/2104/711;FASE 7;BOT_2380_INT;216,4360046;1;ESPERANZA
19-06-2023;PA3;C13;CAT 797 B;Lastre Oxidado;ESP/F07/2104/711;FASE 7;BOT_2380_INT;3117,638062;9;ESPERANZA
19-06-2023;PA3;C14;CAT 797 B;Lastre Oxidado;ESP/F07/2104/711;FASE 7;BOT_2380_INT;2078,424011;6;ESPERANZA
19-06-2023;PA3;C15;CAT 797 B;Lastre Oxidado;ESP/F07/2104/711;FASE 7;BOT_2380_INT;1732,019958;5;ESPERANZA
19-06-2023;PA3;C16;CAT 797 B;Lastre Oxidado;ESP/F07/2104/711;FASE 7;BOT_2380_INT;2078,427979;6;ESPERANZA
19-06-2023;PA3;C160;CAT 793 F;Lastre Oxidado;ESP/F07/2104/711;FASE 7;BOT_2380_INT;216,4360046;1;ESPERANZA
19-06-2023;PA3;C161;CAT 793 F;Lastre Oxidado;ESP/F07/2104/711;FASE 7;BOT_2380_INT;216,4360046;1;ESPERANZA
19-06-2023;PA3;C162;CAT 793 F;Lastre Oxidado;ESP/F07/2104/711;FASE 7;BOT_2380_INT;432,8729858;2;ESPERANZA
19-06-2023;PA3;C17;CAT 797 F;Lastre Oxidado;ESP/F07/2104/711;FASE 7;BOT_2380_INT;1385,615967;4;ESPERANZA
19-06-2023;PA3;C18;CAT 797 F;Lastre Oxidado;ESP/F07/2104/711;FASE 7;BOT_2380_INT;3464,039978;10;ESPERANZA
19-06-2023;PA3;C20;CAT 797 F;Lastre Oxidado;ESP/F07/2104/711;FASE 7;BOT_2380_INT;1732,017944;5;ESPERANZA
19-06-2023;PA3;C21;CAT 797 F;Lastre Oxidado;ESP/F07/2104/711;FASE 7;BOT_2380_INT;2424,828003;7;ESPERANZA
19-06-2023;PA3;C22;CAT 797 F;Lastre Oxidado;ESP/F07/2104/711;FASE 7;BOT_2380_INT;3464,033875;10;ESPERANZA
19-06-2023;PA3;C23;CAT 797 F;Lastre Oxidado;ESP/F07/2104/711;FASE 7;BOT_2380_INT;2078,421936;6;ESPERANZA
19-06-2023;PA3;C25;CAT 797 F;Lastre Oxidado;ESP/F07/2104/711;FASE 7;BOT_2380_INT;692,8079834;2;ESPERANZA
19-06-2023;PA3;C32;CAT 797 F;Lastre Oxidado;ESP/F07/2104/711;FASE 7;BOT_2380_INT;692,8079834;2;ESPERANZA
19-06-2023;PA3;C34;CAT 797 F;Lastre Oxidado;ESP/F07/2104/711;FASE 7;BOT_2380_INT;2424,823914;7;ESPERANZA
19-06-2023;PA3;C36;CAT 797 F;Lastre Oxidado;ESP/F07/2104/711;FASE 7;BOT_2380_INT;692,8079834;2;ESPERANZA
19-06-2023;PA3;C37;CAT 797 F;Lastre Oxidado;ESP/F07/2104/711;FASE 7;BOT_2380_INT;2078,427979;6;ESPERANZA
19-06-2023;PA3;C38;CAT 797 F;Lastre Oxidado;ESP/F07/2104/711;FASE 7;BOT_2380_INT;2424,825928;7;ESPERANZA
19-06-2023;PA3;C39;CAT 797 F;Lastre Oxidado;ESP/F07/2104/711;FASE 7;BOT_2380_INT;3117,633972;9;ESPERANZA
19-06-2023;PA3;C40;CAT 797 F;Lastre Oxidado;ESP/F07/2104/711;FASE 7;BOT_2380_INT;1385,615967;4;ESPERANZA
19-06-2023;PA3;C41;CAT 797 F;Lastre Oxidado;ESP/F07/2104/711;FASE 7;BOT_INT_RB;346,4039917;1;ESPERANZA
19-06-2023;PA3;C42;CAT 797 F;Lastre Oxidado;ESP/F07/2104/711;FASE 7;BOT_2380_INT;3810,439941;11;ESPERANZA
19-06-2023;PA3;C43;CAT 797 F;Lastre Oxidado;ESP/F07/2104/711;FASE 7;BOT_2380_INT;692,8079834;2;ESPERANZA
19-06-2023;PA3;C44;CAT 797 F;Lastre Oxidado;ESP/F07/2104/711;FASE 7;BOT_2380_INT;692,8079834;2;ESPERANZA
19-06-2023;PA3;C45;CAT 797 F;Lastre Oxidado;ESP/F07/2104/711;FASE 7;BOT_2380_INT;2078,419922;6;ESPERANZA
19-06-2023;PA3;C46;CAT 797 F;Lastre Oxidado;ESP/F07/2104/711;FASE 7;BOT_2380_INT;1385,613953;4;ESPERANZA
19-06-2023;PA3;C47;CAT 797 F;Lastre Oxidado;ESP/F07/2104/711;FASE 7;BOT_2380_INT;2771,22998;8;ESPERANZA
19-06-2023;PA3;C48;CAT 797 F;Lastre Oxidado;ESP/F07/2104/711;FASE 7;BOT_2380_INT;2078,421936;6;ESPERANZA
19-06-2023;PA3;C49;KOM 930 E;Lastre Oxidado;ESP/F07/2104/711;FASE 7;BOT_2380_INT;1164;4;ESPERANZA
19-06-2023;PA3;C50;KOM 930 E;Lastre Oxidado;ESP/F07/2104/711;FASE 7;BOT_2380_INT;2037;7;ESPERANZA
19-06-2023;PA3;C52;KOM 930 E;Lastre Oxidado;ESP/F07/2104/711;FASE 7;BOT_2380_INT;1746;6;ESPERANZA
19-06-2023;PA3;C53;KOM 930 E;Lastre Oxidado;ESP/F07/2104/711;FASE 7;BOT_2380_INT;873;3;ESPERANZA
19-06-2023;PA3;C53;KOM 930 E;Lastre Oxidado;ESP/F07/2104/711;FASE 7;BOT_INT_RB;291;1;ESPERANZA
19-06-2023;PA3;C54;KOM 930 E;Lastre Oxidado;ESP/F07/2104/711;FASE 7;BOT_2380_INT;582;2;ESPERANZA
19-06-2023;PA3;C55;KOM 930 E;Lastre Oxidado;ESP/F07/2104/711;FASE 7;BOT_2380_INT;1164;4;ESPERANZA
19-06-2023;PA3;C55;KOM 930 E;Lastre Oxidado;ESP/F07/2104/711;FASE 7;BOT_INT_RB;291;1;ESPERANZA
19-06-2023;PA3;C56;KOM 930 E;Lastre Oxidado;ESP/F07/2104/711;FASE 7;BOT_2380_INT;1455;5;ESPERANZA
19-06-2023;PA3;C57;KOM 930 E;Lastre Oxidado;ESP/F07/2104/711;FASE 7;BOT_2380_INT;873;3;ESPERANZA
19-06-2023;PA3;C58;KOM 930 E;Lastre Oxidado;ESP/F07/2104/711;FASE 7;BOT_2380_INT;291;1;ESPERANZA
19-06-2023;PA3;C59;KOM 930 E;Lastre Oxidado;ESP/F07/2104/711;FASE 7;BOT_2380_INT;1164;4;ESPERANZA
19-06-2023;PA3;C60;KOM 930 E;Lastre Oxidado;ESP/F07/2104/711;FASE 7;BOT_2380_INT;1164;4;ESPERANZA
19-06-2023;PA3;C61;KOM 930 E;Lastre Oxidado;ESP/F07/2104/711;FASE 7;BOT_2380_INT;1455;5;ESPERANZA
19-06-2023;PA4;C121;CAT 793 C;Lastre Oxidado;ESP/F10/2328/129;FASE 10;BOT_CENTRAL_SUR_INF;216,4360046;1;ESPERANZA
19-06-2023;PA4;C121;CAT 793 C;Lastre Oxidado;ESP/F10/2328/129;FASE 10;BOT_RAMPA_INFERIOR;216,4360046;1;ESPERANZA
19-06-2023;PA4;C123;CAT 793 C;Lastre Oxidado;ESP/F10/2328/129;FASE 10;BOT_CENTRAL_SUR_INF;1082,182007;5;ESPERANZA
19-06-2023;PA4;C123;CAT 793 C;Lastre Oxidado;ESP/F10/2328/129;FASE 10;BOT_RAMPA_INFERIOR;216,4360046;1;ESPERANZA
19-06-2023;PA4;C125;CAT 793 C;Lastre Oxidado;ESP/F10/2328/129;FASE 10;BOT_CENTRAL_SUR_INF;432,8729858;2;ESPERANZA
19-06-2023;PA4;C128;CAT 793 C;Lastre Oxidado;ESP/F10/2328/129;FASE 10;BOT_CENTRAL_SUR_INF;865,7459717;4;ESPERANZA
19-06-2023;PA4;C129;CAT 793 C;Lastre Oxidado;ESP/F10/2328/129;FASE 10;BOT_CENTRAL_SUR_INF;649,309021;3;ESPERANZA
19-06-2023;PA4;C131;CAT 793 C;Lastre Oxidado;ESP/F10/2328/129;FASE 10;BOT_CENTRAL_SUR_INF;1515,056;7;ESPERANZA
19-06-2023;PA4;C131;CAT 793 C;Lastre Oxidado;ESP/F10/2328/129;FASE 10;BOT_RAMPA_INFERIOR;216,4360046;1;ESPERANZA
19-06-2023;PA4;C134;CAT 793 C;Lastre Oxidado;ESP/F10/2328/129;FASE 10;BOT_CENTRAL_SUR_INF;1515,054993;7;ESPERANZA
19-06-2023;PA4;C134;CAT 793 C;Lastre Oxidado;ESP/F10/2328/129;FASE 10;BOT_RAMPA_INFERIOR;649,309021;3;ESPERANZA
19-06-2023;PA4;C135;CAT 793 C;Lastre Oxidado;ESP/F10/2328/129;FASE 10;BOT_CENTRAL_SUR_INF;1731,48999;8;ESPERANZA
19-06-2023;PA4;C135;CAT 793 C;Lastre Oxidado;ESP/F10/2328/129;FASE 10;BOT_RAMPA_INFERIOR;432,8729858;2;ESPERANZA
19-06-2023;PA4;C14;CAT 797 B;Lastre Oxidado;ESP/F10/2328/129;FASE 10;BOT_CENTRAL_SUR_INF;692,8079834;2;ESPERANZA
19-06-2023;PA4;C151;CAT 793 F;Lastre Oxidado;ESP/F10/2328/129;FASE 10;BOT_CENTRAL_SUR_INF;432,8729858;2;ESPERANZA
19-06-2023;PA4;C151;CAT 793 F;Lastre Oxidado;ESP/F10/2328/129;FASE 10;BOT_RAMPA_INFERIOR;216,4360046;1;ESPERANZA
19-06-2023;PA4;C152;CAT 793 F;Lastre Oxidado;ESP/F10/2328/129;FASE 10;BOT_CENTRAL_SUR_INF;1082,181976;5;ESPERANZA
19-06-2023;PA4;C152;CAT 793 F;Lastre Oxidado;ESP/F10/2328/129;FASE 10;BOT-ESTE;216,4360046;1;ESPERANZA
19-06-2023;PA4;C153;CAT 793 F;Lastre Oxidado;ESP/F10/2328/129;FASE 10;BOT_CENTRAL_SUR_INF;432,8729858;2;ESPERANZA
19-06-2023;PA4;C153;CAT 793 F;Lastre Oxidado;ESP/F10/2328/129;FASE 10;BOT_RAMPA_INFERIOR;216,4360046;1;ESPERANZA
19-06-2023;PA4;C154;CAT 793 F;Lastre Oxidado;ESP/F10/2328/129;FASE 10;BOT_CENTRAL_SUR_INF;865,7450256;4;ESPERANZA
19-06-2023;PA4;C154;CAT 793 F;Lastre Oxidado;ESP/F10/2328/129;FASE 10;BOT_RAMPA_INFERIOR;216,4360046;1;ESPERANZA
19-06-2023;PA4;C155;CAT 793 F;Lastre Oxidado;ESP/F10/2328/129;FASE 10;BOT_CENTRAL_SUR_INF;432,8729858;2;ESPERANZA
19-06-2023;PA4;C155;CAT 793 F;Lastre Oxidado;ESP/F10/2328/129;FASE 10;BOT_RAMPA_INFERIOR;865,7459717;4;ESPERANZA
19-06-2023;PA4;C156;CAT 793 F;Lastre Oxidado;ESP/F10/2328/129;FASE 10;BOT_CENTRAL_SUR_INF;1082,180054;5;ESPERANZA
19-06-2023;PA4;C156;CAT 793 F;Lastre Oxidado;ESP/F10/2328/129;FASE 10;BOT_RAMPA_INFERIOR;432,8729858;2;ESPERANZA
19-06-2023;PA4;C156;CAT 793 F;Lastre Oxidado;ESP/F10/2328/129;FASE 10;BOT_RAMPA_SUPERIOR;649,309021;3;ESPERANZA
19-06-2023;PA4;C159;CAT 793 F;Lastre Oxidado;ESP/F10/2328/129;FASE 10;BOT_CENTRAL_SUR_INF;1947,925079;9;ESPERANZA
19-06-2023;PA4;C160;CAT 793 F;Lastre Oxidado;ESP/F10/2328/129;FASE 10;BOT_CENTRAL_SUR_INF;432,8729858;2;ESPERANZA
19-06-2023;PA4;C161;CAT 793 F;Lastre Oxidado;ESP/F10/2328/129;FASE 10;BOT_CENTRAL_SUR_INF;432,8729858;2;ESPERANZA
19-06-2023;PA4;C162;CAT 793 F;Lastre Oxidado;ESP/F10/2328/129;FASE 10;BOT_CENTRAL_SUR_INF;1298,618958;6;ESPERANZA
19-06-2023;PA4;C162;CAT 793 F;Lastre Oxidado;ESP/F10/2328/129;FASE 10;BOT_RAMPA_INFERIOR;216,4360046;1;ESPERANZA
19-06-2023;PA4;C163;CAT 793 F;Lastre Oxidado;ESP/F10/2328/129;FASE 10;BOT_CENTRAL_SUR_INF;1298,618958;6;ESPERANZA
19-06-2023;PA4;C163;CAT 793 F;Lastre Oxidado;ESP/F10/2328/129;FASE 10;BOT_RAMPA_INFERIOR;432,8729858;2;ESPERANZA
19-06-2023;PA4;C164;CAT 793 F;Lastre Oxidado;ESP/F10/2328/129;FASE 10;BOT_CENTRAL_SUR_INF;1947,928986;9;ESPERANZA
19-06-2023;PA4;C20;CAT 797 F;Lastre Oxidado;ESP/F10/2328/129;FASE 10;BOT_CENTRAL_SUR_INF;346,4039917;1;ESPERANZA
19-06-2023;PA4;C22;CAT 797 F;Lastre Oxidado;ESP/F10/2328/129;FASE 10;BOT_RAMPA_SUPERIOR;346,4039917;1;ESPERANZA
19-06-2023;PA4;C32;CAT 797 F;Lastre Oxidado;ESP/F10/2328/129;FASE 10;BOT_CENTRAL_SUR_INF;346,4039917;1;ESPERANZA
19-06-2023;PA4;C34;CAT 797 F;Lastre Oxidado;ESP/F10/2328/129;FASE 10;BOT_CENTRAL_SUR_INF;346,4039917;1;ESPERANZA
19-06-2023;PA4;C36;CAT 797 F;Lastre Oxidado;ESP/F10/2328/129;FASE 10;BOT_RAMPA_SUPERIOR;346,4039917;1;ESPERANZA
19-06-2023;PA4;C42;CAT 797 F;Lastre Oxidado;ESP/F10/2328/129;FASE 10;BOT_CENTRAL_SUR_INF;346,4039917;1;ESPERANZA
19-06-2023;PA4;C48;CAT 797 F;Lastre Oxidado;ESP/F10/2328/129;FASE 10;BOT_CENTRAL_SUR_INF;346,4039917;1;ESPERANZA
19-06-2023;PA4;C50;KOM 930 E;Lastre Oxidado;ESP/F10/2328/129;FASE 10;BOT_CENTRAL_SUR_INF;291;1;ESPERANZA
19-06-2023;PA4;C56;KOM 930 E;Lastre Oxidado;ESP/F10/2328/129;FASE 10;BOT_CENTRAL_SUR_INF;291;1;ESPERANZA
19-06-2023;PA4;C56;KOM 930 E;Lastre Oxidado;ESP/F10/2328/129;FASE 10;BOT_RAMPA_INFERIOR;582;2;ESPERANZA
19-06-2023;PA6;C11;CAT 797 B;Lastre Oxidado;ESP/F10/2296/1051;FASE 10;BOT_CENTRAL_SUR_INF;346,4039917;1;ESPERANZA
19-06-2023;PA6;C121;CAT 793 C;Lastre Oxidado;ESP/F10/2296/1051;FASE 10;BOT_CENTRAL_SUR_INF;216,4360046;1;ESPERANZA
19-06-2023;PA6;C123;CAT 793 C;Lastre Oxidado;ESP/F10/2296/1051;FASE 10;BOT_CENTRAL_SUR_INF;1515,060059;7;ESPERANZA
19-06-2023;PA6;C128;CAT 793 C;Lastre Oxidado;ESP/F10/2296/1051;FASE 10;BOT_CENTRAL_SUR_INF;1298,616058;6;ESPERANZA
19-06-2023;PA6;C129;CAT 793 C;Lastre Oxidado;ESP/F10/2296/1051;FASE 10;BOT_CENTRAL_SUR_INF;216,4360046;1;ESPERANZA
19-06-2023;PA6;C131;CAT 793 C;Lastre Oxidado;ESP/F10/2296/1051;FASE 10;BOT_CENTRAL_SUR_INF;1515,052063;7;ESPERANZA
19-06-2023;PA6;C134;CAT 793 C;Lastre Oxidado;ESP/F10/2296/1051;FASE 10;BOT_CENTRAL_SUR_INF;649,3089905;3;ESPERANZA
19-06-2023;PA6;C151;CAT 793 F;Lastre Oxidado;ESP/F10/2296/1051;FASE 10;BOT_CENTRAL_SUR_INF;865,7459717;4;ESPERANZA
19-06-2023;PA6;C152;CAT 793 F;Lastre Oxidado;ESP/F10/2296/1051;FASE 10;BOT_CENTRAL_SUR_INF;1731,48999;8;ESPERANZA
19-06-2023;PA6;C155;CAT 793 F;Lastre Oxidado;ESP/F10/2296/1051;FASE 10;BOT_CENTRAL_SUR_INF;1298,619995;6;ESPERANZA
19-06-2023;PA6;C156;CAT 793 F;Lastre Oxidado;ESP/F10/2296/1051;FASE 10;BOT_RAMPA_INFERIOR;216,4360046;1;ESPERANZA
19-06-2023;PA6;C159;CAT 793 F;Lastre Oxidado;ESP/F10/2296/1051;FASE 10;BOT_CENTRAL_SUR_INF;1082,180054;5;ESPERANZA
19-06-2023;PA6;C161;CAT 793 F;Lastre Oxidado;ESP/F10/2296/1051;FASE 10;BOT_CENTRAL_SUR_INF;649,309021;3;ESPERANZA
19-06-2023;PA6;C163;CAT 793 F;Lastre Oxidado;ESP/F10/2296/1051;FASE 10;BOT_CENTRAL_SUR_INF;649,3089905;3;ESPERANZA
19-06-2023;PA6;C164;CAT 793 F;Lastre Oxidado;ESP/F10/2296/1051;FASE 10;BOT_CENTRAL_SUR_INF;1298,619995;6;ESPERANZA
19-06-2023;PA6;C25;CAT 797 F;Lastre Oxidado;ESP/F10/2296/1051;FASE 10;BOT_RAMPA_SUPERIOR;346,4039917;1;ESPERANZA
19-06-2023;PA6;C34;CAT 797 F;Lastre Oxidado;ESP/F10/2296/1051;FASE 10;BOT_CENTRAL_SUR_INF;346,4039917;1;ESPERANZA
19-06-2023;PA6;C36;CAT 797 F;Lastre Oxidado;ESP/F10/2296/1051;FASE 10;BOT_CENTRAL_SUR_INF;346,4039917;1;ESPERANZA
19-06-2023;PA6;C36;CAT 797 F;Lastre Oxidado;ESP/F10/2296/1051;FASE 10;BOT_CENTRAL_SUR_SUP;346,4039917;1;ESPERANZA
19-06-2023;PA6;C42;CAT 797 F;Lastre Oxidado;ESP/F10/2296/1051;FASE 10;BOT_CENTRAL_SUR_INF;692,8079834;2;ESPERANZA
19-06-2023;PA6;C48;CAT 797 F;Lastre Oxidado;ESP/F10/2296/1051;FASE 10;BOT_CENTRAL_SUR_INF;692,8079834;2;ESPERANZA
19-06-2023;PA7;C07;CAT 797 B;Lastre Sulfurado;ESP/F07/2104/701;FASE 7;BOT_2380_INT;1732,023987;5;ESPERANZA
19-06-2023;PA7;C07;CAT 797 B;Lastre Sulfurado;ESP/F07/2104/7071;FASE 7;BOT_2380_INT;692,8079834;2;ESPERANZA
19-06-2023;PA7;C08;CAT 797 B;Lastre Sulfurado;ESP/F07/2104/701;FASE 7;BOT_2380_INT;2771,23407;8;ESPERANZA
19-06-2023;PA7;C08;CAT 797 B;Lastre Sulfurado;ESP/F07/2104/7070;FASE 7;BOT_2380_INT;346,4039917;1;ESPERANZA
19-06-2023;PA7;C08;CAT 797 B;Lastre Sulfurado;ESP/F07/2104/7071;FASE 7;BOT_2380_INT;346,4039917;1;ESPERANZA
19-06-2023;PA7;C09;CAT 797 B;Lastre Sulfurado;ESP/F07/2104/701;FASE 7;BOT_2380_INT;1732,017944;5;ESPERANZA
19-06-2023;PA7;C09;CAT 797 B;Lastre Sulfurado;ESP/F07/2104/7071;FASE 7;BOT_2380_INT;346,4039917;1;ESPERANZA
19-06-2023;PA7;C10;CAT 797 B;Lastre Sulfurado;ESP/F07/2104/701;FASE 7;BOT_2380_INT;2771,22998;8;ESPERANZA
19-06-2023;PA7;C10;CAT 797 B;Lastre Sulfurado;ESP/F07/2104/7071;FASE 7;BOT_2380_INT;346,4039917;1;ESPERANZA
19-06-2023;PA7;C11;CAT 797 B;Lastre Sulfurado;ESP/F07/2104/701;FASE 7;BOT_2380_INT;346,4039917;1;ESPERANZA
19-06-2023;PA7;C11;CAT 797 B;Lastre Sulfurado;ESP/F07/2104/701;FASE 7;BOT_INT_RB;346,4039917;1;ESPERANZA
19-06-2023;PA7;C12;CAT 797 B;Lastre Sulfurado;ESP/F07/2104/701;FASE 7;BOT_2380_INT;1732,023987;5;ESPERANZA
19-06-2023;PA7;C12;CAT 797 B;Lastre Sulfurado;ESP/F07/2104/701;FASE 7;BOT_INT_RB;346,4039917;1;ESPERANZA
19-06-2023;PA7;C12;CAT 797 B;Lastre Sulfurado;ESP/F07/2104/7071;FASE 7;BOT_2380_INT;346,4039917;1;ESPERANZA
19-06-2023;PA7;C123;CAT 793 C;Lastre Sulfurado;ESP/F07/2104/701;FASE 7;BOT_2380_INT;216,4360046;1;ESPERANZA
19-06-2023;PA7;C13;CAT 797 B;Lastre Sulfurado;ESP/F07/2104/701;FASE 7;BOT_2380_INT;2424,823914;7;ESPERANZA
19-06-2023;PA7;C14;CAT 797 B;Lastre Sulfurado;ESP/F07/2104/7071;FASE 7;BOT_2380_INT;346,4039917;1;ESPERANZA
19-06-2023;PA7;C15;CAT 797 B;Lastre Sulfurado;ESP/F07/2104/701;FASE 7;BOT_2380_INT;2771,227905;8;ESPERANZA
19-06-2023;PA7;C15;CAT 797 B;Lastre Sulfurado;ESP/F07/2104/7071;FASE 7;BOT_2380_INT;346,4039917;1;ESPERANZA
19-06-2023;PA7;C151;CAT 793 F;Lastre Sulfurado;ESP/F07/2104/701;FASE 7;BOT_2380_INT;865,7459717;4;ESPERANZA
19-06-2023;PA7;C16;CAT 797 B;Lastre Sulfurado;ESP/F07/2104/701;FASE 7;BOT_2380_INT;3464,037964;10;ESPERANZA
19-06-2023;PA7;C16;CAT 797 B;Lastre Sulfurado;ESP/F07/2104/7071;FASE 7;BOT_2380_INT;1039,211975;3;ESPERANZA
19-06-2023;PA7;C161;CAT 793 F;Lastre Sulfurado;ESP/F07/2104/701;FASE 7;BOT_2380_INT;216,4360046;1;ESPERANZA
19-06-2023;PA7;C162;CAT 793 F;Lastre Sulfurado;ESP/F07/2104/701;FASE 7;BOT_2380_INT;216,4360046;1;ESPERANZA
19-06-2023;PA7;C17;CAT 797 F;Lastre Sulfurado;ESP/F07/2104/7071;FASE 7;BOT_2380_INT;692,8079834;2;ESPERANZA
19-06-2023;PA7;C18;CAT 797 F;Lastre Sulfurado;ESP/F07/2104/701;FASE 7;BOT_2380_INT;1039,211975;3;ESPERANZA
19-06-2023;PA7;C18;CAT 797 F;Lastre Sulfurado;ESP/F07/2104/701;FASE 7;BOT_INT_RB;346,4039917;1;ESPERANZA
19-06-2023;PA7;C18;CAT 797 F;Lastre Sulfurado;ESP/F07/2104/7071;FASE 7;BOT_2380_INT;346,4039917;1;ESPERANZA
19-06-2023;PA7;C21;CAT 797 F;Lastre Sulfurado;ESP/F07/2104/701;FASE 7;BOT_2380_INT;692,8079834;2;ESPERANZA
19-06-2023;PA7;C21;CAT 797 F;Lastre Sulfurado;ESP/F07/2104/7071;FASE 7;BOT_2380_INT;692,8079834;2;ESPERANZA
19-06-2023;PA7;C22;CAT 797 F;Lastre Sulfurado;ESP/F07/2104/701;FASE 7;BOT_2380_INT;346,4039917;1;ESPERANZA
19-06-2023;PA7;C23;CAT 797 F;Lastre Sulfurado;ESP/F07/2104/701;FASE 7;BOT_2380_INT;2078,427979;6;ESPERANZA
19-06-2023;PA7;C23;CAT 797 F;Lastre Sulfurado;ESP/F07/2104/7071;FASE 7;BOT_2380_INT;346,4039917;1;ESPERANZA
19-06-2023;PA7;C25;CAT 797 F;Lastre Sulfurado;ESP/F07/2104/7071;FASE 7;BOT_2380_INT;346,4039917;1;ESPERANZA
19-06-2023;PA7;C32;CAT 797 F;Lastre Sulfurado;ESP/F07/2104/701;FASE 7;BOT_2380_INT;346,4039917;1;ESPERANZA
19-06-2023;PA7;C34;CAT 797 F;Lastre Sulfurado;ESP/F07/2104/7070;FASE 7;BOT_2380_INT;346,4039917;1;ESPERANZA
19-06-2023;PA7;C34;CAT 797 F;Lastre Sulfurado;ESP/F07/2104/7071;FASE 7;BOT_2380_INT;692,8079834;2;ESPERANZA
19-06-2023;PA7;C37;CAT 797 F;Lastre Sulfurado;ESP/F07/2104/701;FASE 7;BOT_2380_INT;3117,633972;9;ESPERANZA
19-06-2023;PA7;C37;CAT 797 F;Lastre Sulfurado;ESP/F07/2104/7070;FASE 7;BOT_2380_INT;346,4039917;1;ESPERANZA
19-06-2023;PA7;C37;CAT 797 F;Lastre Sulfurado;ESP/F07/2104/7071;FASE 7;BOT_2380_INT;346,4039917;1;ESPERANZA
19-06-2023;PA7;C38;CAT 797 F;Lastre Sulfurado;ESP/F07/2104/701;FASE 7;BOT_2380_INT;1039,211975;3;ESPERANZA
19-06-2023;PA7;C38;CAT 797 F;Lastre Sulfurado;ESP/F07/2104/7071;FASE 7;BOT_2380_INT;692,8079834;2;ESPERANZA
19-06-2023;PA7;C39;CAT 797 F;Lastre Sulfurado;ESP/F07/2104/701;FASE 7;BOT_2380_INT;2424,823914;7;ESPERANZA
19-06-2023;PA7;C39;CAT 797 F;Lastre Sulfurado;ESP/F07/2104/7070;FASE 7;BOT_2380_INT;346,4039917;1;ESPERANZA
19-06-2023;PA7;C40;CAT 797 F;Lastre Sulfurado;ESP/F07/2104/701;FASE 7;BOT_2380_INT;2078,419922;6;ESPERANZA
19-06-2023;PA7;C40;CAT 797 F;Lastre Sulfurado;ESP/F07/2104/701;FASE 7;BOT_INT_RB;346,4039917;1;ESPERANZA
19-06-2023;PA7;C41;CAT 797 F;Lastre Sulfurado;ESP/F07/2104/701;FASE 7;BOT_2380_INT;346,4039917;1;ESPERANZA
19-06-2023;PA7;C41;CAT 797 F;Lastre Sulfurado;ESP/F07/2104/7070;FASE 7;BOT_2380_INT;346,4039917;1;ESPERANZA
19-06-2023;PA7;C42;CAT 797 F;Lastre Sulfurado;ESP/F07/2104/701;FASE 7;BOT_2380_INT;1039,211975;3;ESPERANZA
19-06-2023;PA7;C44;CAT 797 F;Lastre Sulfurado;ESP/F07/2104/7071;FASE 7;BOT_2380_INT;692,8079834;2;ESPERANZA
19-06-2023;PA7;C45;CAT 797 F;Lastre Sulfurado;ESP/F07/2104/701;FASE 7;BOT_2380_INT;346,4039917;1;ESPERANZA
19-06-2023;PA7;C45;CAT 797 F;Lastre Sulfurado;ESP/F07/2104/7071;FASE 7;BOT_2380_INT;346,4039917;1;ESPERANZA
19-06-2023;PA7;C46;CAT 797 F;Lastre Sulfurado;ESP/F07/2104/7071;FASE 7;BOT_2380_INT;1039,209961;3;ESPERANZA
19-06-2023;PA7;C47;CAT 797 F;Lastre Sulfurado;ESP/F07/2104/701;FASE 7;BOT_2380_INT;1732,023987;5;ESPERANZA
19-06-2023;PA7;C48;CAT 797 F;Lastre Sulfurado;ESP/F07/2104/701;FASE 7;BOT_2380_INT;1732,02002;5;ESPERANZA
19-06-2023;PA7;C49;KOM 930 E;Lastre Sulfurado;ESP/F07/2104/701;FASE 7;BOT_2380_INT;291;1;ESPERANZA
19-06-2023;PA7;C49;KOM 930 E;Lastre Sulfurado;ESP/F07/2104/7071;FASE 7;BOT_2380_INT;291;1;ESPERANZA
19-06-2023;PA7;C50;KOM 930 E;Lastre Sulfurado;ESP/F07/2104/701;FASE 7;BOT_2380_INT;582;2;ESPERANZA
19-06-2023;PA7;C52;KOM 930 E;Lastre Sulfurado;ESP/F07/2104/701;FASE 7;BOT_2380_INT;582;2;ESPERANZA
19-06-2023;PA7;C53;KOM 930 E;Lastre Sulfurado;ESP/F07/2104/701;FASE 7;BOT_2380_INT;2328;8;ESPERANZA
19-06-2023;PA7;C53;KOM 930 E;Lastre Sulfurado;ESP/F07/2104/7070;FASE 7;BOT_2380_INT;291;1;ESPERANZA
19-06-2023;PA7;C54;KOM 930 E;Lastre Sulfurado;ESP/F07/2104/701;FASE 7;BOT_2380_INT;582;2;ESPERANZA
19-06-2023;PA7;C54;KOM 930 E;Lastre Sulfurado;ESP/F07/2104/7070;FASE 7;BOT_2380_INT;291;1;ESPERANZA
19-06-2023;PA7;C55;KOM 930 E;Lastre Sulfurado;ESP/F07/2104/701;FASE 7;BOT_2380_INT;291;1;ESPERANZA
19-06-2023;PA7;C56;KOM 930 E;Lastre Sulfurado;ESP/F07/2104/701;FASE 7;BOT_2380_INT;582;2;ESPERANZA
19-06-2023;PA7;C56;KOM 930 E;Lastre Sulfurado;ESP/F07/2104/7070;FASE 7;BOT_2380_INT;291;1;ESPERANZA
19-06-2023;PA7;C57;KOM 930 E;Lastre Sulfurado;ESP/F07/2104/701;FASE 7;BOT_2380_INT;1164;4;ESPERANZA
19-06-2023;PA7;C57;KOM 930 E;Lastre Sulfurado;ESP/F07/2104/701;FASE 7;BOT_INT_RB;291;1;ESPERANZA
19-06-2023;PA7;C58;KOM 930 E;Lastre Sulfurado;ESP/F07/2104/701;FASE 7;BOT_2380_INT;1455;5;ESPERANZA
19-06-2023;PA7;C59;KOM 930 E;Lastre Sulfurado;ESP/F07/2104/701;FASE 7;BOT_2380_INT;582;2;ESPERANZA
19-06-2023;PA7;C60;KOM 930 E;Lastre Sulfurado;ESP/F07/2104/701;FASE 7;BOT_2380_INT;1164;4;ESPERANZA
19-06-2023;PA7;C61;KOM 930 E;Lastre Sulfurado;ESP/F07/2104/701;FASE 7;BOT_2380_INT;1164;4;ESPERANZA
19-06-2023;PA7;C61;KOM 930 E;Lastre Sulfurado;ESP/F07/2104/701;FASE 7;BOT_INT_RB;291;1;ESPERANZA
19-06-2023;PAESPS;C980AHSESPS;Kom 980 AHS;Lastre Oxidado;ESS/F03/2232/3330;F03 ESPSUR;BOTADERO_2021;4320;12;ESPERANZA_SUR
19-06-2023;PAESPS;C980AHSESPS;Kom 980 AHS;Lastre Sulfurado;ESS/F03/2248/340;F03 ESPSUR;BOTADERO_2021;14760;41;ESPERANZA_SUR
19-06-2023;PAESPS;C980AHSESPS;Kom 980 AHS;Sulfuro Baja Ley;ESS/F02/2120/2131;F02 ESPSUR;STOCK_SBL_ESS;360;1;ESPERANZA_SUR
19-06-2023;PATH01;C701;LIEBHERR 264 ;LASTRE (LAS);LLA/F01/2295/105;F01 LLA;BOT_TSS;1533;7;LLANO
19-06-2023;PATH01;C701;LIEBHERR 264 ;LASTRE (LAS);LLA/F01/2295/106;F01 LLA;BOT_TSS;4818;22;LLANO
19-06-2023;PATH01;C701;LIEBHERR 264 ;LASTRE (LAS);LLA/F01/2295/1060;F01 LLA;BOT_TSS;36135;165;LLANO
19-06-2023;PATH01;C701;LIEBHERR 264 ;LASTRE (LAS);LLA/F01/2302.5/1080;F01 LLA;BOT_TSS;15330;70;LLANO
19-06-2023;PATH01;C701;LIEBHERR 264 ;LASTRE (LAS);LLA/F01/2302.5/1100;F01 LLA;BOT_TSS;1314;6;LLANO
19-06-2023;PATH01;C702;LIEBHERR 264 ;LASTRE (LAS);LLA/F01/2295/1060;F01 LLA;BOT_TSS;7227;33;LLANO
19-06-2023;PATH01;C702;LIEBHERR 264 ;LASTRE (LAS);LLA/F01/2302.5/1080;F01 LLA;BOT_TSS;3066;14;LLANO
19-06-2023;PATH01;C702;LIEBHERR 264 ;LASTRE (LAS);LLA/F02/2302.5/210;F02 LLA;BOT_TSS;14673;67;LLANO
19-06-2023;PATH01;C702;LIEBHERR 264 ;LASTRE (LAS);LLA/F02/2302.5/215;F02 LLA;BOT_TSS;20805;95;LLANO
19-06-2023;PATH01;C793OXE;CAT 793 OXE;OAR;MOD_A_REM;ENCUENTRO OXE;CHANCADO-ENCUENTRO;7920;36;ENCUENTRO
19-06-2023;PATH01;C793OXE;CAT 793 OXE;OBR;MOD_E_REM;ENCUENTRO OXE;CHANCADO-ENCUENTRO;9240;42;ENCUENTRO
19-06-2023;PATH01;C793OXE;CAT 793 OXE;ORM;MOD_B_REM;ENCUENTRO OXE;CHANCADO-ENCUENTRO;3300;15;ENCUENTRO
19-06-2023;PATH01;C793OXE;CAT 793 OXE;Oxido Baja Ley;OXE/F04/2144/416;FASE 04 ENC;CHANCADO-ENCUENTRO;1760;8;ENCUENTRO
19-06-2023;PATH01;C793OXE;CAT 793 OXE;Oxido Baja Ley;OXE/F04/2144/416;FASE 04 ENC;MOD D;16280;74;ENCUENTRO
19-06-2023;PATH01;C793OXE;CAT 793 OXE;Oxido Baja Ley;OXE/F04/2144/416;FASE 04 ENC;MOD E;1980;9;ENCUENTRO
19-06-2023;PATH01;C793OXE;CAT 793 OXE;Oxido Baja Ley;OXE/F04/2144/416;FASE 04 ENC;MOD F;440;2;ENCUENTRO
19-06-2023;PATH01;C793OXE;CAT 793 OXE;OXIDO BAJA LEY (OXBL);OXE/F04/2144/415;FASE 04 ENC;CHANCADO-ENCUENTRO;9240;42;ENCUENTRO
19-06-2023;PATH01;C793OXE;CAT 793 OXE;OXIDO BAJA LEY (OXBL);OXE/F04/2144/415;FASE 04 ENC;MOD E;5500;25;ENCUENTRO
19-06-2023;PATH01;C793OXE;CAT 793 OXE;OXIDO BAJA LEY (OXBL);OXE/F04/2144/415;FASE 04 ENC;MOD F;1100;5;ENCUENTRO
19-06-2023;PATH01;C793OXE;CAT 793 OXE;OXIDO MARGINAL (OXMAR);OXE/F04/2144/410;FASE 04 ENC;STOCK _MARGINAL_ESTE;9020;41;ENCUENTRO
19-06-2023;PATH01;C793OXE;CAT 793 OXE;OXIDO MARGINAL (OXMAR);OXE/F04/2144/417;FASE 04 ENC;STOCK _MARGINAL_ESTE;3740;17;ENCUENTRO
19-06-2023;PATH01;C930OXE;KOM 930OXE;L21;04_2376_455;FASE 04 ENC;BOT.2420;103530;357;ENCUENTRO
19-06-2023;PATH01;C930OXE;KOM 930OXE;Mineral Sulfuro Primario(PRI);OXE/F04/2144/410;FASE 04 ENC;MOD G;870;3;ENCUENTRO
19-06-2023;PATH01;C930OXE;KOM 930OXE;Oxido Baja Ley;OXE/F04/2144/416;FASE 04 ENC;MOD D;12180;42;ENCUENTRO