Fecha;Carguio;Camión;Flota;Material;Origen;Zona;Destino;Tonelaje;Ciclos;Rajo
20-06-2023;CF2;C121;CAT 793 C;Sulfuro de Media;STOCK_SME;ESPERANZA;CHANCADO-SULFURO;1735,680054;8;ESPERANZA
20-06-2023;CF2;C123;CAT 793 C;Sulfuro de Media;STOCK_SME;ESPERANZA;CHANCADO-SULFURO;2386,560104;11;ESPERANZA
20-06-2023;CF2;C125;CAT 793 C;Sulfuro Planta;STOCK_SPL_DIN;ESPERANZA;CHANCADO-SULFURO;1084,800049;5;ESPERANZA
20-06-2023;CF2;C128;CAT 793 C;Sulfuro de Media;STOCK_SME;ESPERANZA;CHANCADO-SULFURO;1735,680054;8;ESPERANZA
20-06-2023;CF2;C14;CAT 797 B;Sulfuro de Media;STOCK_SME;ESPERANZA;CHANCADO-SULFURO;1039,211975;3;ESPERANZA
20-06-2023;CF2;C151;CAT 793 F;Sulfuro de Media;STOCK_SME;ESPERANZA;CHANCADO-SULFURO;216,9600067;1;ESPERANZA
20-06-2023;CF2;C156;CAT 793 F;Sulfuro de Media;STOCK_SME;ESPERANZA;CHANCADO-SULFURO;433,92099;2;ESPERANZA
20-06-2023;CF2;C156;CAT 793 F;Sulfuro Planta;STOCK_SPL_DIN;ESPERANZA;CHANCADO-SULFURO;216,9600067;1;ESPERANZA
20-06-2023;CF2;C16;CAT 797 B;Sulfuro de Media;STOCK_SME;ESPERANZA;CHANCADO-SULFURO;4503,25;13;ESPERANZA
20-06-2023;CF2;C16;CAT 797 B;Sulfuro Planta;STOCK_SPL_DIN;ESPERANZA;CHANCADO-SULFURO;4156,848022;12;ESPERANZA
20-06-2023;CF2;C163;CAT 793 F;Sulfuro de Media;STOCK_SME;ESPERANZA;CHANCADO-SULFURO;867,84198;4;ESPERANZA
20-06-2023;CF2;C163;CAT 793 F;Sulfuro de Media;STOCK_SME;ESPERANZA;STOCK_SME;216,9600067;1;ESPERANZA
20-06-2023;CF2;C164;CAT 793 F;Sulfuro Baja Ley;STOCK_SBL1;ESPERANZA;CHANCADO-SULFURO;650,8800201;3;ESPERANZA
20-06-2023;CF2;C17;CAT 797 F;Sulfuro Baja Ley;STOCK_SBL1;ESPERANZA;CHANCADO-SULFURO;2078,42395;6;ESPERANZA
20-06-2023;CF2;C17;CAT 797 F;Sulfuro de Media;STOCK_SME;ESPERANZA;CHANCADO-SULFURO;6235,273987;18;ESPERANZA
20-06-2023;CF2;C20;CAT 797 F;Sulfuro Baja Ley;STOCK_SBL1;ESPERANZA;CHANCADO-SULFURO;1385,615967;4;ESPERANZA
20-06-2023;CF2;C20;CAT 797 F;Sulfuro de Media;STOCK_SME;ESPERANZA;CHANCADO-SULFURO;3117,643982;9;ESPERANZA
20-06-2023;CF2;C20;CAT 797 F;Sulfuro Planta;STOCK_SPL_DIN;ESPERANZA;CHANCADO-SULFURO;1385,619995;4;ESPERANZA
20-06-2023;CF2;C32;CAT 797 F;Sulfuro Baja Ley;STOCK_SBL1;ESPERANZA;CHANCADO-SULFURO;1385,615967;4;ESPERANZA
20-06-2023;CF2;C32;CAT 797 F;Sulfuro de Media;STOCK_SME;ESPERANZA;CHANCADO-SULFURO;692,8079834;2;ESPERANZA
20-06-2023;CF2;C32;CAT 797 F;Sulfuro Planta;STOCK_SPL_DIN;ESPERANZA;CHANCADO-SULFURO;346,4039917;1;ESPERANZA
20-06-2023;CF2;C36;CAT 797 F;Sulfuro de Media;STOCK_SME;ESPERANZA;CHANCADO-SULFURO;1385,615967;4;ESPERANZA
20-06-2023;CF2;C38;CAT 797 F;Sulfuro de Media;STOCK_SME;ESPERANZA;CHANCADO-SULFURO;1385,613953;4;ESPERANZA
20-06-2023;CF2;C43;CAT 797 F;Sulfuro de Media;STOCK_SME;ESPERANZA;CHANCADO-SULFURO;346,4039917;1;ESPERANZA
20-06-2023;CF2;C45;CAT 797 F;Sulfuro de Media;STOCK_SME;ESPERANZA;CHANCADO-SULFURO;346,4039917;1;ESPERANZA
20-06-2023;CF203;C122;CAT 793 C;Baja Ley 1;ST-TS_18;OXIDO;CHANCADO-OXIDO;1947,927002;9;TESORO
20-06-2023;CF203;C129;CAT 793 C;Baja Ley 1;ST-TS_18;OXIDO;CHANCADO-OXIDO;3895,857117;18;TESORO
20-06-2023;CF203;C130;CAT 793 C;Baja Ley 1;ST-TS_18;OXIDO;CHANCADO-OXIDO;2597,232117;12;TESORO
20-06-2023;CF203;C132;CAT 793 C;Baja Ley 1;ST-TS_18;OXIDO;CHANCADO-OXIDO;2164,362976;10;TESORO
20-06-2023;CF203;C134;CAT 793 C;Marginal Rom;STOCK_MRO_MIR;OXIDO;ROM;440;2;TESORO
20-06-2023;CF203;C135;CAT 793 C;Marginal Rom;STOCK_MRO_MIR;OXIDO;ROM;220;1;TESORO
20-06-2023;CF203;C155;CAT 793 F;Baja Ley 1;ST-TS_18;OXIDO;CHANCADO-OXIDO;1298,617981;6;TESORO
20-06-2023;CF203;C156;CAT 793 F;Baja Ley 1;ST-TS_18;OXIDO;CHANCADO-OXIDO;216,4360046;1;TESORO
20-06-2023;CF231;C121;CAT 793 C;Marginal Alta;STM-NE-02;OXIDO;CHANCADO-OXIDO;3462,984985;16;TESORO
20-06-2023;CF231;C129;CAT 793 C;Marginal Alta;STM-NE-02;OXIDO;CHANCADO-OXIDO;3030,109039;14;TESORO
20-06-2023;CF231;C129;CAT 793 C;Marginal Alta;STM-NE-02;OXIDO;STM-NE-02;216,4360046;1;TESORO
20-06-2023;CF231;C130;CAT 793 C;Marginal Alta;STM-NE-02;OXIDO;CHANCADO-OXIDO;3679,417053;17;TESORO
20-06-2023;CF231;C130;CAT 793 C;Marginal Alta;STM-NE-02;OXIDO;STM-NE-02;216,4360046;1;TESORO
20-06-2023;CF231;C132;CAT 793 C;Marginal Alta;STM-NE-02;OXIDO;CHANCADO-OXIDO;5194,476135;24;TESORO
20-06-2023;CF231;C135;CAT 793 C;Marginal Alta;STM-NE-02;OXIDO;CHANCADO-OXIDO;865,7450256;4;TESORO
20-06-2023;CF231;C152;CAT 793 F;Marginal Alta;STM-NE-02;OXIDO;CHANCADO-OXIDO;865,7450256;4;TESORO
20-06-2023;CF231;C156;CAT 793 F;Marginal Alta;STM-NE-02;OXIDO;CHANCADO-OXIDO;432,8720093;2;TESORO
20-06-2023;CF232;C151;CAT 793 F;Lastre Sulfurado;ESP/F10/2312/1290;FASE 10;BOT_CENTRAL_SUR_INF;216,4360046;1;ESPERANZA
20-06-2023;CF232;C152;CAT 793 F;Lastre Sulfurado;ESP/F10/2312/1290;FASE 10;BOT_CENTRAL_SUR_INF;216,4360046;1;ESPERANZA
20-06-2023;CF232;C155;CAT 793 F;Lastre Sulfurado;ESP/F10/2312/1290;FASE 10;BOT_CENTRAL_SUR_INF;432,8729858;2;ESPERANZA
20-06-2023;CF232;C159;CAT 793 F;Lastre Sulfurado;ESP/F10/2312/1290;FASE 10;BOT_CENTRAL_SUR_INF;432,8729858;2;ESPERANZA
20-06-2023;CF233;C121;CAT 793 C;Baja Ley 1;ST-TS_18;OXIDO;CHANCADO-OXIDO;432,8729858;2;TESORO
20-06-2023;CF233;C122;CAT 793 C;Lastre Sulfurado;ESP/F10/2312/1290;FASE 10;BOT_CENTRAL_SUR_INF;1298,616058;6;ESPERANZA
20-06-2023;CF233;C123;CAT 793 C;Lastre Sulfurado;ESP/F10/2312/1290;FASE 10;BOT_CENTRAL_SUR_INF;1947,928986;9;ESPERANZA
20-06-2023;CF233;C125;CAT 793 C;Lastre Sulfurado;ESP/F10/2312/1290;FASE 10;BOT_CENTRAL_SUR_INF;2597,23999;12;ESPERANZA
20-06-2023;CF233;C128;CAT 793 C;Lastre Sulfurado;ESP/F10/2312/1290;FASE 10;BOT_CENTRAL_SUR_INF;216,4360046;1;ESPERANZA
20-06-2023;CF233;C130;CAT 793 C;Lastre Sulfurado;ESP/F10/2312/1290;FASE 10;BOT_CENTRAL_SUR_INF;216,4360046;1;ESPERANZA
20-06-2023;CF233;C131;CAT 793 C;Lastre Sulfurado;ESP/F10/2312/1290;FASE 10;BOT_CENTRAL_SUR_INF;2164,365967;10;ESPERANZA
20-06-2023;CF233;C132;CAT 793 C;Baja Ley 1;ST-TS_18;OXIDO;CHANCADO-OXIDO;649,3089905;3;TESORO
20-06-2023;CF233;C134;CAT 793 C;Lastre Sulfurado;ESP/F10/2312/1290;FASE 10;BOT_CENTRAL_SUR_INF;1947,925079;9;ESPERANZA
20-06-2023;CF233;C135;CAT 793 C;Lastre Sulfurado;ESP/F10/2312/1290;FASE 10;BOT_CENTRAL_SUR_INF;432,8729858;2;ESPERANZA
20-06-2023;CF233;C151;CAT 793 F;Lastre Sulfurado;ESP/F10/2312/1290;FASE 10;BOT_CENTRAL_SUR_INF;1515,054962;7;ESPERANZA
20-06-2023;CF233;C152;CAT 793 F;Lastre Sulfurado;ESP/F10/2312/1290;FASE 10;BOT_CENTRAL_SUR_INF;649,3089905;3;ESPERANZA
20-06-2023;CF233;C153;CAT 793 F;Lastre Sulfurado;ESP/F10/2312/1290;FASE 10;BOT_CENTRAL_SUR_INF;1298,616058;6;ESPERANZA
20-06-2023;CF233;C154;CAT 793 F;Lastre Sulfurado;ESP/F10/2312/1290;FASE 10;BOT_CENTRAL_SUR_INF;1082,180054;5;ESPERANZA
20-06-2023;CF233;C155;CAT 793 F;Lastre Sulfurado;ESP/F10/2312/1290;FASE 10;BOT_CENTRAL_SUR_INF;432,8729858;2;ESPERANZA
20-06-2023;CF233;C156;CAT 793 F;Baja Ley 1;ST-TS_18;OXIDO;CHANCADO-OXIDO;216,4360046;1;TESORO
20-06-2023;CF233;C156;CAT 793 F;Lastre Sulfurado;ESP/F10/2312/1290;FASE 10;BOT_CENTRAL_SUR_INF;216,4360046;1;ESPERANZA
20-06-2023;CF233;C159;CAT 793 F;Lastre Sulfurado;ESP/F10/2312/1290;FASE 10;BOT_CENTRAL_SUR_INF;1515,054016;7;ESPERANZA
20-06-2023;CF233;C160;CAT 793 F;Lastre Sulfurado;ESP/F10/2312/1290;FASE 10;BOT_CENTRAL_SUR_INF;216,4360046;1;ESPERANZA
20-06-2023;CF233;C162;CAT 793 F;Lastre Sulfurado;ESP/F10/2312/1290;FASE 10;BOT_CENTRAL_SUR_INF;432,8729858;2;ESPERANZA
20-06-2023;CF233;C163;CAT 793 F;Lastre Sulfurado;ESP/F10/2312/1290;FASE 10;BOT_CENTRAL_SUR_INF;432,8729858;2;ESPERANZA
20-06-2023;CF233;C164;CAT 793 F;Lastre Sulfurado;ESP/F10/2312/1290;FASE 10;BOT_CENTRAL_SUR_INF;432,8720093;2;ESPERANZA
20-06-2023;CF234;C128;CAT 793 C;Lastre Oxidado;DERRAMES_F07;FASE 7;BOT_CENTRAL_SUR_INF;1731,491943;8;ESPERANZA
20-06-2023;CF234;C128;CAT 793 C;Lastre Sulfurado;DERRAMES_F07;FASE 7;BOT_CENTRAL_SUR_INF;216,4360046;1;ESPERANZA
20-06-2023;CF234;C151;CAT 793 F;Lastre Oxidado;DERRAMES_F07;FASE 7;BOT_CENTRAL_SUR_INF;432,8729858;2;ESPERANZA
20-06-2023;CF234;C151;CAT 793 F;Lastre Sulfurado;DERRAMES_F07;FASE 7;BOT_CENTRAL_SUR_INF;649,309021;3;ESPERANZA
20-06-2023;CF234;C153;CAT 793 F;Lastre Oxidado;DERRAMES_F07;FASE 7;BOT_CENTRAL_SUR_INF;1298,619995;6;ESPERANZA
20-06-2023;CF234;C154;CAT 793 F;Lastre Oxidado;DERRAMES_F07;FASE 7;BOT_CENTRAL_SUR_INF;216,4360046;1;ESPERANZA
20-06-2023;CF234;C154;CAT 793 F;Lastre Sulfurado;DERRAMES_F07;FASE 7;BOT_CENTRAL_SUR_INF;649,309021;3;ESPERANZA
20-06-2023;CF234;C155;CAT 793 F;Lastre Oxidado;DERRAMES_F07;FASE 7;BOT_CENTRAL_SUR_INF;216,4360046;1;ESPERANZA
20-06-2023;CF234;C155;CAT 793 F;Lastre Sulfurado;DERRAMES_F07;FASE 7;BOT_CENTRAL_SUR_INF;649,309021;3;ESPERANZA
20-06-2023;CF234;C160;CAT 793 F;Lastre Oxidado;DERRAMES_F07;FASE 7;BOT_CENTRAL_SUR_INF;3246,54303;15;ESPERANZA
20-06-2023;CF234;C160;CAT 793 F;Lastre Sulfurado;DERRAMES_F07;FASE 7;BOT_CENTRAL_SUR_INF;216,4360046;1;ESPERANZA
20-06-2023;CF234;C162;CAT 793 F;Lastre Oxidado;DERRAMES_F07;FASE 7;BOT_CENTRAL_SUR_INF;1515,060059;7;ESPERANZA
20-06-2023;CF234;C164;CAT 793 F;Lastre Oxidado;DERRAMES_F07;FASE 7;BOT_CENTRAL_SUR_INF;1082,181976;5;ESPERANZA
20-06-2023;CF3;C123;CAT 793 C;Lastre Oxidado;ESP/F10/2328/130;FASE 10;BOT_CENTRAL_SUR_INF;432,8720093;2;ESPERANZA
20-06-2023;CF3;C128;CAT 793 C;Lastre Oxidado;ESP/F10/2296/1051;FASE 10;BOT_CENTRAL_SUR_INF;1082,180054;5;ESPERANZA
20-06-2023;CF3;C128;CAT 793 C;Lastre Oxidado;ESP/F10/2328/130;FASE 10;BOT_CENTRAL_SUR_INF;216,4360046;1;ESPERANZA
20-06-2023;CF3;C131;CAT 793 C;Lastre Oxidado;ESP/F10/2296/1051;FASE 10;BOT_CENTRAL_SUR_INF;1082,180054;5;ESPERANZA
20-06-2023;CF3;C131;CAT 793 C;Lastre Oxidado;ESP/F10/2328/130;FASE 10;BOT_CENTRAL_SUR_INF;216,4360046;1;ESPERANZA
20-06-2023;CF3;C134;CAT 793 C;Lastre Oxidado;ESP/F10/2328/130;FASE 10;BOT_CENTRAL_SUR_INF;216,4360046;1;ESPERANZA
20-06-2023;CF3;C135;CAT 793 C;Lastre Oxidado;ESP/F10/2296/1051;FASE 10;BOT_CENTRAL_SUR_INF;216,4360046;1;ESPERANZA
20-06-2023;CF3;C151;CAT 793 F;Lastre Oxidado;ESP/F10/2296/1051;FASE 10;BOT_CENTRAL_SUR_INF;216,4360046;1;ESPERANZA
20-06-2023;CF3;C160;CAT 793 F;Lastre Oxidado;ESP/F10/2328/130;FASE 10;BOT_CENTRAL_SUR_INF;216,4360046;1;ESPERANZA
20-06-2023;CF3;C163;CAT 793 F;Lastre Oxidado;ESP/F10/2328/130;FASE 10;BOT_CENTRAL_SUR_INF;432,8729858;2;ESPERANZA
20-06-2023;CF3;C164;CAT 793 F;Lastre Oxidado;ESP/F10/2328/130;FASE 10;BOT_CENTRAL_SUR_INF;432,8729858;2;ESPERANZA
20-06-2023;CF3;C164;CAT 793 F;Sulfuro Planta;STOCK_SPL_DIN;ESPERANZA;CHANCADO-SULFURO;216,9600067;1;ESPERANZA
20-06-2023;CF3;C32;CAT 797 F;Sulfuro Planta;STOCK_SPL_DIN;ESPERANZA;CHANCADO-SULFURO;1732,02002;5;ESPERANZA
20-06-2023;CF3;C36;CAT 797 F;Lastre Oxidado;ESP/F10/2328/130;FASE 10;BOT_CENTRAL_SUR_INF;346,4039917;1;ESPERANZA
20-06-2023;CF3;C47;CAT 797 F;Lastre Oxidado;ESP/F10/2328/130;FASE 10;BOT_CENTRAL_SUR_INF;346,4039917;1;ESPERANZA
20-06-2023;CF3;C56;KOM 930 E;Lastre Oxidado;ESP/F10/2328/130;FASE 10;BOT_CENTRAL_SUR_INF;291;1;ESPERANZA
20-06-2023;CF4;C980AHSESPS;Kom 980 AHS;Lastre Oxidado;ESS/F03/2200/3040;F03 ESPSUR;BOTADERO_2021;720;2;ESPERANZA_SUR
20-06-2023;CF4;C980AHSESPS;Kom 980 AHS;Lastre Oxidado;ESS/F03/2216/324;F03 ESPSUR;BOTADERO_2021;41400;115;ESPERANZA_SUR
20-06-2023;PA1;C131;CAT 793 C;Lastre Sulfurado;ESP/F07/2104/706;FASE 7;BOT_CENTRAL_SUR_INF;216,4360046;1;ESPERANZA
20-06-2023;PA1;C154;CAT 793 F;Lastre Sulfurado;ESP/F07/2104/706;FASE 7;BOT_CENTRAL_SUR_INF;216,4360046;1;ESPERANZA
20-06-2023;PA1;C162;CAT 793 F;Lastre Sulfurado;ESP/F07/2104/706;FASE 7;BOT_2380_INT;216,4360046;1;ESPERANZA
20-06-2023;PA1;C162;CAT 793 F;Lastre Sulfurado;ESP/F07/2104/706;FASE 7;BOT_CENTRAL_SUR_INF;649,3089905;3;ESPERANZA
20-06-2023;PA1;C164;CAT 793 F;Lastre Sulfurado;ESP/F07/2104/706;FASE 7;BOT_CENTRAL_SUR_INF;216,4360046;1;ESPERANZA
20-06-2023;PA1;C36;CAT 797 F;Lastre Sulfurado;ESP/F07/2104/706;FASE 7;BOT_CENTRAL_SUR_INF;1039,209961;3;ESPERANZA
20-06-2023;PA1;C49;KOM 930 E;Lastre Sulfurado;ESP/F07/2104/706;FASE 7;BOT_CENTRAL_SUR_INF;291;1;ESPERANZA
20-06-2023;PA1;C50;KOM 930 E;Lastre Sulfurado;ESP/F07/2104/706;FASE 7;BOT_2380_INT;873;3;ESPERANZA
20-06-2023;PA1;C50;KOM 930 E;Lastre Sulfurado;ESP/F07/2104/706;FASE 7;BOT_CENTRAL_SUR_INF;4074;14;ESPERANZA
20-06-2023;PA1;C50;KOM 930 E;Lastre Sulfurado;ESP/F07/2104/706;FASE 7;BOT_CENTRAL_SUR_SUP;291;1;ESPERANZA
20-06-2023;PA1;C50;KOM 930 E;Lastre Sulfurado;ESP/F07/2104/706;FASE 7;BOT_RAMPA_INFERIOR;291;1;ESPERANZA
20-06-2023;PA1;C52;KOM 930 E;Lastre Sulfurado;ESP/F07/2104/706;FASE 7;BOT_2380_INT;582;2;ESPERANZA
20-06-2023;PA1;C52;KOM 930 E;Lastre Sulfurado;ESP/F07/2104/706;FASE 7;BOT_CENTRAL_SUR_INF;5820;20;ESPERANZA
20-06-2023;PA1;C53;KOM 930 E;Lastre Sulfurado;ESP/F07/2104/706;FASE 7;BOT_2380_INT;291;1;ESPERANZA
20-06-2023;PA1;C53;KOM 930 E;Lastre Sulfurado;ESP/F07/2104/706;FASE 7;BOT_CENTRAL_SUR_INF;6402;22;ESPERANZA
20-06-2023;PA1;C53;KOM 930 E;Lastre Sulfurado;ESP/F07/2104/706;FASE 7;BOT_CENTRAL_SUR_SUP;291;1;ESPERANZA
20-06-2023;PA1;C54;KOM 930 E;Lastre Sulfurado;ESP/F07/2104/706;FASE 7;BOT_2380_INT;582;2;ESPERANZA
20-06-2023;PA1;C54;KOM 930 E;Lastre Sulfurado;ESP/F07/2104/706;FASE 7;BOT_CENTRAL_SUR_INF;6402;22;ESPERANZA
20-06-2023;PA1;C54;KOM 930 E;Lastre Sulfurado;ESP/F07/2104/706;FASE 7;BOT_RAMPA_SUPERIOR;291;1;ESPERANZA
20-06-2023;PA1;C55;KOM 930 E;Lastre Sulfurado;ESP/F07/2104/706;FASE 7;BOT_2380_INT;291;1;ESPERANZA
20-06-2023;PA1;C55;KOM 930 E;Lastre Sulfurado;ESP/F07/2104/706;FASE 7;BOT_CENTRAL_SUR_INF;6111;21;ESPERANZA
20-06-2023;PA1;C56;KOM 930 E;Lastre Sulfurado;ESP/F07/2104/706;FASE 7;BOT_CENTRAL_SUR_INF;6111;21;ESPERANZA
20-06-2023;PA1;C57;KOM 930 E;Lastre Sulfurado;ESP/F07/2104/706;FASE 7;BOT_2380_INT;1164;4;ESPERANZA
20-06-2023;PA1;C57;KOM 930 E;Lastre Sulfurado;ESP/F07/2104/706;FASE 7;BOT_CENTRAL_SUR_INF;5820;20;ESPERANZA
20-06-2023;PA1;C57;KOM 930 E;Lastre Sulfurado;ESP/F07/2104/706;FASE 7;BOT_RAMPA_SUPERIOR;291;1;ESPERANZA
20-06-2023;PA1;C58;KOM 930 E;Lastre Sulfurado;ESP/F07/2104/706;FASE 7;BOT_2380_INT;873;3;ESPERANZA
20-06-2023;PA1;C58;KOM 930 E;Lastre Sulfurado;ESP/F07/2104/706;FASE 7;BOT_CENTRAL_SUR_INF;6402;22;ESPERANZA
20-06-2023;PA1;C59;KOM 930 E;Lastre Sulfurado;ESP/F07/2104/706;FASE 7;BOT_2380_INT;873;3;ESPERANZA
20-06-2023;PA1;C59;KOM 930 E;Lastre Sulfurado;ESP/F07/2104/706;FASE 7;BOT_CENTRAL_SUR_INF;6111;21;ESPERANZA
20-06-2023;PA1;C60;KOM 930 E;Lastre Sulfurado;ESP/F07/2104/706;FASE 7;BOT_2380_INT;291;1;ESPERANZA
20-06-2023;PA1;C60;KOM 930 E;Lastre Sulfurado;ESP/F07/2104/706;FASE 7;BOT_CENTRAL_SUR_INF;6111;21;ESPERANZA
20-06-2023;PA1;C60;KOM 930 E;Lastre Sulfurado;ESP/F07/2104/706;FASE 7;BOT_RAMPA_INFERIOR;291;1;ESPERANZA
20-06-2023;PA1;C61;KOM 930 E;Lastre Sulfurado;ESP/F07/2104/706;FASE 7;BOT_CENTRAL_SUR_INF;5820;20;ESPERANZA
20-06-2023;PA10;C980AHSESPS;Kom 980 AHS;Lastre Oxidado;ESS/F03/2232/336;F03 ESPSUR;BOTADERO_2021;9360;26;ESPERANZA_SUR
20-06-2023;PA10;C980AHSESPS;Kom 980 AHS;Lastre Oxidado;ESS/F03/2232/338;F03 ESPSUR;BOTADERO_2021;10440;29;ESPERANZA_SUR
20-06-2023;PA2;C10;CAT 797 B;Sulfuro Planta;ESP/F08/1768/8070;FASE 8;CHANCADO-SULFURO;346,4039917;1;ESPERANZA
20-06-2023;PA2;C10;CAT 797 B;Sulfuro Planta;ESP/F08/1768/8070;FASE 8;STOCK_SPL_DIN;346,4039917;1;ESPERANZA
20-06-2023;PA2;C11;CAT 797 B;Sulfuro de Media;ESP/F08/1768/8070;FASE 8;CHANCADO-SULFURO;346,4039917;1;ESPERANZA
20-06-2023;PA2;C14;CAT 797 B;Sulfuro Planta;ESP/F08/1768/8070;FASE 8;CHANCADO-SULFURO;346,4039917;1;ESPERANZA
20-06-2023;PA2;C15;CAT 797 B;Sulfuro Planta;ESP/F08/1768/8070;FASE 8;CHANCADO-SULFURO;346,4039917;1;ESPERANZA
20-06-2023;PA2;C17;CAT 797 F;Sulfuro de Alta Ley;ESP/F08/1768/8070;FASE 8;CHANCADO-SULFURO;692,8079834;2;ESPERANZA
20-06-2023;PA2;C17;CAT 797 F;Sulfuro de Media;ESP/F08/1768/8070;FASE 8;CHANCADO-SULFURO;692,8079834;2;ESPERANZA
20-06-2023;PA2;C17;CAT 797 F;Sulfuro Planta;ESP/F08/1768/8070;FASE 8;CHANCADO-SULFURO;1385,615967;4;ESPERANZA
20-06-2023;PA2;C17;CAT 797 F;Sulfuro Planta;ESP/F08/1768/8070;FASE 8;STOCK_SPL_DIN;346,4039917;1;ESPERANZA
20-06-2023;PA2;C18;CAT 797 F;Sulfuro de Media;ESP/F08/1768/8070;FASE 8;CHANCADO-SULFURO;346,4039917;1;ESPERANZA
20-06-2023;PA2;C18;CAT 797 F;Sulfuro Planta;ESP/F08/1768/8070;FASE 8;CHANCADO-SULFURO;1732,019958;5;ESPERANZA
20-06-2023;PA2;C20;CAT 797 F;Sulfuro de Alta Ley;ESP/F08/1768/8070;FASE 8;CHANCADO-SULFURO;692,8079834;2;ESPERANZA
20-06-2023;PA2;C20;CAT 797 F;Sulfuro Planta;ESP/F08/1768/8070;FASE 8;CHANCADO-SULFURO;2078,427979;6;ESPERANZA
20-06-2023;PA2;C21;CAT 797 F;Sulfuro de Alta Ley;ESP/F08/1768/8070;FASE 8;CHANCADO-SULFURO;692,8079834;2;ESPERANZA
20-06-2023;PA2;C21;CAT 797 F;Sulfuro Planta;ESP/F08/1768/8070;FASE 8;CHANCADO-SULFURO;692,8079834;2;ESPERANZA
20-06-2023;PA2;C21;CAT 797 F;Sulfuro Planta;ESP/F08/1768/8070;FASE 8;STOCK_SPL_DIN;346,4039917;1;ESPERANZA
20-06-2023;PA2;C23;CAT 797 F;Sulfuro de Alta Ley;ESP/F08/1768/8070;FASE 8;CHANCADO-SULFURO;1385,619995;4;ESPERANZA
20-06-2023;PA2;C23;CAT 797 F;Sulfuro Planta;ESP/F08/1768/8070;FASE 8;CHANCADO-SULFURO;346,4039917;1;ESPERANZA
20-06-2023;PA2;C24;CAT 797 F;Sulfuro de Media;ESP/F08/1768/8070;FASE 8;CHANCADO-SULFURO;692,8079834;2;ESPERANZA
20-06-2023;PA2;C24;CAT 797 F;Sulfuro Planta;ESP/F08/1768/8070;FASE 8;CHANCADO-SULFURO;346,4039917;1;ESPERANZA
20-06-2023;PA2;C32;CAT 797 F;Sulfuro de Alta Ley;ESP/F08/1768/8070;FASE 8;CHANCADO-SULFURO;1039,209961;3;ESPERANZA
20-06-2023;PA2;C32;CAT 797 F;Sulfuro Planta;ESP/F08/1768/8070;FASE 8;CHANCADO-SULFURO;3810,43988;11;ESPERANZA
20-06-2023;PA2;C34;CAT 797 F;Sulfuro de Media;ESP/F08/1768/8070;FASE 8;CHANCADO-SULFURO;692,8079834;2;ESPERANZA
20-06-2023;PA2;C34;CAT 797 F;Sulfuro Planta;ESP/F08/1768/8070;FASE 8;CHANCADO-SULFURO;692,8079834;2;ESPERANZA
20-06-2023;PA2;C34;CAT 797 F;Sulfuro Planta;ESP/F08/1768/8070;FASE 8;STOCK_SPL_DIN;346,4039917;1;ESPERANZA
20-06-2023;PA2;C36;CAT 797 F;Sulfuro de Alta Ley;ESP/F08/1768/8070;FASE 8;CHANCADO-SULFURO;692,8079834;2;ESPERANZA
20-06-2023;PA2;C36;CAT 797 F;Sulfuro de Media;ESP/F08/1768/8070;FASE 8;CHANCADO-SULFURO;346,4039917;1;ESPERANZA
20-06-2023;PA2;C36;CAT 797 F;Sulfuro Planta;ESP/F08/1768/8070;FASE 8;CHANCADO-SULFURO;2424,828003;7;ESPERANZA
20-06-2023;PA2;C36;CAT 797 F;Sulfuro Planta;ESP/F08/1768/8070;FASE 8;STOCK_SPL_DIN;1039,211975;3;ESPERANZA
20-06-2023;PA2;C37;CAT 797 F;Sulfuro de Alta Ley;ESP/F08/1768/8070;FASE 8;CHANCADO-SULFURO;346,4039917;1;ESPERANZA
20-06-2023;PA2;C37;CAT 797 F;Sulfuro Planta;ESP/F08/1768/8070;FASE 8;CHANCADO-SULFURO;2424,83197;7;ESPERANZA
20-06-2023;PA2;C37;CAT 797 F;Sulfuro Planta;ESP/F08/1768/8070;FASE 8;STOCK_SPL_DIN;346,4039917;1;ESPERANZA
20-06-2023;PA2;C38;CAT 797 F;Sulfuro de Alta Ley;ESP/F08/1768/8070;FASE 8;CHANCADO-SULFURO;346,4039917;1;ESPERANZA
20-06-2023;PA2;C38;CAT 797 F;Sulfuro de Alta Ley;ESP/F08/1768/8070;FASE 8;STOCK_SAL_DIN;346,4039917;1;ESPERANZA
20-06-2023;PA2;C38;CAT 797 F;Sulfuro de Media;ESP/F08/1768/8070;FASE 8;CHANCADO-SULFURO;692,8079834;2;ESPERANZA
20-06-2023;PA2;C38;CAT 797 F;Sulfuro Planta;ESP/F08/1768/8070;FASE 8;CHANCADO-SULFURO;3464,035889;10;ESPERANZA
20-06-2023;PA2;C38;CAT 797 F;Sulfuro Planta;ESP/F08/1768/8070;FASE 8;STOCK_SPL_DIN;346,4039917;1;ESPERANZA
20-06-2023;PA2;C39;CAT 797 F;Sulfuro de Alta Ley;ESP/F08/1768/8070;FASE 8;CHANCADO-SULFURO;346,4039917;1;ESPERANZA
20-06-2023;PA2;C39;CAT 797 F;Sulfuro de Media;ESP/F08/1768/8070;FASE 8;STOCK_SME;346,4039917;1;ESPERANZA
20-06-2023;PA2;C39;CAT 797 F;Sulfuro Planta;ESP/F08/1768/8070;FASE 8;CHANCADO-SULFURO;2771,231995;8;ESPERANZA
20-06-2023;PA2;C40;CAT 797 F;Sulfuro Planta;ESP/F08/1768/8070;FASE 8;CHANCADO-SULFURO;346,4039917;1;ESPERANZA
20-06-2023;PA2;C41;CAT 797 F;Sulfuro de Alta Ley;ESP/F08/1768/8070;FASE 8;CHANCADO-SULFURO;692,8079834;2;ESPERANZA
20-06-2023;PA2;C41;CAT 797 F;Sulfuro de Media;ESP/F08/1768/8070;FASE 8;CHANCADO-SULFURO;346,4039917;1;ESPERANZA
20-06-2023;PA2;C41;CAT 797 F;Sulfuro Planta;ESP/F08/1768/8070;FASE 8;CHANCADO-SULFURO;2771,235962;8;ESPERANZA
20-06-2023;PA2;C43;CAT 797 F;Sulfuro de Alta Ley;ESP/F08/1768/8070;FASE 8;CHANCADO-SULFURO;1039,211975;3;ESPERANZA
20-06-2023;PA2;C43;CAT 797 F;Sulfuro de Media;ESP/F08/1768/8070;FASE 8;CHANCADO-SULFURO;346,4039917;1;ESPERANZA
20-06-2023;PA2;C43;CAT 797 F;Sulfuro Planta;ESP/F08/1768/8070;FASE 8;CHANCADO-SULFURO;3464,039978;10;ESPERANZA
20-06-2023;PA2;C43;CAT 797 F;Sulfuro Planta;ESP/F08/1768/8070;FASE 8;STOCK_SPL_DIN;692,8079834;2;ESPERANZA
20-06-2023;PA2;C44;CAT 797 F;Sulfuro de Alta Ley;ESP/F08/1768/8070;FASE 8;CHANCADO-SULFURO;1039,211975;3;ESPERANZA
20-06-2023;PA2;C44;CAT 797 F;Sulfuro de Media;ESP/F08/1768/8070;FASE 8;CHANCADO-SULFURO;692,8079834;2;ESPERANZA
20-06-2023;PA2;C44;CAT 797 F;Sulfuro Planta;ESP/F08/1768/8070;FASE 8;CHANCADO-SULFURO;3810,441956;11;ESPERANZA
20-06-2023;PA2;C45;CAT 797 F;Sulfuro de Alta Ley;ESP/F08/1768/8070;FASE 8;CHANCADO-SULFURO;1385,615967;4;ESPERANZA
20-06-2023;PA2;C45;CAT 797 F;Sulfuro de Media;ESP/F08/1768/8070;FASE 8;CHANCADO-SULFURO;346,4039917;1;ESPERANZA
20-06-2023;PA2;C45;CAT 797 F;Sulfuro Planta;ESP/F08/1768/8070;FASE 8;CHANCADO-SULFURO;2424,823914;7;ESPERANZA
20-06-2023;PA2;C45;CAT 797 F;Sulfuro Planta;ESP/F08/1768/8070;FASE 8;STOCK_SPL_DIN;692,8079834;2;ESPERANZA
20-06-2023;PA2;C46;CAT 797 F;Sulfuro de Alta Ley;ESP/F08/1768/8070;FASE 8;CHANCADO-SULFURO;346,4039917;1;ESPERANZA
20-06-2023;PA2;C46;CAT 797 F;Sulfuro de Media;ESP/F08/1768/8070;FASE 8;CHANCADO-SULFURO;346,4039917;1;ESPERANZA
20-06-2023;PA2;C46;CAT 797 F;Sulfuro Planta;ESP/F08/1768/8070;FASE 8;CHANCADO-SULFURO;4156,841858;12;ESPERANZA
20-06-2023;PA2;C47;CAT 797 F;Sulfuro de Alta Ley;ESP/F08/1768/8070;FASE 8;CHANCADO-SULFURO;346,4039917;1;ESPERANZA
20-06-2023;PA2;C47;CAT 797 F;Sulfuro de Media;ESP/F08/1768/8070;FASE 8;CHANCADO-SULFURO;346,4039917;1;ESPERANZA
20-06-2023;PA2;C47;CAT 797 F;Sulfuro Planta;ESP/F08/1768/8070;FASE 8;CHANCADO-SULFURO;3117,635986;9;ESPERANZA
20-06-2023;PA2;C48;CAT 797 F;Sulfuro de Alta Ley;ESP/F08/1768/8070;FASE 8;CHANCADO-SULFURO;346,4039917;1;ESPERANZA
20-06-2023;PA2;C56;KOM 930 E;Sulfuro de Media;ESP/F08/1768/8070;FASE 8;CHANCADO-SULFURO;291;1;ESPERANZA
20-06-2023;PA2;C56;KOM 930 E;Sulfuro Planta;ESP/F08/1768/8070;FASE 8;CHANCADO-SULFURO;582;2;ESPERANZA
20-06-2023;PA2;C59;KOM 930 E;Sulfuro de Alta Ley;ESP/F08/1768/8070;FASE 8;CHANCADO-SULFURO;291;1;ESPERANZA
20-06-2023;PA2;C60;KOM 930 E;Sulfuro de Alta Ley;ESP/F08/1768/8070;FASE 8;CHANCADO-SULFURO;291;1;ESPERANZA
20-06-2023;PA2;C60;KOM 930 E;Sulfuro Planta;ESP/F08/1768/8070;FASE 8;CHANCADO-SULFURO;291;1;ESPERANZA
20-06-2023;PA2;C61;KOM 930 E;Sulfuro de Alta Ley;ESP/F08/1768/8070;FASE 8;CHANCADO-SULFURO;291;1;ESPERANZA
20-06-2023;PA211;C09;CAT 797 B;Lastre Oxidado;ESP/F10/2296/1051;FASE 10;BOT_CENTRAL_SUR_INF;346,4039917;1;ESPERANZA
20-06-2023;PA211;C10;CAT 797 B;Lastre Oxidado;ESP/F10/2296/1051;FASE 10;BOT_RAMPA_SUPERIOR;346,4039917;1;ESPERANZA
20-06-2023;PA211;C11;CAT 797 B;Lastre Oxidado;ESP/F10/2296/1051;FASE 10;BOT_CENTRAL_SUR_INF;346,4039917;1;ESPERANZA
20-06-2023;PA211;C121;CAT 793 C;Lastre Oxidado;ESP/F10/2296/1051;FASE 10;BOT_CENTRAL_SUR_INF;432,8729858;2;ESPERANZA
20-06-2023;PA211;C121;CAT 793 C;Lastre Oxidado;ESP/F10/2296/1051;FASE 10;BOT_RAMPA_SUPERIOR;216,4360046;1;ESPERANZA
20-06-2023;PA211;C122;CAT 793 C;Lastre Oxidado;ESP/F10/2296/1051;FASE 10;BOT_CENTRAL_SUR_INF;1298,618958;6;ESPERANZA
20-06-2023;PA211;C123;CAT 793 C;Lastre Oxidado;ESP/F10/2296/1051;FASE 10;BOT_CENTRAL_SUR_INF;1947,927979;9;ESPERANZA
20-06-2023;PA211;C125;CAT 793 C;Lastre Oxidado;ESP/F10/2296/1051;FASE 10;BOT_CENTRAL_SUR_INF;2380,801971;11;ESPERANZA
20-06-2023;PA211;C128;CAT 793 C;Lastre Oxidado;ESP/F10/2296/1051;FASE 10;BOT_CENTRAL_SUR_INF;3462,988037;16;ESPERANZA
20-06-2023;PA211;C131;CAT 793 C;Lastre Oxidado;ESP/F10/2296/1051;FASE 10;BOT_CENTRAL_SUR_INF;3462,98407;16;ESPERANZA
20-06-2023;PA211;C134;CAT 793 C;Lastre Oxidado;ESP/F10/2296/1051;FASE 10;BOT_CENTRAL_SUR_INF;2380,801971;11;ESPERANZA
20-06-2023;PA211;C135;CAT 793 C;Lastre Oxidado;ESP/F10/2296/1051;FASE 10;BOT_CENTRAL_SUR_INF;1082,18103;5;ESPERANZA
20-06-2023;PA211;C151;CAT 793 F;Lastre Oxidado;ESP/F10/2296/1051;FASE 10;BOT_CENTRAL_SUR_INF;3030,105103;14;ESPERANZA
20-06-2023;PA211;C151;CAT 793 F;Lastre Oxidado;ESP/F10/2296/1051;FASE 10;BOT_RAMPA_SUPERIOR;216,4360046;1;ESPERANZA
20-06-2023;PA211;C152;CAT 793 F;Lastre Oxidado;ESP/F10/2296/1051;FASE 10;BOT_CENTRAL_SUR_INF;3246,542084;15;ESPERANZA
20-06-2023;PA211;C153;CAT 793 F;Lastre Oxidado;ESP/F10/2296/1051;FASE 10;BOT_CENTRAL_SUR_INF;3246,548126;15;ESPERANZA
20-06-2023;PA211;C154;CAT 793 F;Lastre Oxidado;ESP/F10/2296/1051;FASE 10;BOT_CENTRAL_SUR_INF;1947,927979;9;ESPERANZA
20-06-2023;PA211;C155;CAT 793 F;Lastre Oxidado;ESP/F10/2296/1051;FASE 10;BOT_CENTRAL_SUR_INF;2380,800018;11;ESPERANZA
20-06-2023;PA211;C159;CAT 793 F;Lastre Oxidado;ESP/F10/2296/1051;FASE 10;BOT_CENTRAL_SUR_INF;2380,798035;11;ESPERANZA
20-06-2023;PA211;C16;CAT 797 B;Lastre Oxidado;ESP/F10/2296/1051;FASE 10;BOT_CENTRAL_SUR_INF;346,4039917;1;ESPERANZA
20-06-2023;PA211;C160;CAT 793 F;Lastre Oxidado;ESP/F10/2296/1051;FASE 10;BOT_CENTRAL_SUR_INF;649,3089905;3;ESPERANZA
20-06-2023;PA211;C162;CAT 793 F;Lastre Oxidado;ESP/F10/2296/1051;FASE 10;BOT_CENTRAL_SUR_INF;2164,365021;10;ESPERANZA
20-06-2023;PA211;C163;CAT 793 F;Lastre Oxidado;ESP/F10/2296/1051;FASE 10;BOT_CENTRAL_SUR_INF;649,3089905;3;ESPERANZA
20-06-2023;PA211;C164;CAT 793 F;Lastre Oxidado;ESP/F10/2296/1051;FASE 10;BOT_CENTRAL_SUR_INF;2597,233093;12;ESPERANZA
20-06-2023;PA211;C17;CAT 797 F;Lastre Oxidado;ESP/F10/2296/1051;FASE 10;BOT_CENTRAL_SUR_INF;692,8079834;2;ESPERANZA
20-06-2023;PA211;C19;CAT 797 F;Lastre Oxidado;ESP/F10/2296/1051;FASE 10;BOT_CENTRAL_SUR_INF;346,4039917;1;ESPERANZA
20-06-2023;PA211;C20;CAT 797 F;Lastre Oxidado;ESP/F10/2296/1051;FASE 10;BOT_CENTRAL_SUR_INF;346,4039917;1;ESPERANZA
20-06-2023;PA211;C21;CAT 797 F;Lastre Oxidado;ESP/F10/2296/1051;FASE 10;BOT_CENTRAL_SUR_INF;1039,209961;3;ESPERANZA
20-06-2023;PA211;C23;CAT 797 F;Lastre Oxidado;ESP/F10/2296/1051;FASE 10;BOT_CENTRAL_SUR_INF;692,8079834;2;ESPERANZA
20-06-2023;PA211;C32;CAT 797 F;Lastre Oxidado;ESP/F10/2296/1051;FASE 10;BOT_CENTRAL_SUR_INF;346,4039917;1;ESPERANZA
20-06-2023;PA211;C34;CAT 797 F;Lastre Oxidado;ESP/F10/2296/1051;FASE 10;BOT_CENTRAL_SUR_INF;346,4039917;1;ESPERANZA
20-06-2023;PA211;C36;CAT 797 F;Lastre Oxidado;ESP/F10/2296/1051;FASE 10;BOT_CENTRAL_SUR_INF;346,4039917;1;ESPERANZA
20-06-2023;PA211;C40;CAT 797 F;Lastre Oxidado;ESP/F10/2296/1051;FASE 10;BOT_CENTRAL_SUR_INF;1385,619995;4;ESPERANZA
20-06-2023;PA211;C41;CAT 797 F;Lastre Oxidado;ESP/F10/2296/1051;FASE 10;BOT_CENTRAL_SUR_INF;346,4039917;1;ESPERANZA
20-06-2023;PA211;C43;CAT 797 F;Lastre Oxidado;ESP/F10/2296/1051;FASE 10;BOT_CENTRAL_SUR_INF;692,8079834;2;ESPERANZA
20-06-2023;PA211;C44;CAT 797 F;Lastre Oxidado;ESP/F10/2296/1051;FASE 10;BOT_CENTRAL_SUR_INF;1039,211975;3;ESPERANZA
20-06-2023;PA211;C45;CAT 797 F;Lastre Oxidado;ESP/F10/2296/1051;FASE 10;BOT_CENTRAL_SUR_INF;692,8079834;2;ESPERANZA
20-06-2023;PA211;C47;CAT 797 F;Lastre Oxidado;ESP/F10/2296/1051;FASE 10;BOT_CENTRAL_SUR_INF;346,4039917;1;ESPERANZA
20-06-2023;PA211;C53;KOM 930 E;Lastre Oxidado;ESP/F10/2296/1051;FASE 10;BOT_CENTRAL_SUR_INF;291;1;ESPERANZA
20-06-2023;PA211;C61;KOM 930 E;Lastre Oxidado;ESP/F10/2296/1051;FASE 10;BOT_CENTRAL_SUR_INF;291;1;ESPERANZA
20-06-2023;PA26;C08;CAT 797 B;Lastre Oxidado;ESP/F07/2104/703;FASE 7;BOT_2380_INT;346,4039917;1;ESPERANZA
20-06-2023;PA26;C09;CAT 797 B;Lastre Oxidado;ESP/F07/2104/703;FASE 7;BOT_2380_INT;346,4039917;1;ESPERANZA
20-06-2023;PA26;C09;CAT 797 B;Lastre Sulfurado;ESP/F07/2104/710;FASE 7;BOT_2380_INT;346,4039917;1;ESPERANZA
20-06-2023;PA26;C11;CAT 797 B;Lastre Oxidado;ESP/F07/2104/703;FASE 7;BOT_2380_INT;346,4039917;1;ESPERANZA
20-06-2023;PA26;C12;CAT 797 B;Lastre Oxidado;ESP/F07/2104/703;FASE 7;BOT_2380_INT;346,4039917;1;ESPERANZA
20-06-2023;PA26;C12;CAT 797 B;Lastre Sulfurado;ESP/F07/2104/710;FASE 7;BOT_2380_INT;692,8079834;2;ESPERANZA
20-06-2023;PA26;C123;CAT 793 C;Lastre Oxidado;ESP/F07/2104/703;FASE 7;BOT_2380_INT;216,4360046;1;ESPERANZA
20-06-2023;PA26;C13;CAT 797 B;Lastre Oxidado;ESP/F07/2104/703;FASE 7;BOT_2380_INT;1039,211975;3;ESPERANZA
20-06-2023;PA26;C14;CAT 797 B;Lastre Oxidado;ESP/F07/2104/703;FASE 7;BOT_2380_INT;346,4039917;1;ESPERANZA
20-06-2023;PA26;C14;CAT 797 B;Lastre Sulfurado;ESP/F07/2104/710;FASE 7;BOT_2380_INT;346,4039917;1;ESPERANZA
20-06-2023;PA26;C15;CAT 797 B;Lastre Oxidado;ESP/F07/2104/703;FASE 7;BOT_2380_INT;1039,209961;3;ESPERANZA
20-06-2023;PA26;C162;CAT 793 F;Lastre Sulfurado;ESP/F07/2104/710;FASE 7;BOT_2380_INT;216,4360046;1;ESPERANZA
20-06-2023;PA26;C18;CAT 797 F;Lastre Sulfurado;ESP/F07/2104/710;FASE 7;BOT_2380_INT;1039,209961;3;ESPERANZA
20-06-2023;PA26;C19;CAT 797 F;Lastre Oxidado;ESP/F07/2104/703;FASE 7;BOT_2380_INT;346,4039917;1;ESPERANZA
20-06-2023;PA26;C20;CAT 797 F;Lastre Sulfurado;ESP/F07/2104/710;FASE 7;BOT_2380_INT;1385,619995;4;ESPERANZA
20-06-2023;PA26;C21;CAT 797 F;Lastre Oxidado;ESP/F07/2104/703;FASE 7;BOT_INT_RB;692,8079834;2;ESPERANZA
20-06-2023;PA26;C34;CAT 797 F;Lastre Sulfurado;ESP/F07/2104/710;FASE 7;BOT_2380_INT;346,4039917;1;ESPERANZA
20-06-2023;PA26;C37;CAT 797 F;Lastre Oxidado;ESP/F07/2104/703;FASE 7;BOT_2380_INT;692,8079834;2;ESPERANZA
20-06-2023;PA26;C37;CAT 797 F;Lastre Sulfurado;ESP/F07/2104/710;FASE 7;BOT_2380_INT;346,4039917;1;ESPERANZA
20-06-2023;PA26;C39;CAT 797 F;Lastre Sulfurado;ESP/F07/2104/710;FASE 7;BOT_2380_INT;346,4039917;1;ESPERANZA
20-06-2023;PA26;C40;CAT 797 F;Lastre Oxidado;ESP/F07/2104/703;FASE 7;BOT_2380_INT;692,8079834;2;ESPERANZA
20-06-2023;PA26;C40;CAT 797 F;Lastre Oxidado;ESP/F07/2104/703;FASE 7;BOT_INT_RB;346,4039917;1;ESPERANZA
20-06-2023;PA26;C42;CAT 797 F;Lastre Sulfurado;ESP/F07/2104/710;FASE 7;BOT_2380_INT;692,8079834;2;ESPERANZA
20-06-2023;PA26;C47;CAT 797 F;Lastre Sulfurado;ESP/F07/2104/710;FASE 7;BOT_2380_INT;1039,211975;3;ESPERANZA
20-06-2023;PA26;C48;CAT 797 F;Lastre Oxidado;ESP/F07/2104/703;FASE 7;BOT_2380_INT;346,4039917;1;ESPERANZA
20-06-2023;PA26;C50;KOM 930 E;Lastre Oxidado;ESP/F07/2104/703;FASE 7;BOT_INT_RB;291;1;ESPERANZA
20-06-2023;PA26;C52;KOM 930 E;Lastre Oxidado;ESP/F07/2104/703;FASE 7;BOT_2380_INT;291;1;ESPERANZA
20-06-2023;PA26;C52;KOM 930 E;Lastre Oxidado;ESP/F07/2104/703;FASE 7;BOT_CENTRAL_SUR_INF;582;2;ESPERANZA
20-06-2023;PA26;C53;KOM 930 E;Lastre Oxidado;ESP/F07/2104/703;FASE 7;BOT_INT_RB;291;1;ESPERANZA
20-06-2023;PA26;C54;KOM 930 E;Lastre Oxidado;ESP/F07/2104/703;FASE 7;BOT_2380_INT;291;1;ESPERANZA
20-06-2023;PA26;C54;KOM 930 E;Lastre Sulfurado;ESP/F07/2104/710;FASE 7;BOT_2380_INT;291;1;ESPERANZA
20-06-2023;PA26;C55;KOM 930 E;Lastre Sulfurado;ESP/F07/2104/710;FASE 7;BOT_2380_INT;291;1;ESPERANZA
20-06-2023;PA26;C57;KOM 930 E;Lastre Sulfurado;ESP/F07/2104/710;FASE 7;BOT_2380_INT;291;1;ESPERANZA
20-06-2023;PA26;C59;KOM 930 E;Lastre Oxidado;ESP/F07/2104/703;FASE 7;BOT_2380_INT;291;1;ESPERANZA
20-06-2023;PA26;C59;KOM 930 E;Lastre Sulfurado;ESP/F07/2104/710;FASE 7;BOT_2380_INT;291;1;ESPERANZA
20-06-2023;PA26;C61;KOM 930 E;Lastre Oxidado;ESP/F07/2104/703;FASE 7;BOT_INT_RB;291;1;ESPERANZA
20-06-2023;PA3;C07;CAT 797 B;Lastre Oxidado;ESP/F07/2104/7090;FASE 7;BOT_2380_INT;1039,211975;3;ESPERANZA
20-06-2023;PA3;C07;CAT 797 B;Lastre Sulfurado;ESP/F07/2104/716;FASE 7;BOT_2380_INT;1385,619995;4;ESPERANZA
20-06-2023;PA3;C08;CAT 797 B;Lastre Oxidado;ESP/F07/2104/7090;FASE 7;BOT_2380_INT;3117,631897;9;ESPERANZA
20-06-2023;PA3;C08;CAT 797 B;Lastre Sulfurado;ESP/F07/2104/716;FASE 7;BOT_2380_INT;1732,02002;5;ESPERANZA
20-06-2023;PA3;C09;CAT 797 B;Lastre Oxidado;ESP/F07/2104/7090;FASE 7;BOT_2380_INT;4503,252014;13;ESPERANZA
20-06-2023;PA3;C09;CAT 797 B;Lastre Oxidado;ESP/F07/2104/7090;FASE 7;BOT_INT_RB;692,8079834;2;ESPERANZA
20-06-2023;PA3;C09;CAT 797 B;Lastre Sulfurado;ESP/F07/2104/716;FASE 7;BOT_2380_INT;1732,02002;5;ESPERANZA
20-06-2023;PA3;C10;CAT 797 B;Lastre Oxidado;ESP/F07/2104/7090;FASE 7;BOT_2380_INT;2771,227905;8;ESPERANZA
20-06-2023;PA3;C10;CAT 797 B;Lastre Oxidado;ESP/F07/2104/7090;FASE 7;BOT_INT_RB;346,4039917;1;ESPERANZA
20-06-2023;PA3;C10;CAT 797 B;Lastre Oxidado;ESP/F07/2104/711;FASE 7;BOT_2380_INT;346,4039917;1;ESPERANZA
20-06-2023;PA3;C10;CAT 797 B;Lastre Sulfurado;ESP/F07/2104/716;FASE 7;BOT_2380_INT;1732,02002;5;ESPERANZA
20-06-2023;PA3;C11;CAT 797 B;Lastre Oxidado;ESP/F07/2104/7090;FASE 7;BOT_2380_INT;2424,828003;7;ESPERANZA
20-06-2023;PA3;C11;CAT 797 B;Lastre Oxidado;ESP/F07/2104/7090;FASE 7;BOT_INT_RB;346,4039917;1;ESPERANZA
20-06-2023;PA3;C11;CAT 797 B;Lastre Sulfurado;ESP/F07/2104/716;FASE 7;BOT_2380_INT;692,8079834;2;ESPERANZA
20-06-2023;PA3;C12;CAT 797 B;Lastre Oxidado;ESP/F07/2104/7090;FASE 7;BOT_2380_INT;1385,613953;4;ESPERANZA
20-06-2023;PA3;C12;CAT 797 B;Lastre Oxidado;ESP/F07/2104/7090;FASE 7;BOT_INT_RB;346,4039917;1;ESPERANZA
20-06-2023;PA3;C12;CAT 797 B;Lastre Sulfurado;ESP/F07/2104/716;FASE 7;BOT_2380_INT;2078,419922;6;ESPERANZA
20-06-2023;PA3;C13;CAT 797 B;Lastre Oxidado;ESP/F07/2104/7090;FASE 7;BOT_2380_INT;2771,227905;8;ESPERANZA
20-06-2023;PA3;C13;CAT 797 B;Lastre Oxidado;ESP/F07/2104/7090;FASE 7;BOT_INT_RB;346,4039917;1;ESPERANZA
20-06-2023;PA3;C13;CAT 797 B;Lastre Sulfurado;ESP/F07/2104/716;FASE 7;BOT_2380_INT;346,4039917;1;ESPERANZA
20-06-2023;PA3;C14;CAT 797 B;Lastre Oxidado;ESP/F07/2104/7090;FASE 7;BOT_2380_INT;3117,629883;9;ESPERANZA
20-06-2023;PA3;C14;CAT 797 B;Lastre Sulfurado;ESP/F07/2104/716;FASE 7;BOT_2380_INT;692,8079834;2;ESPERANZA
20-06-2023;PA3;C15;CAT 797 B;Lastre Oxidado;ESP/F07/2104/7090;FASE 7;BOT_2380_INT;1385,613953;4;ESPERANZA
20-06-2023;PA3;C15;CAT 797 B;Lastre Sulfurado;ESP/F07/2104/716;FASE 7;BOT_2380_INT;346,4039917;1;ESPERANZA
20-06-2023;PA3;C154;CAT 793 F;Lastre Oxidado;ESP/F07/2104/7090;FASE 7;BOT_2380_INT;865,7459717;4;ESPERANZA
20-06-2023;PA3;C16;CAT 797 B;Lastre Oxidado;ESP/F07/2104/7090;FASE 7;BOT_2380_INT;692,8079834;2;ESPERANZA
20-06-2023;PA3;C16;CAT 797 B;Lastre Sulfurado;ESP/F07/2104/716;FASE 7;BOT_2380_INT;1039,209961;3;ESPERANZA
20-06-2023;PA3;C161;CAT 793 F;Lastre Oxidado;ESP/F07/2104/7090;FASE 7;BOT_2380_INT;649,309021;3;ESPERANZA
20-06-2023;PA3;C162;CAT 793 F;Lastre Oxidado;ESP/F07/2104/7090;FASE 7;BOT_2380_INT;865,7459717;4;ESPERANZA
20-06-2023;PA3;C162;CAT 793 F;Lastre Oxidado;ESP/F07/2104/7090;FASE 7;BOT_INT_RB;216,4360046;1;ESPERANZA
20-06-2023;PA3;C18;CAT 797 F;Lastre Oxidado;ESP/F07/2104/7090;FASE 7;BOT_2380_INT;2078,427979;6;ESPERANZA
20-06-2023;PA3;C18;CAT 797 F;Lastre Sulfurado;ESP/F07/2104/716;FASE 7;BOT_2380_INT;1039,209961;3;ESPERANZA
20-06-2023;PA3;C19;CAT 797 F;Lastre Oxidado;ESP/F07/2104/7090;FASE 7;BOT_2380_INT;2078,419922;6;ESPERANZA
20-06-2023;PA3;C19;CAT 797 F;Lastre Oxidado;ESP/F07/2104/7090;FASE 7;BOT_INT_RB;346,4039917;1;ESPERANZA
20-06-2023;PA3;C20;CAT 797 F;Lastre Sulfurado;ESP/F07/2104/716;FASE 7;BOT_2380_INT;346,4039917;1;ESPERANZA
20-06-2023;PA3;C21;CAT 797 F;Lastre Oxidado;ESP/F07/2104/7090;FASE 7;BOT_2380_INT;2771,227905;8;ESPERANZA
20-06-2023;PA3;C21;CAT 797 F;Lastre Oxidado;ESP/F07/2104/7090;FASE 7;BOT_INT_RB;346,4039917;1;ESPERANZA
20-06-2023;PA3;C22;CAT 797 F;Lastre Oxidado;ESP/F07/2104/7090;FASE 7;BOT_2380_INT;1732,019958;5;ESPERANZA
20-06-2023;PA3;C22;CAT 797 F;Lastre Sulfurado;ESP/F07/2104/716;FASE 7;BOT_2380_INT;2078,419922;6;ESPERANZA
20-06-2023;PA3;C23;CAT 797 F;Lastre Oxidado;ESP/F07/2104/7090;FASE 7;BOT_2380_INT;2078,421936;6;ESPERANZA
20-06-2023;PA3;C34;CAT 797 F;Lastre Oxidado;ESP/F07/2104/7090;FASE 7;BOT_2380_INT;1039,209961;3;ESPERANZA
20-06-2023;PA3;C34;CAT 797 F;Lastre Sulfurado;ESP/F07/2104/716;FASE 7;BOT_2380_INT;1385,619995;4;ESPERANZA
20-06-2023;PA3;C37;CAT 797 F;Lastre Oxidado;ESP/F07/2104/7090;FASE 7;BOT_2380_INT;1385,615967;4;ESPERANZA
20-06-2023;PA3;C37;CAT 797 F;Lastre Sulfurado;ESP/F07/2104/716;FASE 7;BOT_2380_INT;346,4039917;1;ESPERANZA
20-06-2023;PA3;C39;CAT 797 F;Lastre Sulfurado;ESP/F07/2104/716;FASE 7;BOT_2380_INT;1732,02002;5;ESPERANZA
20-06-2023;PA3;C40;CAT 797 F;Lastre Oxidado;ESP/F07/2104/7090;FASE 7;BOT_2380_INT;2771,227905;8;ESPERANZA
20-06-2023;PA3;C40;CAT 797 F;Lastre Oxidado;ESP/F07/2104/7090;FASE 7;BOT_INT_RB;692,8079834;2;ESPERANZA
20-06-2023;PA3;C41;CAT 797 F;Lastre Sulfurado;ESP/F07/2104/716;FASE 7;BOT_2380_INT;346,4039917;1;ESPERANZA
20-06-2023;PA3;C42;CAT 797 F;Lastre Oxidado;ESP/F07/2104/7090;FASE 7;BOT_2380_INT;2424,828003;7;ESPERANZA
20-06-2023;PA3;C42;CAT 797 F;Lastre Oxidado;ESP/F07/2104/7090;FASE 7;BOT_INT_RB;346,4039917;1;ESPERANZA
20-06-2023;PA3;C42;CAT 797 F;Lastre Oxidado;ESP/F07/2104/7090;FASE 7;BOT_INTEGRACION;346,4039917;1;ESPERANZA
20-06-2023;PA3;C42;CAT 797 F;Lastre Sulfurado;ESP/F07/2104/716;FASE 7;BOT_2380_INT;1039,209961;3;ESPERANZA
20-06-2023;PA3;C45;CAT 797 F;Lastre Sulfurado;ESP/F07/2104/716;FASE 7;BOT_2380_INT;692,8079834;2;ESPERANZA
20-06-2023;PA3;C47;CAT 797 F;Lastre Sulfurado;ESP/F07/2104/716;FASE 7;BOT_2380_INT;1039,209961;3;ESPERANZA
20-06-2023;PA3;C49;KOM 930 E;Lastre Oxidado;ESP/F07/2104/711;FASE 7;BOT_2380_INT;291;1;ESPERANZA
20-06-2023;PA3;C50;KOM 930 E;Lastre Oxidado;ESP/F07/2104/7090;FASE 7;BOT_2380_INT;582;2;ESPERANZA
20-06-2023;PA3;C52;KOM 930 E;Lastre Oxidado;ESP/F07/2104/7090;FASE 7;BOT_2380_INT;582;2;ESPERANZA
20-06-2023;PA3;C53;KOM 930 E;Lastre Oxidado;ESP/F07/2104/7090;FASE 7;BOT_2380_INT;873;3;ESPERANZA
20-06-2023;PA3;C53;KOM 930 E;Lastre Sulfurado;ESP/F07/2104/716;FASE 7;BOT_2380_INT;291;1;ESPERANZA
20-06-2023;PA3;C54;KOM 930 E;Lastre Oxidado;ESP/F07/2104/7090;FASE 7;BOT_2380_INT;291;1;ESPERANZA
20-06-2023;PA3;C54;KOM 930 E;Lastre Sulfurado;ESP/F07/2104/716;FASE 7;BOT_2380_INT;291;1;ESPERANZA
20-06-2023;PA3;C55;KOM 930 E;Lastre Oxidado;ESP/F07/2104/7090;FASE 7;BOT_2380_INT;582;2;ESPERANZA
20-06-2023;PA3;C55;KOM 930 E;Lastre Oxidado;ESP/F07/2104/7090;FASE 7;BOT_INT_RB;291;1;ESPERANZA
20-06-2023;PA3;C56;KOM 930 E;Lastre Oxidado;ESP/F07/2104/7090;FASE 7;BOT_2380_INT;291;1;ESPERANZA
20-06-2023;PA3;C56;KOM 930 E;Lastre Sulfurado;ESP/F07/2104/716;FASE 7;BOT_2380_INT;291;1;ESPERANZA
20-06-2023;PA3;C57;KOM 930 E;Lastre Oxidado;ESP/F07/2104/7090;FASE 7;BOT_2380_INT;873;3;ESPERANZA
20-06-2023;PA3;C57;KOM 930 E;Lastre Oxidado;ESP/F07/2104/7090;FASE 7;BOT_INT_RB;291;1;ESPERANZA
20-06-2023;PA3;C57;KOM 930 E;Lastre Oxidado;ESP/F07/2104/711;FASE 7;BOT_2380_INT;291;1;ESPERANZA
20-06-2023;PA3;C58;KOM 930 E;Lastre Oxidado;ESP/F07/2104/7090;FASE 7;BOT_INT_RB;291;1;ESPERANZA
20-06-2023;PA3;C60;KOM 930 E;Lastre Oxidado;ESP/F07/2104/7090;FASE 7;BOT_2380_INT;873;3;ESPERANZA
20-06-2023;PA3;C61;KOM 930 E;Lastre Oxidado;ESP/F07/2104/7090;FASE 7;BOT_2380_INT;291;1;ESPERANZA
20-06-2023;PA4;C07;CAT 797 B;Lastre Oxidado;ESP/F10/2328/129;FASE 10;BOT_CENTRAL_SUR_INF;3810,439941;11;ESPERANZA
20-06-2023;PA4;C10;CAT 797 B;Lastre Oxidado;ESP/F10/2328/129;FASE 10;BOT_CENTRAL_SUR_INF;1039,211975;3;ESPERANZA
20-06-2023;PA4;C122;CAT 793 C;Lastre Oxidado;ESP/F10/2328/129;FASE 10;BOT_CENTRAL_SUR_INF;649,3089905;3;ESPERANZA
20-06-2023;PA4;C123;CAT 793 C;Lastre Oxidado;ESP/F10/2328/129;FASE 10;BOT_CENTRAL_SUR_INF;1731,491943;8;ESPERANZA
20-06-2023;PA4;C125;CAT 793 C;Lastre Oxidado;ESP/F10/2328/129;FASE 10;BOT_CENTRAL_SUR_INF;3462,982025;16;ESPERANZA
20-06-2023;PA4;C125;CAT 793 C;Lastre Oxidado;ESP/F10/2328/129;FASE 10;BOT_PLATAFORMA;649,309021;3;ESPERANZA
20-06-2023;PA4;C128;CAT 793 C;Lastre Oxidado;ESP/F10/2328/129;FASE 10;BOT_CENTRAL_SUR_INF;1298,618011;6;ESPERANZA
20-06-2023;PA4;C131;CAT 793 C;Lastre Oxidado;ESP/F10/2328/129;FASE 10;BOT_CENTRAL_SUR_INF;1298,618011;6;ESPERANZA
20-06-2023;PA4;C131;CAT 793 C;Lastre Oxidado;ESP/F10/2328/129;FASE 10;BOT_PLATAFORMA;216,4360046;1;ESPERANZA
20-06-2023;PA4;C134;CAT 793 C;Lastre Oxidado;ESP/F10/2328/129;FASE 10;BOT_CENTRAL_SUR_INF;1947,926971;9;ESPERANZA
20-06-2023;PA4;C134;CAT 793 C;Lastre Oxidado;ESP/F10/2328/129;FASE 10;BOT_PLATAFORMA;649,3089905;3;ESPERANZA
20-06-2023;PA4;C135;CAT 793 C;Lastre Oxidado;ESP/F10/2328/129;FASE 10;BOT_CENTRAL_SUR_INF;2597,239075;12;ESPERANZA
20-06-2023;PA4;C135;CAT 793 C;Lastre Oxidado;ESP/F10/2328/129;FASE 10;BOT_PLATAFORMA;1947,930054;9;ESPERANZA
20-06-2023;PA4;C14;CAT 797 B;Lastre Oxidado;ESP/F10/2328/129;FASE 10;BOT_CENTRAL_SUR_INF;692,8079834;2;ESPERANZA
20-06-2023;PA4;C151;CAT 793 F;Lastre Oxidado;ESP/F10/2328/129;FASE 10;BOT_CENTRAL_SUR_INF;1298,618011;6;ESPERANZA
20-06-2023;PA4;C151;CAT 793 F;Lastre Oxidado;ESP/F10/2328/129;FASE 10;BOT_PLATAFORMA;432,8729858;2;ESPERANZA
20-06-2023;PA4;C152;CAT 793 F;Lastre Oxidado;ESP/F10/2328/129;FASE 10;BOT_CENTRAL_SUR_INF;2380,799011;11;ESPERANZA
20-06-2023;PA4;C152;CAT 793 F;Lastre Oxidado;ESP/F10/2328/129;FASE 10;BOT_PLATAFORMA;432,8729858;2;ESPERANZA
20-06-2023;PA4;C153;CAT 793 F;Lastre Oxidado;ESP/F10/2328/129;FASE 10;BOT_CENTRAL_SUR_INF;432,8729858;2;ESPERANZA
20-06-2023;PA4;C154;CAT 793 F;Lastre Oxidado;ESP/F10/2328/129;FASE 10;BOT_CENTRAL_SUR_INF;1515,05304;7;ESPERANZA
20-06-2023;PA4;C154;CAT 793 F;Lastre Oxidado;ESP/F10/2328/129;FASE 10;BOT_PLATAFORMA;1515,060059;7;ESPERANZA
20-06-2023;PA4;C155;CAT 793 F;Lastre Oxidado;ESP/F10/2328/129;FASE 10;BOT_CENTRAL_SUR_INF;1515,054993;7;ESPERANZA
20-06-2023;PA4;C156;CAT 793 F;Lastre Oxidado;ESP/F10/2328/129;FASE 10;BOT_CENTRAL_SUR_INF;649,309021;3;ESPERANZA
20-06-2023;PA4;C159;CAT 793 F;Lastre Oxidado;ESP/F10/2328/129;FASE 10;BOT_CENTRAL_SUR_INF;1947,925049;9;ESPERANZA
20-06-2023;PA4;C16;CAT 797 B;Lastre Oxidado;ESP/F10/2328/129;FASE 10;BOT_CENTRAL_SUR_INF;346,4039917;1;ESPERANZA
20-06-2023;PA4;C160;CAT 793 F;Lastre Oxidado;ESP/F10/2328/129;FASE 10;BOT_CENTRAL_SUR_INF;865,7449951;4;ESPERANZA
20-06-2023;PA4;C160;CAT 793 F;Lastre Oxidado;ESP/F10/2328/129;FASE 10;BOT-ESTE;216,4360046;1;ESPERANZA
20-06-2023;PA4;C162;CAT 793 F;Lastre Oxidado;ESP/F10/2328/129;FASE 10;BOT_CENTRAL_SUR_INF;216,4360046;1;ESPERANZA
20-06-2023;PA4;C163;CAT 793 F;Lastre Oxidado;ESP/F10/2328/129;FASE 10;BOT_CENTRAL_SUR_INF;216,4360046;1;ESPERANZA
20-06-2023;PA4;C164;CAT 793 F;Lastre Oxidado;ESP/F10/2328/129;FASE 10;BOT_CENTRAL_SUR_INF;865,7450256;4;ESPERANZA
20-06-2023;PA4;C164;CAT 793 F;Lastre Oxidado;ESP/F10/2328/129;FASE 10;BOT_PLATAFORMA;432,8729858;2;ESPERANZA
20-06-2023;PA4;C17;CAT 797 F;Lastre Oxidado;ESP/F10/2328/129;FASE 10;BOT_CENTRAL_SUR_INF;692,8079834;2;ESPERANZA
20-06-2023;PA4;C23;CAT 797 F;Lastre Oxidado;ESP/F10/2328/129;FASE 10;BOT_CENTRAL_SUR_INF;346,4039917;1;ESPERANZA
20-06-2023;PA4;C32;CAT 797 F;Lastre Oxidado;ESP/F10/2328/129;FASE 10;BOT_CENTRAL_SUR_INF;346,4039917;1;ESPERANZA
20-06-2023;PA4;C34;CAT 797 F;Lastre Oxidado;ESP/F10/2328/129;FASE 10;BOT_CENTRAL_SUR_INF;346,4039917;1;ESPERANZA
20-06-2023;PA4;C36;CAT 797 F;Lastre Oxidado;ESP/F10/2328/129;FASE 10;BOT_CENTRAL_SUR_INF;346,4039917;1;ESPERANZA
20-06-2023;PA4;C38;CAT 797 F;Lastre Oxidado;ESP/F10/2328/129;FASE 10;BOT_CENTRAL_SUR_INF;346,4039917;1;ESPERANZA
20-06-2023;PA4;C43;CAT 797 F;Lastre Oxidado;ESP/F10/2328/129;FASE 10;BOT_CENTRAL_SUR_INF;346,4039917;1;ESPERANZA
20-06-2023;PA4;C44;CAT 797 F;Lastre Oxidado;ESP/F10/2328/129;FASE 10;BOT_CENTRAL_SUR_INF;346,4039917;1;ESPERANZA
20-06-2023;PA4;C44;CAT 797 F;Lastre Oxidado;ESP/F10/2328/129;FASE 10;BOT_PLATAFORMA;346,4039917;1;ESPERANZA
20-06-2023;PA4;C45;CAT 797 F;Lastre Oxidado;ESP/F10/2328/129;FASE 10;BOT_CENTRAL_SUR_INF;346,4039917;1;ESPERANZA
20-06-2023;PA4;C47;CAT 797 F;Lastre Oxidado;ESP/F10/2328/129;FASE 10;BOT_CENTRAL_SUR_INF;346,4039917;1;ESPERANZA
20-06-2023;PA4;C52;KOM 930 E;Lastre Oxidado;ESP/F10/2328/129;FASE 10;BOT_CENTRAL_SUR_INF;291;1;ESPERANZA
20-06-2023;PA4;C56;KOM 930 E;Lastre Oxidado;ESP/F10/2328/129;FASE 10;BOT_CENTRAL_SUR_INF;291;1;ESPERANZA
20-06-2023;PA6;C07;CAT 797 B;Lastre Oxidado;ESP/F10/2296/1051;FASE 10;BOT_CENTRAL_SUR_INF;1732,02002;5;ESPERANZA
20-06-2023;PA6;C10;CAT 797 B;Lastre Oxidado;ESP/F10/2296/1051;FASE 10;BOT_CENTRAL_SUR_INF;1039,211975;3;ESPERANZA
20-06-2023;PA6;C11;CAT 797 B;Lastre Oxidado;ESP/F10/2296/1051;FASE 10;BOT_CENTRAL_SUR_INF;1039,211975;3;ESPERANZA
20-06-2023;PA6;C122;CAT 793 C;Lastre Oxidado;ESP/F10/2296/1051;FASE 10;BOT_CENTRAL_SUR_INF;1298,618011;6;ESPERANZA
20-06-2023;PA6;C123;CAT 793 C;Lastre Oxidado;ESP/F10/2296/1051;FASE 10;BOT_CENTRAL_SUR_INF;1298,618011;6;ESPERANZA
20-06-2023;PA6;C125;CAT 793 C;Lastre Oxidado;ESP/F10/2296/1051;FASE 10;BOT_CENTRAL_SUR_INF;1731,491943;8;ESPERANZA
20-06-2023;PA6;C125;CAT 793 C;Lastre Oxidado;ESP/F10/2296/1051;FASE 10;BOT_RAMPA_INFERIOR;216,4360046;1;ESPERANZA
20-06-2023;PA6;C128;CAT 793 C;Lastre Oxidado;ESP/F10/2296/1051;FASE 10;BOT_CENTRAL_SUR_INF;649,3089905;3;ESPERANZA
20-06-2023;PA6;C131;CAT 793 C;Lastre Oxidado;ESP/F10/2296/1051;FASE 10;BOT_CENTRAL_SUR_INF;1947,926025;9;ESPERANZA
20-06-2023;PA6;C134;CAT 793 C;Lastre Oxidado;ESP/F10/2296/1051;FASE 10;BOT_CENTRAL_SUR_INF;649,3080139;3;ESPERANZA
20-06-2023;PA6;C135;CAT 793 C;Lastre Oxidado;ESP/F10/2296/1051;FASE 10;BOT_CENTRAL_SUR_INF;649,3089905;3;ESPERANZA
20-06-2023;PA6;C151;CAT 793 F;Lastre Oxidado;ESP/F10/2296/1051;FASE 10;BOT_CENTRAL_SUR_INF;1731,490021;8;ESPERANZA
20-06-2023;PA6;C152;CAT 793 F;Lastre Oxidado;ESP/F10/2296/1051;FASE 10;BOT_CENTRAL_SUR_INF;1515,060059;7;ESPERANZA
20-06-2023;PA6;C153;CAT 793 F;Lastre Oxidado;ESP/F10/2296/1051;FASE 10;BOT_CENTRAL_SUR_INF;1731,496063;8;ESPERANZA
20-06-2023;PA6;C154;CAT 793 F;Lastre Oxidado;ESP/F10/2296/1051;FASE 10;BOT_CENTRAL_SUR_INF;865,7459717;4;ESPERANZA
20-06-2023;PA6;C155;CAT 793 F;Lastre Oxidado;ESP/F10/2296/1051;FASE 10;BOT_CENTRAL_SUR_INF;432,8720093;2;ESPERANZA
20-06-2023;PA6;C156;CAT 793 F;Lastre Oxidado;ESP/F10/2296/1051;FASE 10;BOT_CENTRAL_SUR_INF;649,309021;3;ESPERANZA
20-06-2023;PA6;C159;CAT 793 F;Lastre Oxidado;ESP/F10/2296/1051;FASE 10;BOT_CENTRAL_SUR_INF;2380,799011;11;ESPERANZA
20-06-2023;PA6;C160;CAT 793 F;Lastre Oxidado;ESP/F10/2296/1051;FASE 10;BOT_CENTRAL_SUR_INF;649,3080139;3;ESPERANZA
20-06-2023;PA6;C162;CAT 793 F;Lastre Oxidado;ESP/F10/2296/1051;FASE 10;BOT_CENTRAL_SUR_INF;432,8729858;2;ESPERANZA
20-06-2023;PA6;C163;CAT 793 F;Lastre Oxidado;ESP/F10/2296/1051;FASE 10;BOT_CENTRAL_SUR_INF;432,8729858;2;ESPERANZA
20-06-2023;PA6;C164;CAT 793 F;Lastre Oxidado;ESP/F10/2296/1051;FASE 10;BOT_CENTRAL_SUR_INF;1082,18103;5;ESPERANZA
20-06-2023;PA6;C20;CAT 797 F;Lastre Oxidado;ESP/F10/2296/1051;FASE 10;BOT_CENTRAL_SUR_INF;692,8079834;2;ESPERANZA
20-06-2023;PA6;C21;CAT 797 F;Lastre Oxidado;ESP/F10/2296/1051;FASE 10;BOT_CENTRAL_SUR_INF;346,4039917;1;ESPERANZA
20-06-2023;PA6;C34;CAT 797 F;Lastre Oxidado;ESP/F10/2296/1051;FASE 10;BOT_CENTRAL_SUR_INF;1039,209961;3;ESPERANZA
20-06-2023;PA6;C40;CAT 797 F;Lastre Oxidado;ESP/F10/2296/1051;FASE 10;BOT_CENTRAL_SUR_INF;346,4039917;1;ESPERANZA
20-06-2023;PA6;C41;CAT 797 F;Lastre Oxidado;ESP/F10/2296/1051;FASE 10;BOT_CENTRAL_SUR_INF;346,4039917;1;ESPERANZA
20-06-2023;PA6;C43;CAT 797 F;Lastre Oxidado;ESP/F10/2296/1051;FASE 10;BOT_CENTRAL_SUR_INF;346,4039917;1;ESPERANZA
20-06-2023;PA6;C44;CAT 797 F;Lastre Oxidado;ESP/F10/2296/1051;FASE 10;BOT_CENTRAL_SUR_INF;692,8079834;2;ESPERANZA
20-06-2023;PA6;C45;CAT 797 F;Lastre Oxidado;ESP/F10/2296/1051;FASE 10;BOT_CENTRAL_SUR_INF;2078,419922;6;ESPERANZA
20-06-2023;PA6;C47;CAT 797 F;Lastre Oxidado;ESP/F10/2296/1051;FASE 10;BOT_CENTRAL_SUR_INF;692,8079834;2;ESPERANZA
20-06-2023;PA6;C57;KOM 930 E;Lastre Oxidado;ESP/F10/2296/1051;FASE 10;BOT_CENTRAL_SUR_INF;291;1;ESPERANZA
20-06-2023;PA6;C58;KOM 930 E;Lastre Oxidado;ESP/F10/2296/1051;FASE 10;BOT_CENTRAL_SUR_INF;291;1;ESPERANZA
20-06-2023;PA6;C61;KOM 930 E;Lastre Oxidado;ESP/F10/2296/1051;FASE 10;BOT_CENTRAL_SUR_INF;291;1;ESPERANZA
20-06-2023;PA7;C07;CAT 797 B;Lastre Sulfurado;ESP/F07/2104/7071;FASE 7;BOT_2380_INT;2771,23407;8;ESPERANZA
20-06-2023;PA7;C08;CAT 797 B;Lastre Sulfurado;ESP/F07/2104/7071;FASE 7;BOT_2380_INT;3810,43988;11;ESPERANZA
20-06-2023;PA7;C08;CAT 797 B;Lastre Sulfurado;ESP/F07/2104/7071;FASE 7;BOT_INT_RB;346,4039917;1;ESPERANZA
20-06-2023;PA7;C09;CAT 797 B;Lastre Sulfurado;ESP/F07/2104/7071;FASE 7;BOT_2380_INT;2078,427979;6;ESPERANZA
20-06-2023;PA7;C09;CAT 797 B;Lastre Sulfurado;ESP/F07/2104/7071;FASE 7;BOT_CENTRAL_SUR_INF;346,4039917;1;ESPERANZA
20-06-2023;PA7;C10;CAT 797 B;Lastre Sulfurado;ESP/F07/2104/7071;FASE 7;BOT_2380_INT;2424,83197;7;ESPERANZA
20-06-2023;PA7;C10;CAT 797 B;Lastre Sulfurado;ESP/F07/2104/7071;FASE 7;BOT_INT_RB;346,4039917;1;ESPERANZA
20-06-2023;PA7;C11;CAT 797 B;Lastre Sulfurado;ESP/F07/2104/7071;FASE 7;BOT_2380_INT;2771,231995;8;ESPERANZA
20-06-2023;PA7;C12;CAT 797 B;Lastre Sulfurado;ESP/F07/2104/7071;FASE 7;BOT_2380_INT;3117,631897;9;ESPERANZA
20-06-2023;PA7;C12;CAT 797 B;Lastre Sulfurado;ESP/F07/2104/7071;FASE 7;BOT_INT_RB;346,4039917;1;ESPERANZA
20-06-2023;PA7;C13;CAT 797 B;Lastre Sulfurado;ESP/F07/2104/7071;FASE 7;BOT_2380_INT;3464,041931;10;ESPERANZA
20-06-2023;PA7;C13;CAT 797 B;Lastre Sulfurado;ESP/F07/2104/7071;FASE 7;BOT_INT_RB;346,4039917;1;ESPERANZA
20-06-2023;PA7;C131;CAT 793 C;Lastre Sulfurado;ESP/F07/2104/7071;FASE 7;BOT_2380_INT;216,4360046;1;ESPERANZA
20-06-2023;PA7;C14;CAT 797 B;Lastre Sulfurado;ESP/F07/2104/7071;FASE 7;BOT_2380_INT;2078,421936;6;ESPERANZA
20-06-2023;PA7;C15;CAT 797 B;Lastre Sulfurado;ESP/F07/2104/7071;FASE 7;BOT_2380_INT;692,8079834;2;ESPERANZA
20-06-2023;PA7;C154;CAT 793 F;Lastre Sulfurado;ESP/F07/2104/7071;FASE 7;BOT_2380_INT;649,309021;3;ESPERANZA
20-06-2023;PA7;C156;CAT 793 F;Lastre Sulfurado;ESP/F07/2104/7071;FASE 7;BOT_2380_INT;649,309021;3;ESPERANZA
20-06-2023;PA7;C16;CAT 797 B;Lastre Sulfurado;ESP/F07/2104/7071;FASE 7;BOT_2380_INT;2424,830078;7;ESPERANZA
20-06-2023;PA7;C161;CAT 793 F;Lastre Sulfurado;ESP/F07/2104/7071;FASE 7;BOT_2380_INT;865,7459717;4;ESPERANZA
20-06-2023;PA7;C161;CAT 793 F;Lastre Sulfurado;ESP/F07/2104/7071;FASE 7;BOT_INT_RB;216,4360046;1;ESPERANZA
20-06-2023;PA7;C162;CAT 793 F;Lastre Sulfurado;ESP/F07/2104/7071;FASE 7;BOT_2380_INT;649,3089905;3;ESPERANZA
20-06-2023;PA7;C164;CAT 793 F;Lastre Sulfurado;ESP/F07/2104/7071;FASE 7;BOT_2380_INT;216,4360046;1;ESPERANZA
20-06-2023;PA7;C18;CAT 797 F;Lastre Sulfurado;ESP/F07/2104/7071;FASE 7;BOT_2380_INT;3117,631897;9;ESPERANZA
20-06-2023;PA7;C18;CAT 797 F;Lastre Sulfurado;ESP/F07/2104/7071;FASE 7;BOT_INT_RB;346,4039917;1;ESPERANZA
20-06-2023;PA7;C19;CAT 797 F;Lastre Sulfurado;ESP/F07/2104/7071;FASE 7;BOT_2380_INT;1385,615967;4;ESPERANZA
20-06-2023;PA7;C20;CAT 797 F;Lastre Sulfurado;ESP/F07/2104/7071;FASE 7;BOT_2380_INT;692,8079834;2;ESPERANZA
20-06-2023;PA7;C21;CAT 797 F;Lastre Sulfurado;ESP/F07/2104/7071;FASE 7;BOT_2380_INT;2424,83197;7;ESPERANZA
20-06-2023;PA7;C22;CAT 797 F;Lastre Sulfurado;ESP/F07/2104/7071;FASE 7;BOT_2380_INT;5888,861877;17;ESPERANZA
20-06-2023;PA7;C22;CAT 797 F;Lastre Sulfurado;ESP/F07/2104/7071;FASE 7;BOT_INT_RB;692,8079834;2;ESPERANZA
20-06-2023;PA7;C23;CAT 797 F;Lastre Sulfurado;ESP/F07/2104/7071;FASE 7;BOT_2380_INT;2424,83197;7;ESPERANZA
20-06-2023;PA7;C24;CAT 797 F;Lastre Sulfurado;ESP/F07/2104/7071;FASE 7;BOT_2380_INT;346,4039917;1;ESPERANZA
20-06-2023;PA7;C32;CAT 797 F;Lastre Sulfurado;ESP/F07/2104/7071;FASE 7;BOT_2380_INT;346,4039917;1;ESPERANZA
20-06-2023;PA7;C34;CAT 797 F;Lastre Sulfurado;ESP/F07/2104/7071;FASE 7;BOT_2380_INT;1385,619995;4;ESPERANZA
20-06-2023;PA7;C37;CAT 797 F;Lastre Sulfurado;ESP/F07/2104/7071;FASE 7;BOT_2380_INT;346,4039917;1;ESPERANZA
20-06-2023;PA7;C38;CAT 797 F;Lastre Sulfurado;ESP/F07/2104/7071;FASE 7;BOT_2380_INT;346,4039917;1;ESPERANZA
20-06-2023;PA7;C39;CAT 797 F;Lastre Sulfurado;ESP/F07/2104/7071;FASE 7;BOT_2380_INT;1385,619995;4;ESPERANZA
20-06-2023;PA7;C40;CAT 797 F;Lastre Sulfurado;ESP/F07/2104/7071;FASE 7;BOT_2380_INT;1732,017944;5;ESPERANZA
20-06-2023;PA7;C41;CAT 797 F;Lastre Sulfurado;ESP/F07/2104/7071;FASE 7;BOT_2380_INT;1039,211975;3;ESPERANZA
20-06-2023;PA7;C42;CAT 797 F;Lastre Sulfurado;ESP/F07/2104/7071;FASE 7;BOT_2380_INT;4503,253845;13;ESPERANZA
20-06-2023;PA7;C47;CAT 797 F;Lastre Sulfurado;ESP/F07/2104/7071;FASE 7;BOT_2380_INT;692,8079834;2;ESPERANZA
20-06-2023;PA7;C48;CAT 797 F;Lastre Sulfurado;ESP/F07/2104/7071;FASE 7;BOT_2380_INT;346,4039917;1;ESPERANZA
20-06-2023;PA7;C50;KOM 930 E;Lastre Sulfurado;ESP/F07/2104/7071;FASE 7;BOT_2380_INT;582;2;ESPERANZA
20-06-2023;PA7;C52;KOM 930 E;Lastre Sulfurado;ESP/F07/2104/7071;FASE 7;BOT_2380_INT;2037;7;ESPERANZA
20-06-2023;PA7;C53;KOM 930 E;Lastre Sulfurado;ESP/F07/2104/7071;FASE 7;BOT_2380_INT;873;3;ESPERANZA
20-06-2023;PA7;C53;KOM 930 E;Lastre Sulfurado;ESP/F07/2104/7071;FASE 7;BOT_CENTRAL_SUR_INF;291;1;ESPERANZA
20-06-2023;PA7;C53;KOM 930 E;Lastre Sulfurado;ESP/F07/2104/7071;FASE 7;BOT_INT_RB;291;1;ESPERANZA
20-06-2023;PA7;C54;KOM 930 E;Lastre Sulfurado;ESP/F07/2104/7071;FASE 7;BOT_2380_INT;873;3;ESPERANZA
20-06-2023;PA7;C55;KOM 930 E;Lastre Sulfurado;ESP/F07/2104/7071;FASE 7;BOT_2380_INT;1164;4;ESPERANZA
20-06-2023;PA7;C55;KOM 930 E;Lastre Sulfurado;ESP/F07/2104/7071;FASE 7;BOT_CENTRAL_SUR_INF;291;1;ESPERANZA
20-06-2023;PA7;C55;KOM 930 E;Lastre Sulfurado;ESP/F07/2104/7071;FASE 7;BOT_CENTRAL_SUR_SUP;291;1;ESPERANZA
20-06-2023;PA7;C56;KOM 930 E;Lastre Sulfurado;ESP/F07/2104/7071;FASE 7;BOT_2380_INT;873;3;ESPERANZA
20-06-2023;PA7;C56;KOM 930 E;Lastre Sulfurado;ESP/F07/2104/7071;FASE 7;BOT_CENTRAL_SUR_INF;291;1;ESPERANZA
20-06-2023;PA7;C56;KOM 930 E;Lastre Sulfurado;ESP/F07/2104/7071;FASE 7;BOT_INT_RB;291;1;ESPERANZA
20-06-2023;PA7;C57;KOM 930 E;Lastre Sulfurado;ESP/F07/2104/7071;FASE 7;BOT_2380_INT;1455;5;ESPERANZA
20-06-2023;PA7;C58;KOM 930 E;Lastre Sulfurado;ESP/F07/2104/7071;FASE 7;BOT_2380_INT;873;3;ESPERANZA
20-06-2023;PA7;C59;KOM 930 E;Lastre Sulfurado;ESP/F07/2104/7071;FASE 7;BOT_2380_INT;582;2;ESPERANZA
20-06-2023;PA7;C60;KOM 930 E;Lastre Sulfurado;ESP/F07/2104/7071;FASE 7;BOT_2380_INT;1164;4;ESPERANZA
20-06-2023;PA7;C60;KOM 930 E;Lastre Sulfurado;ESP/F07/2104/7071;FASE 7;BOT_CENTRAL_SUR_INF;291;1;ESPERANZA
20-06-2023;PA7;C61;KOM 930 E;Lastre Sulfurado;ESP/F07/2104/7071;FASE 7;BOT_2380_INT;1746;6;ESPERANZA
20-06-2023;PA7;C61;KOM 930 E;Lastre Sulfurado;ESP/F07/2104/7071;FASE 7;BOT_INT_RB;582;2;ESPERANZA
20-06-2023;PAESPS;C980AHSESPS;Kom 980 AHS;Lastre Sulfurado;ESS/F03/2248/340;F03 ESPSUR;BOTADERO_2021;30600;85;ESPERANZA_SUR
20-06-2023;PATH01;C701;LIEBHERR 264 ;LASTRE (LAS);LLA/F01/2295/102;F01 LLA;BOT_TSS;1971;9;LLANO
20-06-2023;PATH01;C701;LIEBHERR 264 ;LASTRE (LAS);LLA/F01/2295/103;F01 LLA;BOT_TSS;23652;108;LLANO
20-06-2023;PATH01;C701;LIEBHERR 264 ;LASTRE (LAS);LLA/F01/2295/105;F01 LLA;BOT_TSS;438;2;LLANO
20-06-2023;PATH01;C701;LIEBHERR 264 ;LASTRE (LAS);LLA/F01/2295/106;F01 LLA;BOT_TSS;16863;77;LLANO
20-06-2023;PATH01;C701;LIEBHERR 264 ;LASTRE (LAS);LLA/F01/2295/1060;F01 LLA;BOT_TSS;22338;102;LLANO
20-06-2023;PATH01;C701;LIEBHERR 264 ;LASTRE (LAS);LLA/F01/2302.5/1080;F01 LLA;BOT_TSS;1752;8;LLANO
20-06-2023;PATH01;C701;LIEBHERR 264 ;LASTRE (LAS);LLA/F01/2302.5/1100;F01 LLA;BOT_TSS;5913;27;LLANO
20-06-2023;PATH01;C701;LIEBHERR 264 ;LASTRE (LAS);LLA/F02/2302.5/2031;F02 LLA;BOT_TSS;17958;82;LLANO
20-06-2023;PATH01;C701;LIEBHERR 264 ;LASTRE (LAS);LLA/F02/2302.5/209;F02 LLA;BOT_TSS;11826;54;LLANO
20-06-2023;PATH01;C701;LIEBHERR 264 ;LASTRE (LAS);LLA/F02/2302.5/210;F02 LLA;BOT_TSS;219;1;LLANO
20-06-2023;PATH01;C701;LIEBHERR 264 ;LASTRE (LAS);LLA/F02/2302.5/215;F02 LLA;BOT_TSS;16206;74;LLANO
20-06-2023;PATH01;C702;LIEBHERR 264 ;LASTRE (LAS);LLA/F02/2302.5/2031;F02 LLA;BOT_TSS;876;4;LLANO
20-06-2023;PATH01;C702;LIEBHERR 264 ;LASTRE (LAS);LLA/F02/2302.5/209;F02 LLA;BOT_TSS;219;1;LLANO
20-06-2023;PATH01;C702;LIEBHERR 264 ;LASTRE (LAS);LLA/F02/2302.5/215;F02 LLA;BOT_TSS;1095;5;LLANO
20-06-2023;PATH01;C793OXE;CAT 793 OXE;L21;04_2376_455;FASE 04 ENC;BOT_2440;45100;205;ENCUENTRO
20-06-2023;PATH01;C793OXE;CAT 793 OXE;OBR;MOD_E_REM;ENCUENTRO OXE;CHANCADO-ENCUENTRO;13640;62;ENCUENTRO
20-06-2023;PATH01;C793OXE;CAT 793 OXE;Oxido Baja Ley;OXE/F04/2144/416;FASE 04 ENC;CHANCADO-ENCUENTRO;11000;50;ENCUENTRO
20-06-2023;PATH01;C793OXE;CAT 793 OXE;Oxido Baja Ley;OXE/F04/2144/416;FASE 04 ENC;MOD D;5940;27;ENCUENTRO
20-06-2023;PATH01;C793OXE;CAT 793 OXE;Oxido Baja Ley;OXE/F04/2144/416;FASE 04 ENC;MOD E;6820;31;ENCUENTRO
20-06-2023;PATH01;C793OXE;CAT 793 OXE;Oxido Baja Ley;OXE/F04/2144/416;FASE 04 ENC;MOD F;1540;7;ENCUENTRO
20-06-2023;PATH01;C793OXE;CAT 793 OXE;OXIDO BAJA LEY (OXBL);OXE/F04/2144/416;FASE 04 ENC;CHANCADO-ENCUENTRO;12320;56;ENCUENTRO
20-06-2023;PATH01;C793OXE;CAT 793 OXE;OXIDO BAJA LEY (OXBL);OXE/F04/2144/416;FASE 04 ENC;MOD D;3080;14;ENCUENTRO
20-06-2023;PATH01;C793OXE;CAT 793 OXE;OXIDO BAJA LEY (OXBL);OXE/F04/2144/416;FASE 04 ENC;MOD E;4180;19;ENCUENTRO
20-06-2023;PATH01;C793OXE;CAT 793 OXE;OXIDO MARGINAL (OXMAR);OXE/F04/2144/410;FASE 04 ENC;CHANCADO-ENCUENTRO;220;1;ENCUENTRO
20-06-2023;PATH01;C793OXE;CAT 793 OXE;OXIDO MARGINAL (OXMAR);OXE/F04/2144/410;FASE 04 ENC;STOCK _MARGINAL_ESTE;15180;69;ENCUENTRO
20-06-2023;PATH01;C930OXE;KOM 930OXE;L21;04_2376_455;FASE 04 ENC;BOT_2440;32190;111;ENCUENTRO