Fecha;Carguio;Camión;Flota;Material;Origen;Zona;Destino;Tonelaje;Ciclos;Rajo
21-06-2023;CF2;C07;CAT 797 B;Lastre Sulfurado;ESP/F10/2244/103;FASE 10;BOT_CENTRAL_SUR_INF;692,8079834;2;ESPERANZA
21-06-2023;CF2;C08;CAT 797 B;Lastre Sulfurado;ESP/F10/2244/103;FASE 10;BOT_CENTRAL_SUR_INF;346,4039917;1;ESPERANZA
21-06-2023;CF2;C08;CAT 797 B;Sulfuro Planta;STOCK_SPL_DIN;ESPERANZA;CHANCADO-SULFURO;692,8079834;2;ESPERANZA
21-06-2023;CF2;C122;CAT 793 C;Lastre Sulfurado;ESP/F10/2244/103;FASE 10;BOT_CENTRAL_SUR_INF;216,4360046;1;ESPERANZA
21-06-2023;CF2;C122;CAT 793 C;Lastre Sulfurado;ESP/F10/2244/103;FASE 10;BOT-ESTE;1082,182007;5;ESPERANZA
21-06-2023;CF2;C123;CAT 793 C;Lastre Sulfurado;ESP/F10/2244/103;FASE 10;BOT_CENTRAL_SUR_INF;432,8720093;2;ESPERANZA
21-06-2023;CF2;C123;CAT 793 C;Lastre Sulfurado;ESP/F10/2244/103;FASE 10;BOT-ESTE;216,4360046;1;ESPERANZA
21-06-2023;CF2;C128;CAT 793 C;Lastre Sulfurado;ESP/F10/2244/103;FASE 10;BOT_CENTRAL_SUR_INF;1298,618958;6;ESPERANZA
21-06-2023;CF2;C135;CAT 793 C;Lastre Sulfurado;ESP/F10/2244/103;FASE 10;BOT_CENTRAL_SUR_INF;432,8729858;2;ESPERANZA
21-06-2023;CF2;C135;CAT 793 C;Lastre Sulfurado;ESP/F10/2244/103;FASE 10;BOT-ESTE;216,4360046;1;ESPERANZA
21-06-2023;CF2;C15;CAT 797 B;Lastre Sulfurado;ESP/F10/2244/103;FASE 10;BOT-ESTE;346,4039917;1;ESPERANZA
21-06-2023;CF2;C15;CAT 797 B;Sulfuro Planta;STOCK_SPL_DIN;ESPERANZA;CHANCADO-SULFURO;2424,825928;7;ESPERANZA
21-06-2023;CF2;C152;CAT 793 F;Lastre Sulfurado;ESP/F10/2244/103;FASE 10;BOT_CENTRAL_SUR_INF;216,4360046;1;ESPERANZA
21-06-2023;CF2;C152;CAT 793 F;Lastre Sulfurado;ESP/F10/2244/103;FASE 10;BOT-ESTE;649,3089905;3;ESPERANZA
21-06-2023;CF2;C153;CAT 793 F;Lastre Sulfurado;ESP/F10/2244/103;FASE 10;BOT_CENTRAL_SUR_INF;216,4360046;1;ESPERANZA
21-06-2023;CF2;C155;CAT 793 F;Lastre Sulfurado;ESP/F10/2244/103;FASE 10;BOT_CENTRAL_SUR_INF;216,4360046;1;ESPERANZA
21-06-2023;CF2;C159;CAT 793 F;Lastre Sulfurado;ESP/F10/2244/103;FASE 10;BOT_CENTRAL_SUR_INF;432,8729858;2;ESPERANZA
21-06-2023;CF2;C16;CAT 797 B;Sulfuro Planta;STOCK_SPL_DIN;ESPERANZA;CHANCADO-SULFURO;346,4039917;1;ESPERANZA
21-06-2023;CF2;C163;CAT 793 F;Lastre Sulfurado;ESP/F10/2244/103;FASE 10;BOT_CENTRAL_SUR_INF;216,4360046;1;ESPERANZA
21-06-2023;CF2;C164;CAT 793 F;Lastre Sulfurado;ESP/F10/2244/103;FASE 10;BOT_CENTRAL_SUR_INF;1515,056;7;ESPERANZA
21-06-2023;CF2;C164;CAT 793 F;Sulfuro Planta;STOCK_SPL_DIN;ESPERANZA;CHANCADO-SULFURO;1735,68396;8;ESPERANZA
21-06-2023;CF2;C164;CAT 793 F;Sulfuro Planta;STOCK_SPL_DIN;ESPERANZA;STOCK_SPL_DIN;216,9600067;1;ESPERANZA
21-06-2023;CF2;C18;CAT 797 F;Lastre Sulfurado;ESP/F10/2244/103;FASE 10;BOT_CENTRAL_SUR_INF;346,4039917;1;ESPERANZA
21-06-2023;CF2;C18;CAT 797 F;Lastre Sulfurado;ESP/F10/2244/103;FASE 10;BOT-ESTE;1385,619995;4;ESPERANZA
21-06-2023;CF2;C18;CAT 797 F;Sulfuro Planta;STOCK_SPL_DIN;ESPERANZA;CHANCADO-SULFURO;346,4039917;1;ESPERANZA
21-06-2023;CF2;C20;CAT 797 F;Lastre Sulfurado;ESP/F10/2244/103;FASE 10;BOT_CENTRAL_SUR_INF;346,4039917;1;ESPERANZA
21-06-2023;CF2;C20;CAT 797 F;Sulfuro Planta;STOCK_SPL_DIN;ESPERANZA;CHANCADO-SULFURO;1385,619995;4;ESPERANZA
21-06-2023;CF2;C21;CAT 797 F;Sulfuro Planta;STOCK_SPL_DIN;ESPERANZA;CHANCADO-SULFURO;692,8079834;2;ESPERANZA
21-06-2023;CF2;C23;CAT 797 F;Lastre Sulfurado;ESP/F10/2244/103;FASE 10;BOT-ESTE;1732,023987;5;ESPERANZA
21-06-2023;CF2;C24;CAT 797 F;Lastre Sulfurado;ESP/F10/2244/103;FASE 10;BOT-ESTE;346,4039917;1;ESPERANZA
21-06-2023;CF2;C32;CAT 797 F;Sulfuro Planta;STOCK_SPL_DIN;ESPERANZA;CHANCADO-SULFURO;692,8079834;2;ESPERANZA
21-06-2023;CF2;C39;CAT 797 F;Lastre Sulfurado;ESP/F10/2244/103;FASE 10;BOT-ESTE;346,4039917;1;ESPERANZA
21-06-2023;CF2;C41;CAT 797 F;Lastre Sulfurado;ESP/F10/2244/103;FASE 10;BOT-ESTE;346,4039917;1;ESPERANZA
21-06-2023;CF2;C42;CAT 797 F;Lastre Sulfurado;ESP/F10/2244/103;FASE 10;BOT-ESTE;692,8079834;2;ESPERANZA
21-06-2023;CF2;C43;CAT 797 F;Sulfuro Planta;STOCK_SPL_DIN;ESPERANZA;CHANCADO-SULFURO;2078,419922;6;ESPERANZA
21-06-2023;CF2;C46;CAT 797 F;Lastre Sulfurado;ESP/F10/2244/103;FASE 10;BOT-ESTE;1039,209961;3;ESPERANZA
21-06-2023;CF2;C47;CAT 797 F;Lastre Sulfurado;ESP/F10/2244/103;FASE 10;BOT-ESTE;346,4039917;1;ESPERANZA
21-06-2023;CF2;C50;KOM 930 E;Sulfuro Planta;STOCK_SPL_DIN;ESPERANZA;CHANCADO-SULFURO;291;1;ESPERANZA
21-06-2023;CF2;C56;KOM 930 E;Lastre Sulfurado;ESP/F10/2244/103;FASE 10;BOT-ESTE;291;1;ESPERANZA
21-06-2023;CF2;C61;KOM 930 E;Sulfuro Planta;STOCK_SPL_DIN;ESPERANZA;CHANCADO-SULFURO;291;1;ESPERANZA
21-06-2023;CF203;C129;CAT 793 C;Baja Ley 1;ST-TS_18;OXIDO;CHANCADO-OXIDO;216,4360046;1;TESORO
21-06-2023;CF203;C130;CAT 793 C;Baja Ley 1;ST-TS_18;OXIDO;CHANCADO-OXIDO;432,8729858;2;TESORO
21-06-2023;CF203;C132;CAT 793 C;Baja Ley 1;ST-TS_18;OXIDO;CHANCADO-OXIDO;432,8720093;2;TESORO
21-06-2023;CF203;C160;CAT 793 F;Baja Ley 1;ST-TS_18;OXIDO;CHANCADO-OXIDO;216,4360046;1;TESORO
21-06-2023;CF231;C121;CAT 793 C;Marginal Alta;STM-NE-02;OXIDO;CHANCADO-OXIDO;432,8720093;2;TESORO
21-06-2023;CF231;C123;CAT 793 C;Baja Ley 1;ST-TS_18;OXIDO;CHANCADO-OXIDO;649,309021;3;TESORO
21-06-2023;CF231;C130;CAT 793 C;Baja Ley 1;ST-TS_18;OXIDO;CHANCADO-OXIDO;3462,985107;16;TESORO
21-06-2023;CF231;C130;CAT 793 C;Baja Ley 1;ST-TS_18;OXIDO;ST-TS_18;216,4360046;1;TESORO
21-06-2023;CF231;C132;CAT 793 C;Baja Ley 1;ST-TS_18;OXIDO;CHANCADO-OXIDO;3030,108002;14;TESORO
21-06-2023;CF231;C132;CAT 793 C;Marginal Alta;STM-NE-02;OXIDO;CHANCADO-OXIDO;216,4360046;1;TESORO
21-06-2023;CF231;C160;CAT 793 F;Baja Ley 1;ST-TS_18;OXIDO;CHANCADO-OXIDO;2164,362;10;TESORO
21-06-2023;CF231;C160;CAT 793 F;Baja Ley 1;ST-TS_18;OXIDO;ST-TS_18;216,4360046;1;TESORO
21-06-2023;CF232;C121;CAT 793 C;Marginal;STM-02;OXIDO;CHANCADO-OXIDO;5194,475128;24;TESORO
21-06-2023;CF232;C121;CAT 793 C;Marginal;STM-02;OXIDO;STM-02;216,4360046;1;TESORO
21-06-2023;CF232;C122;CAT 793 C;Marginal;STM-02;OXIDO;CHANCADO-OXIDO;865,7449951;4;TESORO
21-06-2023;CF232;C129;CAT 793 C;Marginal;STM-02;OXIDO;CHANCADO-OXIDO;2597,238007;12;TESORO
21-06-2023;CF232;C130;CAT 793 C;Marginal;STM-02;OXIDO;CHANCADO-OXIDO;649,309021;3;TESORO
21-06-2023;CF232;C132;CAT 793 C;Marginal;STM-02;OXIDO;CHANCADO-OXIDO;649,3089905;3;TESORO
21-06-2023;CF232;C155;CAT 793 F;Marginal;STM-02;OXIDO;CHANCADO-OXIDO;1515,056;7;TESORO
21-06-2023;CF232;C155;CAT 793 F;Marginal;STM-02;OXIDO;STM-02;216,4360046;1;TESORO
21-06-2023;CF233;C122;CAT 793 C;Lastre Sulfurado;ESP/F10/2312/1290;FASE 10;BOT_CENTRAL_SUR_INF;216,4360046;1;ESPERANZA
21-06-2023;CF233;C122;CAT 793 C;Lastre Sulfurado;ESP/F10/2312/1290;FASE 10;BOT_MIJO;649,3089905;3;ESPERANZA
21-06-2023;CF233;C122;CAT 793 C;Lastre Sulfurado;ESP/F10/2312/1290;FASE 10;BOT-ESTE;865,7450256;4;ESPERANZA
21-06-2023;CF233;C123;CAT 793 C;Lastre Sulfurado;ESP/F10/2312/1290;FASE 10;BOT_CENTRAL_SUR_INF;216,4360046;1;ESPERANZA
21-06-2023;CF233;C125;CAT 793 C;Lastre Sulfurado;ESP/F10/2312/1290;FASE 10;BOT_CENTRAL_SUR_INF;1082,18103;5;ESPERANZA
21-06-2023;CF233;C125;CAT 793 C;Lastre Sulfurado;ESP/F10/2312/1290;FASE 10;BOT_MIJO;649,309021;3;ESPERANZA
21-06-2023;CF233;C125;CAT 793 C;Lastre Sulfurado;ESP/F10/2312/1290;FASE 10;BOT-ESTE;1515,060059;7;ESPERANZA
21-06-2023;CF233;C128;CAT 793 C;Lastre Sulfurado;ESP/F10/2312/1290;FASE 10;BOT_CENTRAL_SUR_INF;432,8720093;2;ESPERANZA
21-06-2023;CF233;C128;CAT 793 C;Lastre Sulfurado;ESP/F10/2312/1290;FASE 10;BOT_MIJO;216,4360046;1;ESPERANZA
21-06-2023;CF233;C128;CAT 793 C;Lastre Sulfurado;ESP/F10/2312/1290;FASE 10;BOT-ESTE;1731,496063;8;ESPERANZA
21-06-2023;CF233;C131;CAT 793 C;Lastre Sulfurado;ESP/F10/2312/1290;FASE 10;BOT_CENTRAL_SUR_INF;432,8729858;2;ESPERANZA
21-06-2023;CF233;C132;CAT 793 C;Lastre Sulfurado;ESP/F10/2312/1290;FASE 10;BOT-ESTE;649,309021;3;ESPERANZA
21-06-2023;CF233;C135;CAT 793 C;Lastre Sulfurado;ESP/F10/2312/1290;FASE 10;BOT_CENTRAL_SUR_INF;432,8729858;2;ESPERANZA
21-06-2023;CF233;C135;CAT 793 C;Lastre Sulfurado;ESP/F10/2312/1290;FASE 10;BOT_MIJO;649,3089905;3;ESPERANZA
21-06-2023;CF233;C135;CAT 793 C;Lastre Sulfurado;ESP/F10/2312/1290;FASE 10;BOT-ESTE;432,8729858;2;ESPERANZA
21-06-2023;CF233;C152;CAT 793 F;Lastre Sulfurado;ESP/F10/2312/1290;FASE 10;BOT_CENTRAL_SUR_INF;649,3089905;3;ESPERANZA
21-06-2023;CF233;C152;CAT 793 F;Lastre Sulfurado;ESP/F10/2312/1290;FASE 10;BOT_MIJO;216,4360046;1;ESPERANZA
21-06-2023;CF233;C152;CAT 793 F;Lastre Sulfurado;ESP/F10/2312/1290;FASE 10;BOT-ESTE;1298,616058;6;ESPERANZA
21-06-2023;CF233;C153;CAT 793 F;Lastre Sulfurado;ESP/F10/2312/1290;FASE 10;BOT_CENTRAL_SUR_INF;865,7449951;4;ESPERANZA
21-06-2023;CF233;C153;CAT 793 F;Lastre Sulfurado;ESP/F10/2312/1290;FASE 10;BOT-ESTE;432,8729858;2;ESPERANZA
21-06-2023;CF233;C154;CAT 793 F;Lastre Sulfurado;ESP/F10/2312/1290;FASE 10;BOT_CENTRAL_SUR_INF;649,309021;3;ESPERANZA
21-06-2023;CF233;C154;CAT 793 F;Lastre Sulfurado;ESP/F10/2312/1290;FASE 10;BOT_MIJO;216,4360046;1;ESPERANZA
21-06-2023;CF233;C154;CAT 793 F;Lastre Sulfurado;ESP/F10/2312/1290;FASE 10;BOT-ESTE;216,4360046;1;ESPERANZA
21-06-2023;CF233;C155;CAT 793 F;Lastre Sulfurado;ESP/F10/2312/1290;FASE 10;BOT_CENTRAL_SUR_INF;649,3089905;3;ESPERANZA
21-06-2023;CF233;C156;CAT 793 F;Lastre Sulfurado;ESP/F10/2312/1290;FASE 10;BOT_CENTRAL_SUR_INF;865,7450256;4;ESPERANZA
21-06-2023;CF233;C156;CAT 793 F;Lastre Sulfurado;ESP/F10/2312/1290;FASE 10;BOT-ESTE;432,8729858;2;ESPERANZA
21-06-2023;CF233;C159;CAT 793 F;Lastre Sulfurado;ESP/F10/2312/1290;FASE 10;BOT_CENTRAL_SUR_INF;432,8720093;2;ESPERANZA
21-06-2023;CF233;C160;CAT 793 F;Lastre Sulfurado;ESP/F10/2312/1290;FASE 10;BOT_CENTRAL_SUR_INF;432,8729858;2;ESPERANZA
21-06-2023;CF233;C162;CAT 793 F;Lastre Sulfurado;ESP/F10/2312/1290;FASE 10;BOT_CENTRAL_SUR_INF;649,3089905;3;ESPERANZA
21-06-2023;CF233;C162;CAT 793 F;Lastre Sulfurado;ESP/F10/2312/1290;FASE 10;BOT-ESTE;649,3089905;3;ESPERANZA
21-06-2023;CF233;C163;CAT 793 F;Lastre Sulfurado;ESP/F10/2312/1290;FASE 10;BOT_CENTRAL_SUR_INF;216,4360046;1;ESPERANZA
21-06-2023;CF233;C163;CAT 793 F;Lastre Sulfurado;ESP/F10/2312/1290;FASE 10;BOT-ESTE;649,309021;3;ESPERANZA
21-06-2023;CF233;C164;CAT 793 F;Lastre Sulfurado;ESP/F10/2312/1290;FASE 10;BOT_CENTRAL_SUR_INF;649,3089905;3;ESPERANZA
21-06-2023;CF234;C122;CAT 793 C;Lastre Sulfurado;DERRAMES_F07;FASE 7;BOT_CENTRAL_SUR_INF;216,4360046;1;ESPERANZA
21-06-2023;CF234;C125;CAT 793 C;Lastre Sulfurado;DERRAMES_F07;FASE 7;BOT_CENTRAL_SUR_INF;649,3089905;3;ESPERANZA
21-06-2023;CF234;C128;CAT 793 C;Lastre Sulfurado;DERRAMES_F07;FASE 7;BOT_CENTRAL_SUR_INF;216,4360046;1;ESPERANZA
21-06-2023;CF234;C129;CAT 793 C;Lastre Sulfurado;DERRAMES_F07;FASE 7;BOT_CENTRAL_SUR_INF;1082,180054;5;ESPERANZA
21-06-2023;CF234;C151;CAT 793 F;Lastre Sulfurado;DERRAMES_F07;FASE 7;BOT_CENTRAL_SUR_INF;1298,619995;6;ESPERANZA
21-06-2023;CF234;C151;CAT 793 F;Lastre Sulfurado;DERRAMES_F07;FASE 7;BOT_MIJO;216,4360046;1;ESPERANZA
21-06-2023;CF234;C153;CAT 793 F;Lastre Sulfurado;DERRAMES_F07;FASE 7;BOT_CENTRAL_SUR_INF;432,8729858;2;ESPERANZA
21-06-2023;CF234;C154;CAT 793 F;Lastre Sulfurado;DERRAMES_F07;FASE 7;BOT_CENTRAL_SUR_INF;2380,800049;11;ESPERANZA
21-06-2023;CF234;C156;CAT 793 F;Lastre Sulfurado;DERRAMES_F07;FASE 7;BOT_CENTRAL_SUR_INF;865,7459717;4;ESPERANZA
21-06-2023;CF234;C159;CAT 793 F;Lastre Sulfurado;DERRAMES_F07;FASE 7;BOT_CENTRAL_SUR_INF;649,3080139;3;ESPERANZA
21-06-2023;CF234;C162;CAT 793 F;Lastre Sulfurado;DERRAMES_F07;FASE 7;BOT_CENTRAL_SUR_INF;1515,056;7;ESPERANZA
21-06-2023;CF234;C163;CAT 793 F;Lastre Sulfurado;DERRAMES_F07;FASE 7;BOT_CENTRAL_SUR_INF;432,8720093;2;ESPERANZA
21-06-2023;CF234;C163;CAT 793 F;Lastre Sulfurado;DERRAMES_F07;FASE 7;BOT_MIJO;216,4360046;1;ESPERANZA
21-06-2023;CF4;C980AHSESPS;Kom 980 AHS;Lastre Oxidado;ESS/F03/2200/304;F03 ESPSUR;BOTADERO_2021;720;2;ESPERANZA_SUR
21-06-2023;CF4;C980AHSESPS;Kom 980 AHS;Lastre Oxidado;ESS/F03/2216/324;F03 ESPSUR;BOTADERO_2021;28080;78;ESPERANZA_SUR
21-06-2023;PA1;C128;CAT 793 C;Lastre Oxidado;ESP/F07/2104/707;FASE 7;BOT_2380_INT;216,4360046;1;ESPERANZA
21-06-2023;PA1;C128;CAT 793 C;Lastre Oxidado;ESP/F07/2104/707;FASE 7;BOT_MIJO;865,7459717;4;ESPERANZA
21-06-2023;PA1;C129;CAT 793 C;Lastre Oxidado;ESP/F07/2104/707;FASE 7;BOT_2380_INT;1082,180054;5;ESPERANZA
21-06-2023;PA1;C129;CAT 793 C;Lastre Oxidado;ESP/F07/2104/707;FASE 7;BOT_MIJO;432,8729858;2;ESPERANZA
21-06-2023;PA1;C132;CAT 793 C;Lastre Oxidado;ESP/F07/2104/707;FASE 7;BOT_2380_INT;1082,182007;5;ESPERANZA
21-06-2023;PA1;C132;CAT 793 C;Lastre Oxidado;ESP/F07/2104/707;FASE 7;BOT_MIJO;216,4360046;1;ESPERANZA
21-06-2023;PA1;C135;CAT 793 C;Lastre Oxidado;ESP/F07/2104/707;FASE 7;BOT_2380_INT;216,4360046;1;ESPERANZA
21-06-2023;PA1;C135;CAT 793 C;Lastre Oxidado;ESP/F07/2104/707;FASE 7;BOT_MIJO;432,8729858;2;ESPERANZA
21-06-2023;PA1;C151;CAT 793 F;Lastre Oxidado;ESP/F07/2104/707;FASE 7;BOT_2380_INT;1731,496063;8;ESPERANZA
21-06-2023;PA1;C151;CAT 793 F;Lastre Oxidado;ESP/F07/2104/707;FASE 7;BOT_MIJO;649,309021;3;ESPERANZA
21-06-2023;PA1;C152;CAT 793 F;Lastre Oxidado;ESP/F07/2104/707;FASE 7;BOT_CENTRAL_SUR_INF;432,8729858;2;ESPERANZA
21-06-2023;PA1;C153;CAT 793 F;Lastre Oxidado;ESP/F07/2104/707;FASE 7;BOT_2380_INT;1731,492981;8;ESPERANZA
21-06-2023;PA1;C153;CAT 793 F;Lastre Oxidado;ESP/F07/2104/707;FASE 7;BOT_MIJO;649,309021;3;ESPERANZA
21-06-2023;PA1;C154;CAT 793 F;Lastre Oxidado;ESP/F07/2104/707;FASE 7;BOT_CENTRAL_SUR_INF;432,8729858;2;ESPERANZA
21-06-2023;PA1;C156;CAT 793 F;Lastre Oxidado;ESP/F07/2104/707;FASE 7;BOT_2380_INT;216,4360046;1;ESPERANZA
21-06-2023;PA1;C156;CAT 793 F;Lastre Oxidado;ESP/F07/2104/707;FASE 7;BOT_CENTRAL_SUR_INF;649,309021;3;ESPERANZA
21-06-2023;PA1;C159;CAT 793 F;Lastre Oxidado;ESP/F07/2104/707;FASE 7;BOT_2380_INT;216,4360046;1;ESPERANZA
21-06-2023;PA1;C161;CAT 793 F;Lastre Oxidado;ESP/F07/2104/707;FASE 7;BOT_2380_INT;2164,360107;10;ESPERANZA
21-06-2023;PA1;C161;CAT 793 F;Lastre Oxidado;ESP/F07/2104/707;FASE 7;BOT_MIJO;649,309021;3;ESPERANZA
21-06-2023;PA1;C162;CAT 793 F;Lastre Oxidado;ESP/F07/2104/707;FASE 7;BOT_2380_INT;432,8720093;2;ESPERANZA
21-06-2023;PA1;C162;CAT 793 F;Lastre Oxidado;ESP/F07/2104/707;FASE 7;BOT_CENTRAL_SUR_INF;432,8729858;2;ESPERANZA
21-06-2023;PA1;C163;CAT 793 F;Lastre Oxidado;ESP/F07/2104/707;FASE 7;BOT_2380_INT;432,8729858;2;ESPERANZA
21-06-2023;PA1;C163;CAT 793 F;Lastre Oxidado;ESP/F07/2104/707;FASE 7;BOT_CENTRAL_SUR_INF;865,7459717;4;ESPERANZA
21-06-2023;PA1;C163;CAT 793 F;Lastre Oxidado;ESP/F07/2104/707;FASE 7;BOT_MIJO;432,8729858;2;ESPERANZA
21-06-2023;PA1;C164;CAT 793 F;Lastre Oxidado;ESP/F07/2104/707;FASE 7;BOT_2380_INT;1082,182007;5;ESPERANZA
21-06-2023;PA1;C164;CAT 793 F;Lastre Oxidado;ESP/F07/2104/707;FASE 7;BOT_CENTRAL_SUR_INF;216,4360046;1;ESPERANZA
21-06-2023;PA1;C164;CAT 793 F;Lastre Oxidado;ESP/F07/2104/707;FASE 7;BOT_MIJO;216,4360046;1;ESPERANZA
21-06-2023;PA1;C49;KOM 930 E;Lastre Oxidado;ESP/F07/2104/707;FASE 7;BOT_CENTRAL_SUR_INF;291;1;ESPERANZA
21-06-2023;PA1;C49;KOM 930 E;Lastre Sulfurado;ESP/F07/2104/706;FASE 7;BOT_CENTRAL_SUR_INF;291;1;ESPERANZA
21-06-2023;PA1;C50;KOM 930 E;Lastre Oxidado;ESP/F07/2104/707;FASE 7;BOT_2380_INT;291;1;ESPERANZA
21-06-2023;PA1;C50;KOM 930 E;Lastre Oxidado;ESP/F07/2104/707;FASE 7;BOT_CENTRAL_SUR_INF;582;2;ESPERANZA
21-06-2023;PA1;C50;KOM 930 E;Lastre Oxidado;ESP/F07/2104/707;FASE 7;BOT_MIJO;291;1;ESPERANZA
21-06-2023;PA1;C50;KOM 930 E;Lastre Sulfurado;ESP/F07/2104/706;FASE 7;BOT_CENTRAL_SUR_INF;873;3;ESPERANZA
21-06-2023;PA1;C50;KOM 930 E;Lastre Sulfurado;ESP/F07/2104/707;FASE 7;BOT_CENTRAL_SUR_INF;291;1;ESPERANZA
21-06-2023;PA1;C52;KOM 930 E;Lastre Oxidado;ESP/F07/2104/707;FASE 7;BOT_CENTRAL_SUR_INF;1164;4;ESPERANZA
21-06-2023;PA1;C53;KOM 930 E;Lastre Oxidado;ESP/F07/2104/707;FASE 7;BOT_2380_INT;291;1;ESPERANZA
21-06-2023;PA1;C53;KOM 930 E;Lastre Oxidado;ESP/F07/2104/707;FASE 7;BOT_CENTRAL_SUR_INF;1746;6;ESPERANZA
21-06-2023;PA1;C53;KOM 930 E;Lastre Oxidado;ESP/F07/2104/707;FASE 7;BOT_MIJO;291;1;ESPERANZA
21-06-2023;PA1;C53;KOM 930 E;Lastre Sulfurado;ESP/F07/2104/706;FASE 7;BOT_CENTRAL_SUR_INF;1164;4;ESPERANZA
21-06-2023;PA1;C54;KOM 930 E;Lastre Oxidado;ESP/F07/2104/707;FASE 7;BOT_CENTRAL_SUR_INF;1164;4;ESPERANZA
21-06-2023;PA1;C54;KOM 930 E;Lastre Oxidado;ESP/F07/2104/707;FASE 7;BOT_MIJO;291;1;ESPERANZA
21-06-2023;PA1;C54;KOM 930 E;Lastre Oxidado;ESP/F07/2104/707;FASE 7;BOT_RAMPA_INFERIOR;291;1;ESPERANZA
21-06-2023;PA1;C54;KOM 930 E;Lastre Sulfurado;ESP/F07/2104/706;FASE 7;BOT_CENTRAL_SUR_INF;582;2;ESPERANZA
21-06-2023;PA1;C55;KOM 930 E;Lastre Oxidado;ESP/F07/2104/707;FASE 7;BOT_CENTRAL_SUR_INF;1455;5;ESPERANZA
21-06-2023;PA1;C55;KOM 930 E;Lastre Sulfurado;ESP/F07/2104/706;FASE 7;BOT_CENTRAL_SUR_INF;582;2;ESPERANZA
21-06-2023;PA1;C56;KOM 930 E;Lastre Oxidado;ESP/F07/2104/707;FASE 7;BOT_2380_INT;582;2;ESPERANZA
21-06-2023;PA1;C56;KOM 930 E;Lastre Oxidado;ESP/F07/2104/707;FASE 7;BOT_CENTRAL_SUR_INF;1164;4;ESPERANZA
21-06-2023;PA1;C56;KOM 930 E;Lastre Sulfurado;ESP/F07/2104/706;FASE 7;BOT_CENTRAL_SUR_INF;291;1;ESPERANZA
21-06-2023;PA1;C57;KOM 930 E;Lastre Oxidado;ESP/F07/2104/707;FASE 7;BOT_CENTRAL_SUR_INF;582;2;ESPERANZA
21-06-2023;PA1;C57;KOM 930 E;Lastre Sulfurado;ESP/F07/2104/706;FASE 7;BOT_2380_INT;291;1;ESPERANZA
21-06-2023;PA1;C57;KOM 930 E;Lastre Sulfurado;ESP/F07/2104/706;FASE 7;BOT_RAMPA_SUPERIOR;291;1;ESPERANZA
21-06-2023;PA1;C58;KOM 930 E;Lastre Oxidado;ESP/F07/2104/707;FASE 7;BOT_2380_INT;291;1;ESPERANZA
21-06-2023;PA1;C58;KOM 930 E;Lastre Oxidado;ESP/F07/2104/707;FASE 7;BOT_CENTRAL_SUR_INF;1164;4;ESPERANZA
21-06-2023;PA1;C59;KOM 930 E;Lastre Oxidado;ESP/F07/2104/707;FASE 7;BOT_2380_INT;582;2;ESPERANZA
21-06-2023;PA1;C59;KOM 930 E;Lastre Oxidado;ESP/F07/2104/707;FASE 7;BOT_CENTRAL_SUR_INF;1746;6;ESPERANZA
21-06-2023;PA1;C59;KOM 930 E;Lastre Oxidado;ESP/F07/2104/707;FASE 7;BOT_MIJO;291;1;ESPERANZA
21-06-2023;PA1;C59;KOM 930 E;Lastre Sulfurado;ESP/F07/2104/706;FASE 7;BOT_CENTRAL_SUR_INF;291;1;ESPERANZA
21-06-2023;PA1;C60;KOM 930 E;Lastre Oxidado;ESP/F07/2104/707;FASE 7;BOT_CENTRAL_SUR_INF;291;1;ESPERANZA
21-06-2023;PA1;C60;KOM 930 E;Lastre Sulfurado;ESP/F07/2104/706;FASE 7;BOT_CENTRAL_SUR_INF;291;1;ESPERANZA
21-06-2023;PA1;C61;KOM 930 E;Lastre Oxidado;ESP/F07/2104/707;FASE 7;BOT_CENTRAL_SUR_INF;1455;5;ESPERANZA
21-06-2023;PA1;C61;KOM 930 E;Lastre Oxidado;ESP/F07/2104/707;FASE 7;BOT_MIJO;291;1;ESPERANZA
21-06-2023;PA1;C61;KOM 930 E;Lastre Sulfurado;ESP/F07/2104/706;FASE 7;BOT_CENTRAL_SUR_INF;1164;4;ESPERANZA
21-06-2023;PA10;C20115ESPS;KOM 980 ESPS;Sulfuro Baja Ley;ESS/F02/2120/213;F02 ESPSUR;CHANCADO-SULFURO;6480;18;ESPERANZA_SUR
21-06-2023;PA10;C980AHSESPS;Kom 980 AHS;Lastre Sulfurado;ESS/F02/2120/R200;F02 ESPSUR;BOTADERO_2021;16920;47;ESPERANZA_SUR
21-06-2023;PA10;C980AHSESPS;Kom 980 AHS;Sulfuro Baja Ley;ESS/F02/2120/213;F02 ESPSUR;STOCK_SBL_ESS;6840;19;ESPERANZA_SUR
21-06-2023;PA11;C20115ESPS;KOM 980 ESPS;Sulfuro Baja Ley;ESS/F02/2104/204;F02 ESPSUR;CHANCADO-SULFURO;15840;44;ESPERANZA_SUR
21-06-2023;PA11;C20115ESPS;KOM 980 ESPS;Sulfuro Baja Ley;ESS/F02/2104/205;F02 ESPSUR;CHANCADO-SULFURO;6840;19;ESPERANZA_SUR
21-06-2023;PA11;C20115ESPS;KOM 980 ESPS;Sulfuro de Media;ESS/F02/2104/205;F02 ESPSUR;CHANCADO-SULFURO;25920;72;ESPERANZA_SUR
21-06-2023;PA11;C980AHSESPS;Kom 980 AHS;Sulfuro Baja Ley;ESS/F02/2104/204;F02 ESPSUR;STOCK_SBL_ESS;3600;10;ESPERANZA_SUR
21-06-2023;PA11;C980AHSESPS;Kom 980 AHS;Sulfuro Baja Ley;ESS/F02/2104/205;F02 ESPSUR;STOCK_SBL_ESS;2880;8;ESPERANZA_SUR
21-06-2023;PA11;C980AHSESPS;Kom 980 AHS;Sulfuro de Media;ESS/F02/2104/205;F02 ESPSUR;STOCK_SME_ESS;3240;9;ESPERANZA_SUR
21-06-2023;PA2;C07;CAT 797 B;Sulfuro de Alta Ley;ESP/F08/1768/8070;FASE 8;CHANCADO-SULFURO;1039,209961;3;ESPERANZA
21-06-2023;PA2;C08;CAT 797 B;Sulfuro de Alta Ley;ESP/F08/1768/8070;FASE 8;CHANCADO-SULFURO;346,4039917;1;ESPERANZA
21-06-2023;PA2;C10;CAT 797 B;Sulfuro de Alta Ley;ESP/F08/1768/8070;FASE 8;CHANCADO-SULFURO;1039,211975;3;ESPERANZA
21-06-2023;PA2;C10;CAT 797 B;Sulfuro de Alta Ley;ESP/F08/1768/8070;FASE 8;STOCK_SAL_DIN;692,8079834;2;ESPERANZA
21-06-2023;PA2;C10;CAT 797 B;Sulfuro de Alta Ley;ESP/F08/1768/8070;FASE 8;STOCK_SPL_DIN;346,4039917;1;ESPERANZA
21-06-2023;PA2;C128;CAT 793 C;Sulfuro de Alta Ley;ESP/F08/1768/8070;FASE 8;CHANCADO-SULFURO;216,4360046;1;ESPERANZA
21-06-2023;PA2;C14;CAT 797 B;Sulfuro de Alta Ley;ESP/F08/1768/8070;FASE 8;CHANCADO-SULFURO;692,8079834;2;ESPERANZA
21-06-2023;PA2;C152;CAT 793 F;Sulfuro de Alta Ley;ESP/F08/1768/8070;FASE 8;CHANCADO-SULFURO;649,309021;3;ESPERANZA
21-06-2023;PA2;C152;CAT 793 F;Sulfuro Planta;ESP/F08/1768/8070;FASE 8;CHANCADO-SULFURO;216,4360046;1;ESPERANZA
21-06-2023;PA2;C153;CAT 793 F;Sulfuro de Alta Ley;ESP/F08/1768/8070;FASE 8;CHANCADO-SULFURO;216,4360046;1;ESPERANZA
21-06-2023;PA2;C154;CAT 793 F;Sulfuro de Alta Ley;ESP/F08/1768/8070;FASE 8;CHANCADO-SULFURO;216,4360046;1;ESPERANZA
21-06-2023;PA2;C159;CAT 793 F;Sulfuro de Alta Ley;ESP/F08/1768/8070;FASE 8;CHANCADO-SULFURO;649,3089905;3;ESPERANZA
21-06-2023;PA2;C159;CAT 793 F;Sulfuro Planta;ESP/F08/1768/8070;FASE 8;CHANCADO-SULFURO;216,4360046;1;ESPERANZA
21-06-2023;PA2;C16;CAT 797 B;Sulfuro de Alta Ley;ESP/F08/1768/8070;FASE 8;CHANCADO-SULFURO;1039,209961;3;ESPERANZA
21-06-2023;PA2;C16;CAT 797 B;Sulfuro Planta;ESP/F08/1768/8070;FASE 8;CHANCADO-SULFURO;2078,427979;6;ESPERANZA
21-06-2023;PA2;C162;CAT 793 F;Sulfuro de Alta Ley;ESP/F08/1768/8070;FASE 8;CHANCADO-SULFURO;432,8729858;2;ESPERANZA
21-06-2023;PA2;C162;CAT 793 F;Sulfuro Planta;ESP/F08/1768/8070;FASE 8;CHANCADO-SULFURO;216,4360046;1;ESPERANZA
21-06-2023;PA2;C162;CAT 793 F;Sulfuro Planta;ESP/F08/1768/8070;FASE 8;STOCK_SPL_DIN;216,4360046;1;ESPERANZA
21-06-2023;PA2;C164;CAT 793 F;Sulfuro Planta;ESP/F08/1768/8070;FASE 8;CHANCADO-SULFURO;432,8729858;2;ESPERANZA
21-06-2023;PA2;C17;CAT 797 F;Sulfuro de Alta Ley;ESP/F08/1768/8070;FASE 8;CHANCADO-SULFURO;1039,211975;3;ESPERANZA
21-06-2023;PA2;C17;CAT 797 F;Sulfuro Planta;ESP/F08/1768/8070;FASE 8;CHANCADO-SULFURO;1732,017944;5;ESPERANZA
21-06-2023;PA2;C18;CAT 797 F;Sulfuro de Alta Ley;ESP/F08/1768/8070;FASE 8;CHANCADO-SULFURO;346,4039917;1;ESPERANZA
21-06-2023;PA2;C18;CAT 797 F;Sulfuro de Alta Ley;ESP/F08/1768/8070;FASE 8;STOCK_SAL_DIN;346,4039917;1;ESPERANZA
21-06-2023;PA2;C19;CAT 797 F;Sulfuro de Alta Ley;ESP/F08/1768/8070;FASE 8;CHANCADO-SULFURO;1039,211975;3;ESPERANZA
21-06-2023;PA2;C19;CAT 797 F;Sulfuro de Alta Ley;ESP/F08/1768/8070;FASE 8;STOCK_SPL_DIN;346,4039917;1;ESPERANZA
21-06-2023;PA2;C19;CAT 797 F;Sulfuro de Media;ESP/F08/1768/8070;FASE 8;STOCK_SME;346,4039917;1;ESPERANZA
21-06-2023;PA2;C19;CAT 797 F;Sulfuro Planta;ESP/F08/1768/8070;FASE 8;CHANCADO-SULFURO;1039,209961;3;ESPERANZA
21-06-2023;PA2;C20;CAT 797 F;Sulfuro de Alta Ley;ESP/F08/1768/8070;FASE 8;CHANCADO-SULFURO;2424,825928;7;ESPERANZA
21-06-2023;PA2;C20;CAT 797 F;Sulfuro Planta;ESP/F08/1768/8070;FASE 8;CHANCADO-SULFURO;1385,615967;4;ESPERANZA
21-06-2023;PA2;C20;CAT 797 F;Sulfuro Planta;ESP/F08/1768/8070;FASE 8;STOCK_SPL_DIN;346,4039917;1;ESPERANZA
21-06-2023;PA2;C21;CAT 797 F;Sulfuro de Alta Ley;ESP/F08/1768/8070;FASE 8;CHANCADO-SULFURO;1039,211975;3;ESPERANZA
21-06-2023;PA2;C21;CAT 797 F;Sulfuro de Alta Ley;ESP/F08/1768/8070;FASE 8;STOCK_SAL_DIN;346,4039917;1;ESPERANZA
21-06-2023;PA2;C21;CAT 797 F;Sulfuro Planta;ESP/F08/1768/8070;FASE 8;CHANCADO-SULFURO;1732,017944;5;ESPERANZA
21-06-2023;PA2;C23;CAT 797 F;Sulfuro de Alta Ley;ESP/F08/1768/8070;FASE 8;CHANCADO-SULFURO;1039,211975;3;ESPERANZA
21-06-2023;PA2;C24;CAT 797 F;Sulfuro de Alta Ley;ESP/F08/1768/8070;FASE 8;CHANCADO-SULFURO;692,8079834;2;ESPERANZA
21-06-2023;PA2;C24;CAT 797 F;Sulfuro Planta;ESP/F08/1768/8070;FASE 8;CHANCADO-SULFURO;692,8079834;2;ESPERANZA
21-06-2023;PA2;C25;CAT 797 F;Sulfuro de Alta Ley;ESP/F08/1768/8070;FASE 8;CHANCADO-SULFURO;692,8079834;2;ESPERANZA
21-06-2023;PA2;C25;CAT 797 F;Sulfuro de Media;ESP/F08/1768/8070;FASE 8;CHANCADO-SULFURO;692,8079834;2;ESPERANZA
21-06-2023;PA2;C25;CAT 797 F;Sulfuro Planta;ESP/F08/1768/8070;FASE 8;CHANCADO-SULFURO;346,4039917;1;ESPERANZA
21-06-2023;PA2;C32;CAT 797 F;Sulfuro de Alta Ley;ESP/F08/1768/8070;FASE 8;CHANCADO-SULFURO;1732,019958;5;ESPERANZA
21-06-2023;PA2;C32;CAT 797 F;Sulfuro Planta;ESP/F08/1768/8070;FASE 8;CHANCADO-SULFURO;346,4039917;1;ESPERANZA
21-06-2023;PA2;C32;CAT 797 F;Sulfuro Planta;ESP/F08/1768/8070;FASE 8;STOCK-FIERROS;346,4039917;1;ESPERANZA
21-06-2023;PA2;C34;CAT 797 F;Sulfuro de Alta Ley;ESP/F08/1768/8070;FASE 8;CHANCADO-SULFURO;1385,613953;4;ESPERANZA
21-06-2023;PA2;C34;CAT 797 F;Sulfuro Planta;ESP/F08/1768/8070;FASE 8;CHANCADO-SULFURO;692,8079834;2;ESPERANZA
21-06-2023;PA2;C36;CAT 797 F;Sulfuro de Alta Ley;ESP/F08/1768/8070;FASE 8;CHANCADO-SULFURO;346,4039917;1;ESPERANZA
21-06-2023;PA2;C36;CAT 797 F;Sulfuro Planta;ESP/F08/1768/8070;FASE 8;CHANCADO-SULFURO;1732,02002;5;ESPERANZA
21-06-2023;PA2;C37;CAT 797 F;Sulfuro de Alta Ley;ESP/F08/1768/8070;FASE 8;CHANCADO-SULFURO;1385,615967;4;ESPERANZA
21-06-2023;PA2;C38;CAT 797 F;Sulfuro de Alta Ley;ESP/F08/1768/8070;FASE 8;CHANCADO-SULFURO;1385,615967;4;ESPERANZA
21-06-2023;PA2;C38;CAT 797 F;Sulfuro de Media;ESP/F08/1768/8070;FASE 8;CHANCADO-SULFURO;346,4039917;1;ESPERANZA
21-06-2023;PA2;C38;CAT 797 F;Sulfuro Planta;ESP/F08/1768/8070;FASE 8;CHANCADO-SULFURO;1039,211975;3;ESPERANZA
21-06-2023;PA2;C39;CAT 797 F;Sulfuro de Alta Ley;ESP/F08/1768/8070;FASE 8;CHANCADO-SULFURO;1039,211975;3;ESPERANZA
21-06-2023;PA2;C39;CAT 797 F;Sulfuro de Alta Ley;ESP/F08/1768/8070;FASE 8;STOCK_SAL_DIN;346,4039917;1;ESPERANZA
21-06-2023;PA2;C39;CAT 797 F;Sulfuro Planta;ESP/F08/1768/8070;FASE 8;CHANCADO-SULFURO;346,4039917;1;ESPERANZA
21-06-2023;PA2;C41;CAT 797 F;Sulfuro de Alta Ley;ESP/F08/1768/8070;FASE 8;CHANCADO-SULFURO;1732,019958;5;ESPERANZA
21-06-2023;PA2;C41;CAT 797 F;Sulfuro de Alta Ley;ESP/F08/1768/8070;FASE 8;STOCK_SAL_DIN;346,4039917;1;ESPERANZA
21-06-2023;PA2;C41;CAT 797 F;Sulfuro Planta;ESP/F08/1768/8070;FASE 8;CHANCADO-SULFURO;692,8079834;2;ESPERANZA
21-06-2023;PA2;C42;CAT 797 F;Sulfuro de Alta Ley;ESP/F08/1768/8070;FASE 8;STOCK_SAL_DIN;346,4039917;1;ESPERANZA
21-06-2023;PA2;C42;CAT 797 F;Sulfuro Planta;ESP/F08/1768/8070;FASE 8;CHANCADO-SULFURO;692,8079834;2;ESPERANZA
21-06-2023;PA2;C43;CAT 797 F;Sulfuro de Alta Ley;ESP/F08/1768/8070;FASE 8;CHANCADO-SULFURO;1385,613953;4;ESPERANZA
21-06-2023;PA2;C43;CAT 797 F;Sulfuro de Alta Ley;ESP/F08/1768/8070;FASE 8;STOCK_SAL_DIN;346,4039917;1;ESPERANZA
21-06-2023;PA2;C43;CAT 797 F;Sulfuro Planta;ESP/F08/1768/8070;FASE 8;CHANCADO-SULFURO;1039,211975;3;ESPERANZA
21-06-2023;PA2;C43;CAT 797 F;Sulfuro Planta;ESP/F08/1768/8070;FASE 8;STOCK_SPL_DIN;346,4039917;1;ESPERANZA
21-06-2023;PA2;C44;CAT 797 F;Sulfuro de Media;ESP/F08/1768/8070;FASE 8;CHANCADO-SULFURO;346,4039917;1;ESPERANZA
21-06-2023;PA2;C45;CAT 797 F;Sulfuro de Alta Ley;ESP/F08/1768/8070;FASE 8;CHANCADO-SULFURO;1039,211975;3;ESPERANZA
21-06-2023;PA2;C45;CAT 797 F;Sulfuro de Alta Ley;ESP/F08/1768/8070;FASE 8;STOCK_SAL_DIN;692,8079834;2;ESPERANZA
21-06-2023;PA2;C46;CAT 797 F;Sulfuro de Alta Ley;ESP/F08/1768/8070;FASE 8;CHANCADO-SULFURO;346,4039917;1;ESPERANZA
21-06-2023;PA2;C46;CAT 797 F;Sulfuro de Alta Ley;ESP/F08/1768/8070;FASE 8;STOCK_SAL_DIN;1385,615967;4;ESPERANZA
21-06-2023;PA2;C46;CAT 797 F;Sulfuro de Media;ESP/F08/1768/8070;FASE 8;CHANCADO-SULFURO;346,4039917;1;ESPERANZA
21-06-2023;PA2;C46;CAT 797 F;Sulfuro de Media;ESP/F08/1768/8070;FASE 8;STOCK_SME;346,4039917;1;ESPERANZA
21-06-2023;PA2;C46;CAT 797 F;Sulfuro Planta;ESP/F08/1768/8070;FASE 8;CHANCADO-SULFURO;692,8079834;2;ESPERANZA
21-06-2023;PA2;C46;CAT 797 F;Sulfuro Planta;ESP/F08/1768/8070;FASE 8;STOCK_SPL_DIN;346,4039917;1;ESPERANZA
21-06-2023;PA2;C47;CAT 797 F;Sulfuro de Alta Ley;ESP/F08/1768/8070;FASE 8;STOCK_SAL_DIN;346,4039917;1;ESPERANZA
21-06-2023;PA2;C47;CAT 797 F;Sulfuro de Media;ESP/F08/1768/8070;FASE 8;CHANCADO-SULFURO;346,4039917;1;ESPERANZA
21-06-2023;PA2;C47;CAT 797 F;Sulfuro Planta;ESP/F08/1768/8070;FASE 8;CHANCADO-SULFURO;692,8079834;2;ESPERANZA
21-06-2023;PA2;C48;CAT 797 F;Sulfuro Planta;ESP/F08/1768/8070;FASE 8;CHANCADO-SULFURO;346,4039917;1;ESPERANZA
21-06-2023;PA2;C49;KOM 930 E;Sulfuro de Alta Ley;ESP/F08/1768/8070;FASE 8;CHANCADO-SULFURO;291;1;ESPERANZA
21-06-2023;PA2;C49;KOM 930 E;Sulfuro de Alta Ley;ESP/F08/1768/8070;FASE 8;STOCK_SAL_DIN;291;1;ESPERANZA
21-06-2023;PA2;C49;KOM 930 E;Sulfuro Planta;ESP/F08/1768/8070;FASE 8;CHANCADO-SULFURO;873;3;ESPERANZA
21-06-2023;PA2;C50;KOM 930 E;Sulfuro de Alta Ley;ESP/F08/1768/8070;FASE 8;CHANCADO-SULFURO;291;1;ESPERANZA
21-06-2023;PA2;C50;KOM 930 E;Sulfuro de Alta Ley;ESP/F08/1768/8070;FASE 8;STOCK_SAL_DIN;582;2;ESPERANZA
21-06-2023;PA2;C50;KOM 930 E;Sulfuro Planta;ESP/F08/1768/8070;FASE 8;CHANCADO-SULFURO;582;2;ESPERANZA
21-06-2023;PA2;C50;KOM 930 E;Sulfuro Planta;ESP/F08/1768/8070;FASE 8;STOCK_SPL_DIN;1164;4;ESPERANZA
21-06-2023;PA2;C52;KOM 930 E;Sulfuro de Alta Ley;ESP/F08/1768/8070;FASE 8;CHANCADO-SULFURO;873;3;ESPERANZA
21-06-2023;PA2;C52;KOM 930 E;Sulfuro Planta;ESP/F08/1768/8070;FASE 8;CHANCADO-SULFURO;582;2;ESPERANZA
21-06-2023;PA2;C53;KOM 930 E;Sulfuro de Alta Ley;ESP/F08/1768/8070;FASE 8;CHANCADO-SULFURO;582;2;ESPERANZA
21-06-2023;PA2;C53;KOM 930 E;Sulfuro de Alta Ley;ESP/F08/1768/8070;FASE 8;STOCK_SAL_DIN;291;1;ESPERANZA
21-06-2023;PA2;C53;KOM 930 E;Sulfuro Planta;ESP/F08/1768/8070;FASE 8;CHANCADO-SULFURO;873;3;ESPERANZA
21-06-2023;PA2;C53;KOM 930 E;Sulfuro Planta;ESP/F08/1768/8070;FASE 8;STOCK_SPL_DIN;291;1;ESPERANZA
21-06-2023;PA2;C54;KOM 930 E;Sulfuro de Alta Ley;ESP/F08/1768/8070;FASE 8;CHANCADO-SULFURO;291;1;ESPERANZA
21-06-2023;PA2;C54;KOM 930 E;Sulfuro Planta;ESP/F08/1768/8070;FASE 8;CHANCADO-SULFURO;582;2;ESPERANZA
21-06-2023;PA2;C55;KOM 930 E;Sulfuro de Alta Ley;ESP/F08/1768/8070;FASE 8;CHANCADO-SULFURO;1164;4;ESPERANZA
21-06-2023;PA2;C55;KOM 930 E;Sulfuro de Media;ESP/F08/1768/8070;FASE 8;CHANCADO-SULFURO;291;1;ESPERANZA
21-06-2023;PA2;C55;KOM 930 E;Sulfuro Planta;ESP/F08/1768/8070;FASE 8;CHANCADO-SULFURO;582;2;ESPERANZA
21-06-2023;PA2;C56;KOM 930 E;Sulfuro de Alta Ley;ESP/F08/1768/8070;FASE 8;CHANCADO-SULFURO;582;2;ESPERANZA
21-06-2023;PA2;C56;KOM 930 E;Sulfuro de Alta Ley;ESP/F08/1768/8070;FASE 8;STOCK_SAL_DIN;291;1;ESPERANZA
21-06-2023;PA2;C56;KOM 930 E;Sulfuro Planta;ESP/F08/1768/8070;FASE 8;CHANCADO-SULFURO;873;3;ESPERANZA
21-06-2023;PA2;C56;KOM 930 E;Sulfuro Planta;ESP/F08/1768/8070;FASE 8;STOCK_SPL_DIN;291;1;ESPERANZA
21-06-2023;PA2;C57;KOM 930 E;Sulfuro de Alta Ley;ESP/F08/1768/8070;FASE 8;CHANCADO-SULFURO;291;1;ESPERANZA
21-06-2023;PA2;C57;KOM 930 E;Sulfuro de Alta Ley;ESP/F08/1768/8070;FASE 8;STOCK_SAL_DIN;582;2;ESPERANZA
21-06-2023;PA2;C57;KOM 930 E;Sulfuro de Alta Ley;ESP/F08/1768/8070;FASE 8;STOCK_SPL_DIN;291;1;ESPERANZA
21-06-2023;PA2;C57;KOM 930 E;Sulfuro Planta;ESP/F08/1768/8070;FASE 8;CHANCADO-SULFURO;291;1;ESPERANZA
21-06-2023;PA2;C57;KOM 930 E;Sulfuro Planta;ESP/F08/1768/8070;FASE 8;STOCK_SPL_DIN;873;3;ESPERANZA
21-06-2023;PA2;C58;KOM 930 E;Sulfuro de Alta Ley;ESP/F08/1768/8070;FASE 8;CHANCADO-SULFURO;291;1;ESPERANZA
21-06-2023;PA2;C58;KOM 930 E;Sulfuro de Alta Ley;ESP/F08/1768/8070;FASE 8;STOCK_SAL_DIN;291;1;ESPERANZA
21-06-2023;PA2;C58;KOM 930 E;Sulfuro Planta;ESP/F08/1768/8070;FASE 8;CHANCADO-SULFURO;1164;4;ESPERANZA
21-06-2023;PA2;C58;KOM 930 E;Sulfuro Planta;ESP/F08/1768/8070;FASE 8;STOCK_SPL_DIN;291;1;ESPERANZA
21-06-2023;PA2;C59;KOM 930 E;Sulfuro de Alta Ley;ESP/F08/1768/8070;FASE 8;CHANCADO-SULFURO;873;3;ESPERANZA
21-06-2023;PA2;C59;KOM 930 E;Sulfuro Planta;ESP/F08/1768/8070;FASE 8;CHANCADO-SULFURO;873;3;ESPERANZA
21-06-2023;PA2;C61;KOM 930 E;Sulfuro de Alta Ley;ESP/F08/1768/8070;FASE 8;CHANCADO-SULFURO;1455;5;ESPERANZA
21-06-2023;PA2;C61;KOM 930 E;Sulfuro Planta;ESP/F08/1768/8070;FASE 8;CHANCADO-SULFURO;1164;4;ESPERANZA
21-06-2023;PA2;C61;KOM 930 E;Sulfuro Planta;ESP/F08/1768/8070;FASE 8;STOCK_SPL_DIN;291;1;ESPERANZA
21-06-2023;PA211;C07;CAT 797 B;Lastre Oxidado;ESP/F10/2296/1051;FASE 10;BOT_CENTRAL_SUR_INF;1732,02002;5;ESPERANZA
21-06-2023;PA211;C08;CAT 797 B;Lastre Oxidado;ESP/F10/2296/1051;FASE 10;BOT_CENTRAL_SUR_INF;346,4039917;1;ESPERANZA
21-06-2023;PA211;C08;CAT 797 B;Lastre Oxidado;ESP/F10/2296/1051;FASE 10;BOT_MIJO;346,4039917;1;ESPERANZA
21-06-2023;PA211;C122;CAT 793 C;Lastre Oxidado;ESP/F10/2296/1051;FASE 10;BOT_CENTRAL_SUR_INF;1082,18103;5;ESPERANZA
21-06-2023;PA211;C123;CAT 793 C;Lastre Oxidado;ESP/F10/2296/1051;FASE 10;BOT_CENTRAL_SUR_INF;432,8729858;2;ESPERANZA
21-06-2023;PA211;C125;CAT 793 C;Lastre Oxidado;ESP/F10/2296/1051;FASE 10;BOT_CENTRAL_SUR_INF;865,7450256;4;ESPERANZA
21-06-2023;PA211;C128;CAT 793 C;Lastre Oxidado;ESP/F10/2296/1051;FASE 10;BOT_CENTRAL_SUR_INF;865,7459717;4;ESPERANZA
21-06-2023;PA211;C13;CAT 797 B;Lastre Oxidado;ESP/F10/2296/1051;FASE 10;BOT_CENTRAL_SUR_INF;346,4039917;1;ESPERANZA
21-06-2023;PA211;C132;CAT 793 C;Lastre Oxidado;ESP/F10/2296/1051;FASE 10;BOT_CENTRAL_SUR_INF;432,8729858;2;ESPERANZA
21-06-2023;PA211;C135;CAT 793 C;Lastre Oxidado;ESP/F10/2296/1051;FASE 10;BOT_CENTRAL_SUR_INF;216,4360046;1;ESPERANZA
21-06-2023;PA211;C14;CAT 797 B;Lastre Oxidado;ESP/F10/2296/1051;FASE 10;BOT_CENTRAL_SUR_INF;1039,209961;3;ESPERANZA
21-06-2023;PA211;C15;CAT 797 B;Lastre Oxidado;ESP/F10/2296/1051;FASE 10;BOT_CENTRAL_SUR_INF;692,8079834;2;ESPERANZA
21-06-2023;PA211;C152;CAT 793 F;Lastre Oxidado;ESP/F10/2296/1051;FASE 10;BOT_CENTRAL_SUR_INF;216,4360046;1;ESPERANZA
21-06-2023;PA211;C153;CAT 793 F;Lastre Oxidado;ESP/F10/2296/1051;FASE 10;BOT_CENTRAL_SUR_INF;432,8729858;2;ESPERANZA
21-06-2023;PA211;C154;CAT 793 F;Lastre Oxidado;ESP/F10/2296/1051;FASE 10;BOT_CENTRAL_SUR_INF;216,4360046;1;ESPERANZA
21-06-2023;PA211;C155;CAT 793 F;Lastre Oxidado;ESP/F10/2296/1051;FASE 10;BOT_CENTRAL_SUR_INF;432,8720093;2;ESPERANZA
21-06-2023;PA211;C156;CAT 793 F;Lastre Oxidado;ESP/F10/2296/1051;FASE 10;BOT_CENTRAL_SUR_INF;649,309021;3;ESPERANZA
21-06-2023;PA211;C159;CAT 793 F;Lastre Oxidado;ESP/F10/2296/1051;FASE 10;BOT_CENTRAL_SUR_INF;649,309021;3;ESPERANZA
21-06-2023;PA211;C16;CAT 797 B;Lastre Oxidado;ESP/F10/2296/1051;FASE 10;BOT_CENTRAL_SUR_INF;692,8079834;2;ESPERANZA
21-06-2023;PA211;C160;CAT 793 F;Lastre Oxidado;ESP/F10/2296/1051;FASE 10;BOT_CENTRAL_SUR_INF;432,8729858;2;ESPERANZA
21-06-2023;PA211;C162;CAT 793 F;Lastre Oxidado;ESP/F10/2296/1051;FASE 10;BOT_CENTRAL_SUR_INF;216,4360046;1;ESPERANZA
21-06-2023;PA211;C163;CAT 793 F;Lastre Oxidado;ESP/F10/2296/1051;FASE 10;BOT_CENTRAL_SUR_INF;432,8729858;2;ESPERANZA
21-06-2023;PA211;C164;CAT 793 F;Lastre Oxidado;ESP/F10/2296/1051;FASE 10;BOT_CENTRAL_SUR_INF;432,8729858;2;ESPERANZA
21-06-2023;PA211;C17;CAT 797 F;Lastre Oxidado;ESP/F10/2296/1051;FASE 10;BOT_CENTRAL_SUR_INF;346,4039917;1;ESPERANZA
21-06-2023;PA211;C18;CAT 797 F;Lastre Oxidado;ESP/F10/2296/1051;FASE 10;BOT_CENTRAL_SUR_INF;1039,209961;3;ESPERANZA
21-06-2023;PA211;C21;CAT 797 F;Lastre Oxidado;ESP/F10/2296/1051;FASE 10;BOT_MIJO;346,4039917;1;ESPERANZA
21-06-2023;PA211;C23;CAT 797 F;Lastre Oxidado;ESP/F10/2296/1051;FASE 10;BOT_MIJO;346,4039917;1;ESPERANZA
21-06-2023;PA211;C25;CAT 797 F;Lastre Oxidado;ESP/F10/2296/1051;FASE 10;BOT_CENTRAL_SUR_INF;692,8079834;2;ESPERANZA
21-06-2023;PA211;C32;CAT 797 F;Lastre Oxidado;ESP/F10/2296/1051;FASE 10;BOT_CENTRAL_SUR_INF;346,4039917;1;ESPERANZA
21-06-2023;PA211;C38;CAT 797 F;Lastre Oxidado;ESP/F10/2296/1051;FASE 10;BOT_CENTRAL_SUR_INF;346,4039917;1;ESPERANZA
21-06-2023;PA211;C39;CAT 797 F;Lastre Oxidado;ESP/F10/2296/1051;FASE 10;BOT_CENTRAL_SUR_INF;1039,211975;3;ESPERANZA
21-06-2023;PA211;C41;CAT 797 F;Lastre Oxidado;ESP/F10/2296/1051;FASE 10;BOT_CENTRAL_SUR_INF;346,4039917;1;ESPERANZA
21-06-2023;PA211;C42;CAT 797 F;Lastre Oxidado;ESP/F10/2296/1051;FASE 10;BOT_CENTRAL_SUR_INF;692,8079834;2;ESPERANZA
21-06-2023;PA211;C43;CAT 797 F;Lastre Oxidado;ESP/F10/2296/1051;FASE 10;BOT_MIJO;346,4039917;1;ESPERANZA
21-06-2023;PA211;C45;CAT 797 F;Lastre Oxidado;ESP/F10/2296/1051;FASE 10;BOT_CENTRAL_SUR_INF;346,4039917;1;ESPERANZA
21-06-2023;PA211;C48;CAT 797 F;Lastre Oxidado;ESP/F10/2296/1051;FASE 10;BOT_CENTRAL_SUR_INF;346,4039917;1;ESPERANZA
21-06-2023;PA211;C54;KOM 930 E;Lastre Oxidado;ESP/F10/2296/1051;FASE 10;BOT_CENTRAL_SUR_INF;291;1;ESPERANZA
21-06-2023;PA211;C57;KOM 930 E;Lastre Oxidado;ESP/F10/2296/1051;FASE 10;BOT_CENTRAL_SUR_INF;291;1;ESPERANZA
21-06-2023;PA26;C53;KOM 930 E;Lastre Oxidado;ESP/F07/2104/703;FASE 7;BOT_2380_INT;291;1;ESPERANZA
21-06-2023;PA26;C53;KOM 930 E;Lastre Oxidado;ESP/F07/2104/703;FASE 7;BOT_CENTRAL_SUR_INF;291;1;ESPERANZA
21-06-2023;PA3;C07;CAT 797 B;Lastre Oxidado;ESP/F07/2104/7090;FASE 7;BOT_2380_INT;346,4039917;1;ESPERANZA
21-06-2023;PA3;C07;CAT 797 B;Lastre Sulfurado;ESP/F07/2104/716;FASE 7;BOT_2380_INT;346,4039917;1;ESPERANZA
21-06-2023;PA3;C08;CAT 797 B;Lastre Oxidado;ESP/F07/2104/7090;FASE 7;BOT_2380_INT;692,8079834;2;ESPERANZA
21-06-2023;PA3;C08;CAT 797 B;Lastre Sulfurado;ESP/F07/2104/716;FASE 7;BOT_2380_INT;2078,419922;6;ESPERANZA
21-06-2023;PA3;C09;CAT 797 B;Lastre Oxidado;ESP/F07/2104/7090;FASE 7;BOT_2380_INT;692,8079834;2;ESPERANZA
21-06-2023;PA3;C09;CAT 797 B;Lastre Sulfurado;ESP/F07/2104/716;FASE 7;BOT_2380_INT;1732,02002;5;ESPERANZA
21-06-2023;PA3;C10;CAT 797 B;Lastre Oxidado;ESP/F07/2104/7090;FASE 7;BOT_2380_INT;692,8079834;2;ESPERANZA
21-06-2023;PA3;C10;CAT 797 B;Lastre Sulfurado;ESP/F07/2104/716;FASE 7;BOT_2380_INT;1385,615967;4;ESPERANZA
21-06-2023;PA3;C11;CAT 797 B;Lastre Oxidado;ESP/F07/2104/7090;FASE 7;BOT_2380_INT;1039,211975;3;ESPERANZA
21-06-2023;PA3;C11;CAT 797 B;Lastre Sulfurado;ESP/F07/2104/716;FASE 7;BOT_2380_INT;2078,42395;6;ESPERANZA
21-06-2023;PA3;C13;CAT 797 B;Lastre Oxidado;ESP/F07/2104/7090;FASE 7;BOT_2380_INT;1039,211975;3;ESPERANZA
21-06-2023;PA3;C13;CAT 797 B;Lastre Sulfurado;ESP/F07/2104/716;FASE 7;BOT_2380_INT;2771,22998;8;ESPERANZA
21-06-2023;PA3;C135;CAT 793 C;Lastre Sulfurado;ESP/F07/2104/716;FASE 7;BOT_2380_INT;216,4360046;1;ESPERANZA
21-06-2023;PA3;C14;CAT 797 B;Lastre Sulfurado;ESP/F07/2104/716;FASE 7;BOT_2380_INT;2078,427979;6;ESPERANZA
21-06-2023;PA3;C15;CAT 797 B;Lastre Oxidado;ESP/F07/2104/7090;FASE 7;BOT_2380_INT;692,8079834;2;ESPERANZA
21-06-2023;PA3;C15;CAT 797 B;Lastre Sulfurado;ESP/F07/2104/716;FASE 7;BOT_2380_INT;2078,427979;6;ESPERANZA
21-06-2023;PA3;C151;CAT 793 F;Lastre Sulfurado;ESP/F07/2104/716;FASE 7;BOT_2380_INT;1082,18103;5;ESPERANZA
21-06-2023;PA3;C152;CAT 793 F;Lastre Sulfurado;ESP/F07/2104/716;FASE 7;BOT_2380_INT;865,7459717;4;ESPERANZA
21-06-2023;PA3;C154;CAT 793 F;Lastre Sulfurado;ESP/F07/2104/716;FASE 7;BOT_2380_INT;865,7459717;4;ESPERANZA
21-06-2023;PA3;C161;CAT 793 F;Lastre Sulfurado;ESP/F07/2104/716;FASE 7;BOT_2380_INT;216,4360046;1;ESPERANZA
21-06-2023;PA3;C162;CAT 793 F;Lastre Sulfurado;ESP/F07/2104/716;FASE 7;BOT_2380_INT;649,3089905;3;ESPERANZA
21-06-2023;PA3;C163;CAT 793 F;Lastre Sulfurado;ESP/F07/2104/716;FASE 7;BOT_2380_INT;432,8720093;2;ESPERANZA
21-06-2023;PA3;C17;CAT 797 F;Lastre Sulfurado;ESP/F07/2104/716;FASE 7;BOT_2380_INT;346,4039917;1;ESPERANZA
21-06-2023;PA3;C18;CAT 797 F;Lastre Sulfurado;ESP/F07/2104/716;FASE 7;BOT_2380_INT;1039,211975;3;ESPERANZA
21-06-2023;PA3;C19;CAT 797 F;Lastre Sulfurado;ESP/F07/2104/716;FASE 7;BOT_2380_INT;1039,211975;3;ESPERANZA
21-06-2023;PA3;C20;CAT 797 F;Lastre Sulfurado;ESP/F07/2104/716;FASE 7;BOT_2380_INT;1039,211975;3;ESPERANZA
21-06-2023;PA3;C20;CAT 797 F;Lastre Sulfurado;ESP/F07/2104/716;FASE 7;BOT_RAMPA_SUPERIOR;346,4039917;1;ESPERANZA
21-06-2023;PA3;C21;CAT 797 F;Lastre Sulfurado;ESP/F07/2104/716;FASE 7;BOT_2380_INT;692,8079834;2;ESPERANZA
21-06-2023;PA3;C22;CAT 797 F;Lastre Oxidado;ESP/F07/2104/7090;FASE 7;BOT_2380_INT;692,8079834;2;ESPERANZA
21-06-2023;PA3;C22;CAT 797 F;Lastre Sulfurado;ESP/F07/2104/716;FASE 7;BOT_2380_INT;1732,019958;5;ESPERANZA
21-06-2023;PA3;C23;CAT 797 F;Lastre Oxidado;ESP/F07/2104/7090;FASE 7;BOT_2380_INT;346,4039917;1;ESPERANZA
21-06-2023;PA3;C23;CAT 797 F;Lastre Sulfurado;ESP/F07/2104/716;FASE 7;BOT_2380_INT;1039,211975;3;ESPERANZA
21-06-2023;PA3;C24;CAT 797 F;Lastre Oxidado;ESP/F07/2104/7090;FASE 7;BOT_2380_INT;692,8079834;2;ESPERANZA
21-06-2023;PA3;C24;CAT 797 F;Lastre Sulfurado;ESP/F07/2104/716;FASE 7;BOT_2380_INT;1732,019958;5;ESPERANZA
21-06-2023;PA3;C25;CAT 797 F;Lastre Sulfurado;ESP/F07/2104/716;FASE 7;BOT_2380_INT;692,8079834;2;ESPERANZA
21-06-2023;PA3;C32;CAT 797 F;Lastre Sulfurado;ESP/F07/2104/716;FASE 7;BOT_2380_INT;346,4039917;1;ESPERANZA
21-06-2023;PA3;C34;CAT 797 F;Lastre Sulfurado;ESP/F07/2104/716;FASE 7;BOT_2380_INT;1732,02002;5;ESPERANZA
21-06-2023;PA3;C36;CAT 797 F;Lastre Sulfurado;ESP/F07/2104/716;FASE 7;BOT_2380_INT;692,8079834;2;ESPERANZA
21-06-2023;PA3;C37;CAT 797 F;Lastre Oxidado;ESP/F07/2104/7090;FASE 7;BOT_2380_INT;692,8079834;2;ESPERANZA
21-06-2023;PA3;C37;CAT 797 F;Lastre Sulfurado;ESP/F07/2104/716;FASE 7;BOT_2380_INT;3117,635986;9;ESPERANZA
21-06-2023;PA3;C38;CAT 797 F;Lastre Sulfurado;ESP/F07/2104/716;FASE 7;BOT_2380_INT;1039,209961;3;ESPERANZA
21-06-2023;PA3;C39;CAT 797 F;Lastre Sulfurado;ESP/F07/2104/716;FASE 7;BOT_2380_INT;1385,615967;4;ESPERANZA
21-06-2023;PA3;C40;CAT 797 F;Lastre Oxidado;ESP/F07/2104/7090;FASE 7;BOT_2380_INT;346,4039917;1;ESPERANZA
21-06-2023;PA3;C40;CAT 797 F;Lastre Sulfurado;ESP/F07/2104/716;FASE 7;BOT_2380_INT;2771,229919;8;ESPERANZA
21-06-2023;PA3;C41;CAT 797 F;Lastre Sulfurado;ESP/F07/2104/716;FASE 7;BOT_2380_INT;692,8079834;2;ESPERANZA
21-06-2023;PA3;C42;CAT 797 F;Lastre Oxidado;ESP/F07/2104/7090;FASE 7;BOT_2380_INT;346,4039917;1;ESPERANZA
21-06-2023;PA3;C42;CAT 797 F;Lastre Sulfurado;ESP/F07/2104/716;FASE 7;BOT_2380_INT;1039,211975;3;ESPERANZA
21-06-2023;PA3;C43;CAT 797 F;Lastre Sulfurado;ESP/F07/2104/716;FASE 7;BOT_2380_INT;692,8079834;2;ESPERANZA
21-06-2023;PA3;C44;CAT 797 F;Lastre Oxidado;ESP/F07/2104/7090;FASE 7;BOT_2380_INT;346,4039917;1;ESPERANZA
21-06-2023;PA3;C44;CAT 797 F;Lastre Sulfurado;ESP/F07/2104/716;FASE 7;BOT_2380_INT;3117,635986;9;ESPERANZA
21-06-2023;PA3;C45;CAT 797 F;Lastre Sulfurado;ESP/F07/2104/716;FASE 7;BOT_2380_INT;2424,823914;7;ESPERANZA
21-06-2023;PA3;C46;CAT 797 F;Lastre Sulfurado;ESP/F07/2104/716;FASE 7;BOT_2380_INT;1039,211975;3;ESPERANZA
21-06-2023;PA3;C47;CAT 797 F;Lastre Sulfurado;ESP/F07/2104/716;FASE 7;BOT_2380_INT;1039,211975;3;ESPERANZA
21-06-2023;PA3;C48;CAT 797 F;Lastre Oxidado;ESP/F07/2104/7090;FASE 7;BOT_2380_INT;1039,211975;3;ESPERANZA
21-06-2023;PA3;C48;CAT 797 F;Lastre Sulfurado;ESP/F07/2104/716;FASE 7;BOT_2380_INT;346,4039917;1;ESPERANZA
21-06-2023;PA3;C49;KOM 930 E;Lastre Oxidado;ESP/F07/2104/7090;FASE 7;BOT_2380_INT;291;1;ESPERANZA
21-06-2023;PA3;C49;KOM 930 E;Lastre Sulfurado;ESP/F07/2104/716;FASE 7;BOT_2380_INT;1455;5;ESPERANZA
21-06-2023;PA3;C50;KOM 930 E;Lastre Oxidado;ESP/F07/2104/7090;FASE 7;BOT_2380_INT;582;2;ESPERANZA
21-06-2023;PA3;C52;KOM 930 E;Lastre Sulfurado;ESP/F07/2104/716;FASE 7;BOT_2380_INT;291;1;ESPERANZA
21-06-2023;PA3;C53;KOM 930 E;Lastre Sulfurado;ESP/F07/2104/716;FASE 7;BOT_2380_INT;291;1;ESPERANZA
21-06-2023;PA3;C54;KOM 930 E;Lastre Oxidado;ESP/F07/2104/7090;FASE 7;BOT_2380_INT;291;1;ESPERANZA
21-06-2023;PA3;C54;KOM 930 E;Lastre Sulfurado;ESP/F07/2104/716;FASE 7;BOT_2380_INT;582;2;ESPERANZA
21-06-2023;PA3;C55;KOM 930 E;Lastre Sulfurado;ESP/F07/2104/716;FASE 7;BOT_2380_INT;1164;4;ESPERANZA
21-06-2023;PA3;C56;KOM 930 E;Lastre Sulfurado;ESP/F07/2104/716;FASE 7;BOT_2380_INT;582;2;ESPERANZA
21-06-2023;PA3;C57;KOM 930 E;Lastre Oxidado;ESP/F07/2104/7090;FASE 7;BOT_2380_INT;291;1;ESPERANZA
21-06-2023;PA3;C57;KOM 930 E;Lastre Sulfurado;ESP/F07/2104/716;FASE 7;BOT_2380_INT;873;3;ESPERANZA
21-06-2023;PA3;C57;KOM 930 E;Lastre Sulfurado;ESP/F07/2104/716;FASE 7;BOT_CENTRAL_SUR_INF;291;1;ESPERANZA
21-06-2023;PA3;C58;KOM 930 E;Lastre Sulfurado;ESP/F07/2104/716;FASE 7;BOT_2380_INT;873;3;ESPERANZA
21-06-2023;PA3;C59;KOM 930 E;Lastre Oxidado;ESP/F07/2104/7090;FASE 7;BOT_2380_INT;873;3;ESPERANZA
21-06-2023;PA3;C59;KOM 930 E;Lastre Sulfurado;ESP/F07/2104/716;FASE 7;BOT_2380_INT;582;2;ESPERANZA
21-06-2023;PA3;C60;KOM 930 E;Lastre Oxidado;ESP/F07/2104/7090;FASE 7;BOT_2380_INT;291;1;ESPERANZA
21-06-2023;PA3;C61;KOM 930 E;Lastre Sulfurado;ESP/F07/2104/716;FASE 7;BOT_2380_INT;291;1;ESPERANZA
21-06-2023;PA4;C07;CAT 797 B;Lastre Oxidado;ESP/F10/2328/129;FASE 10;BOT_CENTRAL_SUR_INF;1039,209961;3;ESPERANZA
21-06-2023;PA4;C07;CAT 797 B;Lastre Oxidado;ESP/F10/2328/1290;FASE 10;BOT_CENTRAL_SUR_INF;2078,419922;6;ESPERANZA
21-06-2023;PA4;C07;CAT 797 B;Lastre Oxidado;ESP/F10/2328/1290;FASE 10;BOT-ESTE;1039,209961;3;ESPERANZA
21-06-2023;PA4;C08;CAT 797 B;Lastre Oxidado;ESP/F10/2328/1290;FASE 10;BOT_CENTRAL_SUR_INF;1039,211975;3;ESPERANZA
21-06-2023;PA4;C08;CAT 797 B;Lastre Oxidado;ESP/F10/2328/1290;FASE 10;BOT-ESTE;2771,22998;8;ESPERANZA
21-06-2023;PA4;C10;CAT 797 B;Lastre Oxidado;ESP/F10/2328/1290;FASE 10;BOT_CENTRAL_SUR_INF;346,4039917;1;ESPERANZA
21-06-2023;PA4;C11;CAT 797 B;Lastre Oxidado;ESP/F10/2328/1290;FASE 10;BOT_CENTRAL_SUR_INF;1385,619995;4;ESPERANZA
21-06-2023;PA4;C11;CAT 797 B;Lastre Oxidado;ESP/F10/2328/1290;FASE 10;BOT-ESTE;1385,619995;4;ESPERANZA
21-06-2023;PA4;C122;CAT 793 C;Lastre Oxidado;ESP/F10/2328/129;FASE 10;BOT_CENTRAL_SUR_INF;649,309021;3;ESPERANZA
21-06-2023;PA4;C122;CAT 793 C;Lastre Oxidado;ESP/F10/2328/1290;FASE 10;BOT_CENTRAL_SUR_INF;216,4360046;1;ESPERANZA
21-06-2023;PA4;C122;CAT 793 C;Lastre Oxidado;ESP/F10/2328/1290;FASE 10;BOT-ESTE;1731,489075;8;ESPERANZA
21-06-2023;PA4;C123;CAT 793 C;Lastre Oxidado;ESP/F10/2328/129;FASE 10;BOT_CENTRAL_SUR_INF;649,309021;3;ESPERANZA
21-06-2023;PA4;C123;CAT 793 C;Lastre Oxidado;ESP/F10/2328/1290;FASE 10;BOT-ESTE;865,7459717;4;ESPERANZA
21-06-2023;PA4;C125;CAT 793 C;Lastre Oxidado;ESP/F10/2328/129;FASE 10;BOT_CENTRAL_SUR_INF;1298,619995;6;ESPERANZA
21-06-2023;PA4;C125;CAT 793 C;Lastre Oxidado;ESP/F10/2328/1290;FASE 10;BOT_CENTRAL_SUR_INF;1082,181976;5;ESPERANZA
21-06-2023;PA4;C125;CAT 793 C;Lastre Oxidado;ESP/F10/2328/1290;FASE 10;BOT-ESTE;649,309021;3;ESPERANZA
21-06-2023;PA4;C128;CAT 793 C;Lastre Oxidado;ESP/F10/2328/129;FASE 10;BOT_CENTRAL_SUR_INF;432,8729858;2;ESPERANZA
21-06-2023;PA4;C128;CAT 793 C;Lastre Oxidado;ESP/F10/2328/1290;FASE 10;BOT_CENTRAL_SUR_INF;649,309021;3;ESPERANZA
21-06-2023;PA4;C129;CAT 793 C;Lastre Oxidado;ESP/F10/2328/1290;FASE 10;BOT_CENTRAL_SUR_INF;216,4360046;1;ESPERANZA
21-06-2023;PA4;C13;CAT 797 B;Lastre Oxidado;ESP/F10/2328/1290;FASE 10;BOT_CENTRAL_SUR_INF;692,8079834;2;ESPERANZA
21-06-2023;PA4;C13;CAT 797 B;Lastre Oxidado;ESP/F10/2328/1290;FASE 10;BOT-ESTE;1039,209961;3;ESPERANZA
21-06-2023;PA4;C131;CAT 793 C;Lastre Oxidado;ESP/F10/2328/129;FASE 10;BOT_CENTRAL_SUR_INF;432,8729858;2;ESPERANZA
21-06-2023;PA4;C132;CAT 793 C;Lastre Oxidado;ESP/F10/2328/1290;FASE 10;BOT-ESTE;865,7459717;4;ESPERANZA
21-06-2023;PA4;C135;CAT 793 C;Lastre Oxidado;ESP/F10/2328/129;FASE 10;BOT_CENTRAL_SUR_INF;865,7459717;4;ESPERANZA
21-06-2023;PA4;C135;CAT 793 C;Lastre Oxidado;ESP/F10/2328/1290;FASE 10;BOT_CENTRAL_SUR_INF;865,7459717;4;ESPERANZA
21-06-2023;PA4;C14;CAT 797 B;Lastre Oxidado;ESP/F10/2328/1290;FASE 10;BOT_CENTRAL_SUR_INF;692,8079834;2;ESPERANZA
21-06-2023;PA4;C15;CAT 797 B;Lastre Oxidado;ESP/F10/2328/1290;FASE 10;BOT-ESTE;346,4039917;1;ESPERANZA
21-06-2023;PA4;C151;CAT 793 F;Lastre Oxidado;ESP/F10/2328/129;FASE 10;BOT_CENTRAL_SUR_INF;216,4360046;1;ESPERANZA
21-06-2023;PA4;C151;CAT 793 F;Lastre Oxidado;ESP/F10/2328/1290;FASE 10;BOT-ESTE;216,4360046;1;ESPERANZA
21-06-2023;PA4;C152;CAT 793 F;Lastre Oxidado;ESP/F10/2328/129;FASE 10;BOT_CENTRAL_SUR_INF;432,8729858;2;ESPERANZA
21-06-2023;PA4;C152;CAT 793 F;Lastre Oxidado;ESP/F10/2328/1290;FASE 10;BOT_CENTRAL_SUR_INF;216,4360046;1;ESPERANZA
21-06-2023;PA4;C152;CAT 793 F;Lastre Oxidado;ESP/F10/2328/1290;FASE 10;BOT-ESTE;649,309021;3;ESPERANZA
21-06-2023;PA4;C153;CAT 793 F;Lastre Oxidado;ESP/F10/2328/129;FASE 10;BOT_CENTRAL_SUR_INF;865,7450256;4;ESPERANZA
21-06-2023;PA4;C153;CAT 793 F;Lastre Oxidado;ESP/F10/2328/1290;FASE 10;BOT_CENTRAL_SUR_INF;216,4360046;1;ESPERANZA
21-06-2023;PA4;C154;CAT 793 F;Lastre Oxidado;ESP/F10/2328/129;FASE 10;BOT_CENTRAL_SUR_INF;216,4360046;1;ESPERANZA
21-06-2023;PA4;C154;CAT 793 F;Lastre Oxidado;ESP/F10/2328/1290;FASE 10;BOT_CENTRAL_SUR_INF;432,8720093;2;ESPERANZA
21-06-2023;PA4;C155;CAT 793 F;Lastre Oxidado;ESP/F10/2328/129;FASE 10;BOT_CENTRAL_SUR_INF;432,8729858;2;ESPERANZA
21-06-2023;PA4;C155;CAT 793 F;Lastre Oxidado;ESP/F10/2328/1290;FASE 10;BOT_CENTRAL_SUR_INF;432,8720093;2;ESPERANZA
21-06-2023;PA4;C156;CAT 793 F;Lastre Oxidado;ESP/F10/2328/129;FASE 10;BOT_CENTRAL_SUR_INF;432,8729858;2;ESPERANZA
21-06-2023;PA4;C156;CAT 793 F;Lastre Oxidado;ESP/F10/2328/1290;FASE 10;BOT_CENTRAL_SUR_INF;649,3089905;3;ESPERANZA
21-06-2023;PA4;C159;CAT 793 F;Lastre Oxidado;ESP/F10/2328/129;FASE 10;BOT_CENTRAL_SUR_INF;649,309021;3;ESPERANZA
21-06-2023;PA4;C159;CAT 793 F;Lastre Oxidado;ESP/F10/2328/1290;FASE 10;BOT_CENTRAL_SUR_INF;216,4360046;1;ESPERANZA
21-06-2023;PA4;C16;CAT 797 B;Lastre Oxidado;ESP/F10/2328/1290;FASE 10;BOT_CENTRAL_SUR_INF;692,8079834;2;ESPERANZA
21-06-2023;PA4;C16;CAT 797 B;Lastre Oxidado;ESP/F10/2328/1290;FASE 10;BOT-ESTE;692,8079834;2;ESPERANZA
21-06-2023;PA4;C160;CAT 793 F;Lastre Oxidado;ESP/F10/2328/129;FASE 10;BOT_CENTRAL_SUR_INF;432,8729858;2;ESPERANZA
21-06-2023;PA4;C162;CAT 793 F;Lastre Oxidado;ESP/F10/2328/1290;FASE 10;BOT-ESTE;865,7450256;4;ESPERANZA
21-06-2023;PA4;C163;CAT 793 F;Lastre Oxidado;ESP/F10/2328/129;FASE 10;BOT_CENTRAL_SUR_INF;649,3089905;3;ESPERANZA
21-06-2023;PA4;C163;CAT 793 F;Lastre Oxidado;ESP/F10/2328/1290;FASE 10;BOT_CENTRAL_SUR_INF;649,309021;3;ESPERANZA
21-06-2023;PA4;C163;CAT 793 F;Lastre Oxidado;ESP/F10/2328/1290;FASE 10;BOT-ESTE;216,4360046;1;ESPERANZA
21-06-2023;PA4;C164;CAT 793 F;Lastre Oxidado;ESP/F10/2328/129;FASE 10;BOT_CENTRAL_SUR_INF;865,7459717;4;ESPERANZA
21-06-2023;PA4;C164;CAT 793 F;Lastre Oxidado;ESP/F10/2328/1290;FASE 10;BOT_CENTRAL_SUR_INF;432,8729858;2;ESPERANZA
21-06-2023;PA4;C17;CAT 797 F;Lastre Oxidado;ESP/F10/2328/129;FASE 10;BOT_CENTRAL_SUR_INF;692,8079834;2;ESPERANZA
21-06-2023;PA4;C17;CAT 797 F;Lastre Oxidado;ESP/F10/2328/1290;FASE 10;BOT_CENTRAL_SUR_INF;346,4039917;1;ESPERANZA
21-06-2023;PA4;C18;CAT 797 F;Lastre Oxidado;ESP/F10/2328/129;FASE 10;BOT_CENTRAL_SUR_INF;1385,619995;4;ESPERANZA
21-06-2023;PA4;C18;CAT 797 F;Lastre Oxidado;ESP/F10/2328/1290;FASE 10;BOT-ESTE;692,8079834;2;ESPERANZA
21-06-2023;PA4;C21;CAT 797 F;Lastre Oxidado;ESP/F10/2328/1290;FASE 10;BOT-ESTE;2424,830078;7;ESPERANZA
21-06-2023;PA4;C23;CAT 797 F;Lastre Oxidado;ESP/F10/2328/1290;FASE 10;BOT-ESTE;1385,613953;4;ESPERANZA
21-06-2023;PA4;C25;CAT 797 F;Lastre Oxidado;ESP/F10/2328/1290;FASE 10;BOT-ESTE;1732,02002;5;ESPERANZA
21-06-2023;PA4;C37;CAT 797 F;Lastre Oxidado;ESP/F10/2328/1290;FASE 10;BOT_CENTRAL_SUR_INF;346,4039917;1;ESPERANZA
21-06-2023;PA4;C39;CAT 797 F;Lastre Oxidado;ESP/F10/2328/129;FASE 10;BOT_CENTRAL_SUR_INF;692,8079834;2;ESPERANZA
21-06-2023;PA4;C40;CAT 797 F;Lastre Oxidado;ESP/F10/2328/1290;FASE 10;BOT-ESTE;1385,613953;4;ESPERANZA
21-06-2023;PA4;C42;CAT 797 F;Lastre Oxidado;ESP/F10/2328/1290;FASE 10;BOT-ESTE;692,8079834;2;ESPERANZA
21-06-2023;PA4;C45;CAT 797 F;Lastre Oxidado;ESP/F10/2328/129;FASE 10;BOT_CENTRAL_SUR_INF;1385,615967;4;ESPERANZA
21-06-2023;PA4;C46;CAT 797 F;Lastre Oxidado;ESP/F10/2328/1290;FASE 10;BOT-ESTE;1732,02002;5;ESPERANZA
21-06-2023;PA4;C47;CAT 797 F;Lastre Oxidado;ESP/F10/2328/1290;FASE 10;BOT-ESTE;346,4039917;1;ESPERANZA
21-06-2023;PA4;C49;KOM 930 E;Lastre Oxidado;ESP/F10/2328/1290;FASE 10;BOT-ESTE;291;1;ESPERANZA
21-06-2023;PA4;C52;KOM 930 E;Lastre Oxidado;ESP/F10/2328/1290;FASE 10;BOT_CENTRAL_SUR_INF;291;1;ESPERANZA
21-06-2023;PA6;C07;CAT 797 B;Lastre Oxidado;ESP/F10/2296/1051;FASE 10;BOT_CENTRAL_SUR_INF;1732,023987;5;ESPERANZA
21-06-2023;PA6;C08;CAT 797 B;Lastre Oxidado;ESP/F10/2296/1051;FASE 10;BOT_CENTRAL_SUR_INF;1385,615967;4;ESPERANZA
21-06-2023;PA6;C10;CAT 797 B;Lastre Oxidado;ESP/F10/2296/1051;FASE 10;BOT_CENTRAL_SUR_INF;692,8079834;2;ESPERANZA
21-06-2023;PA6;C11;CAT 797 B;Lastre Oxidado;ESP/F10/2296/1051;FASE 10;BOT_CENTRAL_SUR_INF;1385,615967;4;ESPERANZA
21-06-2023;PA6;C122;CAT 793 C;Lastre Oxidado;ESP/F10/2296/1051;FASE 10;BOT_CENTRAL_SUR_INF;1298,618011;6;ESPERANZA
21-06-2023;PA6;C123;CAT 793 C;Lastre Oxidado;ESP/F10/2296/1051;FASE 10;BOT_CENTRAL_SUR_INF;432,8729858;2;ESPERANZA
21-06-2023;PA6;C125;CAT 793 C;Lastre Oxidado;ESP/F10/2296/1051;FASE 10;BOT_CENTRAL_SUR_INF;1731,490967;8;ESPERANZA
21-06-2023;PA6;C128;CAT 793 C;Lastre Oxidado;ESP/F10/2296/1051;FASE 10;BOT_CENTRAL_SUR_INF;1515,054016;7;ESPERANZA
21-06-2023;PA6;C128;CAT 793 C;Lastre Oxidado;ESP/F10/2296/1051;FASE 10;BOT_MIJO;432,8720093;2;ESPERANZA
21-06-2023;PA6;C13;CAT 797 B;Lastre Oxidado;ESP/F10/2296/1051;FASE 10;BOT_CENTRAL_SUR_INF;2771,23999;8;ESPERANZA
21-06-2023;PA6;C131;CAT 793 C;Lastre Oxidado;ESP/F10/2296/1051;FASE 10;BOT_CENTRAL_SUR_INF;216,4360046;1;ESPERANZA
21-06-2023;PA6;C135;CAT 793 C;Lastre Oxidado;ESP/F10/2296/1051;FASE 10;BOT_CENTRAL_SUR_INF;2380,80603;11;ESPERANZA
21-06-2023;PA6;C14;CAT 797 B;Lastre Oxidado;ESP/F10/2296/1051;FASE 10;BOT_CENTRAL_SUR_INF;1039,211975;3;ESPERANZA
21-06-2023;PA6;C15;CAT 797 B;Lastre Oxidado;ESP/F10/2296/1051;FASE 10;BOT_CENTRAL_SUR_INF;692,8079834;2;ESPERANZA
21-06-2023;PA6;C152;CAT 793 F;Lastre Oxidado;ESP/F10/2296/1051;FASE 10;BOT_CENTRAL_SUR_INF;1515,060059;7;ESPERANZA
21-06-2023;PA6;C153;CAT 793 F;Lastre Oxidado;ESP/F10/2296/1051;FASE 10;BOT_CENTRAL_SUR_INF;1731,496063;8;ESPERANZA
21-06-2023;PA6;C155;CAT 793 F;Lastre Oxidado;ESP/F10/2296/1051;FASE 10;BOT_CENTRAL_SUR_INF;3030,108002;14;ESPERANZA
21-06-2023;PA6;C156;CAT 793 F;Lastre Oxidado;ESP/F10/2296/1051;FASE 10;BOT_CENTRAL_SUR_INF;432,8729858;2;ESPERANZA
21-06-2023;PA6;C159;CAT 793 F;Lastre Oxidado;ESP/F10/2296/1051;FASE 10;BOT_CENTRAL_SUR_INF;1298,618011;6;ESPERANZA
21-06-2023;PA6;C16;CAT 797 B;Lastre Oxidado;ESP/F10/2296/1051;FASE 10;BOT_CENTRAL_SUR_INF;2078,419922;6;ESPERANZA
21-06-2023;PA6;C163;CAT 793 F;Lastre Oxidado;ESP/F10/2296/1051;FASE 10;BOT_CENTRAL_SUR_INF;432,8720093;2;ESPERANZA
21-06-2023;PA6;C163;CAT 793 F;Lastre Oxidado;ESP/F10/2296/1051;FASE 10;BOT_MIJO;216,4360046;1;ESPERANZA
21-06-2023;PA6;C164;CAT 793 F;Lastre Oxidado;ESP/F10/2296/1051;FASE 10;BOT_CENTRAL_SUR_INF;649,3080139;3;ESPERANZA
21-06-2023;PA6;C17;CAT 797 F;Lastre Oxidado;ESP/F10/2296/1051;FASE 10;BOT_CENTRAL_SUR_INF;1385,619995;4;ESPERANZA
21-06-2023;PA6;C18;CAT 797 F;Lastre Oxidado;ESP/F10/2296/1051;FASE 10;BOT_CENTRAL_SUR_INF;1039,211975;3;ESPERANZA
21-06-2023;PA6;C23;CAT 797 F;Lastre Oxidado;ESP/F10/2296/1051;FASE 10;BOT_CENTRAL_SUR_INF;1039,209961;3;ESPERANZA
21-06-2023;PA6;C24;CAT 797 F;Lastre Oxidado;ESP/F10/2296/1051;FASE 10;BOT_CENTRAL_SUR_INF;1385,613953;4;ESPERANZA
21-06-2023;PA6;C25;CAT 797 F;Lastre Oxidado;ESP/F10/2296/1051;FASE 10;BOT_CENTRAL_SUR_INF;692,8079834;2;ESPERANZA
21-06-2023;PA6;C39;CAT 797 F;Lastre Oxidado;ESP/F10/2296/1051;FASE 10;BOT_CENTRAL_SUR_INF;1039,209961;3;ESPERANZA
21-06-2023;PA6;C43;CAT 797 F;Lastre Oxidado;ESP/F10/2296/1051;FASE 10;BOT_CENTRAL_SUR_INF;346,4039917;1;ESPERANZA
21-06-2023;PA6;C46;CAT 797 F;Lastre Oxidado;ESP/F10/2296/1051;FASE 10;BOT_CENTRAL_SUR_INF;346,4039917;1;ESPERANZA
21-06-2023;PA6;C52;KOM 930 E;Lastre Oxidado;ESP/F10/2296/1051;FASE 10;BOT_MIJO;291;1;ESPERANZA
21-06-2023;PA6;C56;KOM 930 E;Lastre Oxidado;ESP/F10/2296/1051;FASE 10;BOT_CENTRAL_SUR_INF;291;1;ESPERANZA
21-06-2023;PA6;C59;KOM 930 E;Lastre Oxidado;ESP/F10/2296/1051;FASE 10;BOT_MIJO;291;1;ESPERANZA
21-06-2023;PA7;C07;CAT 797 B;Lastre Sulfurado;ESP/F07/2104/7071;FASE 7;BOT_2380_INT;2078,419922;6;ESPERANZA
21-06-2023;PA7;C07;CAT 797 B;Lastre Sulfurado;ESP/F07/2104/710;FASE 7;BOT_2380_INT;2078,419922;6;ESPERANZA
21-06-2023;PA7;C08;CAT 797 B;Lastre Sulfurado;ESP/F07/2104/7071;FASE 7;BOT_2380_INT;1385,613953;4;ESPERANZA
21-06-2023;PA7;C08;CAT 797 B;Lastre Sulfurado;ESP/F07/2104/710;FASE 7;BOT_2380_INT;346,4039917;1;ESPERANZA
21-06-2023;PA7;C09;CAT 797 B;Lastre Sulfurado;ESP/F07/2104/7071;FASE 7;BOT_2380_INT;1732,023987;5;ESPERANZA
21-06-2023;PA7;C09;CAT 797 B;Lastre Sulfurado;ESP/F07/2104/710;FASE 7;BOT_2380_INT;346,4039917;1;ESPERANZA
21-06-2023;PA7;C10;CAT 797 B;Lastre Sulfurado;ESP/F07/2104/7071;FASE 7;BOT_2380_INT;2078,419922;6;ESPERANZA
21-06-2023;PA7;C10;CAT 797 B;Lastre Sulfurado;ESP/F07/2104/710;FASE 7;BOT_2380_INT;1039,209961;3;ESPERANZA
21-06-2023;PA7;C11;CAT 797 B;Lastre Sulfurado;ESP/F07/2104/7071;FASE 7;BOT_2380_INT;1385,615967;4;ESPERANZA
21-06-2023;PA7;C11;CAT 797 B;Lastre Sulfurado;ESP/F07/2104/710;FASE 7;BOT_2380_INT;1732,02002;5;ESPERANZA
21-06-2023;PA7;C13;CAT 797 B;Lastre Sulfurado;ESP/F07/2104/7071;FASE 7;BOT_2380_INT;1385,613953;4;ESPERANZA
21-06-2023;PA7;C13;CAT 797 B;Lastre Sulfurado;ESP/F07/2104/710;FASE 7;BOT_2380_INT;692,8079834;2;ESPERANZA
21-06-2023;PA7;C130;CAT 793 C;Lastre Sulfurado;ESP/F07/2104/7071;FASE 7;BOT_2380_INT;432,8729858;2;ESPERANZA
21-06-2023;PA7;C135;CAT 793 C;Lastre Sulfurado;ESP/F07/2104/7071;FASE 7;BOT_2380_INT;216,4360046;1;ESPERANZA
21-06-2023;PA7;C14;CAT 797 B;Lastre Sulfurado;ESP/F07/2104/7071;FASE 7;BOT_2380_INT;346,4039917;1;ESPERANZA
21-06-2023;PA7;C14;CAT 797 B;Lastre Sulfurado;ESP/F07/2104/710;FASE 7;BOT_2380_INT;692,8079834;2;ESPERANZA
21-06-2023;PA7;C15;CAT 797 B;Lastre Sulfurado;ESP/F07/2104/7071;FASE 7;BOT_2380_INT;2771,227905;8;ESPERANZA
21-06-2023;PA7;C15;CAT 797 B;Lastre Sulfurado;ESP/F07/2104/710;FASE 7;BOT_2380_INT;1039,211975;3;ESPERANZA
21-06-2023;PA7;C151;CAT 793 F;Lastre Sulfurado;ESP/F07/2104/7071;FASE 7;BOT_2380_INT;649,3089905;3;ESPERANZA
21-06-2023;PA7;C152;CAT 793 F;Lastre Sulfurado;ESP/F07/2104/7071;FASE 7;BOT_CENTRAL_SUR_INF;216,4360046;1;ESPERANZA
21-06-2023;PA7;C156;CAT 793 F;Lastre Sulfurado;ESP/F07/2104/7071;FASE 7;BOT_2380_INT;216,4360046;1;ESPERANZA
21-06-2023;PA7;C156;CAT 793 F;Lastre Sulfurado;ESP/F07/2104/710;FASE 7;BOT_2380_INT;432,8729858;2;ESPERANZA
21-06-2023;PA7;C159;CAT 793 F;Lastre Sulfurado;ESP/F07/2104/710;FASE 7;BOT_2380_INT;865,7450256;4;ESPERANZA
21-06-2023;PA7;C16;CAT 797 B;Lastre Sulfurado;ESP/F07/2104/7071;FASE 7;BOT_2380_INT;692,8079834;2;ESPERANZA
21-06-2023;PA7;C16;CAT 797 B;Lastre Sulfurado;ESP/F07/2104/710;FASE 7;BOT_2380_INT;346,4039917;1;ESPERANZA
21-06-2023;PA7;C161;CAT 793 F;Lastre Sulfurado;ESP/F07/2104/7071;FASE 7;BOT_2380_INT;649,3089905;3;ESPERANZA
21-06-2023;PA7;C162;CAT 793 F;Lastre Sulfurado;ESP/F07/2104/7071;FASE 7;BOT_2380_INT;432,8720093;2;ESPERANZA
21-06-2023;PA7;C163;CAT 793 F;Lastre Sulfurado;ESP/F07/2104/710;FASE 7;BOT_2380_INT;216,4360046;1;ESPERANZA
21-06-2023;PA7;C164;CAT 793 F;Lastre Sulfurado;ESP/F07/2104/7071;FASE 7;BOT_2380_INT;216,4360046;1;ESPERANZA
21-06-2023;PA7;C17;CAT 797 F;Lastre Sulfurado;ESP/F07/2104/7071;FASE 7;BOT_2380_INT;1732,017944;5;ESPERANZA
21-06-2023;PA7;C17;CAT 797 F;Lastre Sulfurado;ESP/F07/2104/7071;FASE 7;BOT_MIJO;346,4039917;1;ESPERANZA
21-06-2023;PA7;C18;CAT 797 F;Lastre Sulfurado;ESP/F07/2104/7071;FASE 7;BOT_2380_INT;1039,211975;3;ESPERANZA
21-06-2023;PA7;C19;CAT 797 F;Lastre Sulfurado;ESP/F07/2104/7071;FASE 7;BOT_2380_INT;692,8079834;2;ESPERANZA
21-06-2023;PA7;C19;CAT 797 F;Lastre Sulfurado;ESP/F07/2104/710;FASE 7;BOT_2380_INT;1732,017944;5;ESPERANZA
21-06-2023;PA7;C20;CAT 797 F;Lastre Sulfurado;ESP/F07/2104/7071;FASE 7;BOT_2380_INT;346,4039917;1;ESPERANZA
21-06-2023;PA7;C21;CAT 797 F;Lastre Sulfurado;ESP/F07/2104/7071;FASE 7;BOT_2380_INT;346,4039917;1;ESPERANZA
21-06-2023;PA7;C22;CAT 797 F;Lastre Sulfurado;ESP/F07/2104/7071;FASE 7;BOT_2380_INT;3464,039917;10;ESPERANZA
21-06-2023;PA7;C22;CAT 797 F;Lastre Sulfurado;ESP/F07/2104/710;FASE 7;BOT_2380_INT;1385,613953;4;ESPERANZA
21-06-2023;PA7;C23;CAT 797 F;Lastre Sulfurado;ESP/F07/2104/7071;FASE 7;BOT_2380_INT;1039,209961;3;ESPERANZA
21-06-2023;PA7;C24;CAT 797 F;Lastre Sulfurado;ESP/F07/2104/7071;FASE 7;BOT_2380_INT;2424,823914;7;ESPERANZA
21-06-2023;PA7;C25;CAT 797 F;Lastre Sulfurado;ESP/F07/2104/7071;FASE 7;BOT_2380_INT;1039,211975;3;ESPERANZA
21-06-2023;PA7;C32;CAT 797 F;Lastre Sulfurado;ESP/F07/2104/7071;FASE 7;BOT_2380_INT;346,4039917;1;ESPERANZA
21-06-2023;PA7;C34;CAT 797 F;Lastre Sulfurado;ESP/F07/2104/7071;FASE 7;BOT_2380_INT;3117,638062;9;ESPERANZA
21-06-2023;PA7;C34;CAT 797 F;Lastre Sulfurado;ESP/F07/2104/710;FASE 7;BOT_2380_INT;346,4039917;1;ESPERANZA
21-06-2023;PA7;C36;CAT 797 F;Lastre Sulfurado;ESP/F07/2104/7071;FASE 7;BOT_2380_INT;2078,427979;6;ESPERANZA
21-06-2023;PA7;C37;CAT 797 F;Lastre Sulfurado;ESP/F07/2104/7071;FASE 7;BOT_2380_INT;1039,211975;3;ESPERANZA
21-06-2023;PA7;C37;CAT 797 F;Lastre Sulfurado;ESP/F07/2104/710;FASE 7;BOT_2380_INT;1385,619995;4;ESPERANZA
21-06-2023;PA7;C38;CAT 797 F;Lastre Sulfurado;ESP/F07/2104/7071;FASE 7;BOT_2380_INT;2424,828003;7;ESPERANZA
21-06-2023;PA7;C38;CAT 797 F;Lastre Sulfurado;ESP/F07/2104/710;FASE 7;BOT_2380_INT;1039,209961;3;ESPERANZA
21-06-2023;PA7;C39;CAT 797 F;Lastre Sulfurado;ESP/F07/2104/7071;FASE 7;BOT_2380_INT;1039,211975;3;ESPERANZA
21-06-2023;PA7;C39;CAT 797 F;Lastre Sulfurado;ESP/F07/2104/710;FASE 7;BOT_2380_INT;1039,209961;3;ESPERANZA
21-06-2023;PA7;C40;CAT 797 F;Lastre Sulfurado;ESP/F07/2104/7071;FASE 7;BOT_2380_INT;4503,24585;13;ESPERANZA
21-06-2023;PA7;C41;CAT 797 F;Lastre Sulfurado;ESP/F07/2104/7071;FASE 7;BOT_2380_INT;1732,017944;5;ESPERANZA
21-06-2023;PA7;C41;CAT 797 F;Lastre Sulfurado;ESP/F07/2104/710;FASE 7;BOT_2380_INT;1039,209961;3;ESPERANZA
21-06-2023;PA7;C42;CAT 797 F;Lastre Sulfurado;ESP/F07/2104/7071;FASE 7;BOT_2380_INT;2771,231995;8;ESPERANZA
21-06-2023;PA7;C42;CAT 797 F;Lastre Sulfurado;ESP/F07/2104/7071;FASE 7;BOT_INT_RB;346,4039917;1;ESPERANZA
21-06-2023;PA7;C42;CAT 797 F;Lastre Sulfurado;ESP/F07/2104/710;FASE 7;BOT_2380_INT;346,4039917;1;ESPERANZA
21-06-2023;PA7;C43;CAT 797 F;Lastre Sulfurado;ESP/F07/2104/7071;FASE 7;BOT_2380_INT;1385,619995;4;ESPERANZA
21-06-2023;PA7;C43;CAT 797 F;Lastre Sulfurado;ESP/F07/2104/710;FASE 7;BOT_2380_INT;692,8079834;2;ESPERANZA
21-06-2023;PA7;C44;CAT 797 F;Lastre Sulfurado;ESP/F07/2104/7071;FASE 7;BOT_2380_INT;3464,037964;10;ESPERANZA
21-06-2023;PA7;C44;CAT 797 F;Lastre Sulfurado;ESP/F07/2104/710;FASE 7;BOT_2380_INT;692,8079834;2;ESPERANZA
21-06-2023;PA7;C45;CAT 797 F;Lastre Sulfurado;ESP/F07/2104/7071;FASE 7;BOT_2380_INT;346,4039917;1;ESPERANZA
21-06-2023;PA7;C45;CAT 797 F;Lastre Sulfurado;ESP/F07/2104/710;FASE 7;BOT_2380_INT;1039,209961;3;ESPERANZA
21-06-2023;PA7;C46;CAT 797 F;Lastre Sulfurado;ESP/F07/2104/7071;FASE 7;BOT_2380_INT;692,8079834;2;ESPERANZA
21-06-2023;PA7;C46;CAT 797 F;Lastre Sulfurado;ESP/F07/2104/710;FASE 7;BOT_2380_INT;1039,209961;3;ESPERANZA
21-06-2023;PA7;C47;CAT 797 F;Lastre Sulfurado;ESP/F07/2104/7071;FASE 7;BOT_2380_INT;692,8079834;2;ESPERANZA
21-06-2023;PA7;C47;CAT 797 F;Lastre Sulfurado;ESP/F07/2104/710;FASE 7;BOT_2380_INT;692,8079834;2;ESPERANZA
21-06-2023;PA7;C48;CAT 797 F;Lastre Sulfurado;ESP/F07/2104/7071;FASE 7;BOT_2380_INT;3810,444031;11;ESPERANZA
21-06-2023;PA7;C48;CAT 797 F;Lastre Sulfurado;ESP/F07/2104/710;FASE 7;BOT_2380_INT;1039,211975;3;ESPERANZA
21-06-2023;PA7;C49;KOM 930 E;Lastre Sulfurado;ESP/F07/2104/7071;FASE 7;BOT_2380_INT;1746;6;ESPERANZA
21-06-2023;PA7;C49;KOM 930 E;Lastre Sulfurado;ESP/F07/2104/710;FASE 7;BOT_2380_INT;873;3;ESPERANZA
21-06-2023;PA7;C50;KOM 930 E;Lastre Sulfurado;ESP/F07/2104/7071;FASE 7;BOT_2380_INT;1164;4;ESPERANZA
21-06-2023;PA7;C52;KOM 930 E;Lastre Sulfurado;ESP/F07/2104/7071;FASE 7;BOT_2380_INT;873;3;ESPERANZA
21-06-2023;PA7;C53;KOM 930 E;Lastre Sulfurado;ESP/F07/2104/7071;FASE 7;BOT_2380_INT;873;3;ESPERANZA
21-06-2023;PA7;C54;KOM 930 E;Lastre Sulfurado;ESP/F07/2104/7071;FASE 7;BOT_2380_INT;1164;4;ESPERANZA
21-06-2023;PA7;C55;KOM 930 E;Lastre Sulfurado;ESP/F07/2104/7071;FASE 7;BOT_2380_INT;1455;5;ESPERANZA
21-06-2023;PA7;C56;KOM 930 E;Lastre Sulfurado;ESP/F07/2104/7071;FASE 7;BOT_2380_INT;2037;7;ESPERANZA
21-06-2023;PA7;C57;KOM 930 E;Lastre Sulfurado;ESP/F07/2104/7071;FASE 7;BOT_2380_INT;2037;7;ESPERANZA
21-06-2023;PA7;C58;KOM 930 E;Lastre Sulfurado;ESP/F07/2104/7071;FASE 7;BOT_2380_INT;873;3;ESPERANZA
21-06-2023;PA7;C59;KOM 930 E;Lastre Sulfurado;ESP/F07/2104/7071;FASE 7;BOT_2380_INT;582;2;ESPERANZA
21-06-2023;PA7;C60;KOM 930 E;Lastre Sulfurado;ESP/F07/2104/7071;FASE 7;BOT_2380_INT;873;3;ESPERANZA
21-06-2023;PA7;C60;KOM 930 E;Lastre Sulfurado;ESP/F07/2104/7071;FASE 7;BOT_CENTRAL_SUR_INF;582;2;ESPERANZA
21-06-2023;PA7;C61;KOM 930 E;Lastre Sulfurado;ESP/F07/2104/7071;FASE 7;BOT_2380_INT;2037;7;ESPERANZA
21-06-2023;PA9;C08;CAT 797 B;Lastre Sulfurado;ESP/F07/2104/710;FASE 7;BOT_2380_INT;346,4039917;1;ESPERANZA
21-06-2023;PA9;C10;CAT 797 B;Lastre Sulfurado;ESP/F07/2104/710;FASE 7;BOT_CENTRAL_SUR_INF;346,4039917;1;ESPERANZA
21-06-2023;PA9;C135;CAT 793 C;Lastre Sulfurado;ESP/F07/2104/710;FASE 7;BOT_MIJO;216,4360046;1;ESPERANZA
21-06-2023;PA9;C14;CAT 797 B;Lastre Sulfurado;ESP/F07/2104/710;FASE 7;BOT_2380_INT;346,4039917;1;ESPERANZA
21-06-2023;PA9;C15;CAT 797 B;Lastre Sulfurado;ESP/F07/2104/710;FASE 7;BOT_2380_INT;692,8079834;2;ESPERANZA
21-06-2023;PA9;C154;CAT 793 F;Lastre Sulfurado;ESP/F07/2104/710;FASE 7;BOT_2380_INT;432,8729858;2;ESPERANZA
21-06-2023;PA9;C19;CAT 797 F;Lastre Sulfurado;ESP/F07/2104/710;FASE 7;BOT_2380_INT;346,4039917;1;ESPERANZA
21-06-2023;PA9;C40;CAT 797 F;Lastre Sulfurado;ESP/F07/2104/710;FASE 7;BOT_2380_INT;346,4039917;1;ESPERANZA
21-06-2023;PA9;C41;CAT 797 F;Lastre Sulfurado;ESP/F07/2104/701;FASE 7;BOT_CENTRAL_SUR_INF;346,4039917;1;ESPERANZA
21-06-2023;PA9;C43;CAT 797 F;Lastre Sulfurado;ESP/F07/2104/710;FASE 7;BOT_2380_INT;692,8079834;2;ESPERANZA
21-06-2023;PA9;C44;CAT 797 F;Lastre Sulfurado;ESP/F07/2104/701;FASE 7;BOT_2380_INT;346,4039917;1;ESPERANZA
21-06-2023;PA9;C45;CAT 797 F;Lastre Sulfurado;ESP/F07/2104/710;FASE 7;BOT_2380_INT;692,8079834;2;ESPERANZA
21-06-2023;PA9;C46;CAT 797 F;Lastre Sulfurado;ESP/F07/2104/710;FASE 7;BOT_MIJO;346,4039917;1;ESPERANZA
21-06-2023;PAESPS;C980AHSESPS;Kom 980 AHS;Lastre Oxidado;ESS/F03/2216/324;F03 ESPSUR;BOTADERO_2021;720;2;ESPERANZA_SUR
21-06-2023;PAESPS;C980AHSESPS;Kom 980 AHS;Lastre Oxidado;ESS/F03/2232/336;F03 ESPSUR;BOTADERO_2021;19080;53;ESPERANZA_SUR
21-06-2023;PATH01;C701;LIEBHERR 264 ;LASTRE (LAS);LLA/F01/2295/102;F01 LLA;BOT_TSS;48618;222;LLANO
21-06-2023;PATH01;C701;LIEBHERR 264 ;LASTRE (LAS);LLA/F01/2295/103;F01 LLA;BOT_TSS;10293;47;LLANO
21-06-2023;PATH01;C701;LIEBHERR 264 ;LASTRE (LAS);LLA/F01/2295/104;F01 LLA;BOT_TSS;3066;14;LLANO
21-06-2023;PATH01;C701;LIEBHERR 264 ;LASTRE (LAS);LLA/F01/2295/106;F01 LLA;BOT_TSS;2409;11;LLANO
21-06-2023;PATH01;C701;LIEBHERR 264 ;LASTRE (LAS);LLA/F01/2295/1060;F01 LLA;BOT_TSS;29127;133;LLANO
21-06-2023;PATH01;C701;LIEBHERR 264 ;LASTRE (LAS);LLA/F01/2302.5/1080;F01 LLA;BOT_TSS;6789;31;LLANO
21-06-2023;PATH01;C701;LIEBHERR 264 ;LASTRE (LAS);LLA/F02/2302.5/209;F02 LLA;BOT_TSS;19053;87;LLANO
21-06-2023;PATH01;C793OXE;CAT 793 OXE;L21;04_2376_455;FASE 04 ENC;BOT_2400_1;47740;217;ENCUENTRO
21-06-2023;PATH01;C793OXE;CAT 793 OXE;L21;04_2376_455;FASE 04 ENC;BOT_2440;39380;179;ENCUENTRO
21-06-2023;PATH01;C793OXE;CAT 793 OXE;OBR;MOD_E_REM;ENCUENTRO OXE;CHANCADO-ENCUENTRO;11880;54;ENCUENTRO
21-06-2023;PATH01;C793OXE;CAT 793 OXE;OXIDO BAJA LEY (OXBL);OXE/F04/2144/415;FASE 04 ENC;CHANCADO-ENCUENTRO;4840;22;ENCUENTRO
21-06-2023;PATH01;C793OXE;CAT 793 OXE;OXIDO BAJA LEY (OXBL);OXE/F04/2144/415;FASE 04 ENC;MOD E;660;3;ENCUENTRO
21-06-2023;PATH01;C793OXE;CAT 793 OXE;OXIDO BAJA LEY (OXBL);OXE/F04/2144/415;FASE 04 ENC;MOD F;440;2;ENCUENTRO
21-06-2023;PATH01;C793OXE;CAT 793 OXE;OXIDO BAJA LEY (OXBL);OXE/F04/2144/416;FASE 04 ENC;CHANCADO-ENCUENTRO;18260;83;ENCUENTRO
21-06-2023;PATH01;C793OXE;CAT 793 OXE;OXIDO BAJA LEY (OXBL);OXE/F04/2144/416;FASE 04 ENC;INCHANCABLES;220;1;ENCUENTRO
21-06-2023;PATH01;C793OXE;CAT 793 OXE;OXIDO BAJA LEY (OXBL);OXE/F04/2144/416;FASE 04 ENC;MOD E;12320;56;ENCUENTRO
21-06-2023;PATH01;C793OXE;CAT 793 OXE;OXIDO BAJA LEY (OXBL);OXE/F04/2144/416;FASE 04 ENC;MOD F;1100;5;ENCUENTRO
21-06-2023;PATH01;C793OXE;CAT 793 OXE;OXIDO MARGINAL (OXMAR);OXE/F04/2144/410;FASE 04 ENC;STOCK _MARGINAL_ESTE;7040;32;ENCUENTRO
21-06-2023;PATH01;C793OXE;CAT 793 OXE;OXIDO MARGINAL (OXMAR);OXE/F04/2144/417;FASE 04 ENC;STOCK _MARGINAL_ESTE;18480;84;ENCUENTRO