Fecha;Carguio;Camión;Flota;Material;Origen;Zona;Destino;Tonelaje;Ciclos;Rajo
22-06-2023;CF2;C07;CAT 797 B;Lastre Sulfurado;ESP/F10/2244/103;FASE 10;BOT-ESTE;346,4039917;1;ESPERANZA
22-06-2023;CF2;C08;CAT 797 B;Lastre Sulfurado;ESP/F10/2312/1290;FASE 10;BOT_CENTRAL_SUR_INF;346,4039917;1;ESPERANZA
22-06-2023;CF2;C09;CAT 797 B;Lastre Sulfurado;ESP/F10/2244/103;FASE 10;BOT-ESTE;1039,211975;3;ESPERANZA
22-06-2023;CF2;C09;CAT 797 B;Lastre Sulfurado;ESP/F10/2312/1290;FASE 10;BOT_CENTRAL_SUR_INF;692,8079834;2;ESPERANZA
22-06-2023;CF2;C09;CAT 797 B;Sulfuro Planta;STOCK_SPL_DIN;ESPERANZA;CHANCADO-SULFURO;692,8079834;2;ESPERANZA
22-06-2023;CF2;C10;CAT 797 B;Lastre Sulfurado;ESP/F10/2244/103;FASE 10;BOT-ESTE;1039,209961;3;ESPERANZA
22-06-2023;CF2;C10;CAT 797 B;Sulfuro Planta;STOCK_SPL_DIN;ESPERANZA;CHANCADO-SULFURO;1039,209961;3;ESPERANZA
22-06-2023;CF2;C11;CAT 797 B;Lastre Sulfurado;ESP/F10/2244/103;FASE 10;BOT_CENTRAL_SUR_INF;346,4039917;1;ESPERANZA
22-06-2023;CF2;C11;CAT 797 B;Lastre Sulfurado;ESP/F10/2244/103;FASE 10;BOT-ESTE;346,4039917;1;ESPERANZA
22-06-2023;CF2;C11;CAT 797 B;Lastre Sulfurado;ESP/F10/2312/1290;FASE 10;BOT_CENTRAL_SUR_INF;346,4039917;1;ESPERANZA
22-06-2023;CF2;C11;CAT 797 B;Lastre Sulfurado;ESP/F10/2312/1290;FASE 10;BOT-ESTE;346,4039917;1;ESPERANZA
22-06-2023;CF2;C12;CAT 797 B;Lastre Sulfurado;ESP/F10/2244/103;FASE 10;BOT_CENTRAL_SUR_INF;346,4039917;1;ESPERANZA
22-06-2023;CF2;C12;CAT 797 B;Lastre Sulfurado;ESP/F10/2244/103;FASE 10;BOT-ESTE;692,8079834;2;ESPERANZA
22-06-2023;CF2;C125;CAT 793 C;Lastre Sulfurado;ESP/F10/2244/103;FASE 10;BOT-ESTE;1298,619995;6;ESPERANZA
22-06-2023;CF2;C125;CAT 793 C;Lastre Sulfurado;ESP/F10/2312/1290;FASE 10;BOT_CENTRAL_SUR_INF;216,4360046;1;ESPERANZA
22-06-2023;CF2;C125;CAT 793 C;Lastre Sulfurado;ESP/F10/2312/1290;FASE 10;BOT-ESTE;216,4360046;1;ESPERANZA
22-06-2023;CF2;C128;CAT 793 C;Lastre Sulfurado;ESP/F10/2244/103;FASE 10;BOT-ESTE;432,8729858;2;ESPERANZA
22-06-2023;CF2;C128;CAT 793 C;Sulfuro Planta;STOCK_SPL_DIN;ESPERANZA;CHANCADO-SULFURO;650,8809814;3;ESPERANZA
22-06-2023;CF2;C13;CAT 797 B;Lastre Sulfurado;ESP/F10/2244/103;FASE 10;BOT_MIJO;346,4039917;1;ESPERANZA
22-06-2023;CF2;C13;CAT 797 B;Lastre Sulfurado;ESP/F10/2312/1290;FASE 10;BOT_CENTRAL_SUR_INF;346,4039917;1;ESPERANZA
22-06-2023;CF2;C131;CAT 793 C;Lastre Sulfurado;ESP/F10/2244/103;FASE 10;BOT_CENTRAL_SUR_INF;216,4360046;1;ESPERANZA
22-06-2023;CF2;C132;CAT 793 C;Lastre Sulfurado;ESP/F10/2244/103;FASE 10;BOT-ESTE;432,8729858;2;ESPERANZA
22-06-2023;CF2;C134;CAT 793 C;Lastre Sulfurado;ESP/F10/2244/103;FASE 10;BOT_CENTRAL_SUR_INF;216,4360046;1;ESPERANZA
22-06-2023;CF2;C14;CAT 797 B;Lastre Sulfurado;ESP/F10/2244/103;FASE 10;BOT_CENTRAL_SUR_INF;692,8079834;2;ESPERANZA
22-06-2023;CF2;C14;CAT 797 B;Lastre Sulfurado;ESP/F10/2244/103;FASE 10;BOT-ESTE;692,8079834;2;ESPERANZA
22-06-2023;CF2;C15;CAT 797 B;Lastre Sulfurado;ESP/F10/2244/103;FASE 10;BOT-ESTE;1039,211975;3;ESPERANZA
22-06-2023;CF2;C15;CAT 797 B;Lastre Sulfurado;ESP/F10/2312/1290;FASE 10;BOT_CENTRAL_SUR_INF;346,4039917;1;ESPERANZA
22-06-2023;CF2;C152;CAT 793 F;Lastre Sulfurado;ESP/F10/2244/103;FASE 10;BOT-ESTE;432,8729858;2;ESPERANZA
22-06-2023;CF2;C152;CAT 793 F;Sulfuro Planta;STOCK_SPL_DIN;ESPERANZA;CHANCADO-SULFURO;1084,800049;5;ESPERANZA
22-06-2023;CF2;C156;CAT 793 F;Lastre Sulfurado;ESP/F10/2244/103;FASE 10;BOT-ESTE;432,8729858;2;ESPERANZA
22-06-2023;CF2;C159;CAT 793 F;Lastre Sulfurado;ESP/F10/2244/103;FASE 10;BOT-ESTE;432,8720093;2;ESPERANZA
22-06-2023;CF2;C16;CAT 797 B;Lastre Sulfurado;ESP/F10/2244/103;FASE 10;BOT-ESTE;1385,613953;4;ESPERANZA
22-06-2023;CF2;C160;CAT 793 F;Lastre Sulfurado;ESP/F10/2244/103;FASE 10;BOT-ESTE;216,4360046;1;ESPERANZA
22-06-2023;CF2;C162;CAT 793 F;Lastre Sulfurado;ESP/F10/2244/103;FASE 10;BOT-ESTE;216,4360046;1;ESPERANZA
22-06-2023;CF2;C19;CAT 797 F;Lastre Sulfurado;ESP/F10/2244/103;FASE 10;BOT_CENTRAL_SUR_INF;346,4039917;1;ESPERANZA
22-06-2023;CF2;C19;CAT 797 F;Lastre Sulfurado;ESP/F10/2244/103;FASE 10;BOT-ESTE;1039,209961;3;ESPERANZA
22-06-2023;CF2;C21;CAT 797 F;Sulfuro Planta;STOCK_SPL_DIN;ESPERANZA;CHANCADO-SULFURO;692,8079834;2;ESPERANZA
22-06-2023;CF2;C22;CAT 797 F;Lastre Sulfurado;ESP/F10/2244/103;FASE 10;BOT_CENTRAL_SUR_INF;692,8079834;2;ESPERANZA
22-06-2023;CF2;C22;CAT 797 F;Lastre Sulfurado;ESP/F10/2244/103;FASE 10;BOT-ESTE;1039,211975;3;ESPERANZA
22-06-2023;CF2;C23;CAT 797 F;Lastre Sulfurado;ESP/F10/2312/1290;FASE 10;BOT-ESTE;346,4039917;1;ESPERANZA
22-06-2023;CF2;C43;CAT 797 F;Lastre Sulfurado;ESP/F10/2244/103;FASE 10;BOT_CENTRAL_SUR_INF;692,8079834;2;ESPERANZA
22-06-2023;CF2;C45;CAT 797 F;Lastre Sulfurado;ESP/F10/2244/103;FASE 10;BOT-ESTE;692,8079834;2;ESPERANZA
22-06-2023;CF2;C46;CAT 797 F;Lastre Sulfurado;ESP/F10/2244/103;FASE 10;BOT_CENTRAL_SUR_INF;692,8079834;2;ESPERANZA
22-06-2023;CF2;C46;CAT 797 F;Lastre Sulfurado;ESP/F10/2244/103;FASE 10;BOT-ESTE;1039,211975;3;ESPERANZA
22-06-2023;CF2;C50;KOM 930 E;Sulfuro Planta;STOCK_SPL_DIN;ESPERANZA;CHANCADO-SULFURO;873;3;ESPERANZA
22-06-2023;CF2;C61;KOM 930 E;Sulfuro Planta;STOCK_SPL_DIN;ESPERANZA;CHANCADO-SULFURO;291;1;ESPERANZA
22-06-2023;CF203;C121;CAT 793 C;Baja Ley 1;ST-TS_18;OXIDO;CHANCADO-OXIDO;216,4360046;1;TESORO
22-06-2023;CF203;C130;CAT 793 C;Baja Ley 1;ST-TS_18;OXIDO;CHANCADO-OXIDO;865,7450256;4;TESORO
22-06-2023;CF203;C132;CAT 793 C;Baja Ley 1;ST-TS_18;OXIDO;CHANCADO-OXIDO;2813,669922;13;TESORO
22-06-2023;CF203;C151;CAT 793 F;Baja Ley 1;ST-TS_18;OXIDO;CHANCADO-OXIDO;216,4360046;1;TESORO
22-06-2023;CF203;C155;CAT 793 F;Baja Ley 1;ST-TS_18;OXIDO;CHANCADO-OXIDO;3895,860107;18;TESORO
22-06-2023;CF203;C160;CAT 793 F;Baja Ley 1;ST-TS_18;OXIDO;CHANCADO-OXIDO;865,7450256;4;TESORO
22-06-2023;CF231;C122;CAT 793 C;Lastre Sulfurado;ESP/F10/2312/1290;FASE 10;BOT_CENTRAL_SUR_INF;1298,616058;6;ESPERANZA
22-06-2023;CF231;C123;CAT 793 C;Lastre Sulfurado;ESP/F10/2312/1290;FASE 10;BOT-ESTE;216,4360046;1;ESPERANZA
22-06-2023;CF231;C125;CAT 793 C;Lastre Sulfurado;ESP/F10/2312/1290;FASE 10;BOT_CENTRAL_SUR_INF;649,3089905;3;ESPERANZA
22-06-2023;CF231;C128;CAT 793 C;Lastre Sulfurado;ESP/F10/2312/1290;FASE 10;BOT_CENTRAL_SUR_INF;649,309021;3;ESPERANZA
22-06-2023;CF231;C129;CAT 793 C;Lastre Sulfurado;ESP/F10/2312/1290;FASE 10;BOT_CENTRAL_SUR_INF;216,4360046;1;ESPERANZA
22-06-2023;CF231;C130;CAT 793 C;Baja Ley 1;ST-TS_18;OXIDO;CHANCADO-OXIDO;3462,978912;16;TESORO
22-06-2023;CF231;C131;CAT 793 C;Lastre Sulfurado;ESP/F10/2312/1290;FASE 10;BOT_CENTRAL_SUR_INF;3246,55304;15;ESPERANZA
22-06-2023;CF231;C134;CAT 793 C;Baja Ley 1;ST-TS_18;OXIDO;CHANCADO-OXIDO;216,4360046;1;TESORO
22-06-2023;CF231;C134;CAT 793 C;Lastre Sulfurado;ESP/F10/2312/1290;FASE 10;BOT_CENTRAL_SUR_INF;1298,616058;6;ESPERANZA
22-06-2023;CF231;C151;CAT 793 F;Lastre Sulfurado;ESP/F10/2312/1290;FASE 10;BOT_CENTRAL_SUR_INF;216,4360046;1;ESPERANZA
22-06-2023;CF231;C152;CAT 793 F;Lastre Sulfurado;ESP/F10/2312/1290;FASE 10;BOT_CENTRAL_SUR_INF;865,7459717;4;ESPERANZA
22-06-2023;CF231;C156;CAT 793 F;Lastre Sulfurado;ESP/F10/2312/1290;FASE 10;BOT_CENTRAL_SUR_INF;216,4360046;1;ESPERANZA
22-06-2023;CF231;C159;CAT 793 F;Lastre Sulfurado;ESP/F10/2312/1290;FASE 10;BOT_CENTRAL_SUR_INF;1082,182007;5;ESPERANZA
22-06-2023;CF231;C160;CAT 793 F;Baja Ley 1;ST-TS_18;OXIDO;CHANCADO-OXIDO;2813,669098;13;TESORO
22-06-2023;CF231;C160;CAT 793 F;Baja Ley 1;ST-TS_18;OXIDO;ST-TS_18;216,4360046;1;TESORO
22-06-2023;CF231;C160;CAT 793 F;Lastre Sulfurado;ESP/F10/2312/1290;FASE 10;BOT_CENTRAL_SUR_INF;432,8729858;2;ESPERANZA
22-06-2023;CF231;C161;CAT 793 F;Lastre Sulfurado;ESP/F10/2312/1290;FASE 10;BOT_CENTRAL_SUR_INF;216,4360046;1;ESPERANZA
22-06-2023;CF231;C162;CAT 793 F;Lastre Sulfurado;ESP/F10/2312/1290;FASE 10;BOT_CENTRAL_SUR_INF;649,309021;3;ESPERANZA
22-06-2023;CF231;C163;CAT 793 F;Lastre Sulfurado;ESP/F10/2312/1290;FASE 10;BOT_CENTRAL_SUR_INF;216,4360046;1;ESPERANZA
22-06-2023;CF231;C164;CAT 793 F;Lastre Sulfurado;ESP/F10/2312/1290;FASE 10;BOT_CENTRAL_SUR_INF;216,4360046;1;ESPERANZA
22-06-2023;CF232;C121;CAT 793 C;Marginal;STM-02;OXIDO;CHANCADO-OXIDO;3679,413147;17;TESORO
22-06-2023;CF232;C129;CAT 793 C;Marginal;STM-02;OXIDO;CHANCADO-OXIDO;865,7459717;4;TESORO
22-06-2023;CF232;C130;CAT 793 C;Marginal;STM-02;OXIDO;CHANCADO-OXIDO;4761,605927;22;TESORO
22-06-2023;CF232;C132;CAT 793 C;Marginal;STM-02;OXIDO;CHANCADO-OXIDO;865,7450256;4;TESORO
22-06-2023;CF232;C151;CAT 793 F;Marginal;STM-02;OXIDO;CHANCADO-OXIDO;4978,039001;23;TESORO
22-06-2023;CF232;C155;CAT 793 F;Marginal;STM-02;OXIDO;CHANCADO-OXIDO;4112,289093;19;TESORO
22-06-2023;CF233;C122;CAT 793 C;Lastre Sulfurado;ESP/F10/2312/1290;FASE 10;BOT-ESTE;216,4360046;1;ESPERANZA
22-06-2023;CF233;C122;CAT 793 C;Sulfuro de Media;ESP/F08/1768/8070;FASE 8;CHANCADO-SULFURO;216,4360046;1;ESPERANZA
22-06-2023;CF233;C123;CAT 793 C;Sulfuro de Media;ESP/F08/1768/8070;FASE 8;CHANCADO-SULFURO;432,8720093;2;ESPERANZA
22-06-2023;CF233;C125;CAT 793 C;Sulfuro de Media;ESP/F08/1768/8070;FASE 8;CHANCADO-SULFURO;649,3089905;3;ESPERANZA
22-06-2023;CF233;C125;CAT 793 C;Sulfuro Planta;STOCK_SPL_DIN;ESPERANZA;CHANCADO-SULFURO;1518,722977;7;ESPERANZA
22-06-2023;CF233;C128;CAT 793 C;Sulfuro de Media;ESP/F08/1768/8070;FASE 8;CHANCADO-SULFURO;216,4360046;1;ESPERANZA
22-06-2023;CF233;C131;CAT 793 C;Sulfuro de Media;ESP/F08/1768/8070;FASE 8;CHANCADO-SULFURO;649,309021;3;ESPERANZA
22-06-2023;CF233;C134;CAT 793 C;Sulfuro Planta;STOCK_SPL_DIN;ESPERANZA;CHANCADO-SULFURO;1735,680054;8;ESPERANZA
22-06-2023;CF233;C135;CAT 793 C;Sulfuro Planta;STOCK_SPL_DIN;ESPERANZA;CHANCADO-SULFURO;433,92099;2;ESPERANZA
22-06-2023;CF233;C152;CAT 793 F;Sulfuro de Media;ESP/F08/1768/8070;FASE 8;CHANCADO-SULFURO;216,4360046;1;ESPERANZA
22-06-2023;CF233;C152;CAT 793 F;Sulfuro Planta;STOCK_SPL_DIN;ESPERANZA;CHANCADO-SULFURO;216,9600067;1;ESPERANZA
22-06-2023;CF233;C153;CAT 793 F;Sulfuro de Media;ESP/F08/1768/8070;FASE 8;CHANCADO-SULFURO;432,8720093;2;ESPERANZA
22-06-2023;CF233;C159;CAT 793 F;Sulfuro de Media;ESP/F08/1768/8070;FASE 8;CHANCADO-SULFURO;216,4360046;1;ESPERANZA
22-06-2023;CF233;C161;CAT 793 F;Sulfuro de Media;ESP/F08/1768/8070;FASE 8;CHANCADO-SULFURO;216,4360046;1;ESPERANZA
22-06-2023;CF233;C162;CAT 793 F;Sulfuro de Media;ESP/F08/1768/8070;FASE 8;CHANCADO-SULFURO;216,4360046;1;ESPERANZA
22-06-2023;CF233;C163;CAT 793 F;Sulfuro de Media;ESP/F08/1768/8070;FASE 8;CHANCADO-SULFURO;216,4360046;1;ESPERANZA
22-06-2023;CF233;C164;CAT 793 F;Sulfuro de Media;ESP/F08/1768/8070;FASE 8;CHANCADO-SULFURO;432,8720093;2;ESPERANZA
22-06-2023;CF234;C121;CAT 793 C;Lastre Sulfurado;DERRAMES_F07;FASE 7;BOT_CENTRAL_SUR_INF;649,309021;3;ESPERANZA
22-06-2023;CF234;C122;CAT 793 C;Lastre Sulfurado;DERRAMES_F07;FASE 7;BOT_CENTRAL_SUR_INF;865,7459717;4;ESPERANZA
22-06-2023;CF234;C123;CAT 793 C;Lastre Sulfurado;DERRAMES_F07;FASE 7;BOT_CENTRAL_SUR_INF;216,4360046;1;ESPERANZA
22-06-2023;CF234;C125;CAT 793 C;Lastre Sulfurado;DERRAMES_F07;FASE 7;BOT_CENTRAL_SUR_INF;649,309021;3;ESPERANZA
22-06-2023;CF234;C128;CAT 793 C;Lastre Sulfurado;DERRAMES_F07;FASE 7;BOT_CENTRAL_SUR_INF;1298,618958;6;ESPERANZA
22-06-2023;CF234;C135;CAT 793 C;Lastre Sulfurado;DERRAMES_F07;FASE 7;BOT_MIJO;216,4360046;1;ESPERANZA
22-06-2023;CF234;C153;CAT 793 F;Lastre Sulfurado;DERRAMES_F07;FASE 7;BOT_CENTRAL_SUR_INF;865,7459717;4;ESPERANZA
22-06-2023;CF234;C159;CAT 793 F;Lastre Sulfurado;DERRAMES_F07;FASE 7;BOT_CENTRAL_SUR_INF;1298,616058;6;ESPERANZA
22-06-2023;CF234;C163;CAT 793 F;Lastre Sulfurado;DERRAMES_F07;FASE 7;BOT_CENTRAL_SUR_INF;865,7459717;4;ESPERANZA
22-06-2023;CF234;C164;CAT 793 F;Lastre Sulfurado;DERRAMES_F07;FASE 7;BOT_CENTRAL_SUR_INF;649,3089905;3;ESPERANZA
22-06-2023;CF3;C13;CAT 797 B;Lastre Sulfurado;ESP/F10/2312/1290;FASE 10;BOT_MIJO;346,4039917;1;ESPERANZA
22-06-2023;CF3;C134;CAT 793 C;Lastre Sulfurado;ESP/F10/2312/1290;FASE 10;BOT_MIJO;216,4360046;1;ESPERANZA
22-06-2023;CF3;C152;CAT 793 F;Lastre Sulfurado;ESP/F10/2312/1290;FASE 10;BOT_MIJO;216,4360046;1;ESPERANZA
22-06-2023;CF3;C159;CAT 793 F;Lastre Sulfurado;ESP/F10/2312/1290;FASE 10;BOT_2380_INT;216,4360046;1;ESPERANZA
22-06-2023;CF3;C34;CAT 797 F;Lastre Sulfurado;ESP/F10/2312/1290;FASE 10;BOT_CENTRAL_SUR_INF;346,4039917;1;ESPERANZA
22-06-2023;CF3;C49;KOM 930 E;Lastre Sulfurado;ESP/F10/2312/1290;FASE 10;BOT_MIJO;291;1;ESPERANZA
22-06-2023;CF3;C56;KOM 930 E;Lastre Sulfurado;ESP/F10/2312/1290;FASE 10;BOT_2380_INT;291;1;ESPERANZA
22-06-2023;CF4;C980AHSESPS;Kom 980 AHS;Lastre Oxidado;ESS/F03/2200/3040;F03 ESPSUR;BOTADERO_2021;21600;60;ESPERANZA_SUR
22-06-2023;PA1;C07;CAT 797 B;Lastre Oxidado;ESP/F07/2104/707;FASE 7;BOT_CENTRAL_SUR_INF;346,4039917;1;ESPERANZA
22-06-2023;PA1;C08;CAT 797 B;Lastre Oxidado;ESP/F07/2104/707;FASE 7;BOT_2380_INT;346,4039917;1;ESPERANZA
22-06-2023;PA1;C121;CAT 793 C;Lastre Oxidado;ESP/F07/2104/707;FASE 7;BOT_2380_INT;649,309021;3;ESPERANZA
22-06-2023;PA1;C121;CAT 793 C;Lastre Oxidado;ESP/F07/2104/707;FASE 7;BOT_CENTRAL_SUR_INF;216,4360046;1;ESPERANZA
22-06-2023;PA1;C122;CAT 793 C;Lastre Oxidado;ESP/F07/2104/707;FASE 7;BOT_2380_INT;1082,180054;5;ESPERANZA
22-06-2023;PA1;C122;CAT 793 C;Lastre Oxidado;ESP/F07/2104/707;FASE 7;BOT_CENTRAL_SUR_INF;1298,618958;6;ESPERANZA
22-06-2023;PA1;C123;CAT 793 C;Lastre Oxidado;ESP/F07/2104/707;FASE 7;BOT_2380_INT;1082,180054;5;ESPERANZA
22-06-2023;PA1;C123;CAT 793 C;Lastre Oxidado;ESP/F07/2104/707;FASE 7;BOT_CENTRAL_SUR_INF;1515,056;7;ESPERANZA
22-06-2023;PA1;C125;CAT 793 C;Lastre Oxidado;ESP/F07/2104/707;FASE 7;BOT_CENTRAL_SUR_INF;1082,180054;5;ESPERANZA
22-06-2023;PA1;C128;CAT 793 C;Lastre Oxidado;ESP/F07/2104/707;FASE 7;BOT_2380_INT;216,4360046;1;ESPERANZA
22-06-2023;PA1;C129;CAT 793 C;Lastre Oxidado;ESP/F07/2104/707;FASE 7;BOT_2380_INT;432,8729858;2;ESPERANZA
22-06-2023;PA1;C129;CAT 793 C;Lastre Oxidado;ESP/F07/2104/707;FASE 7;BOT_CENTRAL_SUR_INF;2597,23999;12;ESPERANZA
22-06-2023;PA1;C129;CAT 793 C;Lastre Oxidado;ESP/F07/2104/707;FASE 7;BOT_MIJO;216,4360046;1;ESPERANZA
22-06-2023;PA1;C13;CAT 797 B;Lastre Oxidado;ESP/F07/2104/707;FASE 7;BOT_2380_INT;346,4039917;1;ESPERANZA
22-06-2023;PA1;C134;CAT 793 C;Lastre Oxidado;ESP/F07/2104/707;FASE 7;BOT_CENTRAL_SUR_INF;1515,054993;7;ESPERANZA
22-06-2023;PA1;C151;CAT 793 F;Lastre Oxidado;ESP/F07/2104/707;FASE 7;BOT_CENTRAL_SUR_INF;216,4360046;1;ESPERANZA
22-06-2023;PA1;C151;CAT 793 F;Lastre Oxidado;ESP/F07/2104/707;FASE 7;BOT_MIJO;432,8729858;2;ESPERANZA
22-06-2023;PA1;C152;CAT 793 F;Lastre Oxidado;ESP/F07/2104/707;FASE 7;BOT_2380_INT;649,309021;3;ESPERANZA
22-06-2023;PA1;C152;CAT 793 F;Lastre Oxidado;ESP/F07/2104/707;FASE 7;BOT_CENTRAL_SUR_INF;2164,362976;10;ESPERANZA
22-06-2023;PA1;C153;CAT 793 F;Lastre Oxidado;ESP/F07/2104/707;FASE 7;BOT_2380_INT;216,4360046;1;ESPERANZA
22-06-2023;PA1;C153;CAT 793 F;Lastre Oxidado;ESP/F07/2104/707;FASE 7;BOT_CENTRAL_SUR_INF;1298,619995;6;ESPERANZA
22-06-2023;PA1;C153;CAT 793 F;Lastre Oxidado;ESP/F07/2104/707;FASE 7;BOT_MIJO;216,4360046;1;ESPERANZA
22-06-2023;PA1;C154;CAT 793 F;Lastre Oxidado;ESP/F07/2104/707;FASE 7;BOT_MIJO;216,4360046;1;ESPERANZA
22-06-2023;PA1;C156;CAT 793 F;Lastre Oxidado;ESP/F07/2104/707;FASE 7;BOT_2380_INT;432,8729858;2;ESPERANZA
22-06-2023;PA1;C156;CAT 793 F;Lastre Oxidado;ESP/F07/2104/707;FASE 7;BOT_CENTRAL_SUR_INF;2813,669922;13;ESPERANZA
22-06-2023;PA1;C156;CAT 793 F;Lastre Oxidado;ESP/F07/2104/707;FASE 7;BOT_MIJO;216,4360046;1;ESPERANZA
22-06-2023;PA1;C159;CAT 793 F;Lastre Oxidado;ESP/F07/2104/707;FASE 7;BOT_CENTRAL_SUR_INF;2164,366058;10;ESPERANZA
22-06-2023;PA1;C159;CAT 793 F;Lastre Oxidado;ESP/F07/2104/707;FASE 7;BOT_MIJO;216,4360046;1;ESPERANZA
22-06-2023;PA1;C161;CAT 793 F;Lastre Oxidado;ESP/F07/2104/707;FASE 7;BOT_2380_INT;216,4360046;1;ESPERANZA
22-06-2023;PA1;C161;CAT 793 F;Lastre Oxidado;ESP/F07/2104/707;FASE 7;BOT_CENTRAL_SUR_INF;3895,860107;18;ESPERANZA
22-06-2023;PA1;C161;CAT 793 F;Lastre Oxidado;ESP/F07/2104/707;FASE 7;BOT_MIJO;216,4360046;1;ESPERANZA
22-06-2023;PA1;C162;CAT 793 F;Lastre Oxidado;ESP/F07/2104/707;FASE 7;BOT_CENTRAL_SUR_INF;1731,496063;8;ESPERANZA
22-06-2023;PA1;C163;CAT 793 F;Lastre Oxidado;ESP/F07/2104/707;FASE 7;BOT_CENTRAL_SUR_INF;1515,056;7;ESPERANZA
22-06-2023;PA1;C163;CAT 793 F;Lastre Oxidado;ESP/F07/2104/707;FASE 7;BOT_MIJO;216,4360046;1;ESPERANZA
22-06-2023;PA1;C164;CAT 793 F;Lastre Oxidado;ESP/F07/2104/707;FASE 7;BOT_2380_INT;432,8729858;2;ESPERANZA
22-06-2023;PA1;C164;CAT 793 F;Lastre Oxidado;ESP/F07/2104/707;FASE 7;BOT_CENTRAL_SUR_INF;865,7459717;4;ESPERANZA
22-06-2023;PA1;C23;CAT 797 F;Lastre Oxidado;ESP/F07/2104/707;FASE 7;BOT_2380_INT;346,4039917;1;ESPERANZA
22-06-2023;PA1;C42;CAT 797 F;Lastre Oxidado;ESP/F07/2104/707;FASE 7;BOT_2380_INT;1039,209961;3;ESPERANZA
22-06-2023;PA1;C43;CAT 797 F;Lastre Oxidado;ESP/F07/2104/707;FASE 7;BOT_2380_INT;346,4039917;1;ESPERANZA
22-06-2023;PA1;C45;CAT 797 F;Lastre Oxidado;ESP/F07/2104/707;FASE 7;BOT_2380_INT;346,4039917;1;ESPERANZA
22-06-2023;PA1;C49;KOM 930 E;Lastre Oxidado;ESP/F07/2104/707;FASE 7;BOT_CENTRAL_SUR_INF;291;1;ESPERANZA
22-06-2023;PA1;C56;KOM 930 E;Lastre Oxidado;ESP/F07/2104/707;FASE 7;BOT_CENTRAL_SUR_INF;291;1;ESPERANZA
22-06-2023;PA1;C58;KOM 930 E;Lastre Oxidado;ESP/F07/2104/707;FASE 7;BOT_2380_INT;291;1;ESPERANZA
22-06-2023;PA1;C58;KOM 930 E;Lastre Oxidado;ESP/F07/2104/707;FASE 7;BOT_MIJO;873;3;ESPERANZA
22-06-2023;PA1;C60;KOM 930 E;Lastre Oxidado;ESP/F07/2104/707;FASE 7;BOT_2380_INT;291;1;ESPERANZA
22-06-2023;PA1;C60;KOM 930 E;Lastre Oxidado;ESP/F07/2104/707;FASE 7;BOT_MIJO;291;1;ESPERANZA
22-06-2023;PA10;C980AHSESPS;Kom 980 AHS;Lastre Sulfurado;ESS/F02/2120/R200;F02 ESPSUR;BOTADERO_2021;23400;65;ESPERANZA_SUR
22-06-2023;PA10;C980AHSESPS;Kom 980 AHS;Sulfuro Baja Ley;ESS/F02/2120/2131;F02 ESPSUR;STOCK_SBL_ESS;4680;13;ESPERANZA_SUR
22-06-2023;PA11;C20115ESPS;KOM 980 ESPS;Sulfuro Baja Ley;ESS/F02/2104/205;F02 ESPSUR;CHANCADO-SULFURO;24120;67;ESPERANZA_SUR
22-06-2023;PA11;C20115ESPS;KOM 980 ESPS;Sulfuro de Media;ESS/F02/2104/205;F02 ESPSUR;CHANCADO-SULFURO;33480;93;ESPERANZA_SUR
22-06-2023;PA11;C980AHSESPS;Kom 980 AHS;Sulfuro Baja Ley;ESS/F02/2104/205;F02 ESPSUR;STOCK_SBL_ESS;5760;16;ESPERANZA_SUR
22-06-2023;PA11;C980AHSESPS;Kom 980 AHS;Sulfuro de Media;ESS/F02/2104/205;F02 ESPSUR;STOCK_SME_ESS;5760;16;ESPERANZA_SUR
22-06-2023;PA2;C122;CAT 793 C;Sulfuro de Alta Ley;ESP/F08/1768/8060;FASE 8;CHANCADO-SULFURO;216,4360046;1;ESPERANZA
22-06-2023;PA2;C134;CAT 793 C;Sulfuro de Alta Ley;ESP/F08/1768/8060;FASE 8;CHANCADO-SULFURO;216,4360046;1;ESPERANZA
22-06-2023;PA2;C14;CAT 797 B;Sulfuro de Alta Ley;ESP/F08/1768/8060;FASE 8;CHANCADO-SULFURO;346,4039917;1;ESPERANZA
22-06-2023;PA2;C151;CAT 793 F;Sulfuro de Alta Ley;ESP/F08/1768/8060;FASE 8;CHANCADO-SULFURO;1082,180054;5;ESPERANZA
22-06-2023;PA2;C152;CAT 793 F;Sulfuro de Alta Ley;ESP/F08/1768/8060;FASE 8;CHANCADO-SULFURO;1298,616058;6;ESPERANZA
22-06-2023;PA2;C153;CAT 793 F;Sulfuro de Alta Ley;ESP/F08/1768/8060;FASE 8;CHANCADO-SULFURO;649,3089905;3;ESPERANZA
22-06-2023;PA2;C153;CAT 793 F;Sulfuro de Alta Ley;ESP/F08/1768/8060;FASE 8;STOCK_SAL_DIN;216,4360046;1;ESPERANZA
22-06-2023;PA2;C159;CAT 793 F;Sulfuro de Alta Ley;ESP/F08/1768/8060;FASE 8;STOCK_SAL_DIN;216,4360046;1;ESPERANZA
22-06-2023;PA2;C16;CAT 797 B;Sulfuro de Alta Ley;ESP/F08/1768/8060;FASE 8;CHANCADO-SULFURO;692,8079834;2;ESPERANZA
22-06-2023;PA2;C162;CAT 793 F;Sulfuro de Alta Ley;ESP/F08/1768/8060;FASE 8;CHANCADO-SULFURO;1515,053986;7;ESPERANZA
22-06-2023;PA2;C162;CAT 793 F;Sulfuro de Alta Ley;ESP/F08/1768/8060;FASE 8;STOCK_SAL_DIN;216,4360046;1;ESPERANZA
22-06-2023;PA2;C162;CAT 793 F;Sulfuro Planta;ESP/F08/1768/8070;FASE 8;CHANCADO-SULFURO;216,4360046;1;ESPERANZA
22-06-2023;PA2;C163;CAT 793 F;Sulfuro de Alta Ley;ESP/F08/1768/8060;FASE 8;CHANCADO-SULFURO;432,8720093;2;ESPERANZA
22-06-2023;PA2;C164;CAT 793 F;Sulfuro de Alta Ley;ESP/F08/1768/8060;FASE 8;CHANCADO-SULFURO;1082,181976;5;ESPERANZA
22-06-2023;PA2;C164;CAT 793 F;Sulfuro de Alta Ley;ESP/F08/1768/8060;FASE 8;STOCK_SAL_DIN;432,8720093;2;ESPERANZA
22-06-2023;PA2;C164;CAT 793 F;Sulfuro de Alta Ley;ESP/F08/1768/8060;FASE 8;STOCK_SPL_DIN;216,4360046;1;ESPERANZA
22-06-2023;PA2;C164;CAT 793 F;Sulfuro Planta;ESP/F08/1768/8070;FASE 8;CHANCADO-SULFURO;216,4360046;1;ESPERANZA
22-06-2023;PA2;C17;CAT 797 F;Sulfuro de Alta Ley;ESP/F08/1768/8060;FASE 8;CHANCADO-SULFURO;692,8079834;2;ESPERANZA
22-06-2023;PA2;C17;CAT 797 F;Sulfuro Planta;ESP/F08/1768/8070;FASE 8;CHANCADO-SULFURO;346,4039917;1;ESPERANZA
22-06-2023;PA2;C20;CAT 797 F;Sulfuro Planta;ESP/F08/1768/8070;FASE 8;CHANCADO-SULFURO;692,8079834;2;ESPERANZA
22-06-2023;PA2;C21;CAT 797 F;Sulfuro de Alta Ley;ESP/F08/1768/8060;FASE 8;STOCK_SAL_DIN;346,4039917;1;ESPERANZA
22-06-2023;PA2;C23;CAT 797 F;Sulfuro de Alta Ley;ESP/F08/1768/8060;FASE 8;CHANCADO-SULFURO;692,8079834;2;ESPERANZA
22-06-2023;PA2;C36;CAT 797 F;Sulfuro de Alta Ley;ESP/F08/1768/8060;FASE 8;CHANCADO-SULFURO;346,4039917;1;ESPERANZA
22-06-2023;PA2;C40;CAT 797 F;Sulfuro de Alta Ley;ESP/F08/1768/8060;FASE 8;CHANCADO-SULFURO;1039,211975;3;ESPERANZA
22-06-2023;PA2;C40;CAT 797 F;Sulfuro de Alta Ley;ESP/F08/1768/8060;FASE 8;STOCK_SAL_DIN;692,8079834;2;ESPERANZA
22-06-2023;PA2;C49;KOM 930 E;Sulfuro de Alta Ley;ESP/F08/1768/8060;FASE 8;CHANCADO-SULFURO;4656;16;ESPERANZA
22-06-2023;PA2;C49;KOM 930 E;Sulfuro de Alta Ley;ESP/F08/1768/8060;FASE 8;STOCK_SAL_DIN;582;2;ESPERANZA
22-06-2023;PA2;C49;KOM 930 E;Sulfuro de Alta Ley;ESP/F08/1768/8060;FASE 8;STOCK_SPL_DIN;291;1;ESPERANZA
22-06-2023;PA2;C50;KOM 930 E;Sulfuro de Alta Ley;ESP/F08/1768/8060;FASE 8;CHANCADO-SULFURO;3783;13;ESPERANZA
22-06-2023;PA2;C50;KOM 930 E;Sulfuro de Alta Ley;ESP/F08/1768/8060;FASE 8;STOCK_SAL_DIN;873;3;ESPERANZA
22-06-2023;PA2;C50;KOM 930 E;Sulfuro de Alta Ley;ESP/F08/1768/8060;FASE 8;STOCK_SPL_DIN;291;1;ESPERANZA
22-06-2023;PA2;C52;KOM 930 E;Sulfuro de Alta Ley;ESP/F08/1768/8060;FASE 8;CHANCADO-SULFURO;4656;16;ESPERANZA
22-06-2023;PA2;C52;KOM 930 E;Sulfuro de Alta Ley;ESP/F08/1768/8060;FASE 8;STOCK_SAL_DIN;873;3;ESPERANZA
22-06-2023;PA2;C53;KOM 930 E;Sulfuro de Alta Ley;ESP/F08/1768/8060;FASE 8;CHANCADO-SULFURO;4656;16;ESPERANZA
22-06-2023;PA2;C53;KOM 930 E;Sulfuro de Alta Ley;ESP/F08/1768/8060;FASE 8;STOCK_SAL_DIN;873;3;ESPERANZA
22-06-2023;PA2;C53;KOM 930 E;Sulfuro Planta;ESP/F08/1768/8070;FASE 8;CHANCADO-SULFURO;582;2;ESPERANZA
22-06-2023;PA2;C54;KOM 930 E;Sulfuro de Alta Ley;ESP/F08/1768/8060;FASE 8;CHANCADO-SULFURO;5238;18;ESPERANZA
22-06-2023;PA2;C54;KOM 930 E;Sulfuro de Alta Ley;ESP/F08/1768/8060;FASE 8;STOCK_SAL_DIN;582;2;ESPERANZA
22-06-2023;PA2;C54;KOM 930 E;Sulfuro Planta;ESP/F08/1768/8070;FASE 8;CHANCADO-SULFURO;291;1;ESPERANZA
22-06-2023;PA2;C55;KOM 930 E;Sulfuro de Alta Ley;ESP/F08/1768/8060;FASE 8;CHANCADO-SULFURO;3783;13;ESPERANZA
22-06-2023;PA2;C55;KOM 930 E;Sulfuro de Alta Ley;ESP/F08/1768/8060;FASE 8;STOCK_SAL_DIN;291;1;ESPERANZA
22-06-2023;PA2;C55;KOM 930 E;Sulfuro Planta;ESP/F08/1768/8070;FASE 8;CHANCADO-SULFURO;582;2;ESPERANZA
22-06-2023;PA2;C56;KOM 930 E;Sulfuro de Alta Ley;ESP/F08/1768/8060;FASE 8;CHANCADO-SULFURO;4074;14;ESPERANZA
22-06-2023;PA2;C56;KOM 930 E;Sulfuro de Alta Ley;ESP/F08/1768/8060;FASE 8;STOCK_SAL_DIN;1455;5;ESPERANZA
22-06-2023;PA2;C56;KOM 930 E;Sulfuro Planta;ESP/F08/1768/8070;FASE 8;CHANCADO-SULFURO;291;1;ESPERANZA
22-06-2023;PA2;C57;KOM 930 E;Sulfuro de Alta Ley;ESP/F08/1768/8060;FASE 8;CHANCADO-SULFURO;4365;15;ESPERANZA
22-06-2023;PA2;C57;KOM 930 E;Sulfuro de Alta Ley;ESP/F08/1768/8060;FASE 8;STOCK_SAL_DIN;2037;7;ESPERANZA
22-06-2023;PA2;C57;KOM 930 E;Sulfuro Planta;ESP/F08/1768/8070;FASE 8;CHANCADO-SULFURO;291;1;ESPERANZA
22-06-2023;PA2;C58;KOM 930 E;Sulfuro de Alta Ley;ESP/F08/1768/8060;FASE 8;CHANCADO-SULFURO;4365;15;ESPERANZA
22-06-2023;PA2;C58;KOM 930 E;Sulfuro de Alta Ley;ESP/F08/1768/8060;FASE 8;STOCK_SAL_DIN;1164;4;ESPERANZA
22-06-2023;PA2;C58;KOM 930 E;Sulfuro Planta;ESP/F08/1768/8070;FASE 8;CHANCADO-SULFURO;291;1;ESPERANZA
22-06-2023;PA2;C59;KOM 930 E;Sulfuro de Alta Ley;ESP/F08/1768/8060;FASE 8;CHANCADO-SULFURO;4947;17;ESPERANZA
22-06-2023;PA2;C59;KOM 930 E;Sulfuro de Alta Ley;ESP/F08/1768/8060;FASE 8;STOCK_SAL_DIN;582;2;ESPERANZA
22-06-2023;PA2;C59;KOM 930 E;Sulfuro Planta;ESP/F08/1768/8070;FASE 8;CHANCADO-SULFURO;291;1;ESPERANZA
22-06-2023;PA2;C60;KOM 930 E;Sulfuro de Alta Ley;ESP/F08/1768/8060;FASE 8;CHANCADO-SULFURO;2037;7;ESPERANZA
22-06-2023;PA2;C60;KOM 930 E;Sulfuro de Alta Ley;ESP/F08/1768/8060;FASE 8;STOCK_SAL_DIN;873;3;ESPERANZA
22-06-2023;PA2;C61;KOM 930 E;Sulfuro de Alta Ley;ESP/F08/1768/8060;FASE 8;CHANCADO-SULFURO;2619;9;ESPERANZA
22-06-2023;PA2;C61;KOM 930 E;Sulfuro de Alta Ley;ESP/F08/1768/8060;FASE 8;STOCK_SAL_DIN;1164;4;ESPERANZA
22-06-2023;PA2;C61;KOM 930 E;Sulfuro Planta;ESP/F08/1768/8070;FASE 8;CHANCADO-SULFURO;291;1;ESPERANZA
22-06-2023;PA211;C07;CAT 797 B;Lastre Oxidado;ESP/F10/2296/1051;FASE 10;BOT_CENTRAL_SUR_INF;2424,830078;7;ESPERANZA
22-06-2023;PA211;C07;CAT 797 B;Lastre Oxidado;ESP/F10/2296/1051;FASE 10;BOT_MIJO;692,8079834;2;ESPERANZA
22-06-2023;PA211;C08;CAT 797 B;Lastre Oxidado;ESP/F10/2296/1051;FASE 10;BOT_CENTRAL_SUR_INF;1039,209961;3;ESPERANZA
22-06-2023;PA211;C08;CAT 797 B;Lastre Oxidado;ESP/F10/2296/1051;FASE 10;BOT_MIJO;2771,227905;8;ESPERANZA
22-06-2023;PA211;C09;CAT 797 B;Lastre Oxidado;ESP/F10/2296/1051;FASE 10;BOT_CENTRAL_SUR_INF;692,8079834;2;ESPERANZA
22-06-2023;PA211;C09;CAT 797 B;Lastre Oxidado;ESP/F10/2296/1051;FASE 10;BOT_MIJO;2424,829956;7;ESPERANZA
22-06-2023;PA211;C10;CAT 797 B;Lastre Oxidado;ESP/F10/2296/1051;FASE 10;BOT_CENTRAL_SUR_INF;1039,209961;3;ESPERANZA
22-06-2023;PA211;C10;CAT 797 B;Lastre Oxidado;ESP/F10/2296/1051;FASE 10;BOT_MIJO;1039,211975;3;ESPERANZA
22-06-2023;PA211;C11;CAT 797 B;Lastre Oxidado;ESP/F10/2296/1051;FASE 10;BOT_CENTRAL_SUR_INF;1039,211975;3;ESPERANZA
22-06-2023;PA211;C11;CAT 797 B;Lastre Oxidado;ESP/F10/2296/1051;FASE 10;BOT_MIJO;2078,419922;6;ESPERANZA
22-06-2023;PA211;C12;CAT 797 B;Lastre Oxidado;ESP/F10/2296/1051;FASE 10;BOT_MIJO;2078,419922;6;ESPERANZA
22-06-2023;PA211;C121;CAT 793 C;Lastre Oxidado;ESP/F10/2296/1051;FASE 10;BOT_CENTRAL_SUR_INF;216,4360046;1;ESPERANZA
22-06-2023;PA211;C122;CAT 793 C;Lastre Oxidado;ESP/F10/2296/1051;FASE 10;BOT_CENTRAL_SUR_INF;1082,180054;5;ESPERANZA
22-06-2023;PA211;C122;CAT 793 C;Lastre Oxidado;ESP/F10/2296/1051;FASE 10;BOT_MIJO;216,4360046;1;ESPERANZA
22-06-2023;PA211;C125;CAT 793 C;Lastre Oxidado;ESP/F10/2296/1051;FASE 10;BOT_CENTRAL_SUR_INF;432,8729858;2;ESPERANZA
22-06-2023;PA211;C125;CAT 793 C;Lastre Oxidado;ESP/F10/2296/1051;FASE 10;BOT_MIJO;216,4360046;1;ESPERANZA
22-06-2023;PA211;C128;CAT 793 C;Lastre Oxidado;ESP/F10/2296/1051;FASE 10;BOT_CENTRAL_SUR_INF;649,309021;3;ESPERANZA
22-06-2023;PA211;C128;CAT 793 C;Lastre Oxidado;ESP/F10/2296/1051;FASE 10;BOT_MIJO;649,309021;3;ESPERANZA
22-06-2023;PA211;C129;CAT 793 C;Lastre Oxidado;ESP/F10/2296/1051;FASE 10;BOT_CENTRAL_SUR_INF;216,4360046;1;ESPERANZA
22-06-2023;PA211;C129;CAT 793 C;Lastre Oxidado;ESP/F10/2296/1051;FASE 10;BOT_MIJO;216,4360046;1;ESPERANZA
22-06-2023;PA211;C13;CAT 797 B;Lastre Oxidado;ESP/F10/2296/1051;FASE 10;BOT_CENTRAL_SUR_INF;1732,019958;5;ESPERANZA
22-06-2023;PA211;C13;CAT 797 B;Lastre Oxidado;ESP/F10/2296/1051;FASE 10;BOT_MIJO;1385,615967;4;ESPERANZA
22-06-2023;PA211;C131;CAT 793 C;Lastre Oxidado;ESP/F10/2296/1051;FASE 10;BOT_MIJO;432,8729858;2;ESPERANZA
22-06-2023;PA211;C132;CAT 793 C;Lastre Oxidado;ESP/F10/2296/1051;FASE 10;BOT_CENTRAL_SUR_INF;1082,180054;5;ESPERANZA
22-06-2023;PA211;C132;CAT 793 C;Lastre Oxidado;ESP/F10/2296/1051;FASE 10;BOT_MIJO;1731,48999;8;ESPERANZA
22-06-2023;PA211;C134;CAT 793 C;Lastre Oxidado;ESP/F10/2296/1051;FASE 10;BOT_MIJO;649,3089905;3;ESPERANZA
22-06-2023;PA211;C14;CAT 797 B;Lastre Oxidado;ESP/F10/2296/1051;FASE 10;BOT_CENTRAL_SUR_INF;692,8079834;2;ESPERANZA
22-06-2023;PA211;C14;CAT 797 B;Lastre Oxidado;ESP/F10/2296/1051;FASE 10;BOT_MIJO;3117,640015;9;ESPERANZA
22-06-2023;PA211;C15;CAT 797 B;Lastre Oxidado;ESP/F10/2296/1051;FASE 10;BOT_CENTRAL_SUR_INF;1039,209961;3;ESPERANZA
22-06-2023;PA211;C15;CAT 797 B;Lastre Oxidado;ESP/F10/2296/1051;FASE 10;BOT_MIJO;3464,040039;10;ESPERANZA
22-06-2023;PA211;C151;CAT 793 F;Lastre Oxidado;ESP/F10/2296/1051;FASE 10;BOT_MIJO;216,4360046;1;ESPERANZA
22-06-2023;PA211;C152;CAT 793 F;Lastre Oxidado;ESP/F10/2296/1051;FASE 10;BOT_CENTRAL_SUR_INF;216,4360046;1;ESPERANZA
22-06-2023;PA211;C152;CAT 793 F;Lastre Oxidado;ESP/F10/2296/1051;FASE 10;BOT_MIJO;216,4360046;1;ESPERANZA
22-06-2023;PA211;C156;CAT 793 F;Lastre Oxidado;ESP/F10/2296/1051;FASE 10;BOT_MIJO;432,8720093;2;ESPERANZA
22-06-2023;PA211;C159;CAT 793 F;Lastre Oxidado;ESP/F10/2296/1051;FASE 10;BOT_MIJO;649,309021;3;ESPERANZA
22-06-2023;PA211;C16;CAT 797 B;Lastre Oxidado;ESP/F10/2296/1051;FASE 10;BOT_CENTRAL_SUR_INF;346,4039917;1;ESPERANZA
22-06-2023;PA211;C16;CAT 797 B;Lastre Oxidado;ESP/F10/2296/1051;FASE 10;BOT_MIJO;1039,211975;3;ESPERANZA
22-06-2023;PA211;C160;CAT 793 F;Lastre Oxidado;ESP/F10/2296/1051;FASE 10;BOT_MIJO;216,4360046;1;ESPERANZA
22-06-2023;PA211;C162;CAT 793 F;Lastre Oxidado;ESP/F10/2296/1051;FASE 10;BOT_CENTRAL_SUR_INF;216,4360046;1;ESPERANZA
22-06-2023;PA211;C162;CAT 793 F;Lastre Oxidado;ESP/F10/2296/1051;FASE 10;BOT_MIJO;649,309021;3;ESPERANZA
22-06-2023;PA211;C164;CAT 793 F;Lastre Oxidado;ESP/F10/2296/1051;FASE 10;BOT_MIJO;216,4360046;1;ESPERANZA
22-06-2023;PA211;C19;CAT 797 F;Lastre Oxidado;ESP/F10/2296/1051;FASE 10;BOT_CENTRAL_SUR_INF;346,4039917;1;ESPERANZA
22-06-2023;PA211;C19;CAT 797 F;Lastre Oxidado;ESP/F10/2296/1051;FASE 10;BOT_MIJO;3117,640015;9;ESPERANZA
22-06-2023;PA211;C20;CAT 797 F;Lastre Oxidado;ESP/F10/2296/1051;FASE 10;BOT_MIJO;346,4039917;1;ESPERANZA
22-06-2023;PA211;C21;CAT 797 F;Lastre Oxidado;ESP/F10/2296/1051;FASE 10;BOT_CENTRAL_SUR_INF;346,4039917;1;ESPERANZA
22-06-2023;PA211;C21;CAT 797 F;Lastre Oxidado;ESP/F10/2296/1051;FASE 10;BOT_MIJO;346,4039917;1;ESPERANZA
22-06-2023;PA211;C22;CAT 797 F;Lastre Oxidado;ESP/F10/2296/1051;FASE 10;BOT_MIJO;692,8079834;2;ESPERANZA
22-06-2023;PA211;C23;CAT 797 F;Lastre Oxidado;ESP/F10/2296/1051;FASE 10;BOT_CENTRAL_SUR_INF;346,4039917;1;ESPERANZA
22-06-2023;PA211;C23;CAT 797 F;Lastre Oxidado;ESP/F10/2296/1051;FASE 10;BOT_MIJO;692,8079834;2;ESPERANZA
22-06-2023;PA211;C24;CAT 797 F;Lastre Oxidado;ESP/F10/2296/1051;FASE 10;BOT_CENTRAL_SUR_INF;346,4039917;1;ESPERANZA
22-06-2023;PA211;C24;CAT 797 F;Lastre Oxidado;ESP/F10/2296/1051;FASE 10;BOT_MIJO;1039,209961;3;ESPERANZA
22-06-2023;PA211;C25;CAT 797 F;Lastre Oxidado;ESP/F10/2296/1051;FASE 10;BOT_MIJO;1385,619995;4;ESPERANZA
22-06-2023;PA211;C32;CAT 797 F;Lastre Oxidado;ESP/F10/2296/1051;FASE 10;BOT_MIJO;692,8079834;2;ESPERANZA
22-06-2023;PA211;C34;CAT 797 F;Lastre Oxidado;ESP/F10/2296/1051;FASE 10;BOT_CENTRAL_SUR_INF;346,4039917;1;ESPERANZA
22-06-2023;PA211;C41;CAT 797 F;Lastre Oxidado;ESP/F10/2296/1051;FASE 10;BOT_MIJO;346,4039917;1;ESPERANZA
22-06-2023;PA211;C42;CAT 797 F;Lastre Oxidado;ESP/F10/2296/1051;FASE 10;BOT_MIJO;346,4039917;1;ESPERANZA
22-06-2023;PA211;C43;CAT 797 F;Lastre Oxidado;ESP/F10/2296/1051;FASE 10;BOT_MIJO;1385,619995;4;ESPERANZA
22-06-2023;PA211;C44;CAT 797 F;Lastre Oxidado;ESP/F10/2296/1051;FASE 10;BOT_MIJO;1385,613953;4;ESPERANZA
22-06-2023;PA211;C45;CAT 797 F;Lastre Oxidado;ESP/F10/2296/1051;FASE 10;BOT_MIJO;1732,017944;5;ESPERANZA
22-06-2023;PA211;C46;CAT 797 F;Lastre Oxidado;ESP/F10/2296/1051;FASE 10;BOT_MIJO;1385,619995;4;ESPERANZA
22-06-2023;PA211;C48;CAT 797 F;Lastre Oxidado;ESP/F10/2296/1051;FASE 10;BOT_MIJO;346,4039917;1;ESPERANZA
22-06-2023;PA211;C49;KOM 930 E;Lastre Oxidado;ESP/F10/2296/1051;FASE 10;BOT_CENTRAL_SUR_INF;291;1;ESPERANZA
22-06-2023;PA211;C49;KOM 930 E;Lastre Oxidado;ESP/F10/2296/1051;FASE 10;BOT_MIJO;291;1;ESPERANZA
22-06-2023;PA211;C55;KOM 930 E;Lastre Oxidado;ESP/F10/2296/1051;FASE 10;BOT_MIJO;291;1;ESPERANZA
22-06-2023;PA211;C58;KOM 930 E;Lastre Oxidado;ESP/F10/2296/1051;FASE 10;BOT_MIJO;291;1;ESPERANZA
22-06-2023;PA3;C07;CAT 797 B;Lastre Sulfurado;ESP/F07/2104/716;FASE 7;BOT_2380_INT;1039,209961;3;ESPERANZA
22-06-2023;PA3;C08;CAT 797 B;Lastre Sulfurado;ESP/F07/2104/716;FASE 7;BOT_2380_INT;1732,023987;5;ESPERANZA
22-06-2023;PA3;C09;CAT 797 B;Lastre Sulfurado;ESP/F07/2104/716;FASE 7;BOT_2380_INT;346,4039917;1;ESPERANZA
22-06-2023;PA3;C10;CAT 797 B;Lastre Sulfurado;ESP/F07/2104/716;FASE 7;BOT_2380_INT;1385,619995;4;ESPERANZA
22-06-2023;PA3;C11;CAT 797 B;Lastre Sulfurado;ESP/F07/2104/716;FASE 7;BOT_2380_INT;692,8079834;2;ESPERANZA
22-06-2023;PA3;C123;CAT 793 C;Lastre Sulfurado;ESP/F07/2104/716;FASE 7;BOT_2380_INT;216,4360046;1;ESPERANZA
22-06-2023;PA3;C125;CAT 793 C;Lastre Sulfurado;ESP/F07/2104/716;FASE 7;BOT_2380_INT;216,4360046;1;ESPERANZA
22-06-2023;PA3;C129;CAT 793 C;Lastre Sulfurado;ESP/F07/2104/716;FASE 7;BOT_2380_INT;216,4360046;1;ESPERANZA
22-06-2023;PA3;C13;CAT 797 B;Lastre Sulfurado;ESP/F07/2104/716;FASE 7;BOT_2380_INT;1039,211975;3;ESPERANZA
22-06-2023;PA3;C13;CAT 797 B;Lastre Sulfurado;ESP/F07/2104/716;FASE 7;BOT_CENTRAL_SUR_INF;346,4039917;1;ESPERANZA
22-06-2023;PA3;C14;CAT 797 B;Lastre Sulfurado;ESP/F07/2104/716;FASE 7;BOT_2380_INT;692,8079834;2;ESPERANZA
22-06-2023;PA3;C15;CAT 797 B;Lastre Sulfurado;ESP/F07/2104/716;FASE 7;BOT_2380_INT;1385,615967;4;ESPERANZA
22-06-2023;PA3;C153;CAT 793 F;Lastre Sulfurado;ESP/F07/2104/716;FASE 7;BOT_2380_INT;216,4360046;1;ESPERANZA
22-06-2023;PA3;C156;CAT 793 F;Lastre Sulfurado;ESP/F07/2104/716;FASE 7;BOT_2380_INT;432,8720093;2;ESPERANZA
22-06-2023;PA3;C159;CAT 793 F;Lastre Sulfurado;ESP/F07/2104/716;FASE 7;BOT_2380_INT;216,4360046;1;ESPERANZA
22-06-2023;PA3;C161;CAT 793 F;Lastre Sulfurado;ESP/F07/2104/716;FASE 7;BOT_2380_INT;865,7459717;4;ESPERANZA
22-06-2023;PA3;C162;CAT 793 F;Lastre Sulfurado;ESP/F07/2104/716;FASE 7;BOT_2380_INT;216,4360046;1;ESPERANZA
22-06-2023;PA3;C163;CAT 793 F;Lastre Sulfurado;ESP/F07/2104/716;FASE 7;BOT_2380_INT;216,4360046;1;ESPERANZA
22-06-2023;PA3;C164;CAT 793 F;Lastre Sulfurado;ESP/F07/2104/716;FASE 7;BOT_2380_INT;216,4360046;1;ESPERANZA
22-06-2023;PA3;C17;CAT 797 F;Lastre Sulfurado;ESP/F07/2104/716;FASE 7;BOT_2380_INT;2078,427979;6;ESPERANZA
22-06-2023;PA3;C18;CAT 797 F;Lastre Sulfurado;ESP/F07/2104/716;FASE 7;BOT_2380_INT;3117,639893;9;ESPERANZA
22-06-2023;PA3;C19;CAT 797 F;Lastre Sulfurado;ESP/F07/2104/716;FASE 7;BOT_2380_INT;2424,823914;7;ESPERANZA
22-06-2023;PA3;C20;CAT 797 F;Lastre Sulfurado;ESP/F07/2104/716;FASE 7;BOT_2380_INT;3117,633972;9;ESPERANZA
22-06-2023;PA3;C21;CAT 797 F;Lastre Sulfurado;ESP/F07/2104/716;FASE 7;BOT_2380_INT;1732,019958;5;ESPERANZA
22-06-2023;PA3;C22;CAT 797 F;Lastre Sulfurado;ESP/F07/2104/716;FASE 7;BOT_2380_INT;692,8079834;2;ESPERANZA
22-06-2023;PA3;C23;CAT 797 F;Lastre Sulfurado;ESP/F07/2104/716;FASE 7;BOT_2380_INT;2078,421936;6;ESPERANZA
22-06-2023;PA3;C24;CAT 797 F;Lastre Sulfurado;ESP/F07/2104/716;FASE 7;BOT_2380_INT;4156,848022;12;ESPERANZA
22-06-2023;PA3;C25;CAT 797 F;Lastre Sulfurado;ESP/F07/2104/716;FASE 7;BOT_2380_INT;2078,427979;6;ESPERANZA
22-06-2023;PA3;C32;CAT 797 F;Lastre Sulfurado;ESP/F07/2104/716;FASE 7;BOT_2380_INT;2424,825928;7;ESPERANZA
22-06-2023;PA3;C34;CAT 797 F;Lastre Sulfurado;ESP/F07/2104/716;FASE 7;BOT_2380_INT;3464,039978;10;ESPERANZA
22-06-2023;PA3;C36;CAT 797 F;Lastre Sulfurado;ESP/F07/2104/716;FASE 7;BOT_2380_INT;5196,061951;15;ESPERANZA
22-06-2023;PA3;C37;CAT 797 F;Lastre Sulfurado;ESP/F07/2104/716;FASE 7;BOT_2380_INT;4503,253845;13;ESPERANZA
22-06-2023;PA3;C38;CAT 797 F;Lastre Sulfurado;ESP/F07/2104/716;FASE 7;BOT_2380_INT;4156,841858;12;ESPERANZA
22-06-2023;PA3;C39;CAT 797 F;Lastre Sulfurado;ESP/F07/2104/716;FASE 7;BOT_2380_INT;4849,655884;14;ESPERANZA
22-06-2023;PA3;C40;CAT 797 F;Lastre Sulfurado;ESP/F07/2104/716;FASE 7;BOT_2380_INT;3464,035889;10;ESPERANZA
22-06-2023;PA3;C41;CAT 797 F;Lastre Sulfurado;ESP/F07/2104/716;FASE 7;BOT_2380_INT;3810,437866;11;ESPERANZA
22-06-2023;PA3;C42;CAT 797 F;Lastre Sulfurado;ESP/F07/2104/716;FASE 7;BOT_2380_INT;1385,613953;4;ESPERANZA
22-06-2023;PA3;C43;CAT 797 F;Lastre Sulfurado;ESP/F07/2104/716;FASE 7;BOT_2380_INT;1732,017944;5;ESPERANZA
22-06-2023;PA3;C44;CAT 797 F;Lastre Sulfurado;ESP/F07/2104/716;FASE 7;BOT_2380_INT;2771,233948;8;ESPERANZA
22-06-2023;PA3;C45;CAT 797 F;Lastre Sulfurado;ESP/F07/2104/716;FASE 7;BOT_2380_INT;3464,040039;10;ESPERANZA
22-06-2023;PA3;C46;CAT 797 F;Lastre Sulfurado;ESP/F07/2104/716;FASE 7;BOT_2380_INT;1732,023987;5;ESPERANZA
22-06-2023;PA3;C46;CAT 797 F;Lastre Sulfurado;ESP/F07/2104/716;FASE 7;BOT_MIJO;346,4039917;1;ESPERANZA
22-06-2023;PA3;C47;CAT 797 F;Lastre Sulfurado;ESP/F07/2104/716;FASE 7;BOT_2380_INT;5542,468018;16;ESPERANZA
22-06-2023;PA3;C48;CAT 797 F;Lastre Sulfurado;ESP/F07/2104/716;FASE 7;BOT_2380_INT;4156,845947;12;ESPERANZA
22-06-2023;PA3;C55;KOM 930 E;Lastre Sulfurado;ESP/F07/2104/716;FASE 7;BOT_2380_INT;291;1;ESPERANZA
22-06-2023;PA4;C07;CAT 797 B;Lastre Oxidado;ESP/F10/2328/1290;FASE 10;BOT_CENTRAL_SUR_INF;692,8079834;2;ESPERANZA
22-06-2023;PA4;C07;CAT 797 B;Lastre Oxidado;ESP/F10/2328/1290;FASE 10;BOT-ESTE;692,8079834;2;ESPERANZA
22-06-2023;PA4;C08;CAT 797 B;Lastre Oxidado;ESP/F10/2328/1290;FASE 10;BOT_CENTRAL_SUR_INF;346,4039917;1;ESPERANZA
22-06-2023;PA4;C08;CAT 797 B;Lastre Oxidado;ESP/F10/2328/1290;FASE 10;BOT-ESTE;1039,211975;3;ESPERANZA
22-06-2023;PA4;C09;CAT 797 B;Lastre Oxidado;ESP/F10/2328/1290;FASE 10;BOT-ESTE;692,8079834;2;ESPERANZA
22-06-2023;PA4;C10;CAT 797 B;Lastre Oxidado;ESP/F10/2328/1290;FASE 10;BOT-ESTE;1732,017944;5;ESPERANZA
22-06-2023;PA4;C11;CAT 797 B;Lastre Oxidado;ESP/F10/2328/1290;FASE 10;BOT_CENTRAL_SUR_INF;1732,02002;5;ESPERANZA
22-06-2023;PA4;C11;CAT 797 B;Lastre Oxidado;ESP/F10/2328/1290;FASE 10;BOT-ESTE;2424,823914;7;ESPERANZA
22-06-2023;PA4;C12;CAT 797 B;Lastre Oxidado;ESP/F10/2328/1290;FASE 10;BOT-ESTE;346,4039917;1;ESPERANZA
22-06-2023;PA4;C121;CAT 793 C;Lastre Oxidado;ESP/F10/2328/1290;FASE 10;BOT-ESTE;432,8729858;2;ESPERANZA
22-06-2023;PA4;C122;CAT 793 C;Lastre Oxidado;ESP/F10/2328/1290;FASE 10;BOT_CENTRAL_SUR_INF;216,4360046;1;ESPERANZA
22-06-2023;PA4;C122;CAT 793 C;Lastre Oxidado;ESP/F10/2328/1290;FASE 10;BOT-ESTE;649,309021;3;ESPERANZA
22-06-2023;PA4;C123;CAT 793 C;Lastre Oxidado;ESP/F10/2328/1290;FASE 10;BOT-ESTE;216,4360046;1;ESPERANZA
22-06-2023;PA4;C125;CAT 793 C;Lastre Oxidado;ESP/F10/2328/1290;FASE 10;BOT_CENTRAL_SUR_INF;216,4360046;1;ESPERANZA
22-06-2023;PA4;C125;CAT 793 C;Lastre Oxidado;ESP/F10/2328/1290;FASE 10;BOT-ESTE;1515,056;7;ESPERANZA
22-06-2023;PA4;C128;CAT 793 C;Lastre Oxidado;ESP/F10/2328/1290;FASE 10;BOT_CENTRAL_SUR_INF;216,4360046;1;ESPERANZA
22-06-2023;PA4;C128;CAT 793 C;Lastre Oxidado;ESP/F10/2328/1290;FASE 10;BOT-ESTE;432,8720093;2;ESPERANZA
22-06-2023;PA4;C13;CAT 797 B;Lastre Oxidado;ESP/F10/2328/1290;FASE 10;BOT_CENTRAL_SUR_INF;346,4039917;1;ESPERANZA
22-06-2023;PA4;C13;CAT 797 B;Lastre Oxidado;ESP/F10/2328/1290;FASE 10;BOT_MIJO;346,4039917;1;ESPERANZA
22-06-2023;PA4;C13;CAT 797 B;Lastre Oxidado;ESP/F10/2328/1290;FASE 10;BOT-ESTE;1385,619995;4;ESPERANZA
22-06-2023;PA4;C131;CAT 793 C;Lastre Oxidado;ESP/F10/2328/1290;FASE 10;BOT-ESTE;432,8720093;2;ESPERANZA
22-06-2023;PA4;C132;CAT 793 C;Lastre Oxidado;ESP/F10/2328/1290;FASE 10;BOT-ESTE;432,8729858;2;ESPERANZA
22-06-2023;PA4;C134;CAT 793 C;Lastre Oxidado;ESP/F10/2328/1290;FASE 10;BOT-ESTE;432,8729858;2;ESPERANZA
22-06-2023;PA4;C14;CAT 797 B;Lastre Oxidado;ESP/F10/2328/1290;FASE 10;BOT_CENTRAL_SUR_INF;2078,419922;6;ESPERANZA
22-06-2023;PA4;C14;CAT 797 B;Lastre Oxidado;ESP/F10/2328/1290;FASE 10;BOT-ESTE;692,8079834;2;ESPERANZA
22-06-2023;PA4;C15;CAT 797 B;Lastre Oxidado;ESP/F10/2328/1290;FASE 10;BOT-ESTE;2424,83197;7;ESPERANZA
22-06-2023;PA4;C15;CAT 797 B;Lastre Sulfurado;ESP/F10/2312/1290;FASE 10;BOT-ESTE;346,4039917;1;ESPERANZA
22-06-2023;PA4;C151;CAT 793 F;Lastre Oxidado;ESP/F10/2328/1290;FASE 10;BOT-ESTE;649,309021;3;ESPERANZA
22-06-2023;PA4;C152;CAT 793 F;Lastre Oxidado;ESP/F10/2328/1290;FASE 10;BOT_CENTRAL_SUR_INF;216,4360046;1;ESPERANZA
22-06-2023;PA4;C156;CAT 793 F;Lastre Oxidado;ESP/F10/2328/1290;FASE 10;BOT_CENTRAL_SUR_INF;432,8729858;2;ESPERANZA
22-06-2023;PA4;C156;CAT 793 F;Lastre Oxidado;ESP/F10/2328/1290;FASE 10;BOT-ESTE;432,8720093;2;ESPERANZA
22-06-2023;PA4;C159;CAT 793 F;Lastre Oxidado;ESP/F10/2328/1290;FASE 10;BOT_CENTRAL_SUR_INF;432,8729858;2;ESPERANZA
22-06-2023;PA4;C16;CAT 797 B;Lastre Oxidado;ESP/F10/2328/1290;FASE 10;BOT-ESTE;346,4039917;1;ESPERANZA
22-06-2023;PA4;C160;CAT 793 F;Lastre Oxidado;ESP/F10/2328/1290;FASE 10;BOT_CENTRAL_SUR_INF;432,8720093;2;ESPERANZA
22-06-2023;PA4;C161;CAT 793 F;Lastre Oxidado;ESP/F10/2328/1290;FASE 10;BOT-ESTE;216,4360046;1;ESPERANZA
22-06-2023;PA4;C162;CAT 793 F;Lastre Oxidado;ESP/F10/2328/1290;FASE 10;BOT_CENTRAL_SUR_INF;649,309021;3;ESPERANZA
22-06-2023;PA4;C163;CAT 793 F;Lastre Oxidado;ESP/F10/2328/1290;FASE 10;BOT_CENTRAL_SUR_INF;432,8729858;2;ESPERANZA
22-06-2023;PA4;C19;CAT 797 F;Lastre Oxidado;ESP/F10/2328/1290;FASE 10;BOT_CENTRAL_SUR_INF;692,8079834;2;ESPERANZA
22-06-2023;PA4;C19;CAT 797 F;Lastre Oxidado;ESP/F10/2328/1290;FASE 10;BOT-ESTE;692,8079834;2;ESPERANZA
22-06-2023;PA4;C22;CAT 797 F;Lastre Oxidado;ESP/F10/2328/1290;FASE 10;BOT_CENTRAL_SUR_INF;1039,209961;3;ESPERANZA
22-06-2023;PA4;C23;CAT 797 F;Lastre Oxidado;ESP/F10/2328/1290;FASE 10;BOT-ESTE;346,4039917;1;ESPERANZA
22-06-2023;PA4;C40;CAT 797 F;Lastre Oxidado;ESP/F10/2328/1290;FASE 10;BOT_CENTRAL_SUR_INF;346,4039917;1;ESPERANZA
22-06-2023;PA4;C42;CAT 797 F;Lastre Oxidado;ESP/F10/2328/1290;FASE 10;BOT_CENTRAL_SUR_INF;692,8079834;2;ESPERANZA
22-06-2023;PA4;C43;CAT 797 F;Lastre Oxidado;ESP/F10/2328/1290;FASE 10;BOT_CENTRAL_SUR_INF;692,8079834;2;ESPERANZA
22-06-2023;PA4;C43;CAT 797 F;Lastre Oxidado;ESP/F10/2328/1290;FASE 10;BOT-ESTE;692,8079834;2;ESPERANZA
22-06-2023;PA4;C45;CAT 797 F;Lastre Oxidado;ESP/F10/2328/1290;FASE 10;BOT_CENTRAL_SUR_INF;346,4039917;1;ESPERANZA
22-06-2023;PA4;C45;CAT 797 F;Lastre Oxidado;ESP/F10/2328/1290;FASE 10;BOT-ESTE;692,8079834;2;ESPERANZA
22-06-2023;PA4;C46;CAT 797 F;Lastre Oxidado;ESP/F10/2328/1290;FASE 10;BOT_CENTRAL_SUR_INF;346,4039917;1;ESPERANZA
22-06-2023;PA4;C50;KOM 930 E;Lastre Oxidado;ESP/F10/2328/1290;FASE 10;BOT-ESTE;291;1;ESPERANZA
22-06-2023;PA4;C54;KOM 930 E;Lastre Oxidado;ESP/F10/2328/1290;FASE 10;BOT-ESTE;291;1;ESPERANZA
22-06-2023;PA4;C58;KOM 930 E;Lastre Oxidado;ESP/F10/2328/1290;FASE 10;BOT_MIJO;291;1;ESPERANZA
22-06-2023;PA6;C07;CAT 797 B;Lastre Oxidado;ESP/F10/2296/1051;FASE 10;BOT_CENTRAL_SUR_INF;1732,02002;5;ESPERANZA
22-06-2023;PA6;C08;CAT 797 B;Lastre Oxidado;ESP/F10/2296/1051;FASE 10;BOT_CENTRAL_SUR_INF;692,8079834;2;ESPERANZA
22-06-2023;PA6;C08;CAT 797 B;Lastre Oxidado;ESP/F10/2296/1051;FASE 10;BOT_RAMPA_SUPERIOR;346,4039917;1;ESPERANZA
22-06-2023;PA6;C09;CAT 797 B;Lastre Oxidado;ESP/F10/2296/1051;FASE 10;BOT_CENTRAL_SUR_INF;692,8079834;2;ESPERANZA
22-06-2023;PA6;C10;CAT 797 B;Lastre Oxidado;ESP/F10/2296/1051;FASE 10;BOT_CENTRAL_SUR_INF;2078,424011;6;ESPERANZA
22-06-2023;PA6;C10;CAT 797 B;Lastre Oxidado;ESP/F10/2296/1051;FASE 10;BOT_MIJO;346,4039917;1;ESPERANZA
22-06-2023;PA6;C11;CAT 797 B;Lastre Oxidado;ESP/F10/2296/1051;FASE 10;BOT_CENTRAL_SUR_INF;1732,017944;5;ESPERANZA
22-06-2023;PA6;C11;CAT 797 B;Lastre Oxidado;ESP/F10/2296/1051;FASE 10;BOT_MIJO;346,4039917;1;ESPERANZA
22-06-2023;PA6;C12;CAT 797 B;Lastre Oxidado;ESP/F10/2296/1051;FASE 10;BOT_CENTRAL_SUR_INF;2078,427979;6;ESPERANZA
22-06-2023;PA6;C121;CAT 793 C;Lastre Oxidado;ESP/F10/2296/1051;FASE 10;BOT_CENTRAL_SUR_INF;216,4360046;1;ESPERANZA
22-06-2023;PA6;C122;CAT 793 C;Lastre Oxidado;ESP/F10/2296/1051;FASE 10;BOT_CENTRAL_SUR_INF;432,8720093;2;ESPERANZA
22-06-2023;PA6;C122;CAT 793 C;Lastre Oxidado;ESP/F10/2296/1051;FASE 10;BOT_MIJO;216,4360046;1;ESPERANZA
22-06-2023;PA6;C125;CAT 793 C;Lastre Oxidado;ESP/F10/2296/1051;FASE 10;BOT_CENTRAL_SUR_INF;865,7450256;4;ESPERANZA
22-06-2023;PA6;C125;CAT 793 C;Lastre Oxidado;ESP/F10/2296/1051;FASE 10;BOT_MIJO;216,4360046;1;ESPERANZA
22-06-2023;PA6;C128;CAT 793 C;Lastre Oxidado;ESP/F10/2296/1051;FASE 10;BOT_CENTRAL_SUR_INF;1515,054962;7;ESPERANZA
22-06-2023;PA6;C13;CAT 797 B;Lastre Oxidado;ESP/F10/2296/1051;FASE 10;BOT_CENTRAL_SUR_INF;2771,227905;8;ESPERANZA
22-06-2023;PA6;C13;CAT 797 B;Lastre Oxidado;ESP/F10/2296/1051;FASE 10;BOT_MIJO;1732,02002;5;ESPERANZA
22-06-2023;PA6;C131;CAT 793 C;Lastre Oxidado;ESP/F10/2296/1051;FASE 10;BOT_CENTRAL_SUR_INF;432,8720093;2;ESPERANZA
22-06-2023;PA6;C132;CAT 793 C;Lastre Oxidado;ESP/F10/2296/1051;FASE 10;BOT_CENTRAL_SUR_INF;1515,05304;7;ESPERANZA
22-06-2023;PA6;C132;CAT 793 C;Lastre Oxidado;ESP/F10/2296/1051;FASE 10;BOT_MIJO;649,3089905;3;ESPERANZA
22-06-2023;PA6;C134;CAT 793 C;Lastre Oxidado;ESP/F10/2296/1051;FASE 10;BOT_CENTRAL_SUR_INF;1731,492004;8;ESPERANZA
22-06-2023;PA6;C14;CAT 797 B;Lastre Oxidado;ESP/F10/2296/1051;FASE 10;BOT_CENTRAL_SUR_INF;4849,649902;14;ESPERANZA
22-06-2023;PA6;C14;CAT 797 B;Lastre Oxidado;ESP/F10/2296/1051;FASE 10;BOT_MIJO;692,8079834;2;ESPERANZA
22-06-2023;PA6;C15;CAT 797 B;Lastre Oxidado;ESP/F10/2296/1051;FASE 10;BOT_CENTRAL_SUR_INF;1385,613953;4;ESPERANZA
22-06-2023;PA6;C15;CAT 797 B;Lastre Oxidado;ESP/F10/2296/1051;FASE 10;BOT_MIJO;346,4039917;1;ESPERANZA
22-06-2023;PA6;C151;CAT 793 F;Lastre Oxidado;ESP/F10/2296/1051;FASE 10;BOT_CENTRAL_SUR_INF;216,4360046;1;ESPERANZA
22-06-2023;PA6;C151;CAT 793 F;Lastre Oxidado;ESP/F10/2296/1051;FASE 10;BOT_MIJO;216,4360046;1;ESPERANZA
22-06-2023;PA6;C152;CAT 793 F;Lastre Oxidado;ESP/F10/2296/1051;FASE 10;BOT_CENTRAL_SUR_INF;216,4360046;1;ESPERANZA
22-06-2023;PA6;C153;CAT 793 F;Lastre Oxidado;ESP/F10/2296/1051;FASE 10;BOT_CENTRAL_SUR_INF;216,4360046;1;ESPERANZA
22-06-2023;PA6;C159;CAT 793 F;Lastre Oxidado;ESP/F10/2296/1051;FASE 10;BOT_CENTRAL_SUR_INF;216,4360046;1;ESPERANZA
22-06-2023;PA6;C16;CAT 797 B;Lastre Oxidado;ESP/F10/2296/1051;FASE 10;BOT_CENTRAL_SUR_INF;346,4039917;1;ESPERANZA
22-06-2023;PA6;C160;CAT 793 F;Lastre Oxidado;ESP/F10/2296/1051;FASE 10;BOT_CENTRAL_SUR_INF;649,3089905;3;ESPERANZA
22-06-2023;PA6;C163;CAT 793 F;Lastre Oxidado;ESP/F10/2296/1051;FASE 10;BOT_CENTRAL_SUR_INF;216,4360046;1;ESPERANZA
22-06-2023;PA6;C19;CAT 797 F;Lastre Oxidado;ESP/F10/2296/1051;FASE 10;BOT_CENTRAL_SUR_INF;346,4039917;1;ESPERANZA
22-06-2023;PA6;C21;CAT 797 F;Lastre Oxidado;ESP/F10/2296/1051;FASE 10;BOT_CENTRAL_SUR_INF;1039,211975;3;ESPERANZA
22-06-2023;PA6;C22;CAT 797 F;Lastre Oxidado;ESP/F10/2296/1051;FASE 10;BOT_CENTRAL_SUR_INF;1385,619995;4;ESPERANZA
22-06-2023;PA6;C24;CAT 797 F;Lastre Oxidado;ESP/F10/2296/1051;FASE 10;BOT_CENTRAL_SUR_INF;692,8079834;2;ESPERANZA
22-06-2023;PA6;C25;CAT 797 F;Lastre Oxidado;ESP/F10/2296/1051;FASE 10;BOT_CENTRAL_SUR_INF;1039,209961;3;ESPERANZA
22-06-2023;PA6;C32;CAT 797 F;Lastre Oxidado;ESP/F10/2296/1051;FASE 10;BOT_CENTRAL_SUR_INF;1385,613953;4;ESPERANZA
22-06-2023;PA6;C34;CAT 797 F;Lastre Oxidado;ESP/F10/2296/1051;FASE 10;BOT_CENTRAL_SUR_INF;692,8079834;2;ESPERANZA
22-06-2023;PA6;C43;CAT 797 F;Lastre Oxidado;ESP/F10/2296/1051;FASE 10;BOT_CENTRAL_SUR_INF;1385,613953;4;ESPERANZA
22-06-2023;PA6;C44;CAT 797 F;Lastre Oxidado;ESP/F10/2296/1051;FASE 10;BOT_RAMPA_SUPERIOR;346,4039917;1;ESPERANZA
22-06-2023;PA6;C45;CAT 797 F;Lastre Oxidado;ESP/F10/2296/1051;FASE 10;BOT_CENTRAL_SUR_INF;346,4039917;1;ESPERANZA
22-06-2023;PA6;C46;CAT 797 F;Lastre Oxidado;ESP/F10/2296/1051;FASE 10;BOT_CENTRAL_SUR_INF;3117,639893;9;ESPERANZA
22-06-2023;PA6;C60;KOM 930 E;Lastre Oxidado;ESP/F10/2296/1051;FASE 10;BOT_MIJO;291;1;ESPERANZA
22-06-2023;PA7;C07;CAT 797 B;Lastre Sulfurado;ESP/F07/2104/710;FASE 7;BOT_2380_INT;346,4039917;1;ESPERANZA
22-06-2023;PA7;C08;CAT 797 B;Lastre Sulfurado;ESP/F07/2104/710;FASE 7;BOT_2380_INT;2078,424011;6;ESPERANZA
22-06-2023;PA7;C09;CAT 797 B;Lastre Sulfurado;ESP/F07/2104/710;FASE 7;BOT_2380_INT;1039,211975;3;ESPERANZA
22-06-2023;PA7;C10;CAT 797 B;Lastre Sulfurado;ESP/F07/2104/710;FASE 7;BOT_2380_INT;2424,823914;7;ESPERANZA
22-06-2023;PA7;C11;CAT 797 B;Lastre Sulfurado;ESP/F07/2104/710;FASE 7;BOT_2380_INT;346,4039917;1;ESPERANZA
22-06-2023;PA7;C121;CAT 793 C;Lastre Sulfurado;ESP/F07/2104/710;FASE 7;BOT_2380_INT;649,309021;3;ESPERANZA
22-06-2023;PA7;C122;CAT 793 C;Lastre Sulfurado;ESP/F07/2104/710;FASE 7;BOT_2380_INT;216,4360046;1;ESPERANZA
22-06-2023;PA7;C129;CAT 793 C;Lastre Sulfurado;ESP/F07/2104/710;FASE 7;BOT_2380_INT;216,4360046;1;ESPERANZA
22-06-2023;PA7;C13;CAT 797 B;Lastre Sulfurado;ESP/F07/2104/710;FASE 7;BOT_2380_INT;1039,209961;3;ESPERANZA
22-06-2023;PA7;C15;CAT 797 B;Lastre Sulfurado;ESP/F07/2104/710;FASE 7;BOT_2380_INT;1039,211975;3;ESPERANZA
22-06-2023;PA7;C152;CAT 793 F;Lastre Sulfurado;ESP/F07/2104/710;FASE 7;BOT_2380_INT;216,4360046;1;ESPERANZA
22-06-2023;PA7;C153;CAT 793 F;Lastre Sulfurado;ESP/F07/2104/710;FASE 7;BOT_2380_INT;216,4360046;1;ESPERANZA
22-06-2023;PA7;C156;CAT 793 F;Lastre Sulfurado;ESP/F07/2104/710;FASE 7;BOT_2380_INT;216,4360046;1;ESPERANZA
22-06-2023;PA7;C159;CAT 793 F;Lastre Sulfurado;ESP/F07/2104/710;FASE 7;BOT_2380_INT;216,4360046;1;ESPERANZA
22-06-2023;PA7;C16;CAT 797 B;Lastre Sulfurado;ESP/F07/2104/710;FASE 7;BOT_2380_INT;692,8079834;2;ESPERANZA
22-06-2023;PA7;C161;CAT 793 F;Lastre Sulfurado;ESP/F07/2104/710;FASE 7;BOT_2380_INT;216,4360046;1;ESPERANZA
22-06-2023;PA7;C162;CAT 793 F;Lastre Sulfurado;ESP/F07/2104/710;FASE 7;BOT_2380_INT;216,4360046;1;ESPERANZA
22-06-2023;PA7;C163;CAT 793 F;Lastre Sulfurado;ESP/F07/2104/710;FASE 7;BOT_2380_INT;216,4360046;1;ESPERANZA
22-06-2023;PA7;C164;CAT 793 F;Lastre Sulfurado;ESP/F07/2104/710;FASE 7;BOT_2380_INT;216,4360046;1;ESPERANZA
22-06-2023;PA7;C17;CAT 797 F;Lastre Sulfurado;ESP/F07/2104/710;FASE 7;BOT_2380_INT;2771,229919;8;ESPERANZA
22-06-2023;PA7;C17;CAT 797 F;Lastre Sulfurado;ESP/F07/2104/710;FASE 7;BOT_MIJO;346,4039917;1;ESPERANZA
22-06-2023;PA7;C18;CAT 797 F;Lastre Sulfurado;ESP/F07/2104/710;FASE 7;BOT_2380_INT;1385,619995;4;ESPERANZA
22-06-2023;PA7;C19;CAT 797 F;Lastre Sulfurado;ESP/F07/2104/710;FASE 7;BOT_2380_INT;3117,631897;9;ESPERANZA
22-06-2023;PA7;C20;CAT 797 F;Lastre Sulfurado;ESP/F07/2104/710;FASE 7;BOT_2380_INT;2424,830078;7;ESPERANZA
22-06-2023;PA7;C21;CAT 797 F;Lastre Sulfurado;ESP/F07/2104/710;FASE 7;BOT_2380_INT;3117,638062;9;ESPERANZA
22-06-2023;PA7;C23;CAT 797 F;Lastre Sulfurado;ESP/F07/2104/710;FASE 7;BOT_2380_INT;1385,615967;4;ESPERANZA
22-06-2023;PA7;C24;CAT 797 F;Lastre Sulfurado;ESP/F07/2104/710;FASE 7;BOT_2380_INT;3464,039917;10;ESPERANZA
22-06-2023;PA7;C25;CAT 797 F;Lastre Sulfurado;ESP/F07/2104/710;FASE 7;BOT_2380_INT;3464,037964;10;ESPERANZA
22-06-2023;PA7;C32;CAT 797 F;Lastre Sulfurado;ESP/F07/2104/710;FASE 7;BOT_2380_INT;4156,8479;12;ESPERANZA
22-06-2023;PA7;C34;CAT 797 F;Lastre Sulfurado;ESP/F07/2104/710;FASE 7;BOT_2380_INT;1732,019958;5;ESPERANZA
22-06-2023;PA7;C36;CAT 797 F;Lastre Sulfurado;ESP/F07/2104/710;FASE 7;BOT_2380_INT;2078,421936;6;ESPERANZA
22-06-2023;PA7;C37;CAT 797 F;Lastre Sulfurado;ESP/F07/2104/710;FASE 7;BOT_2380_INT;2771,233948;8;ESPERANZA
22-06-2023;PA7;C38;CAT 797 F;Lastre Sulfurado;ESP/F07/2104/710;FASE 7;BOT_2380_INT;3117,633911;9;ESPERANZA
22-06-2023;PA7;C39;CAT 797 F;Lastre Sulfurado;ESP/F07/2104/710;FASE 7;BOT_2380_INT;3810,437866;11;ESPERANZA
22-06-2023;PA7;C40;CAT 797 F;Lastre Sulfurado;ESP/F07/2104/710;FASE 7;BOT_2380_INT;2771,231995;8;ESPERANZA
22-06-2023;PA7;C41;CAT 797 F;Lastre Sulfurado;ESP/F07/2104/710;FASE 7;BOT_2380_INT;2771,227905;8;ESPERANZA
22-06-2023;PA7;C42;CAT 797 F;Lastre Sulfurado;ESP/F07/2104/710;FASE 7;BOT_2380_INT;3464,044006;10;ESPERANZA
22-06-2023;PA7;C43;CAT 797 F;Lastre Sulfurado;ESP/F07/2104/710;FASE 7;BOT_2380_INT;2424,828003;7;ESPERANZA
22-06-2023;PA7;C44;CAT 797 F;Lastre Sulfurado;ESP/F07/2104/710;FASE 7;BOT_2380_INT;2771,23407;8;ESPERANZA
22-06-2023;PA7;C45;CAT 797 F;Lastre Sulfurado;ESP/F07/2104/710;FASE 7;BOT_2380_INT;3117,631897;9;ESPERANZA
22-06-2023;PA7;C46;CAT 797 F;Lastre Sulfurado;ESP/F07/2104/710;FASE 7;BOT_2380_INT;3464,043884;10;ESPERANZA
22-06-2023;PA7;C47;CAT 797 F;Lastre Sulfurado;ESP/F07/2104/710;FASE 7;BOT_2380_INT;1039,209961;3;ESPERANZA
22-06-2023;PA7;C48;CAT 797 F;Lastre Sulfurado;ESP/F07/2104/710;FASE 7;BOT_2380_INT;2771,233948;8;ESPERANZA
22-06-2023;PA7;C50;KOM 930 E;Lastre Sulfurado;ESP/F07/2104/710;FASE 7;BOT_2380_INT;291;1;ESPERANZA
22-06-2023;PA7;C53;KOM 930 E;Lastre Sulfurado;ESP/F07/2104/710;FASE 7;BOT_2380_INT;291;1;ESPERANZA
22-06-2023;PA7;C56;KOM 930 E;Lastre Sulfurado;ESP/F07/2104/710;FASE 7;BOT_2380_INT;291;1;ESPERANZA
22-06-2023;PA7;C58;KOM 930 E;Lastre Sulfurado;ESP/F07/2104/710;FASE 7;BOT_2380_INT;291;1;ESPERANZA
22-06-2023;PA9;C07;CAT 797 B;Lastre Sulfurado;ESP/F07/2104/710;FASE 7;BOT_2380_INT;346,4039917;1;ESPERANZA
22-06-2023;PA9;C08;CAT 797 B;Lastre Sulfurado;ESP/F07/2104/710;FASE 7;BOT_2380_INT;346,4039917;1;ESPERANZA
22-06-2023;PA9;C09;CAT 797 B;Lastre Sulfurado;ESP/F07/2104/710;FASE 7;BOT_2380_INT;346,4039917;1;ESPERANZA
22-06-2023;PA9;C10;CAT 797 B;Lastre Sulfurado;ESP/F07/2104/710;FASE 7;BOT_2380_INT;692,8079834;2;ESPERANZA
22-06-2023;PA9;C129;CAT 793 C;Lastre Sulfurado;ESP/F07/2104/710;FASE 7;BOT_2380_INT;216,4360046;1;ESPERANZA
22-06-2023;PA9;C13;CAT 797 B;Lastre Sulfurado;ESP/F07/2104/710;FASE 7;BOT_2380_INT;1385,613953;4;ESPERANZA
22-06-2023;PA9;C134;CAT 793 C;Lastre Sulfurado;ESP/F07/2104/710;FASE 7;BOT_2380_INT;216,4360046;1;ESPERANZA
22-06-2023;PA9;C14;CAT 797 B;Lastre Sulfurado;ESP/F07/2104/710;FASE 7;BOT_2380_INT;1039,211975;3;ESPERANZA
22-06-2023;PA9;C15;CAT 797 B;Lastre Sulfurado;ESP/F07/2104/710;FASE 7;BOT_2380_INT;1385,615967;4;ESPERANZA
22-06-2023;PA9;C156;CAT 793 F;Lastre Sulfurado;ESP/F07/2104/710;FASE 7;BOT_2380_INT;216,4360046;1;ESPERANZA
22-06-2023;PA9;C16;CAT 797 B;Lastre Sulfurado;ESP/F07/2104/710;FASE 7;BOT_2380_INT;692,8079834;2;ESPERANZA
22-06-2023;PA9;C161;CAT 793 F;Lastre Sulfurado;ESP/F07/2104/710;FASE 7;BOT_2380_INT;216,4360046;1;ESPERANZA
22-06-2023;PA9;C163;CAT 793 F;Lastre Sulfurado;ESP/F07/2104/710;FASE 7;BOT_2380_INT;649,309021;3;ESPERANZA
22-06-2023;PA9;C164;CAT 793 F;Lastre Sulfurado;ESP/F07/2104/710;FASE 7;BOT_2380_INT;432,8729858;2;ESPERANZA
22-06-2023;PA9;C17;CAT 797 F;Lastre Sulfurado;ESP/F07/2104/710;FASE 7;BOT_2380_INT;2078,421936;6;ESPERANZA
22-06-2023;PA9;C18;CAT 797 F;Lastre Sulfurado;ESP/F07/2104/710;FASE 7;BOT_2380_INT;346,4039917;1;ESPERANZA
22-06-2023;PA9;C21;CAT 797 F;Lastre Sulfurado;ESP/F07/2104/710;FASE 7;BOT_2380_INT;692,8079834;2;ESPERANZA
22-06-2023;PA9;C22;CAT 797 F;Lastre Sulfurado;ESP/F07/2104/710;FASE 7;BOT_2380_INT;692,8079834;2;ESPERANZA
22-06-2023;PA9;C23;CAT 797 F;Lastre Sulfurado;ESP/F07/2104/710;FASE 7;BOT_2380_INT;1039,211975;3;ESPERANZA
22-06-2023;PA9;C24;CAT 797 F;Lastre Sulfurado;ESP/F07/2104/710;FASE 7;BOT_2380_INT;692,8079834;2;ESPERANZA
22-06-2023;PA9;C25;CAT 797 F;Lastre Sulfurado;ESP/F07/2104/710;FASE 7;BOT_2380_INT;3117,631897;9;ESPERANZA
22-06-2023;PA9;C32;CAT 797 F;Lastre Sulfurado;ESP/F07/2104/710;FASE 7;BOT_2380_INT;1385,615967;4;ESPERANZA
22-06-2023;PA9;C34;CAT 797 F;Lastre Sulfurado;ESP/F07/2104/710;FASE 7;BOT_2380_INT;2424,829956;7;ESPERANZA
22-06-2023;PA9;C36;CAT 797 F;Lastre Sulfurado;ESP/F07/2104/710;FASE 7;BOT_2380_INT;1385,615967;4;ESPERANZA
22-06-2023;PA9;C37;CAT 797 F;Lastre Sulfurado;ESP/F07/2104/710;FASE 7;BOT_2380_INT;2078,427979;6;ESPERANZA
22-06-2023;PA9;C38;CAT 797 F;Lastre Sulfurado;ESP/F07/2104/710;FASE 7;BOT_2380_INT;1732,017944;5;ESPERANZA
22-06-2023;PA9;C39;CAT 797 F;Lastre Sulfurado;ESP/F07/2104/710;FASE 7;BOT_2380_INT;1039,211975;3;ESPERANZA
22-06-2023;PA9;C40;CAT 797 F;Lastre Sulfurado;ESP/F07/2104/710;FASE 7;BOT_2380_INT;346,4039917;1;ESPERANZA
22-06-2023;PA9;C41;CAT 797 F;Lastre Sulfurado;ESP/F07/2104/710;FASE 7;BOT_2380_INT;1385,613953;4;ESPERANZA
22-06-2023;PA9;C42;CAT 797 F;Lastre Sulfurado;ESP/F07/2104/710;FASE 7;BOT_2380_INT;1039,211975;3;ESPERANZA
22-06-2023;PA9;C42;CAT 797 F;Lastre Sulfurado;ESP/F07/2104/710;FASE 7;BOT_CENTRAL_SUR_INF;346,4039917;1;ESPERANZA
22-06-2023;PA9;C43;CAT 797 F;Lastre Sulfurado;ESP/F07/2104/710;FASE 7;BOT_2380_INT;692,8079834;2;ESPERANZA
22-06-2023;PA9;C44;CAT 797 F;Lastre Sulfurado;ESP/F07/2104/710;FASE 7;BOT_2380_INT;1385,619995;4;ESPERANZA
22-06-2023;PA9;C45;CAT 797 F;Lastre Sulfurado;ESP/F07/2104/710;FASE 7;BOT_2380_INT;1385,619995;4;ESPERANZA
22-06-2023;PA9;C46;CAT 797 F;Lastre Sulfurado;ESP/F07/2104/710;FASE 7;BOT_2380_INT;346,4039917;1;ESPERANZA
22-06-2023;PA9;C47;CAT 797 F;Lastre Sulfurado;ESP/F07/2104/710;FASE 7;BOT_2380_INT;3464,040039;10;ESPERANZA
22-06-2023;PA9;C48;CAT 797 F;Lastre Sulfurado;ESP/F07/2104/710;FASE 7;BOT_2380_INT;1039,211975;3;ESPERANZA
22-06-2023;PA9;C60;KOM 930 E;Lastre Sulfurado;ESP/F07/2104/710;FASE 7;BOT_2380_INT;291;1;ESPERANZA
22-06-2023;PAESPS;C980AHSESPS;Kom 980 AHS;Lastre Oxidado;ESS/F03/2216/324;F03 ESPSUR;BOTADERO_2021;43200;120;ESPERANZA_SUR
22-06-2023;PATH01;C701;LIEBHERR 264 ;LASTRE (LAS);LLA/F01/2295/102;F01 LLA;BOT_TSS;70737;323;LLANO
22-06-2023;PATH01;C701;LIEBHERR 264 ;LASTRE (LAS);LLA/F01/2295/103;F01 LLA;BOT_TSS;3066;14;LLANO
22-06-2023;PATH01;C701;LIEBHERR 264 ;LASTRE (LAS);LLA/F01/2295/110;F01 LLA;BOT_TSS;12264;56;LLANO
22-06-2023;PATH01;C701;LIEBHERR 264 ;LASTRE (LAS);LLA/F02/2302.5/209;F02 LLA;BOT_TSS;3285;15;LLANO
22-06-2023;PATH01;C701;LIEBHERR 264 ;LASTRE (LAS);LLA/F02/2302.5/2090;F02 LLA;BOT_TSS;219;1;LLANO
22-06-2023;PATH01;C701;LIEBHERR 264 ;LASTRE (LAS);LLA/F02/2302.5/215;F02 LLA;BOT_TSS;11169;51;LLANO
22-06-2023;PATH01;C793OXE;CAT 793 OXE;L21;04_2376_455;FASE 04 ENC;BOT_2400_1;61160;278;ENCUENTRO
22-06-2023;PATH01;C793OXE;CAT 793 OXE;L21;04_2376_455;FASE 04 ENC;BOT_2440;67100;305;ENCUENTRO
22-06-2023;PATH01;C793OXE;CAT 793 OXE;OBR;MOD_E_REM;ENCUENTRO OXE;CHANCADO-ENCUENTRO;25520;116;ENCUENTRO
22-06-2023;PATH01;C793OXE;CAT 793 OXE;ORM;MOD_B_REM;ENCUENTRO OXE;CHANCADO-ENCUENTRO;4180;19;ENCUENTRO
22-06-2023;PATH01;C793OXE;CAT 793 OXE;OXIDO BAJA LEY (OXBL);OXE/F04/2144/415;FASE 04 ENC;CHANCADO-ENCUENTRO;5280;24;ENCUENTRO
22-06-2023;PATH01;C793OXE;CAT 793 OXE;OXIDO BAJA LEY (OXBL);OXE/F04/2144/415;FASE 04 ENC;MOD E;2200;10;ENCUENTRO
22-06-2023;PATH01;C793OXE;CAT 793 OXE;OXIDO BAJA LEY (OXBL);OXE/F04/2144/415;FASE 04 ENC;MOD F;1100;5;ENCUENTRO
22-06-2023;PATH01;C793OXE;CAT 793 OXE;OXIDO BAJA LEY (OXBL);OXE/F04/2144/416;FASE 04 ENC;CHANCADO-ENCUENTRO;4840;22;ENCUENTRO
22-06-2023;PATH01;C793OXE;CAT 793 OXE;OXIDO BAJA LEY (OXBL);OXE/F04/2144/416;FASE 04 ENC;MOD D;440;2;ENCUENTRO
22-06-2023;PATH01;C793OXE;CAT 793 OXE;OXIDO BAJA LEY (OXBL);OXE/F04/2144/416;FASE 04 ENC;MOD E;2860;13;ENCUENTRO
22-06-2023;PATH01;C793OXE;CAT 793 OXE;OXIDO MARGINAL (OXMAR);OXE/F04/2144/417;FASE 04 ENC;STOCK _MARGINAL_ESTE;3960;18;ENCUENTRO
22-06-2023;PATH01;C793OXE;CAT 793 OXE;OXIDO MARGINAL (OXMAR);OXE/F04/2144/4170;FASE 04 ENC;STOCK _MARGINAL_ESTE;18700;85;ENCUENTRO