Fecha;Carguio;Camión;Flota;Material;Origen;Zona;Destino;Tonelaje;Ciclos;Rajo
23-06-2023;CF2;C07;CAT 797 B;Lastre Sulfurado;ESP/F10/2244/103;FASE 10;BOT-ESTE;1039,209961;3;ESPERANZA
23-06-2023;CF2;C08;CAT 797 B;Lastre Oxidado;ESP/F07/2104/7100;FASE 7;BOT_2380_INT;346,4039917;1;ESPERANZA
23-06-2023;CF2;C08;CAT 797 B;Lastre Sulfurado;ESP/F10/2244/103;FASE 10;BOT-ESTE;692,8079834;2;ESPERANZA
23-06-2023;CF2;C10;CAT 797 B;Lastre Oxidado;ESP/F07/2104/7100;FASE 7;BOT_2380_INT;346,4039917;1;ESPERANZA
23-06-2023;CF2;C10;CAT 797 B;Lastre Sulfurado;ESP/F10/2244/103;FASE 10;BOT-ESTE;1732,02002;5;ESPERANZA
23-06-2023;CF2;C11;CAT 797 B;Lastre Oxidado;ESP/F07/2104/7100;FASE 7;BOT_2380_INT;346,4039917;1;ESPERANZA
23-06-2023;CF2;C11;CAT 797 B;Lastre Sulfurado;ESP/F10/2244/103;FASE 10;BOT-ESTE;1039,209961;3;ESPERANZA
23-06-2023;CF2;C12;CAT 797 B;Lastre Oxidado;ESP/F07/2104/7100;FASE 7;BOT_2380_INT;692,8079834;2;ESPERANZA
23-06-2023;CF2;C12;CAT 797 B;Lastre Sulfurado;ESP/F10/2244/103;FASE 10;BOT-ESTE;2424,830078;7;ESPERANZA
23-06-2023;CF2;C125;CAT 793 C;Lastre Sulfurado;ESP/F10/2244/103;FASE 10;BOT-ESTE;216,4360046;1;ESPERANZA
23-06-2023;CF2;C13;CAT 797 B;Lastre Oxidado;ESP/F07/2104/7100;FASE 7;BOT_2380_INT;346,4039917;1;ESPERANZA
23-06-2023;CF2;C13;CAT 797 B;Lastre Sulfurado;ESP/F10/2244/103;FASE 10;BOT-ESTE;346,4039917;1;ESPERANZA
23-06-2023;CF2;C131;CAT 793 C;Lastre Oxidado;ESP/F07/2104/7100;FASE 7;BOT_2380_INT;216,4360046;1;ESPERANZA
23-06-2023;CF2;C132;CAT 793 C;Lastre Oxidado;ESP/F07/2104/7100;FASE 7;BOT_2380_INT;216,4360046;1;ESPERANZA
23-06-2023;CF2;C15;CAT 797 B;Lastre Oxidado;ESP/F07/2104/7100;FASE 7;BOT_2380_INT;692,8079834;2;ESPERANZA
23-06-2023;CF2;C15;CAT 797 B;Lastre Sulfurado;ESP/F10/2244/103;FASE 10;BOT-ESTE;346,4039917;1;ESPERANZA
23-06-2023;CF2;C153;CAT 793 F;Lastre Oxidado;ESP/F07/2104/7100;FASE 7;BOT_2380_INT;432,8720093;2;ESPERANZA
23-06-2023;CF2;C16;CAT 797 B;Lastre Oxidado;ESP/F07/2104/7100;FASE 7;BOT_2380_INT;1385,619995;4;ESPERANZA
23-06-2023;CF2;C16;CAT 797 B;Lastre Sulfurado;ESP/F10/2244/103;FASE 10;BOT-ESTE;1385,619995;4;ESPERANZA
23-06-2023;CF2;C164;CAT 793 F;Lastre Sulfurado;ESP/F10/2244/103;FASE 10;BOT-ESTE;216,4360046;1;ESPERANZA
23-06-2023;CF2;C17;CAT 797 F;Lastre Oxidado;ESP/F07/2104/7100;FASE 7;BOT_2380_INT;346,4039917;1;ESPERANZA
23-06-2023;CF2;C17;CAT 797 F;Lastre Sulfurado;ESP/F10/2244/103;FASE 10;BOT-ESTE;692,8079834;2;ESPERANZA
23-06-2023;CF2;C18;CAT 797 F;Lastre Oxidado;ESP/F07/2104/7100;FASE 7;BOT_2380_INT;1039,211975;3;ESPERANZA
23-06-2023;CF2;C21;CAT 797 F;Lastre Oxidado;ESP/F07/2104/7100;FASE 7;BOT_2380_INT;346,4039917;1;ESPERANZA
23-06-2023;CF2;C22;CAT 797 F;Lastre Sulfurado;ESP/F10/2244/103;FASE 10;BOT-ESTE;1385,619995;4;ESPERANZA
23-06-2023;CF2;C23;CAT 797 F;Lastre Oxidado;ESP/F07/2104/7100;FASE 7;BOT_2380_INT;692,8079834;2;ESPERANZA
23-06-2023;CF2;C25;CAT 797 F;Lastre Oxidado;ESP/F07/2104/7100;FASE 7;BOT_2380_INT;692,8079834;2;ESPERANZA
23-06-2023;CF2;C32;CAT 797 F;Lastre Oxidado;ESP/F07/2104/7100;FASE 7;BOT_2380_INT;1039,211975;3;ESPERANZA
23-06-2023;CF2;C34;CAT 797 F;Lastre Oxidado;ESP/F07/2104/7100;FASE 7;BOT_2380_INT;692,8079834;2;ESPERANZA
23-06-2023;CF2;C36;CAT 797 F;Lastre Oxidado;ESP/F07/2104/7100;FASE 7;BOT_2380_INT;1039,209961;3;ESPERANZA
23-06-2023;CF2;C37;CAT 797 F;Lastre Oxidado;ESP/F07/2104/7100;FASE 7;BOT_2380_INT;692,8079834;2;ESPERANZA
23-06-2023;CF2;C39;CAT 797 F;Lastre Oxidado;ESP/F07/2104/7100;FASE 7;BOT_2380_INT;346,4039917;1;ESPERANZA
23-06-2023;CF2;C40;CAT 797 F;Lastre Oxidado;ESP/F07/2104/7100;FASE 7;BOT_2380_INT;692,8079834;2;ESPERANZA
23-06-2023;CF2;C43;CAT 797 F;Lastre Oxidado;ESP/F07/2104/7100;FASE 7;BOT_2380_INT;692,8079834;2;ESPERANZA
23-06-2023;CF2;C44;CAT 797 F;Lastre Oxidado;ESP/F07/2104/7100;FASE 7;BOT_2380_INT;346,4039917;1;ESPERANZA
23-06-2023;CF2;C45;CAT 797 F;Lastre Oxidado;ESP/F07/2104/7100;FASE 7;BOT_2380_INT;346,4039917;1;ESPERANZA
23-06-2023;CF2;C46;CAT 797 F;Lastre Oxidado;ESP/F07/2104/7100;FASE 7;BOT_2380_INT;346,4039917;1;ESPERANZA
23-06-2023;CF2;C47;CAT 797 F;Lastre Oxidado;ESP/F07/2104/7100;FASE 7;BOT_2380_INT;1039,211975;3;ESPERANZA
23-06-2023;CF2;C48;CAT 797 F;Lastre Oxidado;ESP/F07/2104/7100;FASE 7;BOT_2380_INT;2424,823914;7;ESPERANZA
23-06-2023;CF203;C130;CAT 793 C;Baja Ley 1;ST-TS_18;OXIDO;CHANCADO-OXIDO;1947,925995;9;TESORO
23-06-2023;CF203;C132;CAT 793 C;Baja Ley 1;ST-TS_18;OXIDO;CHANCADO-OXIDO;865,7450256;4;TESORO
23-06-2023;CF203;C151;CAT 793 F;Baja Ley 1;ST-TS_18;OXIDO;CHANCADO-OXIDO;2597,238953;12;TESORO
23-06-2023;CF203;C155;CAT 793 F;Baja Ley 1;ST-TS_18;OXIDO;CHANCADO-OXIDO;3895,859039;18;TESORO
23-06-2023;CF231;C121;CAT 793 C;Lastre Sulfurado;ESP/F10/2312/1290;FASE 10;BOT_CENTRAL_SUR_INF;216,4360046;1;ESPERANZA
23-06-2023;CF231;C121;CAT 793 C;Lastre Sulfurado;ESP/F10/2312/1290;FASE 10;BOT-ESTE;1298,619995;6;ESPERANZA
23-06-2023;CF231;C122;CAT 793 C;Lastre Sulfurado;ESP/F10/2312/1290;FASE 10;BOT_MIJO;216,4360046;1;ESPERANZA
23-06-2023;CF231;C122;CAT 793 C;Lastre Sulfurado;ESP/F10/2312/1290;FASE 10;BOT-ESTE;649,3089905;3;ESPERANZA
23-06-2023;CF231;C123;CAT 793 C;Lastre Sulfurado;ESP/F10/2312/1290;FASE 10;BOT_CENTRAL_SUR_INF;216,4360046;1;ESPERANZA
23-06-2023;CF231;C123;CAT 793 C;Lastre Sulfurado;ESP/F10/2312/1290;FASE 10;BOT-ESTE;432,8729858;2;ESPERANZA
23-06-2023;CF231;C125;CAT 793 C;Lastre Sulfurado;ESP/F10/2312/1290;FASE 10;BOT-ESTE;1082,181976;5;ESPERANZA
23-06-2023;CF231;C128;CAT 793 C;Lastre Sulfurado;ESP/F10/2312/1290;FASE 10;BOT_CENTRAL_SUR_INF;432,8729858;2;ESPERANZA
23-06-2023;CF231;C128;CAT 793 C;Lastre Sulfurado;ESP/F10/2312/1290;FASE 10;BOT-ESTE;216,4360046;1;ESPERANZA
23-06-2023;CF231;C129;CAT 793 C;Lastre Sulfurado;ESP/F10/2312/1290;FASE 10;BOT_RAMPA_INFERIOR;216,4360046;1;ESPERANZA
23-06-2023;CF231;C129;CAT 793 C;Lastre Sulfurado;ESP/F10/2312/1290;FASE 10;BOT-ESTE;1731,491943;8;ESPERANZA
23-06-2023;CF231;C131;CAT 793 C;Lastre Sulfurado;ESP/F10/2312/1290;FASE 10;BOT-ESTE;216,4360046;1;ESPERANZA
23-06-2023;CF231;C132;CAT 793 C;Lastre Sulfurado;ESP/F10/2312/1290;FASE 10;BOT-ESTE;1082,181976;5;ESPERANZA
23-06-2023;CF231;C134;CAT 793 C;Lastre Sulfurado;ESP/F10/2312/1290;FASE 10;BOT-ESTE;1731,48999;8;ESPERANZA
23-06-2023;CF231;C151;CAT 793 F;Lastre Sulfurado;ESP/F10/2312/1290;FASE 10;BOT-ESTE;432,8729858;2;ESPERANZA
23-06-2023;CF231;C153;CAT 793 F;Lastre Sulfurado;ESP/F10/2312/1290;FASE 10;BOT-ESTE;216,4360046;1;ESPERANZA
23-06-2023;CF231;C155;CAT 793 F;Lastre Sulfurado;ESP/F10/2312/1290;FASE 10;BOT-ESTE;216,4360046;1;ESPERANZA
23-06-2023;CF231;C160;CAT 793 F;Lastre Sulfurado;ESP/F10/2312/1290;FASE 10;BOT_CENTRAL_SUR_INF;432,8729858;2;ESPERANZA
23-06-2023;CF231;C160;CAT 793 F;Lastre Sulfurado;ESP/F10/2312/1290;FASE 10;BOT-ESTE;1731,491943;8;ESPERANZA
23-06-2023;CF231;C161;CAT 793 F;Lastre Sulfurado;ESP/F10/2312/1290;FASE 10;BOT-ESTE;649,309021;3;ESPERANZA
23-06-2023;CF231;C162;CAT 793 F;Lastre Sulfurado;ESP/F10/2312/1290;FASE 10;BOT_CENTRAL_SUR_INF;216,4360046;1;ESPERANZA
23-06-2023;CF231;C164;CAT 793 F;Lastre Sulfurado;ESP/F10/2312/1290;FASE 10;BOT-ESTE;432,8729858;2;ESPERANZA
23-06-2023;CF232;C130;CAT 793 C;Marginal;STM-02;OXIDO;CHANCADO-OXIDO;8224,582153;38;TESORO
23-06-2023;CF232;C134;CAT 793 C;Marginal;STM-02;OXIDO;CHANCADO-OXIDO;1082,182007;5;TESORO
23-06-2023;CF232;C135;CAT 793 C;Marginal;STM-02;OXIDO;CHANCADO-OXIDO;5410,9151;25;TESORO
23-06-2023;CF232;C151;CAT 793 F;Marginal;STM-02;OXIDO;CHANCADO-OXIDO;1082,180054;5;TESORO
23-06-2023;CF232;C154;CAT 793 F;Marginal;STM-02;OXIDO;CHANCADO-OXIDO;7791,70105;36;TESORO
23-06-2023;CF232;C154;CAT 793 F;Marginal;STM-02;OXIDO;STM-02;649,309021;3;TESORO
23-06-2023;CF232;C155;CAT 793 F;Marginal;STM-02;OXIDO;CHANCADO-OXIDO;649,3089905;3;TESORO
23-06-2023;CF233;C121;CAT 793 C;Lastre Sulfurado;ESP/F10/2312/1290;FASE 10;BOT_CENTRAL_SUR_INF;1082,18103;5;ESPERANZA
23-06-2023;CF233;C122;CAT 793 C;Lastre Sulfurado;ESP/F10/2312/1290;FASE 10;BOT_CENTRAL_SUR_INF;865,7450256;4;ESPERANZA
23-06-2023;CF233;C123;CAT 793 C;Lastre Sulfurado;ESP/F10/2312/1290;FASE 10;BOT_CENTRAL_SUR_INF;432,8729858;2;ESPERANZA
23-06-2023;CF233;C125;CAT 793 C;Lastre Sulfurado;ESP/F10/2312/1290;FASE 10;BOT_CENTRAL_SUR_INF;216,4360046;1;ESPERANZA
23-06-2023;CF233;C128;CAT 793 C;Lastre Sulfurado;ESP/F10/2312/1290;FASE 10;BOT_CENTRAL_SUR_INF;649,3089905;3;ESPERANZA
23-06-2023;CF233;C129;CAT 793 C;Lastre Sulfurado;ESP/F10/2312/1290;FASE 10;BOT_CENTRAL_SUR_INF;2597,239075;12;ESPERANZA
23-06-2023;CF233;C131;CAT 793 C;Lastre Sulfurado;ESP/F10/2312/1290;FASE 10;BOT_CENTRAL_SUR_INF;1082,180054;5;ESPERANZA
23-06-2023;CF233;C132;CAT 793 C;Lastre Sulfurado;ESP/F10/2312/1290;FASE 10;BOT_CENTRAL_SUR_INF;3462,982056;16;ESPERANZA
23-06-2023;CF233;C134;CAT 793 C;Lastre Sulfurado;ESP/F10/2312/1290;FASE 10;BOT_CENTRAL_SUR_INF;865,7450256;4;ESPERANZA
23-06-2023;CF233;C151;CAT 793 F;Lastre Sulfurado;ESP/F10/2312/1290;FASE 10;BOT_CENTRAL_SUR_INF;1515,052063;7;ESPERANZA
23-06-2023;CF233;C155;CAT 793 F;Lastre Sulfurado;ESP/F10/2312/1290;FASE 10;BOT_CENTRAL_SUR_INF;216,4360046;1;ESPERANZA
23-06-2023;CF233;C156;CAT 793 F;Lastre Sulfurado;ESP/F10/2312/1290;FASE 10;BOT_CENTRAL_SUR_INF;1082,180054;5;ESPERANZA
23-06-2023;CF233;C160;CAT 793 F;Lastre Sulfurado;ESP/F10/2312/1290;FASE 10;BOT_CENTRAL_SUR_INF;432,8729858;2;ESPERANZA
23-06-2023;CF233;C161;CAT 793 F;Lastre Sulfurado;ESP/F10/2312/1290;FASE 10;BOT_CENTRAL_SUR_INF;1731,48999;8;ESPERANZA
23-06-2023;CF233;C163;CAT 793 F;Lastre Sulfurado;ESP/F10/2312/1290;FASE 10;BOT_CENTRAL_SUR_INF;216,4360046;1;ESPERANZA
23-06-2023;CF233;C164;CAT 793 F;Lastre Sulfurado;ESP/F10/2312/1290;FASE 10;BOT_CENTRAL_SUR_INF;649,3089905;3;ESPERANZA
23-06-2023;CF234;C128;CAT 793 C;Lastre Sulfurado;DERRAMES_F07;FASE 7;BOT_CENTRAL_SUR_INF;1515,060059;7;ESPERANZA
23-06-2023;CF234;C129;CAT 793 C;Lastre Sulfurado;DERRAMES_F07;FASE 7;BOT_CENTRAL_SUR_INF;865,7459717;4;ESPERANZA
23-06-2023;CF234;C131;CAT 793 C;Lastre Sulfurado;DERRAMES_F07;FASE 7;BOT_CENTRAL_SUR_INF;649,309021;3;ESPERANZA
23-06-2023;CF234;C134;CAT 793 C;Lastre Sulfurado;DERRAMES_F07;FASE 7;BOT_CENTRAL_SUR_INF;865,7450256;4;ESPERANZA
23-06-2023;CF234;C152;CAT 793 F;Lastre Sulfurado;DERRAMES_F07;FASE 7;BOT_CENTRAL_SUR_INF;1515,060059;7;ESPERANZA
23-06-2023;CF234;C156;CAT 793 F;Lastre Sulfurado;DERRAMES_F07;FASE 7;BOT_CENTRAL_SUR_INF;1082,180054;5;ESPERANZA
23-06-2023;CF234;C159;CAT 793 F;Lastre Sulfurado;DERRAMES_F07;FASE 7;BOT_CENTRAL_SUR_INF;865,7459717;4;ESPERANZA
23-06-2023;CF234;C160;CAT 793 F;Lastre Sulfurado;DERRAMES_F07;FASE 7;BOT_CENTRAL_SUR_INF;216,4360046;1;ESPERANZA
23-06-2023;CF234;C161;CAT 793 F;Lastre Sulfurado;DERRAMES_F07;FASE 7;BOT_CENTRAL_SUR_INF;216,4360046;1;ESPERANZA
23-06-2023;CF234;C162;CAT 793 F;Lastre Sulfurado;DERRAMES_F07;FASE 7;BOT_CENTRAL_SUR_INF;216,4360046;1;ESPERANZA
23-06-2023;CF234;C163;CAT 793 F;Lastre Sulfurado;DERRAMES_F07;FASE 7;BOT_CENTRAL_SUR_INF;216,4360046;1;ESPERANZA
23-06-2023;CF3;C07;CAT 797 B;Lastre Sulfurado;ESP/F10/2312/1290;FASE 10;BOT_CENTRAL_SUR_INF;692,8079834;2;ESPERANZA
23-06-2023;CF3;C10;CAT 797 B;Lastre Sulfurado;ESP/F10/2312/1290;FASE 10;BOT_CENTRAL_SUR_INF;346,4039917;1;ESPERANZA
23-06-2023;CF3;C10;CAT 797 B;Lastre Sulfurado;ESP/F10/2312/1290;FASE 10;BOT_MIJO;346,4039917;1;ESPERANZA
23-06-2023;CF3;C12;CAT 797 B;Lastre Sulfurado;ESP/F10/2312/1290;FASE 10;BOT_MIJO;346,4039917;1;ESPERANZA
23-06-2023;CF3;C122;CAT 793 C;Sulfuro de Media;ESP/F08/1768/8070;FASE 8;STOCK_SME;216,4360046;1;ESPERANZA
23-06-2023;CF3;C125;CAT 793 C;Lastre Sulfurado;ESP/F10/2312/1290;FASE 10;BOT_MIJO;216,4360046;1;ESPERANZA
23-06-2023;CF3;C128;CAT 793 C;Sulfuro de Media;ESP/F08/1768/R800;FASE 8;STOCK_SME;216,4360046;1;ESPERANZA
23-06-2023;CF3;C13;CAT 797 B;Lastre Sulfurado;ESP/F10/2312/1290;FASE 10;BOT_CENTRAL_SUR_INF;346,4039917;1;ESPERANZA
23-06-2023;CF3;C15;CAT 797 B;Lastre Sulfurado;ESP/F10/2312/1290;FASE 10;BOT_MIJO;346,4039917;1;ESPERANZA
23-06-2023;CF3;C151;CAT 793 F;Sulfuro de Media;ESP/F08/1768/8070;FASE 8;STOCK_SME;216,4360046;1;ESPERANZA
23-06-2023;CF3;C155;CAT 793 F;Sulfuro de Media;ESP/F08/1768/8070;FASE 8;STOCK_SME;432,8729858;2;ESPERANZA
23-06-2023;CF3;C160;CAT 793 F;Sulfuro de Media;ESP/F08/1768/8070;FASE 8;STOCK_SME;649,309021;3;ESPERANZA
23-06-2023;CF3;C161;CAT 793 F;Lastre Sulfurado;ESP/F10/2312/1290;FASE 10;BOT_CENTRAL_SUR_INF;216,4360046;1;ESPERANZA
23-06-2023;CF3;C161;CAT 793 F;Sulfuro de Media;ESP/F08/1768/R800;FASE 8;STOCK_SME;216,4360046;1;ESPERANZA
23-06-2023;CF3;C162;CAT 793 F;Sulfuro de Media;ESP/F08/1768/8070;FASE 8;STOCK_SME;432,8729858;2;ESPERANZA
23-06-2023;CF3;C163;CAT 793 F;Sulfuro de Media;ESP/F08/1768/8070;FASE 8;STOCK_SME;216,4360046;1;ESPERANZA
23-06-2023;CF3;C163;CAT 793 F;Sulfuro de Media;ESP/F08/1768/R800;FASE 8;STOCK_SME;216,4360046;1;ESPERANZA
23-06-2023;CF3;C17;CAT 797 F;Lastre Sulfurado;ESP/F10/2312/1290;FASE 10;BOT_CENTRAL_SUR_INF;346,4039917;1;ESPERANZA
23-06-2023;CF3;C17;CAT 797 F;Sulfuro de Alta Ley;ESP/F08/1768/8060;FASE 8;CHANCADO-SULFURO;346,4039917;1;ESPERANZA
23-06-2023;CF3;C19;CAT 797 F;Lastre Sulfurado;ESP/F10/2312/1290;FASE 10;BOT_MIJO;346,4039917;1;ESPERANZA
23-06-2023;CF3;C22;CAT 797 F;Sulfuro de Media;ESP/F08/1768/R800;FASE 8;STOCK_SME;692,8079834;2;ESPERANZA
23-06-2023;CF3;C34;CAT 797 F;Lastre Sulfurado;ESP/F10/2312/1290;FASE 10;BOT_MIJO;346,4039917;1;ESPERANZA
23-06-2023;CF3;C38;CAT 797 F;Lastre Sulfurado;ESP/F10/2312/1290;FASE 10;BOT_CENTRAL_SUR_INF;346,4039917;1;ESPERANZA
23-06-2023;CF3;C46;CAT 797 F;Lastre Sulfurado;ESP/F10/2312/1290;FASE 10;BOT_CENTRAL_SUR_INF;346,4039917;1;ESPERANZA
23-06-2023;CF3;C49;KOM 930 E;Sulfuro de Media;ESP/F08/1768/8070;FASE 8;STOCK_SME;291;1;ESPERANZA
23-06-2023;CF3;C49;KOM 930 E;Sulfuro de Media;ESP/F08/1768/R800;FASE 8;STOCK_SME;873;3;ESPERANZA
23-06-2023;CF3;C50;KOM 930 E;Sulfuro de Media;ESP/F08/1768/8070;FASE 8;STOCK_SME;582;2;ESPERANZA
23-06-2023;CF3;C50;KOM 930 E;Sulfuro de Media;ESP/F08/1768/R800;FASE 8;STOCK_SME;582;2;ESPERANZA
23-06-2023;CF3;C52;KOM 930 E;Sulfuro de Media;ESP/F08/1768/8070;FASE 8;STOCK_SME;291;1;ESPERANZA
23-06-2023;CF3;C52;KOM 930 E;Sulfuro de Media;ESP/F08/1768/R800;FASE 8;STOCK_SME;291;1;ESPERANZA
23-06-2023;CF3;C53;KOM 930 E;Sulfuro de Alta Ley;ESP/F08/1768/8060;FASE 8;CHANCADO-SULFURO;291;1;ESPERANZA
23-06-2023;CF3;C53;KOM 930 E;Sulfuro de Media;ESP/F08/1768/8070;FASE 8;STOCK_SME;873;3;ESPERANZA
23-06-2023;CF3;C54;KOM 930 E;Sulfuro de Media;ESP/F08/1768/R800;FASE 8;STOCK_SME;873;3;ESPERANZA
23-06-2023;CF3;C55;KOM 930 E;Sulfuro de Alta Ley;ESP/F08/1768/8060;FASE 8;CHANCADO-SULFURO;582;2;ESPERANZA
23-06-2023;CF3;C55;KOM 930 E;Sulfuro de Media;ESP/F08/1768/8070;FASE 8;STOCK_SME;291;1;ESPERANZA
23-06-2023;CF3;C55;KOM 930 E;Sulfuro de Media;ESP/F08/1768/R800;FASE 8;STOCK_SME;1164;4;ESPERANZA
23-06-2023;CF3;C56;KOM 930 E;Sulfuro de Alta Ley;ESP/F08/1768/8060;FASE 8;CHANCADO-SULFURO;291;1;ESPERANZA
23-06-2023;CF3;C56;KOM 930 E;Sulfuro de Media;ESP/F08/1768/8070;FASE 8;STOCK_SME;582;2;ESPERANZA
23-06-2023;CF3;C56;KOM 930 E;Sulfuro de Media;ESP/F08/1768/R800;FASE 8;STOCK_SME;582;2;ESPERANZA
23-06-2023;CF3;C56;KOM 930 E;Sulfuro de Media;ESP/F08/1768/R800;FASE 8;STOCK-FIERROS;291;1;ESPERANZA
23-06-2023;CF3;C57;KOM 930 E;Sulfuro de Media;ESP/F08/1768/8070;FASE 8;STOCK_SME;291;1;ESPERANZA
23-06-2023;CF3;C57;KOM 930 E;Sulfuro de Media;ESP/F08/1768/R800;FASE 8;STOCK_SME;291;1;ESPERANZA
23-06-2023;CF3;C58;KOM 930 E;Sulfuro de Alta Ley;ESP/F08/1768/8060;FASE 8;CHANCADO-SULFURO;291;1;ESPERANZA
23-06-2023;CF3;C59;KOM 930 E;Sulfuro de Media;ESP/F08/1768/8070;FASE 8;STOCK_SME;291;1;ESPERANZA
23-06-2023;CF3;C60;KOM 930 E;Sulfuro de Alta Ley;ESP/F08/1768/8060;FASE 8;CHANCADO-SULFURO;291;1;ESPERANZA
23-06-2023;CF3;C60;KOM 930 E;Sulfuro de Media;ESP/F08/1768/8070;FASE 8;STOCK_SME;582;2;ESPERANZA
23-06-2023;CF3;C60;KOM 930 E;Sulfuro de Media;ESP/F08/1768/R800;FASE 8;STOCK_SME;873;3;ESPERANZA
23-06-2023;CF3;C61;KOM 930 E;Sulfuro de Alta Ley;ESP/F08/1768/8060;FASE 8;STOCK_SAL_DIN;291;1;ESPERANZA
23-06-2023;CF3;C61;KOM 930 E;Sulfuro de Media;ESP/F08/1768/R800;FASE 8;STOCK_SME;582;2;ESPERANZA
23-06-2023;CF4;C980AHSESPS;Kom 980 AHS;Lastre Oxidado;ESS/F03/2216/323;F03 ESPSUR;BOTADERO_2021;47880;133;ESPERANZA_SUR
23-06-2023;PA1;C07;CAT 797 B;Lastre Oxidado;ESP/F07/2104/707;FASE 7;BOT_CENTRAL_SUR_INF;692,8079834;2;ESPERANZA
23-06-2023;PA1;C10;CAT 797 B;Lastre Oxidado;ESP/F07/2104/707;FASE 7;BOT_CENTRAL_SUR_INF;346,4039917;1;ESPERANZA
23-06-2023;PA1;C12;CAT 797 B;Lastre Oxidado;ESP/F07/2104/707;FASE 7;BOT_CENTRAL_SUR_INF;346,4039917;1;ESPERANZA
23-06-2023;PA1;C121;CAT 793 C;Lastre Oxidado;ESP/F07/2104/707;FASE 7;BOT_CENTRAL_SUR_INF;216,4360046;1;ESPERANZA
23-06-2023;PA1;C122;CAT 793 C;Lastre Oxidado;ESP/F07/2104/707;FASE 7;BOT_CENTRAL_SUR_INF;216,4360046;1;ESPERANZA
23-06-2023;PA1;C123;CAT 793 C;Lastre Oxidado;ESP/F07/2104/707;FASE 7;BOT_CENTRAL_SUR_INF;216,4360046;1;ESPERANZA
23-06-2023;PA1;C125;CAT 793 C;Lastre Oxidado;ESP/F07/2104/707;FASE 7;BOT_CENTRAL_SUR_INF;649,309021;3;ESPERANZA
23-06-2023;PA1;C128;CAT 793 C;Lastre Oxidado;ESP/F07/2104/707;FASE 7;BOT_CENTRAL_SUR_INF;865,7459717;4;ESPERANZA
23-06-2023;PA1;C131;CAT 793 C;Lastre Oxidado;ESP/F07/2104/707;FASE 7;BOT_CENTRAL_SUR_INF;1298,616058;6;ESPERANZA
23-06-2023;PA1;C132;CAT 793 C;Lastre Oxidado;ESP/F07/2104/707;FASE 7;BOT_CENTRAL_SUR_INF;216,4360046;1;ESPERANZA
23-06-2023;PA1;C134;CAT 793 C;Lastre Oxidado;ESP/F07/2104/707;FASE 7;BOT_CENTRAL_SUR_INF;216,4360046;1;ESPERANZA
23-06-2023;PA1;C151;CAT 793 F;Lastre Oxidado;ESP/F07/2104/707;FASE 7;BOT_CENTRAL_SUR_INF;216,4360046;1;ESPERANZA
23-06-2023;PA1;C152;CAT 793 F;Lastre Oxidado;ESP/F07/2104/707;FASE 7;BOT_CENTRAL_SUR_INF;2813,675079;13;ESPERANZA
23-06-2023;PA1;C153;CAT 793 F;Lastre Oxidado;ESP/F07/2104/707;FASE 7;BOT_2380_INT;216,4360046;1;ESPERANZA
23-06-2023;PA1;C153;CAT 793 F;Lastre Oxidado;ESP/F07/2104/707;FASE 7;BOT_CENTRAL_SUR_INF;3462,986053;16;ESPERANZA
23-06-2023;PA1;C156;CAT 793 F;Lastre Oxidado;ESP/F07/2104/707;FASE 7;BOT_CENTRAL_SUR_INF;1515,054993;7;ESPERANZA
23-06-2023;PA1;C159;CAT 793 F;Lastre Oxidado;ESP/F07/2104/707;FASE 7;BOT_CENTRAL_SUR_INF;432,8729858;2;ESPERANZA
23-06-2023;PA1;C16;CAT 797 B;Lastre Oxidado;ESP/F07/2104/707;FASE 7;BOT_CENTRAL_SUR_INF;346,4039917;1;ESPERANZA
23-06-2023;PA1;C160;CAT 793 F;Lastre Oxidado;ESP/F07/2104/707;FASE 7;BOT_CENTRAL_SUR_INF;1515,054993;7;ESPERANZA
23-06-2023;PA1;C161;CAT 793 F;Lastre Oxidado;ESP/F07/2104/707;FASE 7;BOT_CENTRAL_SUR_INF;1515,054993;7;ESPERANZA
23-06-2023;PA1;C162;CAT 793 F;Lastre Oxidado;ESP/F07/2104/707;FASE 7;BOT_CENTRAL_SUR_INF;3246,542908;15;ESPERANZA
23-06-2023;PA1;C163;CAT 793 F;Lastre Oxidado;ESP/F07/2104/707;FASE 7;BOT_CENTRAL_SUR_INF;1298,619995;6;ESPERANZA
23-06-2023;PA1;C164;CAT 793 F;Lastre Oxidado;ESP/F07/2104/707;FASE 7;BOT_CENTRAL_SUR_INF;1515,054993;7;ESPERANZA
23-06-2023;PA1;C17;CAT 797 F;Lastre Oxidado;ESP/F07/2104/707;FASE 7;BOT_CENTRAL_SUR_INF;1039,209961;3;ESPERANZA
23-06-2023;PA1;C18;CAT 797 F;Lastre Oxidado;ESP/F07/2104/707;FASE 7;BOT_CENTRAL_SUR_INF;346,4039917;1;ESPERANZA
23-06-2023;PA1;C19;CAT 797 F;Lastre Oxidado;ESP/F07/2104/707;FASE 7;BOT_CENTRAL_SUR_INF;346,4039917;1;ESPERANZA
23-06-2023;PA1;C20;CAT 797 F;Lastre Oxidado;ESP/F07/2104/707;FASE 7;BOT_CENTRAL_SUR_INF;3810,437866;11;ESPERANZA
23-06-2023;PA1;C22;CAT 797 F;Lastre Oxidado;ESP/F07/2104/707;FASE 7;BOT_CENTRAL_SUR_INF;1039,211975;3;ESPERANZA
23-06-2023;PA1;C24;CAT 797 F;Lastre Oxidado;ESP/F07/2104/707;FASE 7;BOT_CENTRAL_SUR_INF;692,8079834;2;ESPERANZA
23-06-2023;PA1;C25;CAT 797 F;Lastre Oxidado;ESP/F07/2104/707;FASE 7;BOT_CENTRAL_SUR_INF;346,4039917;1;ESPERANZA
23-06-2023;PA1;C32;CAT 797 F;Lastre Oxidado;ESP/F07/2104/707;FASE 7;BOT_CENTRAL_SUR_INF;346,4039917;1;ESPERANZA
23-06-2023;PA1;C34;CAT 797 F;Lastre Oxidado;ESP/F07/2104/707;FASE 7;BOT_CENTRAL_SUR_INF;346,4039917;1;ESPERANZA
23-06-2023;PA1;C36;CAT 797 F;Lastre Oxidado;ESP/F07/2104/707;FASE 7;BOT_CENTRAL_SUR_INF;346,4039917;1;ESPERANZA
23-06-2023;PA1;C37;CAT 797 F;Lastre Oxidado;ESP/F07/2104/707;FASE 7;BOT_CENTRAL_SUR_INF;346,4039917;1;ESPERANZA
23-06-2023;PA1;C38;CAT 797 F;Lastre Oxidado;ESP/F07/2104/707;FASE 7;BOT_CENTRAL_SUR_INF;346,4039917;1;ESPERANZA
23-06-2023;PA1;C39;CAT 797 F;Lastre Oxidado;ESP/F07/2104/707;FASE 7;BOT_CENTRAL_SUR_INF;1732,023987;5;ESPERANZA
23-06-2023;PA1;C40;CAT 797 F;Lastre Oxidado;ESP/F07/2104/707;FASE 7;BOT_CENTRAL_SUR_INF;2078,421936;6;ESPERANZA
23-06-2023;PA1;C41;CAT 797 F;Lastre Oxidado;ESP/F07/2104/707;FASE 7;BOT_2380_INT;346,4039917;1;ESPERANZA
23-06-2023;PA1;C41;CAT 797 F;Lastre Oxidado;ESP/F07/2104/707;FASE 7;BOT_CENTRAL_SUR_INF;2424,828003;7;ESPERANZA
23-06-2023;PA1;C43;CAT 797 F;Lastre Oxidado;ESP/F07/2104/707;FASE 7;BOT_CENTRAL_SUR_INF;3464,042053;10;ESPERANZA
23-06-2023;PA1;C44;CAT 797 F;Lastre Oxidado;ESP/F07/2104/707;FASE 7;BOT_CENTRAL_SUR_INF;692,8079834;2;ESPERANZA
23-06-2023;PA1;C45;CAT 797 F;Lastre Oxidado;ESP/F07/2104/707;FASE 7;BOT_CENTRAL_SUR_INF;346,4039917;1;ESPERANZA
23-06-2023;PA1;C46;CAT 797 F;Lastre Oxidado;ESP/F07/2104/707;FASE 7;BOT_2380_INT;346,4039917;1;ESPERANZA
23-06-2023;PA1;C46;CAT 797 F;Lastre Oxidado;ESP/F07/2104/707;FASE 7;BOT_CENTRAL_SUR_INF;3464,035889;10;ESPERANZA
23-06-2023;PA1;C47;CAT 797 F;Lastre Oxidado;ESP/F07/2104/707;FASE 7;BOT_CENTRAL_SUR_INF;1385,615967;4;ESPERANZA
23-06-2023;PA1;C48;CAT 797 F;Lastre Oxidado;ESP/F07/2104/707;FASE 7;BOT_CENTRAL_SUR_INF;346,4039917;1;ESPERANZA
23-06-2023;PA1;C49;KOM 930 E;Lastre Oxidado;ESP/F07/2104/707;FASE 7;BOT_CENTRAL_SUR_INF;291;1;ESPERANZA
23-06-2023;PA1;C50;KOM 930 E;Lastre Oxidado;ESP/F07/2104/707;FASE 7;BOT_CENTRAL_SUR_INF;873;3;ESPERANZA
23-06-2023;PA1;C52;KOM 930 E;Lastre Oxidado;ESP/F07/2104/707;FASE 7;BOT_CENTRAL_SUR_INF;582;2;ESPERANZA
23-06-2023;PA1;C58;KOM 930 E;Lastre Oxidado;ESP/F07/2104/707;FASE 7;BOT_CENTRAL_SUR_INF;291;1;ESPERANZA
23-06-2023;PA1;C59;KOM 930 E;Lastre Oxidado;ESP/F07/2104/707;FASE 7;BOT_CENTRAL_SUR_INF;291;1;ESPERANZA
23-06-2023;PA1;C59;KOM 930 E;Lastre Oxidado;ESP/F07/2104/707;FASE 7;BOT_MIJO;291;1;ESPERANZA
23-06-2023;PA11;C20115ESPS;KOM 980 ESPS;Sulfuro de Media;ESS/F02/2104/205;F02 ESPSUR;CHANCADO-SULFURO;66600;185;ESPERANZA_SUR
23-06-2023;PA11;C980AHSESPS;Kom 980 AHS;Sulfuro de Media;ESS/F02/2104/205;F02 ESPSUR;STOCK_SME_ESS;51840;144;ESPERANZA_SUR
23-06-2023;PA2;C08;CAT 797 B;Sulfuro de Alta Ley;ESP/F08/1768/8060;FASE 8;CHANCADO-SULFURO;692,8079834;2;ESPERANZA
23-06-2023;PA2;C121;CAT 793 C;Sulfuro de Alta Ley;ESP/F08/1768/8060;FASE 8;CHANCADO-SULFURO;432,8729858;2;ESPERANZA
23-06-2023;PA2;C122;CAT 793 C;Sulfuro de Alta Ley;ESP/F08/1768/8060;FASE 8;CHANCADO-SULFURO;432,8729858;2;ESPERANZA
23-06-2023;PA2;C128;CAT 793 C;Sulfuro de Alta Ley;ESP/F08/1768/8060;FASE 8;CHANCADO-SULFURO;432,8729858;2;ESPERANZA
23-06-2023;PA2;C131;CAT 793 C;Sulfuro de Alta Ley;ESP/F08/1768/8060;FASE 8;CHANCADO-SULFURO;216,4360046;1;ESPERANZA
23-06-2023;PA2;C132;CAT 793 C;Sulfuro de Alta Ley;ESP/F08/1768/8060;FASE 8;CHANCADO-SULFURO;216,4360046;1;ESPERANZA
23-06-2023;PA2;C132;CAT 793 C;Sulfuro de Alta Ley;ESP/F08/1768/8060;FASE 8;STOCK_SAL_DIN;216,4360046;1;ESPERANZA
23-06-2023;PA2;C134;CAT 793 C;Sulfuro de Alta Ley;ESP/F08/1768/8060;FASE 8;CHANCADO-SULFURO;216,4360046;1;ESPERANZA
23-06-2023;PA2;C134;CAT 793 C;Sulfuro de Alta Ley;ESP/F08/1768/8060;FASE 8;STOCK_SAL_DIN;216,4360046;1;ESPERANZA
23-06-2023;PA2;C151;CAT 793 F;Sulfuro de Alta Ley;ESP/F08/1768/8060;FASE 8;CHANCADO-SULFURO;432,8729858;2;ESPERANZA
23-06-2023;PA2;C152;CAT 793 F;Sulfuro de Alta Ley;ESP/F08/1768/8060;FASE 8;CHANCADO-SULFURO;865,7459717;4;ESPERANZA
23-06-2023;PA2;C153;CAT 793 F;Sulfuro de Alta Ley;ESP/F08/1768/8060;FASE 8;CHANCADO-SULFURO;649,309021;3;ESPERANZA
23-06-2023;PA2;C155;CAT 793 F;Sulfuro de Alta Ley;ESP/F08/1768/8060;FASE 8;CHANCADO-SULFURO;216,4360046;1;ESPERANZA
23-06-2023;PA2;C155;CAT 793 F;Sulfuro de Alta Ley;ESP/F08/1768/8060;FASE 8;STOCK_SAL_DIN;216,4360046;1;ESPERANZA
23-06-2023;PA2;C156;CAT 793 F;Sulfuro de Alta Ley;ESP/F08/1768/8060;FASE 8;CHANCADO-SULFURO;649,309021;3;ESPERANZA
23-06-2023;PA2;C156;CAT 793 F;Sulfuro de Alta Ley;ESP/F08/1768/8060;FASE 8;STOCK_SAL_DIN;216,4360046;1;ESPERANZA
23-06-2023;PA2;C159;CAT 793 F;Sulfuro de Alta Ley;ESP/F08/1768/8060;FASE 8;CHANCADO-SULFURO;216,4360046;1;ESPERANZA
23-06-2023;PA2;C160;CAT 793 F;Sulfuro de Alta Ley;ESP/F08/1768/8060;FASE 8;CHANCADO-SULFURO;432,8729858;2;ESPERANZA
23-06-2023;PA2;C161;CAT 793 F;Sulfuro de Alta Ley;ESP/F08/1768/8060;FASE 8;CHANCADO-SULFURO;216,4360046;1;ESPERANZA
23-06-2023;PA2;C161;CAT 793 F;Sulfuro de Alta Ley;ESP/F08/1768/8060;FASE 8;STOCK_SAL_DIN;432,8729858;2;ESPERANZA
23-06-2023;PA2;C162;CAT 793 F;Sulfuro de Alta Ley;ESP/F08/1768/8060;FASE 8;CHANCADO-SULFURO;432,8729858;2;ESPERANZA
23-06-2023;PA2;C163;CAT 793 F;Sulfuro de Alta Ley;ESP/F08/1768/8060;FASE 8;CHANCADO-SULFURO;216,4360046;1;ESPERANZA
23-06-2023;PA2;C163;CAT 793 F;Sulfuro de Alta Ley;ESP/F08/1768/8060;FASE 8;STOCK_SAL_DIN;649,3089905;3;ESPERANZA
23-06-2023;PA2;C163;CAT 793 F;Sulfuro de Alta Ley;ESP/F08/1768/8060;FASE 8;STOCK_SPL_DIN;216,4360046;1;ESPERANZA
23-06-2023;PA2;C164;CAT 793 F;Sulfuro de Alta Ley;ESP/F08/1768/8060;FASE 8;CHANCADO-SULFURO;649,3089905;3;ESPERANZA
23-06-2023;PA2;C17;CAT 797 F;Sulfuro de Alta Ley;ESP/F08/1768/8060;FASE 8;CHANCADO-SULFURO;346,4039917;1;ESPERANZA
23-06-2023;PA2;C17;CAT 797 F;Sulfuro de Alta Ley;ESP/F08/1768/8060;FASE 8;STOCK_SAL_DIN;346,4039917;1;ESPERANZA
23-06-2023;PA2;C21;CAT 797 F;Sulfuro de Alta Ley;ESP/F08/1768/8060;FASE 8;CHANCADO-SULFURO;346,4039917;1;ESPERANZA
23-06-2023;PA2;C21;CAT 797 F;Sulfuro de Alta Ley;ESP/F08/1768/8060;FASE 8;STOCK_SAL_DIN;346,4039917;1;ESPERANZA
23-06-2023;PA2;C22;CAT 797 F;Sulfuro de Alta Ley;ESP/F08/1768/8060;FASE 8;STOCK_SAL_DIN;692,8079834;2;ESPERANZA
23-06-2023;PA2;C49;KOM 930 E;Sulfuro de Alta Ley;ESP/F08/1768/8060;FASE 8;CHANCADO-SULFURO;3201;11;ESPERANZA
23-06-2023;PA2;C49;KOM 930 E;Sulfuro de Alta Ley;ESP/F08/1768/8060;FASE 8;STOCK_SAL_DIN;873;3;ESPERANZA
23-06-2023;PA2;C49;KOM 930 E;Sulfuro de Alta Ley;ESP/F08/1768/8060;FASE 8;STOCK_SPL_DIN;582;2;ESPERANZA
23-06-2023;PA2;C50;KOM 930 E;Sulfuro de Alta Ley;ESP/F08/1768/8060;FASE 8;CHANCADO-SULFURO;3201;11;ESPERANZA
23-06-2023;PA2;C50;KOM 930 E;Sulfuro de Alta Ley;ESP/F08/1768/8060;FASE 8;STOCK_SAL_DIN;1455;5;ESPERANZA
23-06-2023;PA2;C52;KOM 930 E;Sulfuro de Alta Ley;ESP/F08/1768/8060;FASE 8;CHANCADO-SULFURO;3492;12;ESPERANZA
23-06-2023;PA2;C52;KOM 930 E;Sulfuro de Alta Ley;ESP/F08/1768/8060;FASE 8;STOCK_SAL_DIN;2037;7;ESPERANZA
23-06-2023;PA2;C52;KOM 930 E;Sulfuro de Alta Ley;ESP/F08/1768/8060;FASE 8;STOCK_SPL_DIN;291;1;ESPERANZA
23-06-2023;PA2;C53;KOM 930 E;Sulfuro de Alta Ley;ESP/F08/1768/8060;FASE 8;CHANCADO-SULFURO;1455;5;ESPERANZA
23-06-2023;PA2;C53;KOM 930 E;Sulfuro de Alta Ley;ESP/F08/1768/8060;FASE 8;STOCK_SAL_DIN;873;3;ESPERANZA
23-06-2023;PA2;C53;KOM 930 E;Sulfuro de Alta Ley;ESP/F08/1768/8060;FASE 8;STOCK_SPL_DIN;291;1;ESPERANZA
23-06-2023;PA2;C54;KOM 930 E;Sulfuro de Alta Ley;ESP/F08/1768/8060;FASE 8;CHANCADO-SULFURO;2910;10;ESPERANZA
23-06-2023;PA2;C54;KOM 930 E;Sulfuro de Alta Ley;ESP/F08/1768/8060;FASE 8;STOCK_SAL_DIN;873;3;ESPERANZA
23-06-2023;PA2;C55;KOM 930 E;Sulfuro de Alta Ley;ESP/F08/1768/8060;FASE 8;CHANCADO-SULFURO;2037;7;ESPERANZA
23-06-2023;PA2;C55;KOM 930 E;Sulfuro de Alta Ley;ESP/F08/1768/8060;FASE 8;STOCK_SAL_DIN;873;3;ESPERANZA
23-06-2023;PA2;C55;KOM 930 E;Sulfuro de Alta Ley;ESP/F08/1768/8060;FASE 8;STOCK_SPL_DIN;582;2;ESPERANZA
23-06-2023;PA2;C56;KOM 930 E;Sulfuro de Alta Ley;ESP/F08/1768/8060;FASE 8;CHANCADO-SULFURO;2037;7;ESPERANZA
23-06-2023;PA2;C56;KOM 930 E;Sulfuro de Alta Ley;ESP/F08/1768/8060;FASE 8;STOCK_SAL_DIN;2328;8;ESPERANZA
23-06-2023;PA2;C57;KOM 930 E;Sulfuro de Alta Ley;ESP/F08/1768/8060;FASE 8;CHANCADO-SULFURO;4365;15;ESPERANZA
23-06-2023;PA2;C57;KOM 930 E;Sulfuro de Alta Ley;ESP/F08/1768/8060;FASE 8;STOCK_SAL_DIN;1746;6;ESPERANZA
23-06-2023;PA2;C58;KOM 930 E;Sulfuro de Alta Ley;ESP/F08/1768/8060;FASE 8;CHANCADO-SULFURO;4365;15;ESPERANZA
23-06-2023;PA2;C58;KOM 930 E;Sulfuro de Alta Ley;ESP/F08/1768/8060;FASE 8;STOCK_SAL_DIN;1455;5;ESPERANZA
23-06-2023;PA2;C59;KOM 930 E;Sulfuro de Alta Ley;ESP/F08/1768/8060;FASE 8;CHANCADO-SULFURO;1746;6;ESPERANZA
23-06-2023;PA2;C59;KOM 930 E;Sulfuro de Alta Ley;ESP/F08/1768/8060;FASE 8;STOCK_SAL_DIN;1164;4;ESPERANZA
23-06-2023;PA2;C60;KOM 930 E;Sulfuro de Alta Ley;ESP/F08/1768/8060;FASE 8;CHANCADO-SULFURO;3783;13;ESPERANZA
23-06-2023;PA2;C60;KOM 930 E;Sulfuro de Alta Ley;ESP/F08/1768/8060;FASE 8;STOCK_SAL_DIN;1164;4;ESPERANZA
23-06-2023;PA2;C61;KOM 930 E;Sulfuro de Alta Ley;ESP/F08/1768/8060;FASE 8;CHANCADO-SULFURO;2328;8;ESPERANZA
23-06-2023;PA211;C07;CAT 797 B;Lastre Oxidado;ESP/F10/2296/1051;FASE 10;BOT_CENTRAL_SUR_INF;1385,619995;4;ESPERANZA
23-06-2023;PA211;C07;CAT 797 B;Lastre Oxidado;ESP/F10/2296/1051;FASE 10;BOT_MIJO;1732,017944;5;ESPERANZA
23-06-2023;PA211;C08;CAT 797 B;Lastre Oxidado;ESP/F10/2296/1051;FASE 10;BOT_CENTRAL_SUR_INF;692,8079834;2;ESPERANZA
23-06-2023;PA211;C08;CAT 797 B;Lastre Oxidado;ESP/F10/2296/1051;FASE 10;BOT_MIJO;3810,441956;11;ESPERANZA
23-06-2023;PA211;C10;CAT 797 B;Lastre Oxidado;ESP/F10/2296/1051;FASE 10;BOT_CENTRAL_SUR_INF;1039,209961;3;ESPERANZA
23-06-2023;PA211;C10;CAT 797 B;Lastre Oxidado;ESP/F10/2296/1051;FASE 10;BOT_MIJO;1039,209961;3;ESPERANZA
23-06-2023;PA211;C11;CAT 797 B;Lastre Oxidado;ESP/F10/2296/1051;FASE 10;BOT_MIJO;3810,441956;11;ESPERANZA
23-06-2023;PA211;C12;CAT 797 B;Lastre Oxidado;ESP/F10/2296/1051;FASE 10;BOT_MIJO;3810,441956;11;ESPERANZA
23-06-2023;PA211;C121;CAT 793 C;Lastre Oxidado;ESP/F10/2296/1051;FASE 10;BOT_CENTRAL_SUR_INF;216,4360046;1;ESPERANZA
23-06-2023;PA211;C121;CAT 793 C;Lastre Oxidado;ESP/F10/2296/1051;FASE 10;BOT_MIJO;1298,619995;6;ESPERANZA
23-06-2023;PA211;C122;CAT 793 C;Lastre Oxidado;ESP/F10/2296/1051;FASE 10;BOT_MIJO;2380,799011;11;ESPERANZA
23-06-2023;PA211;C123;CAT 793 C;Lastre Oxidado;ESP/F10/2296/1051;FASE 10;BOT_MIJO;2813,672058;13;ESPERANZA
23-06-2023;PA211;C128;CAT 793 C;Lastre Oxidado;ESP/F10/2296/1051;FASE 10;BOT_MIJO;865,7459717;4;ESPERANZA
23-06-2023;PA211;C129;CAT 793 C;Lastre Oxidado;ESP/F10/2296/1051;FASE 10;BOT_CENTRAL_SUR_INF;432,8729858;2;ESPERANZA
23-06-2023;PA211;C129;CAT 793 C;Lastre Oxidado;ESP/F10/2296/1051;FASE 10;BOT_MIJO;1731,48999;8;ESPERANZA
23-06-2023;PA211;C13;CAT 797 B;Lastre Oxidado;ESP/F10/2296/1051;FASE 10;BOT_CENTRAL_SUR_INF;1732,02002;5;ESPERANZA
23-06-2023;PA211;C13;CAT 797 B;Lastre Oxidado;ESP/F10/2296/1051;FASE 10;BOT_MIJO;3464,033875;10;ESPERANZA
23-06-2023;PA211;C132;CAT 793 C;Lastre Oxidado;ESP/F10/2296/1051;FASE 10;BOT_MIJO;432,8720093;2;ESPERANZA
23-06-2023;PA211;C134;CAT 793 C;Lastre Oxidado;ESP/F10/2296/1051;FASE 10;BOT_MIJO;432,8720093;2;ESPERANZA
23-06-2023;PA211;C14;CAT 797 B;Lastre Oxidado;ESP/F10/2296/1051;FASE 10;BOT_MIJO;692,8079834;2;ESPERANZA
23-06-2023;PA211;C15;CAT 797 B;Lastre Oxidado;ESP/F10/2296/1051;FASE 10;BOT_CENTRAL_SUR_INF;692,8079834;2;ESPERANZA
23-06-2023;PA211;C15;CAT 797 B;Lastre Oxidado;ESP/F10/2296/1051;FASE 10;BOT_MIJO;1385,615967;4;ESPERANZA
23-06-2023;PA211;C151;CAT 793 F;Lastre Oxidado;ESP/F10/2296/1051;FASE 10;BOT_MIJO;1298,617981;6;ESPERANZA
23-06-2023;PA211;C153;CAT 793 F;Lastre Oxidado;ESP/F10/2296/1051;FASE 10;BOT_MIJO;216,4360046;1;ESPERANZA
23-06-2023;PA211;C155;CAT 793 F;Lastre Oxidado;ESP/F10/2296/1051;FASE 10;BOT_MIJO;432,8729858;2;ESPERANZA
23-06-2023;PA211;C156;CAT 793 F;Lastre Oxidado;ESP/F10/2296/1051;FASE 10;BOT_CENTRAL_SUR_INF;216,4360046;1;ESPERANZA
23-06-2023;PA211;C156;CAT 793 F;Lastre Oxidado;ESP/F10/2296/1051;FASE 10;BOT_MIJO;865,7459717;4;ESPERANZA
23-06-2023;PA211;C16;CAT 797 B;Lastre Oxidado;ESP/F10/2296/1051;FASE 10;BOT_MIJO;1039,209961;3;ESPERANZA
23-06-2023;PA211;C161;CAT 793 F;Lastre Oxidado;ESP/F10/2296/1051;FASE 10;BOT_CENTRAL_SUR_INF;865,7459717;4;ESPERANZA
23-06-2023;PA211;C161;CAT 793 F;Lastre Oxidado;ESP/F10/2296/1051;FASE 10;BOT_MIJO;1082,182007;5;ESPERANZA
23-06-2023;PA211;C162;CAT 793 F;Lastre Oxidado;ESP/F10/2296/1051;FASE 10;BOT_MIJO;1298,616058;6;ESPERANZA
23-06-2023;PA211;C163;CAT 793 F;Lastre Oxidado;ESP/F10/2296/1051;FASE 10;BOT_MIJO;2164,369049;10;ESPERANZA
23-06-2023;PA211;C164;CAT 793 F;Lastre Oxidado;ESP/F10/2296/1051;FASE 10;BOT_CENTRAL_SUR_INF;216,4360046;1;ESPERANZA
23-06-2023;PA211;C164;CAT 793 F;Lastre Oxidado;ESP/F10/2296/1051;FASE 10;BOT_MIJO;2164,369049;10;ESPERANZA
23-06-2023;PA211;C17;CAT 797 F;Lastre Oxidado;ESP/F10/2296/1051;FASE 10;BOT_CENTRAL_SUR_INF;692,8079834;2;ESPERANZA
23-06-2023;PA211;C17;CAT 797 F;Lastre Oxidado;ESP/F10/2296/1051;FASE 10;BOT_MIJO;1732,023987;5;ESPERANZA
23-06-2023;PA211;C20;CAT 797 F;Lastre Oxidado;ESP/F10/2296/1051;FASE 10;BOT_CENTRAL_SUR_INF;346,4039917;1;ESPERANZA
23-06-2023;PA211;C22;CAT 797 F;Lastre Oxidado;ESP/F10/2296/1051;FASE 10;BOT_MIJO;692,8079834;2;ESPERANZA
23-06-2023;PA211;C38;CAT 797 F;Lastre Oxidado;ESP/F10/2296/1051;FASE 10;BOT_MIJO;346,4039917;1;ESPERANZA
23-06-2023;PA211;C40;CAT 797 F;Lastre Oxidado;ESP/F10/2296/1051;FASE 10;BOT_MIJO;346,4039917;1;ESPERANZA
23-06-2023;PA211;C48;CAT 797 F;Lastre Oxidado;ESP/F10/2296/1051;FASE 10;BOT_MIJO;346,4039917;1;ESPERANZA
23-06-2023;PA211;C53;KOM 930 E;Lastre Oxidado;ESP/F10/2296/1051;FASE 10;BOT_MIJO;291;1;ESPERANZA
23-06-2023;PA211;C58;KOM 930 E;Lastre Oxidado;ESP/F10/2296/1051;FASE 10;BOT_MIJO;291;1;ESPERANZA
23-06-2023;PA211;C59;KOM 930 E;Lastre Oxidado;ESP/F10/2296/1051;FASE 10;BOT_MIJO;291;1;ESPERANZA
23-06-2023;PA3;C08;CAT 797 B;Lastre Sulfurado;ESP/F07/2104/716;FASE 7;BOT_2380_INT;1385,615967;4;ESPERANZA
23-06-2023;PA3;C10;CAT 797 B;Lastre Sulfurado;ESP/F07/2104/716;FASE 7;BOT_2380_INT;346,4039917;1;ESPERANZA
23-06-2023;PA3;C11;CAT 797 B;Lastre Sulfurado;ESP/F07/2104/716;FASE 7;BOT_2380_INT;2424,823914;7;ESPERANZA
23-06-2023;PA3;C12;CAT 797 B;Lastre Sulfurado;ESP/F07/2104/716;FASE 7;BOT_2380_INT;692,8079834;2;ESPERANZA
23-06-2023;PA3;C122;CAT 793 C;Lastre Sulfurado;ESP/F07/2104/716;FASE 7;BOT_2380_INT;432,8729858;2;ESPERANZA
23-06-2023;PA3;C123;CAT 793 C;Lastre Sulfurado;ESP/F07/2104/716;FASE 7;BOT_2380_INT;216,4360046;1;ESPERANZA
23-06-2023;PA3;C13;CAT 797 B;Lastre Sulfurado;ESP/F07/2104/716;FASE 7;BOT_2380_INT;1385,613953;4;ESPERANZA
23-06-2023;PA3;C131;CAT 793 C;Lastre Sulfurado;ESP/F07/2104/716;FASE 7;BOT_2380_INT;216,4360046;1;ESPERANZA
23-06-2023;PA3;C132;CAT 793 C;Lastre Sulfurado;ESP/F07/2104/716;FASE 7;BOT_2380_INT;432,8729858;2;ESPERANZA
23-06-2023;PA3;C14;CAT 797 B;Lastre Sulfurado;ESP/F07/2104/716;FASE 7;BOT_2380_INT;346,4039917;1;ESPERANZA
23-06-2023;PA3;C15;CAT 797 B;Lastre Sulfurado;ESP/F07/2104/716;FASE 7;BOT_2380_INT;1385,613953;4;ESPERANZA
23-06-2023;PA3;C153;CAT 793 F;Lastre Sulfurado;ESP/F07/2104/716;FASE 7;BOT_2380_INT;216,4360046;1;ESPERANZA
23-06-2023;PA3;C16;CAT 797 B;Lastre Sulfurado;ESP/F07/2104/716;FASE 7;BOT_2380_INT;1732,017944;5;ESPERANZA
23-06-2023;PA3;C162;CAT 793 F;Lastre Sulfurado;ESP/F07/2104/716;FASE 7;BOT_2380_INT;432,8720093;2;ESPERANZA
23-06-2023;PA3;C17;CAT 797 F;Lastre Sulfurado;ESP/F07/2104/716;FASE 7;BOT_2380_INT;1039,211975;3;ESPERANZA
23-06-2023;PA3;C18;CAT 797 F;Lastre Sulfurado;ESP/F07/2104/716;FASE 7;BOT_2380_INT;3117,639954;9;ESPERANZA
23-06-2023;PA3;C19;CAT 797 F;Lastre Sulfurado;ESP/F07/2104/716;FASE 7;BOT_2380_INT;4156,855957;12;ESPERANZA
23-06-2023;PA3;C20;CAT 797 F;Lastre Sulfurado;ESP/F07/2104/716;FASE 7;BOT_2380_INT;1732,023987;5;ESPERANZA
23-06-2023;PA3;C21;CAT 797 F;Lastre Sulfurado;ESP/F07/2104/716;FASE 7;BOT_2380_INT;2771,227905;8;ESPERANZA
23-06-2023;PA3;C22;CAT 797 F;Lastre Sulfurado;ESP/F07/2104/716;FASE 7;BOT_2380_INT;1039,211975;3;ESPERANZA
23-06-2023;PA3;C23;CAT 797 F;Lastre Sulfurado;ESP/F07/2104/716;FASE 7;BOT_2380_INT;1732,019958;5;ESPERANZA
23-06-2023;PA3;C24;CAT 797 F;Lastre Sulfurado;ESP/F07/2104/716;FASE 7;BOT_2380_INT;4156,8479;12;ESPERANZA
23-06-2023;PA3;C25;CAT 797 F;Lastre Sulfurado;ESP/F07/2104/716;FASE 7;BOT_2380_INT;2424,828003;7;ESPERANZA
23-06-2023;PA3;C32;CAT 797 F;Lastre Sulfurado;ESP/F07/2104/716;FASE 7;BOT_2380_INT;2424,823914;7;ESPERANZA
23-06-2023;PA3;C34;CAT 797 F;Lastre Sulfurado;ESP/F07/2104/716;FASE 7;BOT_2380_INT;1385,615967;4;ESPERANZA
23-06-2023;PA3;C36;CAT 797 F;Lastre Sulfurado;ESP/F07/2104/716;FASE 7;BOT_2380_INT;3810,443909;11;ESPERANZA
23-06-2023;PA3;C37;CAT 797 F;Lastre Sulfurado;ESP/F07/2104/716;FASE 7;BOT_2380_INT;3810,441956;11;ESPERANZA
23-06-2023;PA3;C38;CAT 797 F;Lastre Sulfurado;ESP/F07/2104/716;FASE 7;BOT_2380_INT;2078,419922;6;ESPERANZA
23-06-2023;PA3;C39;CAT 797 F;Lastre Sulfurado;ESP/F07/2104/716;FASE 7;BOT_2380_INT;3117,631897;9;ESPERANZA
23-06-2023;PA3;C40;CAT 797 F;Lastre Sulfurado;ESP/F07/2104/716;FASE 7;BOT_2380_INT;2771,231934;8;ESPERANZA
23-06-2023;PA3;C41;CAT 797 F;Lastre Sulfurado;ESP/F07/2104/716;FASE 7;BOT_2380_INT;3117,637939;9;ESPERANZA
23-06-2023;PA3;C42;CAT 797 F;Lastre Sulfurado;ESP/F07/2104/716;FASE 7;BOT_2380_INT;346,4039917;1;ESPERANZA
23-06-2023;PA3;C43;CAT 797 F;Lastre Sulfurado;ESP/F07/2104/716;FASE 7;BOT_2380_INT;1385,615967;4;ESPERANZA
23-06-2023;PA3;C44;CAT 797 F;Lastre Sulfurado;ESP/F07/2104/716;FASE 7;BOT_2380_INT;2424,83197;7;ESPERANZA
23-06-2023;PA3;C45;CAT 797 F;Lastre Sulfurado;ESP/F07/2104/716;FASE 7;BOT_2380_INT;3464,037964;10;ESPERANZA
23-06-2023;PA3;C46;CAT 797 F;Lastre Sulfurado;ESP/F07/2104/716;FASE 7;BOT_2380_INT;1039,211975;3;ESPERANZA
23-06-2023;PA3;C47;CAT 797 F;Lastre Sulfurado;ESP/F07/2104/716;FASE 7;BOT_2380_INT;3464,039978;10;ESPERANZA
23-06-2023;PA3;C48;CAT 797 F;Lastre Sulfurado;ESP/F07/2104/716;FASE 7;BOT_2380_INT;3464,035889;10;ESPERANZA
23-06-2023;PA4;C07;CAT 797 B;Lastre Oxidado;ESP/F10/2328/1290;FASE 10;BOT-ESTE;2424,828003;7;ESPERANZA
23-06-2023;PA4;C08;CAT 797 B;Lastre Oxidado;ESP/F10/2328/1290;FASE 10;BOT_CENTRAL_SUR_INF;346,4039917;1;ESPERANZA
23-06-2023;PA4;C08;CAT 797 B;Lastre Oxidado;ESP/F10/2328/1290;FASE 10;BOT-ESTE;346,4039917;1;ESPERANZA
23-06-2023;PA4;C10;CAT 797 B;Lastre Oxidado;ESP/F10/2328/1290;FASE 10;BOT-ESTE;1039,209961;3;ESPERANZA
23-06-2023;PA4;C11;CAT 797 B;Lastre Oxidado;ESP/F10/2328/1290;FASE 10;BOT-ESTE;692,8079834;2;ESPERANZA
23-06-2023;PA4;C12;CAT 797 B;Lastre Oxidado;ESP/F10/2328/1290;FASE 10;BOT-ESTE;1039,211975;3;ESPERANZA
23-06-2023;PA4;C121;CAT 793 C;Lastre Oxidado;ESP/F10/2328/1290;FASE 10;BOT-ESTE;1082,180054;5;ESPERANZA
23-06-2023;PA4;C122;CAT 793 C;Lastre Oxidado;ESP/F10/2328/1290;FASE 10;BOT-ESTE;2164,360107;10;ESPERANZA
23-06-2023;PA4;C123;CAT 793 C;Lastre Oxidado;ESP/F10/2328/1290;FASE 10;BOT-ESTE;216,4360046;1;ESPERANZA
23-06-2023;PA4;C125;CAT 793 C;Lastre Oxidado;ESP/F10/2328/1290;FASE 10;BOT-ESTE;1082,180054;5;ESPERANZA
23-06-2023;PA4;C128;CAT 793 C;Lastre Oxidado;ESP/F10/2328/1290;FASE 10;BOT-ESTE;649,309021;3;ESPERANZA
23-06-2023;PA4;C129;CAT 793 C;Lastre Oxidado;ESP/F10/2328/1290;FASE 10;BOT-ESTE;865,7450256;4;ESPERANZA
23-06-2023;PA4;C13;CAT 797 B;Lastre Oxidado;ESP/F10/2328/1290;FASE 10;BOT_MIJO;346,4039917;1;ESPERANZA
23-06-2023;PA4;C13;CAT 797 B;Lastre Oxidado;ESP/F10/2328/1290;FASE 10;BOT-ESTE;692,8079834;2;ESPERANZA
23-06-2023;PA4;C131;CAT 793 C;Lastre Oxidado;ESP/F10/2328/1290;FASE 10;BOT-ESTE;1298,618042;6;ESPERANZA
23-06-2023;PA4;C132;CAT 793 C;Lastre Oxidado;ESP/F10/2328/1290;FASE 10;BOT-ESTE;1082,181976;5;ESPERANZA
23-06-2023;PA4;C134;CAT 793 C;Lastre Oxidado;ESP/F10/2328/1290;FASE 10;BOT-ESTE;649,3089905;3;ESPERANZA
23-06-2023;PA4;C15;CAT 797 B;Lastre Oxidado;ESP/F10/2328/1290;FASE 10;BOT-ESTE;1039,209961;3;ESPERANZA
23-06-2023;PA4;C151;CAT 793 F;Lastre Oxidado;ESP/F10/2328/1290;FASE 10;BOT-ESTE;649,3089905;3;ESPERANZA
23-06-2023;PA4;C153;CAT 793 F;Lastre Oxidado;ESP/F10/2328/1290;FASE 10;BOT-ESTE;432,8729858;2;ESPERANZA
23-06-2023;PA4;C155;CAT 793 F;Lastre Oxidado;ESP/F10/2328/1290;FASE 10;BOT-ESTE;432,8729858;2;ESPERANZA
23-06-2023;PA4;C156;CAT 793 F;Lastre Oxidado;ESP/F10/2328/1290;FASE 10;BOT-ESTE;649,309021;3;ESPERANZA
23-06-2023;PA4;C159;CAT 793 F;Lastre Oxidado;ESP/F10/2328/1290;FASE 10;BOT-ESTE;432,8729858;2;ESPERANZA
23-06-2023;PA4;C16;CAT 797 B;Lastre Oxidado;ESP/F10/2328/1290;FASE 10;BOT-ESTE;692,8079834;2;ESPERANZA
23-06-2023;PA4;C160;CAT 793 F;Lastre Oxidado;ESP/F10/2328/1290;FASE 10;BOT-ESTE;432,8729858;2;ESPERANZA
23-06-2023;PA4;C161;CAT 793 F;Lastre Oxidado;ESP/F10/2328/1290;FASE 10;BOT-ESTE;649,3089905;3;ESPERANZA
23-06-2023;PA4;C163;CAT 793 F;Lastre Oxidado;ESP/F10/2328/1290;FASE 10;BOT-ESTE;865,7450256;4;ESPERANZA
23-06-2023;PA4;C164;CAT 793 F;Lastre Oxidado;ESP/F10/2328/1290;FASE 10;BOT-ESTE;1082,181976;5;ESPERANZA
23-06-2023;PA4;C17;CAT 797 F;Lastre Oxidado;ESP/F10/2328/1290;FASE 10;BOT-ESTE;2424,83197;7;ESPERANZA
23-06-2023;PA4;C55;KOM 930 E;Lastre Oxidado;ESP/F10/2328/1290;FASE 10;BOT_MIJO;291;1;ESPERANZA
23-06-2023;PA4;C55;KOM 930 E;Lastre Oxidado;ESP/F10/2328/1290;FASE 10;BOT-ESTE;291;1;ESPERANZA
23-06-2023;PA4;C56;KOM 930 E;Lastre Oxidado;ESP/F10/2328/1290;FASE 10;BOT-ESTE;291;1;ESPERANZA
23-06-2023;PA4;C58;KOM 930 E;Lastre Oxidado;ESP/F10/2328/1290;FASE 10;BOT_CENTRAL_SUR_INF;291;1;ESPERANZA
23-06-2023;PA6;C07;CAT 797 B;Lastre Oxidado;ESP/F10/2296/1051;FASE 10;BOT_CENTRAL_SUR_INF;346,4039917;1;ESPERANZA
23-06-2023;PA6;C08;CAT 797 B;Lastre Oxidado;ESP/F10/2296/1051;FASE 10;BOT_CENTRAL_SUR_INF;1732,02002;5;ESPERANZA
23-06-2023;PA6;C08;CAT 797 B;Lastre Oxidado;ESP/F10/2296/1051;FASE 10;BOT_MIJO;346,4039917;1;ESPERANZA
23-06-2023;PA6;C10;CAT 797 B;Lastre Oxidado;ESP/F10/2296/1051;FASE 10;BOT_CENTRAL_SUR_INF;692,8079834;2;ESPERANZA
23-06-2023;PA6;C11;CAT 797 B;Lastre Oxidado;ESP/F10/2296/1051;FASE 10;BOT_CENTRAL_SUR_INF;1039,211975;3;ESPERANZA
23-06-2023;PA6;C12;CAT 797 B;Lastre Oxidado;ESP/F10/2296/1051;FASE 10;BOT_CENTRAL_SUR_INF;1732,023987;5;ESPERANZA
23-06-2023;PA6;C12;CAT 797 B;Lastre Oxidado;ESP/F10/2296/1051;FASE 10;BOT_MIJO;346,4039917;1;ESPERANZA
23-06-2023;PA6;C121;CAT 793 C;Lastre Oxidado;ESP/F10/2296/1051;FASE 10;BOT_CENTRAL_SUR_INF;432,8729858;2;ESPERANZA
23-06-2023;PA6;C121;CAT 793 C;Lastre Oxidado;ESP/F10/2296/1051;FASE 10;BOT_MIJO;216,4360046;1;ESPERANZA
23-06-2023;PA6;C122;CAT 793 C;Lastre Oxidado;ESP/F10/2296/1051;FASE 10;BOT_CENTRAL_SUR_INF;1082,182007;5;ESPERANZA
23-06-2023;PA6;C122;CAT 793 C;Lastre Oxidado;ESP/F10/2296/1051;FASE 10;BOT_MIJO;216,4360046;1;ESPERANZA
23-06-2023;PA6;C123;CAT 793 C;Lastre Oxidado;ESP/F10/2296/1051;FASE 10;BOT_CENTRAL_SUR_INF;1298,617981;6;ESPERANZA
23-06-2023;PA6;C123;CAT 793 C;Lastre Oxidado;ESP/F10/2296/1051;FASE 10;BOT_MIJO;216,4360046;1;ESPERANZA
23-06-2023;PA6;C128;CAT 793 C;Lastre Oxidado;ESP/F10/2296/1051;FASE 10;BOT_CENTRAL_SUR_INF;649,309021;3;ESPERANZA
23-06-2023;PA6;C128;CAT 793 C;Lastre Oxidado;ESP/F10/2296/1051;FASE 10;BOT_MIJO;216,4360046;1;ESPERANZA
23-06-2023;PA6;C129;CAT 793 C;Lastre Oxidado;ESP/F10/2296/1051;FASE 10;BOT_CENTRAL_SUR_INF;649,309021;3;ESPERANZA
23-06-2023;PA6;C13;CAT 797 B;Lastre Oxidado;ESP/F10/2296/1051;FASE 10;BOT_CENTRAL_SUR_INF;1385,613953;4;ESPERANZA
23-06-2023;PA6;C13;CAT 797 B;Lastre Oxidado;ESP/F10/2296/1051;FASE 10;BOT_MIJO;346,4039917;1;ESPERANZA
23-06-2023;PA6;C132;CAT 793 C;Lastre Oxidado;ESP/F10/2296/1051;FASE 10;BOT_CENTRAL_SUR_INF;649,3089905;3;ESPERANZA
23-06-2023;PA6;C134;CAT 793 C;Lastre Oxidado;ESP/F10/2296/1051;FASE 10;BOT_CENTRAL_SUR_INF;216,4360046;1;ESPERANZA
23-06-2023;PA6;C14;CAT 797 B;Lastre Oxidado;ESP/F10/2296/1051;FASE 10;BOT_CENTRAL_SUR_INF;346,4039917;1;ESPERANZA
23-06-2023;PA6;C15;CAT 797 B;Lastre Oxidado;ESP/F10/2296/1051;FASE 10;BOT_CENTRAL_SUR_INF;692,8079834;2;ESPERANZA
23-06-2023;PA6;C15;CAT 797 B;Lastre Oxidado;ESP/F10/2296/1051;FASE 10;BOT_MIJO;692,8079834;2;ESPERANZA
23-06-2023;PA6;C151;CAT 793 F;Lastre Oxidado;ESP/F10/2296/1051;FASE 10;BOT_CENTRAL_SUR_INF;216,4360046;1;ESPERANZA
23-06-2023;PA6;C156;CAT 793 F;Lastre Oxidado;ESP/F10/2296/1051;FASE 10;BOT_CENTRAL_SUR_INF;649,309021;3;ESPERANZA
23-06-2023;PA6;C16;CAT 797 B;Lastre Oxidado;ESP/F10/2296/1051;FASE 10;BOT_CENTRAL_SUR_INF;1385,619995;4;ESPERANZA
23-06-2023;PA6;C160;CAT 793 F;Lastre Oxidado;ESP/F10/2296/1051;FASE 10;BOT_CENTRAL_SUR_INF;216,4360046;1;ESPERANZA
23-06-2023;PA6;C161;CAT 793 F;Lastre Oxidado;ESP/F10/2296/1051;FASE 10;BOT_CENTRAL_SUR_INF;432,8729858;2;ESPERANZA
23-06-2023;PA6;C161;CAT 793 F;Lastre Oxidado;ESP/F10/2296/1051;FASE 10;BOT_MIJO;432,8729858;2;ESPERANZA
23-06-2023;PA6;C162;CAT 793 F;Lastre Oxidado;ESP/F10/2296/1051;FASE 10;BOT_CENTRAL_SUR_INF;432,8729858;2;ESPERANZA
23-06-2023;PA6;C163;CAT 793 F;Lastre Oxidado;ESP/F10/2296/1051;FASE 10;BOT_CENTRAL_SUR_INF;649,3089905;3;ESPERANZA
23-06-2023;PA6;C163;CAT 793 F;Lastre Oxidado;ESP/F10/2296/1051;FASE 10;BOT_MIJO;432,8720093;2;ESPERANZA
23-06-2023;PA6;C164;CAT 793 F;Lastre Oxidado;ESP/F10/2296/1051;FASE 10;BOT_CENTRAL_SUR_INF;865,7450256;4;ESPERANZA
23-06-2023;PA6;C164;CAT 793 F;Lastre Oxidado;ESP/F10/2296/1051;FASE 10;BOT_MIJO;216,4360046;1;ESPERANZA
23-06-2023;PA6;C17;CAT 797 F;Lastre Oxidado;ESP/F10/2296/1051;FASE 10;BOT_CENTRAL_SUR_INF;1039,211975;3;ESPERANZA
23-06-2023;PA6;C17;CAT 797 F;Lastre Oxidado;ESP/F10/2296/1051;FASE 10;BOT_MIJO;346,4039917;1;ESPERANZA
23-06-2023;PA6;C39;CAT 797 F;Lastre Oxidado;ESP/F10/2296/1051;FASE 10;BOT_CENTRAL_SUR_INF;346,4039917;1;ESPERANZA
23-06-2023;PA6;C61;KOM 930 E;Lastre Oxidado;ESP/F10/2296/1051;FASE 10;BOT_MIJO;291;1;ESPERANZA
23-06-2023;PA7;C08;CAT 797 B;Lastre Sulfurado;ESP/F07/2104/710;FASE 7;BOT_2380_INT;346,4039917;1;ESPERANZA
23-06-2023;PA7;C10;CAT 797 B;Lastre Sulfurado;ESP/F07/2104/710;FASE 7;BOT_2380_INT;3117,640015;9;ESPERANZA
23-06-2023;PA7;C11;CAT 797 B;Lastre Sulfurado;ESP/F07/2104/710;FASE 7;BOT_2380_INT;692,8079834;2;ESPERANZA
23-06-2023;PA7;C12;CAT 797 B;Lastre Sulfurado;ESP/F07/2104/710;FASE 7;BOT_2380_INT;1732,02002;5;ESPERANZA
23-06-2023;PA7;C123;CAT 793 C;Lastre Sulfurado;ESP/F07/2104/710;FASE 7;BOT_2380_INT;216,4360046;1;ESPERANZA
23-06-2023;PA7;C128;CAT 793 C;Lastre Sulfurado;ESP/F07/2104/710;FASE 7;BOT_2380_INT;216,4360046;1;ESPERANZA
23-06-2023;PA7;C13;CAT 797 B;Lastre Sulfurado;ESP/F07/2104/710;FASE 7;BOT_2380_INT;2424,830078;7;ESPERANZA
23-06-2023;PA7;C14;CAT 797 B;Lastre Sulfurado;ESP/F07/2104/710;FASE 7;BOT_2380_INT;346,4039917;1;ESPERANZA
23-06-2023;PA7;C15;CAT 797 B;Lastre Sulfurado;ESP/F07/2104/710;FASE 7;BOT_2380_INT;4503,253967;13;ESPERANZA
23-06-2023;PA7;C152;CAT 793 F;Lastre Sulfurado;ESP/F07/2104/710;FASE 7;BOT_2380_INT;216,4360046;1;ESPERANZA
23-06-2023;PA7;C155;CAT 793 F;Lastre Sulfurado;ESP/F07/2104/710;FASE 7;BOT_2380_INT;216,4360046;1;ESPERANZA
23-06-2023;PA7;C156;CAT 793 F;Lastre Sulfurado;ESP/F07/2104/710;FASE 7;BOT_2380_INT;649,3089905;3;ESPERANZA
23-06-2023;PA7;C16;CAT 797 B;Lastre Sulfurado;ESP/F07/2104/710;FASE 7;BOT_2380_INT;2424,828003;7;ESPERANZA
23-06-2023;PA7;C160;CAT 793 F;Lastre Sulfurado;ESP/F07/2104/710;FASE 7;BOT_2380_INT;216,4360046;1;ESPERANZA
23-06-2023;PA7;C161;CAT 793 F;Lastre Sulfurado;ESP/F07/2104/710;FASE 7;BOT_2380_INT;216,4360046;1;ESPERANZA
23-06-2023;PA7;C162;CAT 793 F;Lastre Sulfurado;ESP/F07/2104/710;FASE 7;BOT_2380_INT;216,4360046;1;ESPERANZA
23-06-2023;PA7;C164;CAT 793 F;Lastre Sulfurado;ESP/F07/2104/710;FASE 7;BOT_2380_INT;432,8729858;2;ESPERANZA
23-06-2023;PA7;C17;CAT 797 F;Lastre Sulfurado;ESP/F07/2104/710;FASE 7;BOT_2380_INT;692,8079834;2;ESPERANZA
23-06-2023;PA7;C18;CAT 797 F;Lastre Sulfurado;ESP/F07/2104/710;FASE 7;BOT_2380_INT;2771,233948;8;ESPERANZA
23-06-2023;PA7;C19;CAT 797 F;Lastre Sulfurado;ESP/F07/2104/710;FASE 7;BOT_2380_INT;2424,823914;7;ESPERANZA
23-06-2023;PA7;C20;CAT 797 F;Lastre Sulfurado;ESP/F07/2104/710;FASE 7;BOT_2380_INT;5542,465942;16;ESPERANZA
23-06-2023;PA7;C21;CAT 797 F;Lastre Sulfurado;ESP/F07/2104/710;FASE 7;BOT_2380_INT;1732,023987;5;ESPERANZA
23-06-2023;PA7;C22;CAT 797 F;Lastre Sulfurado;ESP/F07/2104/710;FASE 7;BOT_2380_INT;1385,613953;4;ESPERANZA
23-06-2023;PA7;C23;CAT 797 F;Lastre Sulfurado;ESP/F07/2104/710;FASE 7;BOT_2380_INT;1039,211975;3;ESPERANZA
23-06-2023;PA7;C24;CAT 797 F;Lastre Sulfurado;ESP/F07/2104/710;FASE 7;BOT_2380_INT;2424,829956;7;ESPERANZA
23-06-2023;PA7;C25;CAT 797 F;Lastre Sulfurado;ESP/F07/2104/710;FASE 7;BOT_2380_INT;4503,25;13;ESPERANZA
23-06-2023;PA7;C32;CAT 797 F;Lastre Sulfurado;ESP/F07/2104/710;FASE 7;BOT_2380_INT;4156,845947;12;ESPERANZA
23-06-2023;PA7;C34;CAT 797 F;Lastre Sulfurado;ESP/F07/2104/710;FASE 7;BOT_2380_INT;3117,633911;9;ESPERANZA
23-06-2023;PA7;C36;CAT 797 F;Lastre Sulfurado;ESP/F07/2104/710;FASE 7;BOT_2380_INT;2771,22998;8;ESPERANZA
23-06-2023;PA7;C37;CAT 797 F;Lastre Sulfurado;ESP/F07/2104/710;FASE 7;BOT_2380_INT;2771,235962;8;ESPERANZA
23-06-2023;PA7;C38;CAT 797 F;Lastre Sulfurado;ESP/F07/2104/710;FASE 7;BOT_2380_INT;5542,466064;16;ESPERANZA
23-06-2023;PA7;C39;CAT 797 F;Lastre Sulfurado;ESP/F07/2104/710;FASE 7;BOT_2380_INT;2078,421936;6;ESPERANZA
23-06-2023;PA7;C40;CAT 797 F;Lastre Sulfurado;ESP/F07/2104/710;FASE 7;BOT_2380_INT;2078,42395;6;ESPERANZA
23-06-2023;PA7;C41;CAT 797 F;Lastre Sulfurado;ESP/F07/2104/710;FASE 7;BOT_2380_INT;2424,83197;7;ESPERANZA
23-06-2023;PA7;C42;CAT 797 F;Lastre Sulfurado;ESP/F07/2104/710;FASE 7;BOT_2380_INT;346,4039917;1;ESPERANZA
23-06-2023;PA7;C43;CAT 797 F;Lastre Sulfurado;ESP/F07/2104/710;FASE 7;BOT_2380_INT;1385,615967;4;ESPERANZA
23-06-2023;PA7;C44;CAT 797 F;Lastre Sulfurado;ESP/F07/2104/710;FASE 7;BOT_2380_INT;4849,660034;14;ESPERANZA
23-06-2023;PA7;C45;CAT 797 F;Lastre Sulfurado;ESP/F07/2104/710;FASE 7;BOT_2380_INT;3464,041931;10;ESPERANZA
23-06-2023;PA7;C45;CAT 797 F;Lastre Sulfurado;ESP/F07/2104/710;FASE 7;BOT_CENTRAL_SUR_INF;346,4039917;1;ESPERANZA
23-06-2023;PA7;C46;CAT 797 F;Lastre Sulfurado;ESP/F07/2104/710;FASE 7;BOT_2380_INT;2078,424011;6;ESPERANZA
23-06-2023;PA7;C47;CAT 797 F;Lastre Sulfurado;ESP/F07/2104/710;FASE 7;BOT_2380_INT;2424,83197;7;ESPERANZA
23-06-2023;PA7;C48;CAT 797 F;Lastre Sulfurado;ESP/F07/2104/710;FASE 7;BOT_2380_INT;2078,427979;6;ESPERANZA
23-06-2023;PA7;C57;KOM 930 E;Lastre Sulfurado;ESP/F07/2104/710;FASE 7;BOT_CENTRAL_SUR_INF;291;1;ESPERANZA
23-06-2023;PA9;C08;CAT 797 B;Lastre Sulfurado;ESP/F07/2104/710;FASE 7;BOT_2380_INT;346,4039917;1;ESPERANZA
23-06-2023;PA9;C08;CAT 797 B;Lastre Sulfurado;ESP/F07/2104/710;FASE 7;BOT-ESTE;346,4039917;1;ESPERANZA
23-06-2023;PA9;C10;CAT 797 B;Lastre Sulfurado;ESP/F07/2104/710;FASE 7;BOT_2380_INT;1039,211975;3;ESPERANZA
23-06-2023;PA9;C11;CAT 797 B;Lastre Sulfurado;ESP/F07/2104/710;FASE 7;BOT_2380_INT;1039,209961;3;ESPERANZA
23-06-2023;PA9;C12;CAT 797 B;Lastre Sulfurado;ESP/F07/2104/710;FASE 7;BOT_2380_INT;346,4039917;1;ESPERANZA
23-06-2023;PA9;C122;CAT 793 C;Lastre Sulfurado;ESP/F07/2104/710;FASE 7;BOT_2380_INT;216,4360046;1;ESPERANZA
23-06-2023;PA9;C123;CAT 793 C;Lastre Sulfurado;ESP/F07/2104/710;FASE 7;BOT_2380_INT;216,4360046;1;ESPERANZA
23-06-2023;PA9;C13;CAT 797 B;Lastre Sulfurado;ESP/F07/2104/710;FASE 7;BOT_2380_INT;692,8079834;2;ESPERANZA
23-06-2023;PA9;C131;CAT 793 C;Lastre Sulfurado;ESP/F07/2104/710;FASE 7;BOT_2380_INT;865,7450256;4;ESPERANZA
23-06-2023;PA9;C15;CAT 797 B;Lastre Sulfurado;ESP/F07/2104/710;FASE 7;BOT_2380_INT;692,8079834;2;ESPERANZA
23-06-2023;PA9;C152;CAT 793 F;Lastre Sulfurado;ESP/F07/2104/710;FASE 7;BOT_2380_INT;216,4360046;1;ESPERANZA
23-06-2023;PA9;C155;CAT 793 F;Lastre Sulfurado;ESP/F07/2104/710;FASE 7;BOT_2380_INT;432,8729858;2;ESPERANZA
23-06-2023;PA9;C156;CAT 793 F;Lastre Sulfurado;ESP/F07/2104/710;FASE 7;BOT_2380_INT;216,4360046;1;ESPERANZA
23-06-2023;PA9;C16;CAT 797 B;Lastre Sulfurado;ESP/F07/2104/710;FASE 7;BOT_2380_INT;2078,419922;6;ESPERANZA
23-06-2023;PA9;C160;CAT 793 F;Lastre Sulfurado;ESP/F07/2104/710;FASE 7;BOT_2380_INT;216,4360046;1;ESPERANZA
23-06-2023;PA9;C162;CAT 793 F;Lastre Sulfurado;ESP/F07/2104/710;FASE 7;BOT_2380_INT;216,4360046;1;ESPERANZA
23-06-2023;PA9;C17;CAT 797 F;Lastre Sulfurado;ESP/F07/2104/710;FASE 7;BOT_2380_INT;1039,211975;3;ESPERANZA
23-06-2023;PA9;C18;CAT 797 F;Lastre Sulfurado;ESP/F07/2104/710;FASE 7;BOT_2380_INT;2078,419922;6;ESPERANZA
23-06-2023;PA9;C19;CAT 797 F;Lastre Sulfurado;ESP/F07/2104/710;FASE 7;BOT_2380_INT;2078,427979;6;ESPERANZA
23-06-2023;PA9;C20;CAT 797 F;Lastre Sulfurado;ESP/F07/2104/710;FASE 7;BOT_2380_INT;692,8079834;2;ESPERANZA
23-06-2023;PA9;C21;CAT 797 F;Lastre Sulfurado;ESP/F07/2104/710;FASE 7;BOT_2380_INT;3810,443909;11;ESPERANZA
23-06-2023;PA9;C22;CAT 797 F;Lastre Sulfurado;ESP/F07/2104/710;FASE 7;BOT_2380_INT;346,4039917;1;ESPERANZA
23-06-2023;PA9;C23;CAT 797 F;Lastre Sulfurado;ESP/F07/2104/710;FASE 7;BOT_2380_INT;1039,211975;3;ESPERANZA
23-06-2023;PA9;C24;CAT 797 F;Lastre Sulfurado;ESP/F07/2104/710;FASE 7;BOT_2380_INT;2424,829956;7;ESPERANZA
23-06-2023;PA9;C25;CAT 797 F;Lastre Sulfurado;ESP/F07/2104/710;FASE 7;BOT_2380_INT;1732,023987;5;ESPERANZA
23-06-2023;PA9;C32;CAT 797 F;Lastre Sulfurado;ESP/F07/2104/710;FASE 7;BOT_2380_INT;2424,825928;7;ESPERANZA
23-06-2023;PA9;C34;CAT 797 F;Lastre Sulfurado;ESP/F07/2104/710;FASE 7;BOT_2380_INT;1385,613953;4;ESPERANZA
23-06-2023;PA9;C36;CAT 797 F;Lastre Sulfurado;ESP/F07/2104/710;FASE 7;BOT_2380_INT;1732,017944;5;ESPERANZA
23-06-2023;PA9;C37;CAT 797 F;Lastre Sulfurado;ESP/F07/2104/710;FASE 7;BOT_2380_INT;1039,211975;3;ESPERANZA
23-06-2023;PA9;C38;CAT 797 F;Lastre Sulfurado;ESP/F07/2104/710;FASE 7;BOT_2380_INT;1732,017944;5;ESPERANZA
23-06-2023;PA9;C39;CAT 797 F;Lastre Sulfurado;ESP/F07/2104/710;FASE 7;BOT_2380_INT;2078,427979;6;ESPERANZA
23-06-2023;PA9;C40;CAT 797 F;Lastre Sulfurado;ESP/F07/2104/710;FASE 7;BOT_2380_INT;1732,019958;5;ESPERANZA
23-06-2023;PA9;C41;CAT 797 F;Lastre Sulfurado;ESP/F07/2104/710;FASE 7;BOT_2380_INT;1732,023987;5;ESPERANZA
23-06-2023;PA9;C43;CAT 797 F;Lastre Sulfurado;ESP/F07/2104/710;FASE 7;BOT_2380_INT;692,8079834;2;ESPERANZA
23-06-2023;PA9;C44;CAT 797 F;Lastre Sulfurado;ESP/F07/2104/710;FASE 7;BOT_2380_INT;2078,427979;6;ESPERANZA
23-06-2023;PA9;C45;CAT 797 F;Lastre Sulfurado;ESP/F07/2104/710;FASE 7;BOT_2380_INT;1385,613953;4;ESPERANZA
23-06-2023;PA9;C46;CAT 797 F;Lastre Sulfurado;ESP/F07/2104/710;FASE 7;BOT_2380_INT;692,8079834;2;ESPERANZA
23-06-2023;PA9;C47;CAT 797 F;Lastre Sulfurado;ESP/F07/2104/710;FASE 7;BOT_2380_INT;2078,419922;6;ESPERANZA
23-06-2023;PA9;C48;CAT 797 F;Lastre Sulfurado;ESP/F07/2104/710;FASE 7;BOT_2380_INT;2078,421936;6;ESPERANZA
23-06-2023;PAESPS;C980AHSESPS;Kom 980 AHS;Lastre Oxidado;ESS/F03/2216/324;F03 ESPSUR;BOTADERO_2021;1080;3;ESPERANZA_SUR
23-06-2023;PATH01;C701;LIEBHERR 264 ;LASTRE (LAS);LLA/F01/2295/102;F01 LLA;BOT_TSS;75117;343;LLANO
23-06-2023;PATH01;C701;LIEBHERR 264 ;LASTRE (LAS);LLA/F01/2295/103;F01 LLA;BOT_TSS;3504;16;LLANO
23-06-2023;PATH01;C701;LIEBHERR 264 ;LASTRE (LAS);LLA/F01/2295/105;F01 LLA;BOT_TSS;3723;17;LLANO
23-06-2023;PATH01;C701;LIEBHERR 264 ;LASTRE (LAS);LLA/F01/2295/110;F01 LLA;BOT_TSS;32193;147;LLANO
23-06-2023;PATH01;C701;LIEBHERR 264 ;LASTRE (LAS);LLA/F02/2302.5/2031;F02 LLA;BOT_TSS;3723;17;LLANO
23-06-2023;PATH01;C701;LIEBHERR 264 ;LASTRE (LAS);LLA/F02/2302.5/209;F02 LLA;BOT_TSS;657;3;LLANO
23-06-2023;PATH01;C793OXE;CAT 793 OXE;L21;04_2376_455;FASE 04 ENC;BOT_2400_1;73700;335;ENCUENTRO
23-06-2023;PATH01;C793OXE;CAT 793 OXE;L21;04_2376_455;FASE 04 ENC;BOT_2440;73920;336;ENCUENTRO
23-06-2023;PATH01;C793OXE;CAT 793 OXE;OBR;MOD_F_REM;ENCUENTRO OXE;CHANCADO-ENCUENTRO;23540;107;ENCUENTRO
23-06-2023;PATH01;C793OXE;CAT 793 OXE;OMR;STOCK_OXMAR_NORTE;ENCUENTRO OXE;CHANCADO-ENCUENTRO;9020;41;ENCUENTRO
23-06-2023;PATH01;C793OXE;CAT 793 OXE;Oxido Baja Ley;OXE/F04/2144/4180;FASE 04 ENC;CHANCADO-ENCUENTRO;9240;42;ENCUENTRO
23-06-2023;PATH01;C793OXE;CAT 793 OXE;Oxido Baja Ley;OXE/F04/2144/4180;FASE 04 ENC;MOD E;2860;13;ENCUENTRO
23-06-2023;PATH01;C793OXE;CAT 793 OXE;OXIDO MARGINAL (OXMAR);OXE/F04/2144/4170;FASE 04 ENC;STOCK _MARGINAL_ESTE;7920;36;ENCUENTRO