Fecha;Carguio;Camión;Flota;Material;Origen;Zona;Destino;Tonelaje;Ciclos;Rajo
24-06-2023;CF2;C07;CAT 797 B;Sulfuro de Media;ESP/F08/1768/R800;FASE 8;STOCK_SME;692,8079834;2;ESPERANZA
24-06-2023;CF2;C08;CAT 797 B;Sulfuro de Media;ESP/F08/1768/R800;FASE 8;STOCK_SME;1039,211975;3;ESPERANZA
24-06-2023;CF2;C09;CAT 797 B;Sulfuro de Media;ESP/F08/1768/R800;FASE 8;STOCK_SME;346,4039917;1;ESPERANZA
24-06-2023;CF2;C10;CAT 797 B;Sulfuro de Media;ESP/F08/1768/R800;FASE 8;STOCK_SME;346,4039917;1;ESPERANZA
24-06-2023;CF2;C11;CAT 797 B;Sulfuro de Media;ESP/F08/1768/R800;FASE 8;STOCK_SME;692,8079834;2;ESPERANZA
24-06-2023;CF2;C12;CAT 797 B;Sulfuro de Media;ESP/F08/1768/R800;FASE 8;STOCK_SME;346,4039917;1;ESPERANZA
24-06-2023;CF2;C130;CAT 793 C;Sulfuro de Media;ESP/F08/1768/R800;FASE 8;STOCK_SME;216,4360046;1;ESPERANZA
24-06-2023;CF2;C131;CAT 793 C;Lastre Oxidado;ESP/F07/2104/7100;FASE 7;BOT_2380_INT;216,4360046;1;ESPERANZA
24-06-2023;CF2;C131;CAT 793 C;Sulfuro de Media;ESP/F08/1768/R800;FASE 8;STOCK_SME;216,4360046;1;ESPERANZA
24-06-2023;CF2;C134;CAT 793 C;Sulfuro de Media;ESP/F08/1768/R800;FASE 8;STOCK-FIERROS;216,4360046;1;ESPERANZA
24-06-2023;CF2;C135;CAT 793 C;Sulfuro de Media;ESP/F08/1768/R800;FASE 8;STOCK_SME;432,8729858;2;ESPERANZA
24-06-2023;CF2;C15;CAT 797 B;Sulfuro de Media;ESP/F08/1768/R800;FASE 8;STOCK_SME;346,4039917;1;ESPERANZA
24-06-2023;CF2;C15;CAT 797 B;Sulfuro de Media;ESP/F08/1768/R800;FASE 8;STOCK-FIERROS;346,4039917;1;ESPERANZA
24-06-2023;CF2;C153;CAT 793 F;Sulfuro de Media;ESP/F08/1768/R800;FASE 8;STOCK_SME;216,4360046;1;ESPERANZA
24-06-2023;CF2;C156;CAT 793 F;Sulfuro de Media;ESP/F08/1768/R800;FASE 8;STOCK_SME;865,7450256;4;ESPERANZA
24-06-2023;CF2;C159;CAT 793 F;Sulfuro de Media;ESP/F08/1768/R800;FASE 8;STOCK_SME;216,4360046;1;ESPERANZA
24-06-2023;CF2;C160;CAT 793 F;Sulfuro de Media;ESP/F08/1768/R800;FASE 8;STOCK_SME;649,3089905;3;ESPERANZA
24-06-2023;CF2;C161;CAT 793 F;Sulfuro de Media;ESP/F08/1768/R800;FASE 8;STOCK_SME;432,8729858;2;ESPERANZA
24-06-2023;CF2;C163;CAT 793 F;Sulfuro de Media;ESP/F08/1768/R800;FASE 8;STOCK_SME;649,3089905;3;ESPERANZA
24-06-2023;CF2;C18;CAT 797 F;Sulfuro de Media;ESP/F08/1768/R800;FASE 8;STOCK_SME;692,8079834;2;ESPERANZA
24-06-2023;CF2;C19;CAT 797 F;Sulfuro de Media;ESP/F08/1768/R800;FASE 8;STOCK_SME;346,4039917;1;ESPERANZA
24-06-2023;CF2;C20;CAT 797 F;Sulfuro de Media;ESP/F08/1768/R800;FASE 8;STOCK_SME;1039,209961;3;ESPERANZA
24-06-2023;CF2;C22;CAT 797 F;Sulfuro de Media;ESP/F08/1768/R800;FASE 8;STOCK_SME;346,4039917;1;ESPERANZA
24-06-2023;CF2;C23;CAT 797 F;Sulfuro de Media;ESP/F08/1768/R800;FASE 8;STOCK_SME;346,4039917;1;ESPERANZA
24-06-2023;CF2;C25;CAT 797 F;Sulfuro de Media;ESP/F08/1768/R800;FASE 8;STOCK_SME;346,4039917;1;ESPERANZA
24-06-2023;CF2;C32;CAT 797 F;Sulfuro de Media;ESP/F08/1768/R800;FASE 8;STOCK_SME;346,4039917;1;ESPERANZA
24-06-2023;CF2;C37;CAT 797 F;Sulfuro de Media;ESP/F08/1768/R800;FASE 8;STOCK_SME;692,8079834;2;ESPERANZA
24-06-2023;CF2;C41;CAT 797 F;Sulfuro de Media;ESP/F08/1768/R800;FASE 8;STOCK_SME;692,8079834;2;ESPERANZA
24-06-2023;CF2;C43;CAT 797 F;Sulfuro de Media;ESP/F08/1768/R800;FASE 8;STOCK_SME;692,8079834;2;ESPERANZA
24-06-2023;CF2;C44;CAT 797 F;Lastre Oxidado;ESP/F07/2104/7100;FASE 7;BOT_2380_INT;346,4039917;1;ESPERANZA
24-06-2023;CF2;C45;CAT 797 F;Lastre Oxidado;ESP/F07/2104/7100;FASE 7;BOT_2380_INT;346,4039917;1;ESPERANZA
24-06-2023;CF2;C45;CAT 797 F;Sulfuro de Media;ESP/F08/1768/R800;FASE 8;STOCK_SME;346,4039917;1;ESPERANZA
24-06-2023;CF2;C45;CAT 797 F;Sulfuro de Media;ESP/F08/1768/R800;FASE 8;STOCK-FIERROS;346,4039917;1;ESPERANZA
24-06-2023;CF2;C46;CAT 797 F;Sulfuro de Media;ESP/F08/1768/R800;FASE 8;STOCK_SME;346,4039917;1;ESPERANZA
24-06-2023;CF2;C47;CAT 797 F;Sulfuro de Media;ESP/F08/1768/R800;FASE 8;STOCK_SME;3117,635986;9;ESPERANZA
24-06-2023;CF2;C48;CAT 797 F;Lastre Oxidado;ESP/F07/2104/7100;FASE 7;BOT_2380_INT;346,4039917;1;ESPERANZA
24-06-2023;CF2;C49;KOM 930 E;Sulfuro de Media;ESP/F08/1768/R800;FASE 8;STOCK_SME;582;2;ESPERANZA
24-06-2023;CF2;C50;KOM 930 E;Sulfuro de Media;ESP/F08/1768/R800;FASE 8;CHANCADO-SULFURO;291;1;ESPERANZA
24-06-2023;CF2;C50;KOM 930 E;Sulfuro de Media;ESP/F08/1768/R800;FASE 8;STOCK_SME;291;1;ESPERANZA
24-06-2023;CF2;C52;KOM 930 E;Sulfuro de Media;ESP/F08/1768/R800;FASE 8;STOCK_SME;1164;4;ESPERANZA
24-06-2023;CF2;C53;KOM 930 E;Sulfuro de Media;ESP/F08/1768/R800;FASE 8;STOCK_SME;582;2;ESPERANZA
24-06-2023;CF2;C54;KOM 930 E;Sulfuro de Media;ESP/F08/1768/R800;FASE 8;STOCK_SME;873;3;ESPERANZA
24-06-2023;CF2;C55;KOM 930 E;Sulfuro de Media;ESP/F08/1768/R800;FASE 8;STOCK_SME;873;3;ESPERANZA
24-06-2023;CF2;C56;KOM 930 E;Sulfuro de Media;ESP/F08/1768/R800;FASE 8;STOCK_SME;1164;4;ESPERANZA
24-06-2023;CF2;C57;KOM 930 E;Sulfuro de Media;ESP/F08/1768/R800;FASE 8;CHANCADO-SULFURO;291;1;ESPERANZA
24-06-2023;CF2;C57;KOM 930 E;Sulfuro de Media;ESP/F08/1768/R800;FASE 8;STOCK_SME;873;3;ESPERANZA
24-06-2023;CF2;C58;KOM 930 E;Sulfuro de Media;ESP/F08/1768/R800;FASE 8;STOCK_SME;1455;5;ESPERANZA
24-06-2023;CF2;C59;KOM 930 E;Sulfuro de Media;ESP/F08/1768/R800;FASE 8;STOCK_SME;291;1;ESPERANZA
24-06-2023;CF2;C60;KOM 930 E;Sulfuro de Media;ESP/F08/1768/R800;FASE 8;STOCK_SME;582;2;ESPERANZA
24-06-2023;CF203;C121;CAT 793 C;Sulfuro de Alta Ley;STOCK_SAL_DIN;ESPERANZA;CHANCADO-SULFURO;3037,451019;14;ESPERANZA
24-06-2023;CF203;C123;CAT 793 C;Sulfuro de Alta Ley;STOCK_SAL_DIN;ESPERANZA;CHANCADO-SULFURO;216,9600067;1;ESPERANZA
24-06-2023;CF203;C125;CAT 793 C;Sulfuro de Alta Ley;STOCK_SAL_DIN;ESPERANZA;CHANCADO-SULFURO;433,92099;2;ESPERANZA
24-06-2023;CF203;C128;CAT 793 C;Sulfuro de Alta Ley;STOCK_SAL_DIN;ESPERANZA;CHANCADO-SULFURO;433,92099;2;ESPERANZA
24-06-2023;CF203;C129;CAT 793 C;Sulfuro de Alta Ley;STOCK_SAL_DIN;ESPERANZA;CHANCADO-SULFURO;433,92099;2;ESPERANZA
24-06-2023;CF203;C130;CAT 793 C;Lastre Oxidado;ESP/F10/2296/1061;FASE 10;BOT_CENTRAL_SUR_INF;440;2;ESPERANZA
24-06-2023;CF203;C130;CAT 793 C;Sulfuro de Alta Ley;STOCK_SAL_DIN;ESPERANZA;CHANCADO-SULFURO;867,84198;4;ESPERANZA
24-06-2023;CF203;C151;CAT 793 F;Lastre Oxidado;ESP/F10/2296/1061;FASE 10;BOT_CENTRAL_SUR_INF;450;2;ESPERANZA
24-06-2023;CF203;C156;CAT 793 F;Lastre Oxidado;ESP/F10/2296/1061;FASE 10;BOT_CENTRAL_SUR_INF;225;1;ESPERANZA
24-06-2023;CF203;C156;CAT 793 F;Lastre Oxidado;ESP/F10/2296/1061;FASE 10;BOT-ESTE;225;1;ESPERANZA
24-06-2023;CF203;C161;CAT 793 F;Lastre Oxidado;ESP/F10/2296/1061;FASE 10;BOT-ESTE;225;1;ESPERANZA
24-06-2023;CF203;C163;CAT 793 F;Lastre Oxidado;ESP/F10/2296/1061;FASE 10;BOT_CENTRAL_SUR_INF;900;4;ESPERANZA
24-06-2023;CF203;C163;CAT 793 F;Sulfuro de Alta Ley;STOCK_SAL_DIN;ESPERANZA;CHANCADO-SULFURO;216,9600067;1;ESPERANZA
24-06-2023;CF203;C164;CAT 793 F;Lastre Oxidado;ESP/F10/2296/1061;FASE 10;BOT_CENTRAL_SUR_INF;225;1;ESPERANZA
24-06-2023;CF231;C121;CAT 793 C;Lastre Sulfurado;ESP/F10/2312/1290;FASE 10;BOT-ESTE;216,4360046;1;ESPERANZA
24-06-2023;CF231;C121;CAT 793 C;Sulfuro de Alta Ley;STOCK_SAL_DIN;ESPERANZA;CHANCADO-SULFURO;650,8809814;3;ESPERANZA
24-06-2023;CF231;C122;CAT 793 C;Lastre Sulfurado;ESP/F10/2244/103;FASE 10;BOT-ESTE;3246,550049;15;ESPERANZA
24-06-2023;CF231;C122;CAT 793 C;Sulfuro de Alta Ley;STOCK_SAL_DIN;ESPERANZA;CHANCADO-SULFURO;1301,76001;6;ESPERANZA
24-06-2023;CF231;C123;CAT 793 C;Sulfuro de Alta Ley;STOCK_SAL_DIN;ESPERANZA;CHANCADO-SULFURO;1518,719971;7;ESPERANZA
24-06-2023;CF231;C125;CAT 793 C;Lastre Sulfurado;ESP/F10/2244/103;FASE 10;BOT-ESTE;432,8729858;2;ESPERANZA
24-06-2023;CF231;C128;CAT 793 C;Lastre Sulfurado;ESP/F10/2244/103;FASE 10;BOT-ESTE;1731,48999;8;ESPERANZA
24-06-2023;CF231;C129;CAT 793 C;Lastre Sulfurado;ESP/F10/2244/103;FASE 10;BOT-ESTE;432,8729858;2;ESPERANZA
24-06-2023;CF231;C129;CAT 793 C;Lastre Sulfurado;ESP/F10/2312/1290;FASE 10;BOT-ESTE;216,4360046;1;ESPERANZA
24-06-2023;CF231;C132;CAT 793 C;Lastre Sulfurado;ESP/F10/2244/103;FASE 10;BOT-ESTE;649,309021;3;ESPERANZA
24-06-2023;CF231;C132;CAT 793 C;Lastre Sulfurado;ESP/F10/2312/1290;FASE 10;BOT-ESTE;1082,180054;5;ESPERANZA
24-06-2023;CF231;C134;CAT 793 C;Lastre Sulfurado;ESP/F10/2244/103;FASE 10;BOT-ESTE;649,309021;3;ESPERANZA
24-06-2023;CF231;C134;CAT 793 C;Lastre Sulfurado;ESP/F10/2312/1290;FASE 10;BOT-ESTE;216,4360046;1;ESPERANZA
24-06-2023;CF231;C151;CAT 793 F;Lastre Sulfurado;ESP/F10/2244/103;FASE 10;BOT-ESTE;432,8729858;2;ESPERANZA
24-06-2023;CF231;C151;CAT 793 F;Lastre Sulfurado;ESP/F10/2312/1290;FASE 10;BOT-ESTE;216,4360046;1;ESPERANZA
24-06-2023;CF231;C152;CAT 793 F;Lastre Sulfurado;ESP/F10/2312/1290;FASE 10;BOT-ESTE;216,4360046;1;ESPERANZA
24-06-2023;CF231;C155;CAT 793 F;Lastre Sulfurado;ESP/F10/2244/103;FASE 10;BOT-ESTE;1082,181976;5;ESPERANZA
24-06-2023;CF231;C156;CAT 793 F;Lastre Sulfurado;ESP/F10/2244/103;FASE 10;BOT_CENTRAL_SUR_INF;216,4360046;1;ESPERANZA
24-06-2023;CF231;C156;CAT 793 F;Lastre Sulfurado;ESP/F10/2244/103;FASE 10;BOT-ESTE;865,7459717;4;ESPERANZA
24-06-2023;CF231;C159;CAT 793 F;Lastre Sulfurado;ESP/F10/2244/103;FASE 10;BOT-ESTE;649,309021;3;ESPERANZA
24-06-2023;CF231;C160;CAT 793 F;Lastre Sulfurado;ESP/F10/2244/103;FASE 10;BOT-ESTE;216,4360046;1;ESPERANZA
24-06-2023;CF231;C160;CAT 793 F;Lastre Sulfurado;ESP/F10/2312/1290;FASE 10;BOT-ESTE;216,4360046;1;ESPERANZA
24-06-2023;CF231;C161;CAT 793 F;Lastre Sulfurado;ESP/F10/2244/103;FASE 10;BOT-ESTE;1298,618958;6;ESPERANZA
24-06-2023;CF232;C121;CAT 793 C;Marginal;STM-02;OXIDO;CHANCADO-OXIDO;649,309021;3;TESORO
24-06-2023;CF232;C130;CAT 793 C;Marginal;STM-02;OXIDO;CHANCADO-OXIDO;3895,851898;18;TESORO
24-06-2023;CF232;C132;CAT 793 C;Marginal;STM-02;OXIDO;CHANCADO-OXIDO;5410,908051;25;TESORO
24-06-2023;CF232;C135;CAT 793 C;Marginal;STM-02;OXIDO;CHANCADO-OXIDO;3895,856079;18;TESORO
24-06-2023;CF232;C135;CAT 793 C;Marginal;STM-02;OXIDO;STM-02;216,4360046;1;TESORO
24-06-2023;CF232;C153;CAT 793 F;Marginal;STM-02;OXIDO;CHANCADO-OXIDO;432,8729858;2;TESORO
24-06-2023;CF232;C154;CAT 793 F;Marginal;STM-02;OXIDO;CHANCADO-OXIDO;7142,403107;33;TESORO
24-06-2023;CF232;C154;CAT 793 F;Marginal;STM-02;OXIDO;STM-02;649,3089905;3;TESORO
24-06-2023;CF232;C154;CAT 793 F;Marginal;STM-02;OXIDO;ST-SB-02-01;649,3089905;3;TESORO
24-06-2023;CF232;C159;CAT 793 F;Marginal;STM-02;OXIDO;CHANCADO-OXIDO;3462,982056;16;TESORO
24-06-2023;CF233;C121;CAT 793 C;Lastre Oxidado;ESP/F10/2328/130;FASE 10;BOT_CENTRAL_SUR_INF;865,7459717;4;ESPERANZA
24-06-2023;CF233;C121;CAT 793 C;Lastre Oxidado;ESP/F10/2328/130;FASE 10;BOT-ESTE;2380,800049;11;ESPERANZA
24-06-2023;CF233;C122;CAT 793 C;Lastre Oxidado;ESP/F10/2328/130;FASE 10;BOT_CENTRAL_SUR_INF;216,4360046;1;ESPERANZA
24-06-2023;CF233;C123;CAT 793 C;Lastre Oxidado;ESP/F10/2328/130;FASE 10;BOT-ESTE;4328,72998;20;ESPERANZA
24-06-2023;CF233;C125;CAT 793 C;Lastre Oxidado;ESP/F10/2328/130;FASE 10;BOT-ESTE;865,7459717;4;ESPERANZA
24-06-2023;CF233;C128;CAT 793 C;Lastre Oxidado;ESP/F10/2296/1051;FASE 10;BOT_CENTRAL_SUR_INF;649,309021;3;ESPERANZA
24-06-2023;CF233;C128;CAT 793 C;Lastre Oxidado;ESP/F10/2328/130;FASE 10;BOT_CENTRAL_SUR_INF;216,4360046;1;ESPERANZA
24-06-2023;CF233;C128;CAT 793 C;Lastre Oxidado;ESP/F10/2328/130;FASE 10;BOT-ESTE;2164,360107;10;ESPERANZA
24-06-2023;CF233;C129;CAT 793 C;Lastre Oxidado;ESP/F10/2296/1051;FASE 10;BOT_CENTRAL_SUR_INF;432,8729858;2;ESPERANZA
24-06-2023;CF233;C129;CAT 793 C;Lastre Oxidado;ESP/F10/2328/130;FASE 10;BOT_CENTRAL_SUR_INF;216,4360046;1;ESPERANZA
24-06-2023;CF233;C129;CAT 793 C;Lastre Sulfurado;ESP/F10/2312/1290;FASE 10;BOT_CENTRAL_SUR_INF;216,4360046;1;ESPERANZA
24-06-2023;CF233;C130;CAT 793 C;Lastre Oxidado;ESP/F10/2328/130;FASE 10;BOT-ESTE;216,4360046;1;ESPERANZA
24-06-2023;CF233;C132;CAT 793 C;Lastre Oxidado;ESP/F10/2296/1051;FASE 10;BOT_CENTRAL_SUR_INF;865,7459717;4;ESPERANZA
24-06-2023;CF233;C132;CAT 793 C;Lastre Oxidado;ESP/F10/2328/130;FASE 10;BOT_CENTRAL_SUR_INF;432,8729858;2;ESPERANZA
24-06-2023;CF233;C132;CAT 793 C;Lastre Oxidado;ESP/F10/2328/130;FASE 10;BOT_PLATAFORMA;216,4360046;1;ESPERANZA
24-06-2023;CF233;C132;CAT 793 C;Lastre Oxidado;ESP/F10/2328/130;FASE 10;BOT-ESTE;432,8729858;2;ESPERANZA
24-06-2023;CF233;C134;CAT 793 C;Lastre Oxidado;ESP/F10/2296/1051;FASE 10;BOT_CENTRAL_SUR_INF;1082,180054;5;ESPERANZA
24-06-2023;CF233;C134;CAT 793 C;Lastre Oxidado;ESP/F10/2328/130;FASE 10;BOT_CENTRAL_SUR_INF;649,309021;3;ESPERANZA
24-06-2023;CF233;C134;CAT 793 C;Lastre Oxidado;ESP/F10/2328/130;FASE 10;BOT-ESTE;649,309021;3;ESPERANZA
24-06-2023;CF233;C135;CAT 793 C;Lastre Oxidado;ESP/F10/2328/130;FASE 10;BOT-ESTE;216,4360046;1;ESPERANZA
24-06-2023;CF233;C151;CAT 793 F;Lastre Oxidado;ESP/F10/2296/1051;FASE 10;BOT_CENTRAL_SUR_INF;649,309021;3;ESPERANZA
24-06-2023;CF233;C151;CAT 793 F;Lastre Oxidado;ESP/F10/2328/130;FASE 10;BOT-ESTE;432,8720093;2;ESPERANZA
24-06-2023;CF233;C152;CAT 793 F;Lastre Oxidado;ESP/F10/2296/1051;FASE 10;BOT_CENTRAL_SUR_INF;216,4360046;1;ESPERANZA
24-06-2023;CF233;C152;CAT 793 F;Lastre Sulfurado;ESP/F10/2312/1290;FASE 10;BOT_CENTRAL_SUR_INF;216,4360046;1;ESPERANZA
24-06-2023;CF233;C156;CAT 793 F;Lastre Oxidado;ESP/F10/2328/130;FASE 10;BOT_CENTRAL_SUR_INF;216,4360046;1;ESPERANZA
24-06-2023;CF233;C159;CAT 793 F;Lastre Oxidado;ESP/F10/2328/130;FASE 10;BOT_CENTRAL_SUR_INF;649,309021;3;ESPERANZA
24-06-2023;CF233;C160;CAT 793 F;Lastre Sulfurado;ESP/F10/2312/1290;FASE 10;BOT_CENTRAL_SUR_INF;216,4360046;1;ESPERANZA
24-06-2023;CF233;C161;CAT 793 F;Lastre Oxidado;ESP/F10/2328/130;FASE 10;BOT-ESTE;216,4360046;1;ESPERANZA
24-06-2023;CF233;C162;CAT 793 F;Lastre Oxidado;ESP/F10/2328/130;FASE 10;BOT-ESTE;1731,496063;8;ESPERANZA
24-06-2023;CF233;C163;CAT 793 F;Lastre Oxidado;ESP/F10/2328/130;FASE 10;BOT-ESTE;1082,181976;5;ESPERANZA
24-06-2023;CF233;C164;CAT 793 F;Lastre Oxidado;ESP/F10/2296/1051;FASE 10;BOT_CENTRAL_SUR_INF;865,7459717;4;ESPERANZA
24-06-2023;CF234;C121;CAT 793 C;Lastre Oxidado;ESP/F10/2296/1051;FASE 10;BOT_MIJO;432,8720093;2;ESPERANZA
24-06-2023;CF234;C122;CAT 793 C;Lastre Oxidado;ESP/F10/2296/1051;FASE 10;BOT_CENTRAL_SUR_INF;2380,800049;11;ESPERANZA
24-06-2023;CF234;C122;CAT 793 C;Lastre Oxidado;ESP/F10/2296/1051;FASE 10;BOT_MIJO;1082,181976;5;ESPERANZA
24-06-2023;CF234;C122;CAT 793 C;Lastre Sulfurado;DERRAMES_F07;FASE 7;BOT_CENTRAL_SUR_INF;649,309021;3;ESPERANZA
24-06-2023;CF234;C123;CAT 793 C;Lastre Sulfurado;DERRAMES_F07;FASE 7;BOT_CENTRAL_SUR_INF;865,7459717;4;ESPERANZA
24-06-2023;CF234;C129;CAT 793 C;Lastre Oxidado;ESP/F10/2296/1051;FASE 10;BOT_CENTRAL_SUR_INF;216,4360046;1;ESPERANZA
24-06-2023;CF234;C129;CAT 793 C;Lastre Oxidado;ESP/F10/2296/1051;FASE 10;BOT_MIJO;216,4360046;1;ESPERANZA
24-06-2023;CF234;C129;CAT 793 C;Lastre Sulfurado;DERRAMES_F07;FASE 7;BOT_CENTRAL_SUR_INF;216,4360046;1;ESPERANZA
24-06-2023;CF234;C130;CAT 793 C;Lastre Oxidado;ESP/F10/2296/1051;FASE 10;BOT_CENTRAL_SUR_INF;432,8720093;2;ESPERANZA
24-06-2023;CF234;C131;CAT 793 C;Lastre Sulfurado;DERRAMES_F07;FASE 7;BOT_CENTRAL_SUR_INF;649,309021;3;ESPERANZA
24-06-2023;CF234;C134;CAT 793 C;Lastre Oxidado;ESP/F10/2296/1051;FASE 10;BOT_CENTRAL_SUR_INF;649,309021;3;ESPERANZA
24-06-2023;CF234;C134;CAT 793 C;Lastre Oxidado;ESP/F10/2296/1051;FASE 10;BOT_MIJO;216,4360046;1;ESPERANZA
24-06-2023;CF234;C135;CAT 793 C;Lastre Oxidado;ESP/F10/2296/1051;FASE 10;BOT_CENTRAL_SUR_INF;216,4360046;1;ESPERANZA
24-06-2023;CF234;C151;CAT 793 F;Lastre Oxidado;ESP/F10/2296/1051;FASE 10;BOT_CENTRAL_SUR_INF;1947,933044;9;ESPERANZA
24-06-2023;CF234;C151;CAT 793 F;Lastre Sulfurado;DERRAMES_F07;FASE 7;BOT_CENTRAL_SUR_INF;216,4360046;1;ESPERANZA
24-06-2023;CF234;C152;CAT 793 F;Lastre Sulfurado;DERRAMES_F07;FASE 7;BOT_CENTRAL_SUR_INF;216,4360046;1;ESPERANZA
24-06-2023;CF234;C155;CAT 793 F;Lastre Sulfurado;DERRAMES_F07;FASE 7;BOT_CENTRAL_SUR_INF;216,4360046;1;ESPERANZA
24-06-2023;CF234;C160;CAT 793 F;Lastre Oxidado;ESP/F10/2296/1051;FASE 10;BOT_MIJO;216,4360046;1;ESPERANZA
24-06-2023;CF234;C160;CAT 793 F;Lastre Sulfurado;DERRAMES_F07;FASE 7;BOT_CENTRAL_SUR_INF;216,4360046;1;ESPERANZA
24-06-2023;CF234;C161;CAT 793 F;Lastre Oxidado;ESP/F10/2296/1051;FASE 10;BOT_CENTRAL_SUR_INF;649,3080139;3;ESPERANZA
24-06-2023;CF234;C162;CAT 793 F;Lastre Oxidado;ESP/F10/2296/1051;FASE 10;BOT_CENTRAL_SUR_INF;432,8729858;2;ESPERANZA
24-06-2023;CF234;C163;CAT 793 F;Lastre Oxidado;ESP/F10/2296/1051;FASE 10;BOT_CENTRAL_SUR_INF;432,8729858;2;ESPERANZA
24-06-2023;CF234;C163;CAT 793 F;Lastre Oxidado;ESP/F10/2296/1051;FASE 10;BOT_MIJO;216,4360046;1;ESPERANZA
24-06-2023;CF234;C164;CAT 793 F;Lastre Oxidado;ESP/F10/2296/1051;FASE 10;BOT_CENTRAL_SUR_INF;865,7459717;4;ESPERANZA
24-06-2023;CF234;C164;CAT 793 F;Lastre Oxidado;ESP/F10/2296/1051;FASE 10;BOT_MIJO;649,3089905;3;ESPERANZA
24-06-2023;CF4;C980AHSESPS;Kom 980 AHS;Lastre Oxidado;ESS/F03/2216/3170;F03 ESPSUR;BOTADERO_2021;5040;14;ESPERANZA_SUR
24-06-2023;CF4;C980AHSESPS;Kom 980 AHS;Lastre Oxidado;ESS/F03/2216/3231;F03 ESPSUR;BOTADERO_2021;35640;99;ESPERANZA_SUR
24-06-2023;PA1;C08;CAT 797 B;Lastre Oxidado;ESP/F07/2104/707;FASE 7;BOT_CENTRAL_SUR_INF;1039,209961;3;ESPERANZA
24-06-2023;PA1;C10;CAT 797 B;Lastre Oxidado;ESP/F07/2104/707;FASE 7;BOT_CENTRAL_SUR_INF;346,4039917;1;ESPERANZA
24-06-2023;PA1;C11;CAT 797 B;Lastre Oxidado;ESP/F07/2104/707;FASE 7;BOT_CENTRAL_SUR_INF;692,8079834;2;ESPERANZA
24-06-2023;PA1;C122;CAT 793 C;Lastre Oxidado;ESP/F07/2104/707;FASE 7;BOT_CENTRAL_SUR_INF;216,4360046;1;ESPERANZA
24-06-2023;PA1;C123;CAT 793 C;Lastre Oxidado;ESP/F07/2104/707;FASE 7;BOT_CENTRAL_SUR_INF;432,8720093;2;ESPERANZA
24-06-2023;PA1;C128;CAT 793 C;Lastre Oxidado;ESP/F07/2104/707;FASE 7;BOT_CENTRAL_SUR_INF;649,3089905;3;ESPERANZA
24-06-2023;PA1;C128;CAT 793 C;Lastre Oxidado;ESP/F07/2104/707;FASE 7;BOT_MIJO;216,4360046;1;ESPERANZA
24-06-2023;PA1;C129;CAT 793 C;Lastre Oxidado;ESP/F07/2104/707;FASE 7;BOT_CENTRAL_SUR_INF;1298,619995;6;ESPERANZA
24-06-2023;PA1;C131;CAT 793 C;Lastre Oxidado;ESP/F07/2104/707;FASE 7;BOT_CENTRAL_SUR_INF;1298,618011;6;ESPERANZA
24-06-2023;PA1;C134;CAT 793 C;Lastre Oxidado;ESP/F07/2104/707;FASE 7;BOT_CENTRAL_SUR_INF;432,8729858;2;ESPERANZA
24-06-2023;PA1;C135;CAT 793 C;Lastre Oxidado;ESP/F07/2104/707;FASE 7;BOT_CENTRAL_SUR_INF;1298,618958;6;ESPERANZA
24-06-2023;PA1;C15;CAT 797 B;Lastre Oxidado;ESP/F07/2104/707;FASE 7;BOT_CENTRAL_SUR_INF;346,4039917;1;ESPERANZA
24-06-2023;PA1;C156;CAT 793 F;Lastre Oxidado;ESP/F07/2104/707;FASE 7;BOT_CENTRAL_SUR_INF;432,8729858;2;ESPERANZA
24-06-2023;PA1;C161;CAT 793 F;Lastre Oxidado;ESP/F07/2104/707;FASE 7;BOT_CENTRAL_SUR_INF;649,3080139;3;ESPERANZA
24-06-2023;PA1;C162;CAT 793 F;Lastre Oxidado;ESP/F07/2104/707;FASE 7;BOT_CENTRAL_SUR_INF;865,7450256;4;ESPERANZA
24-06-2023;PA1;C163;CAT 793 F;Lastre Oxidado;ESP/F07/2104/707;FASE 7;BOT_CENTRAL_SUR_INF;432,8729858;2;ESPERANZA
24-06-2023;PA1;C164;CAT 793 F;Lastre Oxidado;ESP/F07/2104/707;FASE 7;BOT_CENTRAL_SUR_INF;865,7459717;4;ESPERANZA
24-06-2023;PA1;C18;CAT 797 F;Lastre Oxidado;ESP/F07/2104/707;FASE 7;BOT_CENTRAL_SUR_INF;346,4039917;1;ESPERANZA
24-06-2023;PA1;C19;CAT 797 F;Lastre Oxidado;ESP/F07/2104/707;FASE 7;BOT_CENTRAL_SUR_INF;4156,848022;12;ESPERANZA
24-06-2023;PA1;C20;CAT 797 F;Lastre Oxidado;ESP/F07/2104/707;FASE 7;BOT_CENTRAL_SUR_INF;346,4039917;1;ESPERANZA
24-06-2023;PA1;C21;CAT 797 F;Lastre Oxidado;ESP/F07/2104/707;FASE 7;BOT_CENTRAL_SUR_INF;692,8079834;2;ESPERANZA
24-06-2023;PA1;C22;CAT 797 F;Lastre Oxidado;ESP/F07/2104/707;FASE 7;BOT_CENTRAL_SUR_INF;1732,02002;5;ESPERANZA
24-06-2023;PA1;C23;CAT 797 F;Lastre Oxidado;ESP/F07/2104/707;FASE 7;BOT_2380_INT;346,4039917;1;ESPERANZA
24-06-2023;PA1;C23;CAT 797 F;Lastre Oxidado;ESP/F07/2104/707;FASE 7;BOT_CENTRAL_SUR_INF;346,4039917;1;ESPERANZA
24-06-2023;PA1;C24;CAT 797 F;Lastre Oxidado;ESP/F07/2104/707;FASE 7;BOT_CENTRAL_SUR_INF;2078,421936;6;ESPERANZA
24-06-2023;PA1;C32;CAT 797 F;Lastre Oxidado;ESP/F07/2104/707;FASE 7;BOT_CENTRAL_SUR_INF;1039,209961;3;ESPERANZA
24-06-2023;PA1;C36;CAT 797 F;Lastre Oxidado;ESP/F07/2104/707;FASE 7;BOT_CENTRAL_SUR_INF;692,8079834;2;ESPERANZA
24-06-2023;PA1;C38;CAT 797 F;Lastre Oxidado;ESP/F07/2104/707;FASE 7;BOT_CENTRAL_SUR_INF;346,4039917;1;ESPERANZA
24-06-2023;PA1;C39;CAT 797 F;Lastre Oxidado;ESP/F07/2104/707;FASE 7;BOT_2380_INT;346,4039917;1;ESPERANZA
24-06-2023;PA1;C39;CAT 797 F;Lastre Oxidado;ESP/F07/2104/707;FASE 7;BOT_CENTRAL_SUR_INF;1732,02002;5;ESPERANZA
24-06-2023;PA1;C40;CAT 797 F;Lastre Oxidado;ESP/F07/2104/707;FASE 7;BOT_CENTRAL_SUR_INF;1039,211975;3;ESPERANZA
24-06-2023;PA1;C41;CAT 797 F;Lastre Oxidado;ESP/F07/2104/707;FASE 7;BOT_2380_INT;346,4039917;1;ESPERANZA
24-06-2023;PA1;C41;CAT 797 F;Lastre Oxidado;ESP/F07/2104/707;FASE 7;BOT_CENTRAL_SUR_INF;692,8079834;2;ESPERANZA
24-06-2023;PA1;C43;CAT 797 F;Lastre Oxidado;ESP/F07/2104/707;FASE 7;BOT_CENTRAL_SUR_INF;2078,419922;6;ESPERANZA
24-06-2023;PA1;C44;CAT 797 F;Lastre Oxidado;ESP/F07/2104/707;FASE 7;BOT_CENTRAL_SUR_INF;1385,619995;4;ESPERANZA
24-06-2023;PA1;C45;CAT 797 F;Lastre Oxidado;ESP/F07/2104/707;FASE 7;BOT_CENTRAL_SUR_INF;1039,211975;3;ESPERANZA
24-06-2023;PA1;C46;CAT 797 F;Lastre Oxidado;ESP/F07/2104/707;FASE 7;BOT_CENTRAL_SUR_INF;692,8079834;2;ESPERANZA
24-06-2023;PA1;C47;CAT 797 F;Lastre Oxidado;ESP/F07/2104/707;FASE 7;BOT_CENTRAL_SUR_INF;692,8079834;2;ESPERANZA
24-06-2023;PA1;C48;CAT 797 F;Lastre Oxidado;ESP/F07/2104/707;FASE 7;BOT_CENTRAL_SUR_INF;692,8079834;2;ESPERANZA
24-06-2023;PA1;C49;KOM 930 E;Lastre Oxidado;ESP/F07/2104/707;FASE 7;BOT_CENTRAL_SUR_INF;582;2;ESPERANZA
24-06-2023;PA1;C52;KOM 930 E;Lastre Oxidado;ESP/F07/2104/707;FASE 7;BOT_CENTRAL_SUR_INF;2037;7;ESPERANZA
24-06-2023;PA1;C58;KOM 930 E;Lastre Oxidado;ESP/F07/2104/707;FASE 7;BOT_CENTRAL_SUR_INF;291;1;ESPERANZA
24-06-2023;PA1;C59;KOM 930 E;Lastre Oxidado;ESP/F07/2104/707;FASE 7;BOT_CENTRAL_SUR_INF;1746;6;ESPERANZA
24-06-2023;PA1;C61;KOM 930 E;Lastre Oxidado;ESP/F07/2104/707;FASE 7;BOT_CENTRAL_SUR_INF;2619;9;ESPERANZA
24-06-2023;PA10;C980AHSESPS;Kom 980 AHS;Lastre Oxidado;ESS/F03/2200/3040;F03 ESPSUR;BOTADERO_2021;21240;59;ESPERANZA_SUR
24-06-2023;PA10;C980AHSESPS;Kom 980 AHS;Lastre Oxidado;ESS/F03/2200/310;F03 ESPSUR;BOTADERO_2021;5760;16;ESPERANZA_SUR
24-06-2023;PA10;C980AHSESPS;Kom 980 AHS;Lastre Sulfurado;ESS/F02/2120/R200;F02 ESPSUR;BOTADERO_2021;10080;28;ESPERANZA_SUR
24-06-2023;PA10;C980AHSESPS;Kom 980 AHS;Sulfuro de Media;ESS/F02/2120/2130;F02 ESPSUR;STOCK_SME_ESS;5400;15;ESPERANZA_SUR
24-06-2023;PA11;C20115ESPS;KOM 980 ESPS;Sulfuro de Media;ESS/F02/2104/205;F02 ESPSUR;CHANCADO-SULFURO;18360;51;ESPERANZA_SUR
24-06-2023;PA11;C20115ESPS;KOM 980 ESPS;Sulfuro de Media;ESS/F02/2104/208;F02 ESPSUR;CHANCADO-SULFURO;27720;77;ESPERANZA_SUR
24-06-2023;PA11;C980AHSESPS;Kom 980 AHS;Sulfuro de Media;ESS/F02/2104/205;F02 ESPSUR;STOCK_SME_ESS;8280;23;ESPERANZA_SUR
24-06-2023;PA11;C980AHSESPS;Kom 980 AHS;Sulfuro de Media;ESS/F02/2104/208;F02 ESPSUR;STOCK_SME_ESS;12600;35;ESPERANZA_SUR
24-06-2023;PA2;C07;CAT 797 B;Sulfuro de Alta Ley;ESP/F08/1768/8060;FASE 8;CHANCADO-SULFURO;1385,619995;4;ESPERANZA
24-06-2023;PA2;C07;CAT 797 B;Sulfuro de Alta Ley;ESP/F08/1768/8060;FASE 8;STOCK_SAL_DIN;692,8079834;2;ESPERANZA
24-06-2023;PA2;C08;CAT 797 B;Sulfuro de Alta Ley;ESP/F08/1768/8060;FASE 8;CHANCADO-SULFURO;3117,639954;9;ESPERANZA
24-06-2023;PA2;C08;CAT 797 B;Sulfuro de Alta Ley;ESP/F08/1768/8060;FASE 8;STOCK_SAL_DIN;346,4039917;1;ESPERANZA
24-06-2023;PA2;C09;CAT 797 B;Sulfuro de Alta Ley;ESP/F08/1768/8060;FASE 8;CHANCADO-SULFURO;1385,615967;4;ESPERANZA
24-06-2023;PA2;C09;CAT 797 B;Sulfuro de Alta Ley;ESP/F08/1768/8060;FASE 8;STOCK_SAL_DIN;1039,211975;3;ESPERANZA
24-06-2023;PA2;C10;CAT 797 B;Sulfuro de Alta Ley;ESP/F08/1768/8060;FASE 8;CHANCADO-SULFURO;692,8079834;2;ESPERANZA
24-06-2023;PA2;C11;CAT 797 B;Sulfuro de Alta Ley;ESP/F08/1768/8060;FASE 8;CHANCADO-SULFURO;1732,023987;5;ESPERANZA
24-06-2023;PA2;C12;CAT 797 B;Sulfuro de Alta Ley;ESP/F08/1768/8060;FASE 8;CHANCADO-SULFURO;692,8079834;2;ESPERANZA
24-06-2023;PA2;C12;CAT 797 B;Sulfuro de Alta Ley;ESP/F08/1768/8060;FASE 8;STOCK_SAL_DIN;346,4039917;1;ESPERANZA
24-06-2023;PA2;C13;CAT 797 B;Sulfuro de Alta Ley;ESP/F08/1768/8060;FASE 8;CHANCADO-SULFURO;692,8079834;2;ESPERANZA
24-06-2023;PA2;C130;CAT 793 C;Sulfuro de Alta Ley;ESP/F08/1768/8060;FASE 8;CHANCADO-SULFURO;432,8729858;2;ESPERANZA
24-06-2023;PA2;C131;CAT 793 C;Sulfuro de Alta Ley;ESP/F08/1768/8060;FASE 8;CHANCADO-SULFURO;216,4360046;1;ESPERANZA
24-06-2023;PA2;C15;CAT 797 B;Sulfuro de Alta Ley;ESP/F08/1768/8060;FASE 8;CHANCADO-SULFURO;692,8079834;2;ESPERANZA
24-06-2023;PA2;C151;CAT 793 F;Sulfuro de Alta Ley;ESP/F08/1768/8060;FASE 8;CHANCADO-SULFURO;865,7449951;4;ESPERANZA
24-06-2023;PA2;C151;CAT 793 F;Sulfuro de Alta Ley;ESP/F08/1768/8060;FASE 8;STOCK_SAL_DIN;432,8720093;2;ESPERANZA
24-06-2023;PA2;C153;CAT 793 F;Sulfuro de Alta Ley;ESP/F08/1768/8060;FASE 8;CHANCADO-SULFURO;216,4360046;1;ESPERANZA
24-06-2023;PA2;C155;CAT 793 F;Sulfuro de Alta Ley;ESP/F08/1768/8060;FASE 8;CHANCADO-SULFURO;216,4360046;1;ESPERANZA
24-06-2023;PA2;C156;CAT 793 F;Sulfuro de Alta Ley;ESP/F08/1768/8060;FASE 8;CHANCADO-SULFURO;2164,369049;10;ESPERANZA
24-06-2023;PA2;C156;CAT 793 F;Sulfuro de Alta Ley;ESP/F08/1768/8060;FASE 8;STOCK_SAL_DIN;649,3080139;3;ESPERANZA
24-06-2023;PA2;C159;CAT 793 F;Sulfuro de Alta Ley;ESP/F08/1768/8060;FASE 8;CHANCADO-SULFURO;649,309021;3;ESPERANZA
24-06-2023;PA2;C159;CAT 793 F;Sulfuro de Alta Ley;ESP/F08/1768/8060;FASE 8;STOCK_SPL_DIN;216,4360046;1;ESPERANZA
24-06-2023;PA2;C16;CAT 797 B;Sulfuro de Alta Ley;ESP/F08/1768/8060;FASE 8;CHANCADO-SULFURO;346,4039917;1;ESPERANZA
24-06-2023;PA2;C160;CAT 793 F;Sulfuro de Alta Ley;ESP/F08/1768/8060;FASE 8;CHANCADO-SULFURO;649,3089905;3;ESPERANZA
24-06-2023;PA2;C160;CAT 793 F;Sulfuro de Alta Ley;ESP/F08/1768/8060;FASE 8;STOCK_SAL_DIN;432,8720093;2;ESPERANZA
24-06-2023;PA2;C161;CAT 793 F;Sulfuro de Alta Ley;ESP/F08/1768/8060;FASE 8;STOCK_SAL_DIN;216,4360046;1;ESPERANZA
24-06-2023;PA2;C162;CAT 793 F;Sulfuro de Alta Ley;ESP/F08/1768/8060;FASE 8;CHANCADO-SULFURO;216,4360046;1;ESPERANZA
24-06-2023;PA2;C163;CAT 793 F;Sulfuro de Alta Ley;ESP/F08/1768/8060;FASE 8;CHANCADO-SULFURO;1082,181976;5;ESPERANZA
24-06-2023;PA2;C163;CAT 793 F;Sulfuro de Alta Ley;ESP/F08/1768/8060;FASE 8;STOCK_SAL_DIN;216,4360046;1;ESPERANZA
24-06-2023;PA2;C164;CAT 793 F;Sulfuro de Alta Ley;ESP/F08/1768/8060;FASE 8;CHANCADO-SULFURO;649,309021;3;ESPERANZA
24-06-2023;PA2;C164;CAT 793 F;Sulfuro de Alta Ley;ESP/F08/1768/8060;FASE 8;STOCK_SAL_DIN;216,4360046;1;ESPERANZA
24-06-2023;PA2;C17;CAT 797 F;Sulfuro de Alta Ley;ESP/F08/1768/8060;FASE 8;CHANCADO-SULFURO;1039,211975;3;ESPERANZA
24-06-2023;PA2;C17;CAT 797 F;Sulfuro de Alta Ley;ESP/F08/1768/8060;FASE 8;STOCK_SAL_DIN;346,4039917;1;ESPERANZA
24-06-2023;PA2;C18;CAT 797 F;Sulfuro de Alta Ley;ESP/F08/1768/8060;FASE 8;CHANCADO-SULFURO;346,4039917;1;ESPERANZA
24-06-2023;PA2;C18;CAT 797 F;Sulfuro de Alta Ley;ESP/F08/1768/8060;FASE 8;STOCK_SAL_DIN;346,4039917;1;ESPERANZA
24-06-2023;PA2;C19;CAT 797 F;Sulfuro de Alta Ley;ESP/F08/1768/8060;FASE 8;CHANCADO-SULFURO;692,8079834;2;ESPERANZA
24-06-2023;PA2;C20;CAT 797 F;Sulfuro de Alta Ley;ESP/F08/1768/8060;FASE 8;CHANCADO-SULFURO;1732,02002;5;ESPERANZA
24-06-2023;PA2;C20;CAT 797 F;Sulfuro de Alta Ley;ESP/F08/1768/8060;FASE 8;STOCK_SAL_DIN;346,4039917;1;ESPERANZA
24-06-2023;PA2;C21;CAT 797 F;Sulfuro de Alta Ley;ESP/F08/1768/8060;FASE 8;CHANCADO-SULFURO;3117,638062;9;ESPERANZA
24-06-2023;PA2;C21;CAT 797 F;Sulfuro de Alta Ley;ESP/F08/1768/8060;FASE 8;STOCK_SAL_DIN;692,8079834;2;ESPERANZA
24-06-2023;PA2;C22;CAT 797 F;Sulfuro de Alta Ley;ESP/F08/1768/8060;FASE 8;STOCK_SAL_DIN;346,4039917;1;ESPERANZA
24-06-2023;PA2;C23;CAT 797 F;Sulfuro de Alta Ley;ESP/F08/1768/8060;FASE 8;CHANCADO-SULFURO;692,8079834;2;ESPERANZA
24-06-2023;PA2;C23;CAT 797 F;Sulfuro de Alta Ley;ESP/F08/1768/8060;FASE 8;STOCK_SAL_DIN;346,4039917;1;ESPERANZA
24-06-2023;PA2;C24;CAT 797 F;Sulfuro de Alta Ley;ESP/F08/1768/8060;FASE 8;CHANCADO-SULFURO;346,4039917;1;ESPERANZA
24-06-2023;PA2;C24;CAT 797 F;Sulfuro de Alta Ley;ESP/F08/1768/8060;FASE 8;STOCK_SAL_DIN;346,4039917;1;ESPERANZA
24-06-2023;PA2;C25;CAT 797 F;Sulfuro de Alta Ley;ESP/F08/1768/8060;FASE 8;CHANCADO-SULFURO;346,4039917;1;ESPERANZA
24-06-2023;PA2;C32;CAT 797 F;Sulfuro de Alta Ley;ESP/F08/1768/8060;FASE 8;CHANCADO-SULFURO;1732,023987;5;ESPERANZA
24-06-2023;PA2;C36;CAT 797 F;Sulfuro de Alta Ley;ESP/F08/1768/8060;FASE 8;CHANCADO-SULFURO;692,8079834;2;ESPERANZA
24-06-2023;PA2;C37;CAT 797 F;Sulfuro de Alta Ley;ESP/F08/1768/8060;FASE 8;CHANCADO-SULFURO;1385,613953;4;ESPERANZA
24-06-2023;PA2;C38;CAT 797 F;Sulfuro de Alta Ley;ESP/F08/1768/8060;FASE 8;CHANCADO-SULFURO;1039,209961;3;ESPERANZA
24-06-2023;PA2;C39;CAT 797 F;Sulfuro de Alta Ley;ESP/F08/1768/8060;FASE 8;CHANCADO-SULFURO;346,4039917;1;ESPERANZA
24-06-2023;PA2;C41;CAT 797 F;Sulfuro de Alta Ley;ESP/F08/1768/8060;FASE 8;CHANCADO-SULFURO;1732,023987;5;ESPERANZA
24-06-2023;PA2;C42;CAT 797 F;Sulfuro de Alta Ley;ESP/F08/1768/8060;FASE 8;CHANCADO-SULFURO;692,8079834;2;ESPERANZA
24-06-2023;PA2;C42;CAT 797 F;Sulfuro de Alta Ley;ESP/F08/1768/8060;FASE 8;STOCK_SAL_DIN;346,4039917;1;ESPERANZA
24-06-2023;PA2;C43;CAT 797 F;Sulfuro de Alta Ley;ESP/F08/1768/8060;FASE 8;CHANCADO-SULFURO;692,8079834;2;ESPERANZA
24-06-2023;PA2;C45;CAT 797 F;Sulfuro de Alta Ley;ESP/F08/1768/8060;FASE 8;CHANCADO-SULFURO;1385,615967;4;ESPERANZA
24-06-2023;PA2;C45;CAT 797 F;Sulfuro de Alta Ley;ESP/F08/1768/8060;FASE 8;STOCK_SAL_DIN;346,4039917;1;ESPERANZA
24-06-2023;PA2;C46;CAT 797 F;Sulfuro de Alta Ley;ESP/F08/1768/8060;FASE 8;CHANCADO-SULFURO;1039,209961;3;ESPERANZA
24-06-2023;PA2;C47;CAT 797 F;Sulfuro de Alta Ley;ESP/F08/1768/8060;FASE 8;CHANCADO-SULFURO;1732,017944;5;ESPERANZA
24-06-2023;PA2;C48;CAT 797 F;Sulfuro de Alta Ley;ESP/F08/1768/8060;FASE 8;CHANCADO-SULFURO;346,4039917;1;ESPERANZA
24-06-2023;PA2;C49;KOM 930 E;Sulfuro de Alta Ley;ESP/F08/1768/8060;FASE 8;CHANCADO-SULFURO;3201;11;ESPERANZA
24-06-2023;PA2;C50;KOM 930 E;Sulfuro de Alta Ley;ESP/F08/1768/8060;FASE 8;CHANCADO-SULFURO;2328;8;ESPERANZA
24-06-2023;PA2;C50;KOM 930 E;Sulfuro de Alta Ley;ESP/F08/1768/8060;FASE 8;STOCK_SAL_DIN;582;2;ESPERANZA
24-06-2023;PA2;C51;KOM 930 E;Sulfuro de Alta Ley;ESP/F08/1768/8060;FASE 8;CHANCADO-SULFURO;291;1;ESPERANZA
24-06-2023;PA2;C52;KOM 930 E;Sulfuro de Alta Ley;ESP/F08/1768/8060;FASE 8;CHANCADO-SULFURO;2619;9;ESPERANZA
24-06-2023;PA2;C52;KOM 930 E;Sulfuro de Alta Ley;ESP/F08/1768/8060;FASE 8;STOCK_SAL_DIN;291;1;ESPERANZA
24-06-2023;PA2;C52;KOM 930 E;Sulfuro de Alta Ley;ESP/F08/1768/8060;FASE 8;STOCK_SPL_DIN;291;1;ESPERANZA
24-06-2023;PA2;C53;KOM 930 E;Sulfuro de Alta Ley;ESP/F08/1768/8060;FASE 8;CHANCADO-SULFURO;2910;10;ESPERANZA
24-06-2023;PA2;C53;KOM 930 E;Sulfuro de Alta Ley;ESP/F08/1768/8060;FASE 8;STOCK_SAL_DIN;873;3;ESPERANZA
24-06-2023;PA2;C54;KOM 930 E;Sulfuro de Alta Ley;ESP/F08/1768/8060;FASE 8;CHANCADO-SULFURO;2619;9;ESPERANZA
24-06-2023;PA2;C54;KOM 930 E;Sulfuro de Alta Ley;ESP/F08/1768/8060;FASE 8;STOCK_SAL_DIN;291;1;ESPERANZA
24-06-2023;PA2;C55;KOM 930 E;Sulfuro de Alta Ley;ESP/F08/1768/8060;FASE 8;CHANCADO-SULFURO;1455;5;ESPERANZA
24-06-2023;PA2;C56;KOM 930 E;Sulfuro de Alta Ley;ESP/F08/1768/8060;FASE 8;CHANCADO-SULFURO;1746;6;ESPERANZA
24-06-2023;PA2;C56;KOM 930 E;Sulfuro de Alta Ley;ESP/F08/1768/8060;FASE 8;STOCK_SAL_DIN;873;3;ESPERANZA
24-06-2023;PA2;C57;KOM 930 E;Sulfuro de Alta Ley;ESP/F08/1768/8060;FASE 8;CHANCADO-SULFURO;2619;9;ESPERANZA
24-06-2023;PA2;C57;KOM 930 E;Sulfuro de Alta Ley;ESP/F08/1768/8060;FASE 8;STOCK_SAL_DIN;291;1;ESPERANZA
24-06-2023;PA2;C58;KOM 930 E;Sulfuro de Alta Ley;ESP/F08/1768/8060;FASE 8;CHANCADO-SULFURO;2328;8;ESPERANZA
24-06-2023;PA2;C58;KOM 930 E;Sulfuro de Alta Ley;ESP/F08/1768/8060;FASE 8;STOCK_SAL_DIN;291;1;ESPERANZA
24-06-2023;PA2;C59;KOM 930 E;Sulfuro de Alta Ley;ESP/F08/1768/8060;FASE 8;CHANCADO-SULFURO;2910;10;ESPERANZA
24-06-2023;PA2;C60;KOM 930 E;Sulfuro de Alta Ley;ESP/F08/1768/8060;FASE 8;CHANCADO-SULFURO;2037;7;ESPERANZA
24-06-2023;PA2;C60;KOM 930 E;Sulfuro de Alta Ley;ESP/F08/1768/8060;FASE 8;STOCK_SAL_DIN;291;1;ESPERANZA
24-06-2023;PA2;C61;KOM 930 E;Sulfuro de Alta Ley;ESP/F08/1768/8060;FASE 8;CHANCADO-SULFURO;873;3;ESPERANZA
24-06-2023;PA211;C07;CAT 797 B;Lastre Oxidado;ESP/F10/2296/1051;FASE 10;BOT_CENTRAL_SUR_INF;346,4039917;1;ESPERANZA
24-06-2023;PA211;C07;CAT 797 B;Lastre Oxidado;ESP/F10/2296/1051;FASE 10;BOT_MIJO;4503,254089;13;ESPERANZA
24-06-2023;PA211;C08;CAT 797 B;Lastre Oxidado;ESP/F10/2296/1051;FASE 10;BOT_MIJO;2424,830078;7;ESPERANZA
24-06-2023;PA211;C09;CAT 797 B;Lastre Oxidado;ESP/F10/2296/1051;FASE 10;BOT_MIJO;346,4039917;1;ESPERANZA
24-06-2023;PA211;C10;CAT 797 B;Lastre Oxidado;ESP/F10/2296/1051;FASE 10;BOT_MIJO;692,8079834;2;ESPERANZA
24-06-2023;PA211;C12;CAT 797 B;Lastre Oxidado;ESP/F10/2296/1051;FASE 10;BOT_MIJO;7620,890137;22;ESPERANZA
24-06-2023;PA211;C121;CAT 793 C;Lastre Oxidado;ESP/F10/2296/1051;FASE 10;BOT_MIJO;432,8729858;2;ESPERANZA
24-06-2023;PA211;C122;CAT 793 C;Lastre Oxidado;ESP/F10/2296/1051;FASE 10;BOT_MIJO;1515,054993;7;ESPERANZA
24-06-2023;PA211;C123;CAT 793 C;Lastre Oxidado;ESP/F10/2296/1051;FASE 10;BOT_MIJO;649,309021;3;ESPERANZA
24-06-2023;PA211;C128;CAT 793 C;Lastre Oxidado;ESP/F10/2296/1051;FASE 10;BOT_CENTRAL_SUR_INF;216,4360046;1;ESPERANZA
24-06-2023;PA211;C128;CAT 793 C;Lastre Oxidado;ESP/F10/2296/1051;FASE 10;BOT_MIJO;1298,619995;6;ESPERANZA
24-06-2023;PA211;C129;CAT 793 C;Lastre Oxidado;ESP/F10/2296/1051;FASE 10;BOT_CENTRAL_SUR_INF;432,8720093;2;ESPERANZA
24-06-2023;PA211;C129;CAT 793 C;Lastre Oxidado;ESP/F10/2296/1051;FASE 10;BOT_MIJO;1082,181976;5;ESPERANZA
24-06-2023;PA211;C13;CAT 797 B;Lastre Oxidado;ESP/F10/2296/1051;FASE 10;BOT_MIJO;346,4039917;1;ESPERANZA
24-06-2023;PA211;C130;CAT 793 C;Lastre Oxidado;ESP/F10/2296/1051;FASE 10;BOT_MIJO;432,8729858;2;ESPERANZA
24-06-2023;PA211;C132;CAT 793 C;Lastre Oxidado;ESP/F10/2296/1051;FASE 10;BOT_MIJO;216,4360046;1;ESPERANZA
24-06-2023;PA211;C134;CAT 793 C;Lastre Oxidado;ESP/F10/2296/1051;FASE 10;BOT_MIJO;1731,496063;8;ESPERANZA
24-06-2023;PA211;C15;CAT 797 B;Lastre Oxidado;ESP/F10/2296/1051;FASE 10;BOT_MIJO;2424,829956;7;ESPERANZA
24-06-2023;PA211;C151;CAT 793 F;Lastre Oxidado;ESP/F10/2296/1051;FASE 10;BOT_CENTRAL_SUR_INF;216,4360046;1;ESPERANZA
24-06-2023;PA211;C151;CAT 793 F;Lastre Oxidado;ESP/F10/2296/1051;FASE 10;BOT_MIJO;649,3089905;3;ESPERANZA
24-06-2023;PA211;C152;CAT 793 F;Lastre Oxidado;ESP/F10/2296/1051;FASE 10;BOT_MIJO;649,309021;3;ESPERANZA
24-06-2023;PA211;C155;CAT 793 F;Lastre Oxidado;ESP/F10/2296/1051;FASE 10;BOT_MIJO;216,4360046;1;ESPERANZA
24-06-2023;PA211;C156;CAT 793 F;Lastre Oxidado;ESP/F10/2296/1051;FASE 10;BOT_CENTRAL_SUR_INF;216,4360046;1;ESPERANZA
24-06-2023;PA211;C156;CAT 793 F;Lastre Oxidado;ESP/F10/2296/1051;FASE 10;BOT_MIJO;216,4360046;1;ESPERANZA
24-06-2023;PA211;C16;CAT 797 B;Lastre Oxidado;ESP/F10/2296/1051;FASE 10;BOT_MIJO;1385,613953;4;ESPERANZA
24-06-2023;PA211;C161;CAT 793 F;Lastre Oxidado;ESP/F10/2296/1051;FASE 10;BOT_CENTRAL_SUR_INF;216,4360046;1;ESPERANZA
24-06-2023;PA211;C161;CAT 793 F;Lastre Oxidado;ESP/F10/2296/1051;FASE 10;BOT_MIJO;216,4360046;1;ESPERANZA
24-06-2023;PA211;C162;CAT 793 F;Lastre Oxidado;ESP/F10/2296/1051;FASE 10;BOT_MIJO;1298,618958;6;ESPERANZA
24-06-2023;PA211;C163;CAT 793 F;Lastre Oxidado;ESP/F10/2296/1051;FASE 10;BOT_MIJO;216,4360046;1;ESPERANZA
24-06-2023;PA211;C164;CAT 793 F;Lastre Oxidado;ESP/F10/2296/1051;FASE 10;BOT_MIJO;432,8720093;2;ESPERANZA
24-06-2023;PA211;C17;CAT 797 F;Lastre Oxidado;ESP/F10/2296/1051;FASE 10;BOT_CENTRAL_SUR_INF;346,4039917;1;ESPERANZA
24-06-2023;PA211;C17;CAT 797 F;Lastre Oxidado;ESP/F10/2296/1051;FASE 10;BOT_MIJO;2078,424011;6;ESPERANZA
24-06-2023;PA211;C19;CAT 797 F;Lastre Oxidado;ESP/F10/2296/1051;FASE 10;BOT_MIJO;346,4039917;1;ESPERANZA
24-06-2023;PA211;C20;CAT 797 F;Lastre Oxidado;ESP/F10/2296/1051;FASE 10;BOT_MIJO;692,8079834;2;ESPERANZA
24-06-2023;PA211;C21;CAT 797 F;Lastre Oxidado;ESP/F10/2296/1051;FASE 10;BOT_MIJO;692,8079834;2;ESPERANZA
24-06-2023;PA211;C23;CAT 797 F;Lastre Oxidado;ESP/F10/2296/1051;FASE 10;BOT_MIJO;2078,427979;6;ESPERANZA
24-06-2023;PA211;C25;CAT 797 F;Lastre Oxidado;ESP/F10/2296/1051;FASE 10;BOT_MIJO;2424,830078;7;ESPERANZA
24-06-2023;PA211;C32;CAT 797 F;Lastre Oxidado;ESP/F10/2296/1051;FASE 10;BOT_MIJO;1039,209961;3;ESPERANZA
24-06-2023;PA211;C37;CAT 797 F;Lastre Oxidado;ESP/F10/2296/1051;FASE 10;BOT_MIJO;3464,033875;10;ESPERANZA
24-06-2023;PA211;C38;CAT 797 F;Lastre Oxidado;ESP/F10/2296/1051;FASE 10;BOT_MIJO;1039,211975;3;ESPERANZA
24-06-2023;PA211;C39;CAT 797 F;Lastre Oxidado;ESP/F10/2296/1051;FASE 10;BOT_CENTRAL_SUR_INF;692,8079834;2;ESPERANZA
24-06-2023;PA211;C39;CAT 797 F;Lastre Oxidado;ESP/F10/2296/1051;FASE 10;BOT_MIJO;1732,017944;5;ESPERANZA
24-06-2023;PA211;C42;CAT 797 F;Lastre Oxidado;ESP/F10/2296/1051;FASE 10;BOT_MIJO;346,4039917;1;ESPERANZA
24-06-2023;PA211;C44;CAT 797 F;Lastre Oxidado;ESP/F10/2296/1051;FASE 10;BOT_CENTRAL_SUR_INF;346,4039917;1;ESPERANZA
24-06-2023;PA211;C44;CAT 797 F;Lastre Oxidado;ESP/F10/2296/1051;FASE 10;BOT_MIJO;1732,02002;5;ESPERANZA
24-06-2023;PA211;C45;CAT 797 F;Lastre Oxidado;ESP/F10/2296/1051;FASE 10;BOT_MIJO;346,4039917;1;ESPERANZA
24-06-2023;PA211;C46;CAT 797 F;Lastre Oxidado;ESP/F10/2296/1051;FASE 10;BOT_MIJO;346,4039917;1;ESPERANZA
24-06-2023;PA211;C47;CAT 797 F;Lastre Oxidado;ESP/F10/2296/1051;FASE 10;BOT_CENTRAL_SUR_INF;1385,619995;4;ESPERANZA
24-06-2023;PA211;C52;KOM 930 E;Lastre Oxidado;ESP/F10/2296/1051;FASE 10;BOT_MIJO;291;1;ESPERANZA
24-06-2023;PA211;C53;KOM 930 E;Lastre Oxidado;ESP/F10/2296/1051;FASE 10;BOT_MIJO;873;3;ESPERANZA
24-06-2023;PA211;C55;KOM 930 E;Lastre Oxidado;ESP/F10/2296/1051;FASE 10;BOT_CENTRAL_SUR_INF;291;1;ESPERANZA
24-06-2023;PA211;C61;KOM 930 E;Lastre Oxidado;ESP/F10/2296/1051;FASE 10;BOT_MIJO;291;1;ESPERANZA
24-06-2023;PA26;C11;CAT 797 B;Lastre Sulfurado;ESP/F07/2104/7060;FASE 7;BOT_2380_INT;692,8079834;2;ESPERANZA
24-06-2023;PA26;C16;CAT 797 B;Lastre Sulfurado;ESP/F07/2104/7060;FASE 7;BOT_2380_INT;346,4039917;1;ESPERANZA
24-06-2023;PA26;C40;CAT 797 F;Lastre Sulfurado;ESP/F07/2104/7060;FASE 7;BOT_2380_INT;346,4039917;1;ESPERANZA
24-06-2023;PA26;C41;CAT 797 F;Lastre Sulfurado;ESP/F07/2104/7060;FASE 7;BOT_2380_INT;346,4039917;1;ESPERANZA
24-06-2023;PA26;C42;CAT 797 F;Lastre Sulfurado;ESP/F07/2104/7060;FASE 7;BOT_2380_INT;692,8079834;2;ESPERANZA
24-06-2023;PA3;C07;CAT 797 B;Lastre Sulfurado;ESP/F07/2104/716;FASE 7;BOT_2380_INT;1039,209961;3;ESPERANZA
24-06-2023;PA3;C08;CAT 797 B;Lastre Sulfurado;ESP/F07/2104/716;FASE 7;BOT_CENTRAL_SUR_INF;346,4039917;1;ESPERANZA
24-06-2023;PA3;C10;CAT 797 B;Lastre Sulfurado;ESP/F07/2104/716;FASE 7;BOT_2380_INT;3810,439941;11;ESPERANZA
24-06-2023;PA3;C11;CAT 797 B;Lastre Sulfurado;ESP/F07/2104/716;FASE 7;BOT_2380_INT;1039,211975;3;ESPERANZA
24-06-2023;PA3;C12;CAT 797 B;Lastre Sulfurado;ESP/F07/2104/716;FASE 7;BOT_2380_INT;692,8079834;2;ESPERANZA
24-06-2023;PA3;C123;CAT 793 C;Lastre Sulfurado;ESP/F07/2104/716;FASE 7;BOT_2380_INT;865,7450256;4;ESPERANZA
24-06-2023;PA3;C125;CAT 793 C;Lastre Sulfurado;ESP/F07/2104/716;FASE 7;BOT_2380_INT;432,8729858;2;ESPERANZA
24-06-2023;PA3;C13;CAT 797 B;Lastre Sulfurado;ESP/F07/2104/716;FASE 7;BOT_2380_INT;692,8079834;2;ESPERANZA
24-06-2023;PA3;C134;CAT 793 C;Lastre Sulfurado;ESP/F07/2104/716;FASE 7;BOT_2380_INT;432,8720093;2;ESPERANZA
24-06-2023;PA3;C135;CAT 793 C;Lastre Sulfurado;ESP/F07/2104/716;FASE 7;BOT_2380_INT;216,4360046;1;ESPERANZA
24-06-2023;PA3;C15;CAT 797 B;Lastre Sulfurado;ESP/F07/2104/716;FASE 7;BOT_2380_INT;1385,615967;4;ESPERANZA
24-06-2023;PA3;C152;CAT 793 F;Lastre Sulfurado;ESP/F07/2104/716;FASE 7;BOT_2380_INT;649,309021;3;ESPERANZA
24-06-2023;PA3;C155;CAT 793 F;Lastre Sulfurado;ESP/F07/2104/716;FASE 7;BOT_2380_INT;216,4360046;1;ESPERANZA
24-06-2023;PA3;C159;CAT 793 F;Lastre Sulfurado;ESP/F07/2104/716;FASE 7;BOT_2380_INT;216,4360046;1;ESPERANZA
24-06-2023;PA3;C16;CAT 797 B;Lastre Sulfurado;ESP/F07/2104/716;FASE 7;BOT_2380_INT;3117,638062;9;ESPERANZA
24-06-2023;PA3;C161;CAT 793 F;Lastre Sulfurado;ESP/F07/2104/716;FASE 7;BOT_2380_INT;1082,18103;5;ESPERANZA
24-06-2023;PA3;C162;CAT 793 F;Lastre Sulfurado;ESP/F07/2104/716;FASE 7;BOT_2380_INT;1515,054993;7;ESPERANZA
24-06-2023;PA3;C164;CAT 793 F;Lastre Sulfurado;ESP/F07/2104/716;FASE 7;BOT_2380_INT;649,3089905;3;ESPERANZA
24-06-2023;PA3;C18;CAT 797 F;Lastre Sulfurado;ESP/F07/2104/716;FASE 7;BOT_2380_INT;2424,829956;7;ESPERANZA
24-06-2023;PA3;C19;CAT 797 F;Lastre Sulfurado;ESP/F07/2104/716;FASE 7;BOT_2380_INT;2078,419922;6;ESPERANZA
24-06-2023;PA3;C20;CAT 797 F;Lastre Sulfurado;ESP/F07/2104/716;FASE 7;BOT_2380_INT;3464,040039;10;ESPERANZA
24-06-2023;PA3;C21;CAT 797 F;Lastre Sulfurado;ESP/F07/2104/716;FASE 7;BOT_2380_INT;1039,211975;3;ESPERANZA
24-06-2023;PA3;C22;CAT 797 F;Lastre Sulfurado;ESP/F07/2104/716;FASE 7;BOT_2380_INT;1039,211975;3;ESPERANZA
24-06-2023;PA3;C23;CAT 797 F;Lastre Sulfurado;ESP/F07/2104/716;FASE 7;BOT_2380_INT;1039,211975;3;ESPERANZA
24-06-2023;PA3;C24;CAT 797 F;Lastre Sulfurado;ESP/F07/2104/716;FASE 7;BOT_2380_INT;346,4039917;1;ESPERANZA
24-06-2023;PA3;C25;CAT 797 F;Lastre Sulfurado;ESP/F07/2104/716;FASE 7;BOT_2380_INT;692,8079834;2;ESPERANZA
24-06-2023;PA3;C32;CAT 797 F;Lastre Sulfurado;ESP/F07/2104/716;FASE 7;BOT_2380_INT;1385,613953;4;ESPERANZA
24-06-2023;PA3;C36;CAT 797 F;Lastre Sulfurado;ESP/F07/2104/716;FASE 7;BOT_2380_INT;1039,211975;3;ESPERANZA
24-06-2023;PA3;C37;CAT 797 F;Lastre Sulfurado;ESP/F07/2104/716;FASE 7;BOT_2380_INT;1732,023987;5;ESPERANZA
24-06-2023;PA3;C38;CAT 797 F;Lastre Sulfurado;ESP/F07/2104/716;FASE 7;BOT_2380_INT;2771,235962;8;ESPERANZA
24-06-2023;PA3;C39;CAT 797 F;Lastre Sulfurado;ESP/F07/2104/716;FASE 7;BOT_2380_INT;2078,419922;6;ESPERANZA
24-06-2023;PA3;C40;CAT 797 F;Lastre Sulfurado;ESP/F07/2104/716;FASE 7;BOT_2380_INT;1385,615967;4;ESPERANZA
24-06-2023;PA3;C41;CAT 797 F;Lastre Sulfurado;ESP/F07/2104/716;FASE 7;BOT_2380_INT;2078,427979;6;ESPERANZA
24-06-2023;PA3;C42;CAT 797 F;Lastre Sulfurado;ESP/F07/2104/716;FASE 7;BOT_2380_INT;2078,424011;6;ESPERANZA
24-06-2023;PA3;C43;CAT 797 F;Lastre Sulfurado;ESP/F07/2104/716;FASE 7;BOT_2380_INT;1039,209961;3;ESPERANZA
24-06-2023;PA3;C44;CAT 797 F;Lastre Sulfurado;ESP/F07/2104/716;FASE 7;BOT_2380_INT;1732,017944;5;ESPERANZA
24-06-2023;PA3;C45;CAT 797 F;Lastre Sulfurado;ESP/F07/2104/716;FASE 7;BOT_2380_INT;2771,229919;8;ESPERANZA
24-06-2023;PA3;C46;CAT 797 F;Lastre Sulfurado;ESP/F07/2104/716;FASE 7;BOT_2380_INT;2771,231995;8;ESPERANZA
24-06-2023;PA3;C47;CAT 797 F;Lastre Sulfurado;ESP/F07/2104/716;FASE 7;BOT_2380_INT;1039,211975;3;ESPERANZA
24-06-2023;PA3;C48;CAT 797 F;Lastre Sulfurado;ESP/F07/2104/716;FASE 7;BOT_2380_INT;3464,039978;10;ESPERANZA
24-06-2023;PA3;C49;KOM 930 E;Lastre Sulfurado;ESP/F07/2104/716;FASE 7;BOT_2380_INT;873;3;ESPERANZA
24-06-2023;PA3;C50;KOM 930 E;Lastre Sulfurado;ESP/F07/2104/716;FASE 7;BOT_2380_INT;2328;8;ESPERANZA
24-06-2023;PA3;C51;KOM 930 E;Lastre Sulfurado;ESP/F07/2104/716;FASE 7;BOT_2380_INT;1164;4;ESPERANZA
24-06-2023;PA3;C52;KOM 930 E;Lastre Sulfurado;ESP/F07/2104/716;FASE 7;BOT_2380_INT;582;2;ESPERANZA
24-06-2023;PA3;C53;KOM 930 E;Lastre Sulfurado;ESP/F07/2104/716;FASE 7;BOT_2380_INT;582;2;ESPERANZA
24-06-2023;PA3;C54;KOM 930 E;Lastre Sulfurado;ESP/F07/2104/716;FASE 7;BOT_2380_INT;2328;8;ESPERANZA
24-06-2023;PA3;C55;KOM 930 E;Lastre Sulfurado;ESP/F07/2104/716;FASE 7;BOT_2380_INT;291;1;ESPERANZA
24-06-2023;PA3;C56;KOM 930 E;Lastre Sulfurado;ESP/F07/2104/716;FASE 7;BOT_2380_INT;1746;6;ESPERANZA
24-06-2023;PA3;C57;KOM 930 E;Lastre Sulfurado;ESP/F07/2104/716;FASE 7;BOT_2380_INT;873;3;ESPERANZA
24-06-2023;PA3;C58;KOM 930 E;Lastre Sulfurado;ESP/F07/2104/716;FASE 7;BOT_2380_INT;582;2;ESPERANZA
24-06-2023;PA3;C59;KOM 930 E;Lastre Sulfurado;ESP/F07/2104/716;FASE 7;BOT_2380_INT;873;3;ESPERANZA
24-06-2023;PA3;C60;KOM 930 E;Lastre Sulfurado;ESP/F07/2104/716;FASE 7;BOT_2380_INT;1746;6;ESPERANZA
24-06-2023;PA3;C61;KOM 930 E;Lastre Sulfurado;ESP/F07/2104/716;FASE 7;BOT_2380_INT;1164;4;ESPERANZA
24-06-2023;PA4;C07;CAT 797 B;Lastre Oxidado;ESP/F10/2328/1290;FASE 10;BOT-ESTE;1385,613953;4;ESPERANZA
24-06-2023;PA4;C08;CAT 797 B;Lastre Oxidado;ESP/F10/2328/1290;FASE 10;BOT-ESTE;1039,209961;3;ESPERANZA
24-06-2023;PA4;C08;CAT 797 B;Lastre Oxidado;ESP/F10/2328/130;FASE 10;BOT_CENTRAL_SUR_INF;346,4039917;1;ESPERANZA
24-06-2023;PA4;C11;CAT 797 B;Lastre Oxidado;ESP/F10/2328/1290;FASE 10;BOT-ESTE;1385,619995;4;ESPERANZA
24-06-2023;PA4;C12;CAT 797 B;Lastre Oxidado;ESP/F10/2328/1290;FASE 10;BOT-ESTE;346,4039917;1;ESPERANZA
24-06-2023;PA4;C12;CAT 797 B;Lastre Oxidado;ESP/F10/2328/130;FASE 10;BOT-ESTE;346,4039917;1;ESPERANZA
24-06-2023;PA4;C121;CAT 793 C;Lastre Oxidado;ESP/F10/2328/1290;FASE 10;BOT-ESTE;1082,181976;5;ESPERANZA
24-06-2023;PA4;C122;CAT 793 C;Lastre Oxidado;ESP/F10/2328/1290;FASE 10;BOT-ESTE;649,3089905;3;ESPERANZA
24-06-2023;PA4;C123;CAT 793 C;Lastre Oxidado;ESP/F10/2328/1290;FASE 10;BOT-ESTE;216,4360046;1;ESPERANZA
24-06-2023;PA4;C123;CAT 793 C;Lastre Oxidado;ESP/F10/2328/130;FASE 10;BOT_MIJO;216,4360046;1;ESPERANZA
24-06-2023;PA4;C123;CAT 793 C;Lastre Oxidado;ESP/F10/2328/130;FASE 10;BOT-ESTE;432,8729858;2;ESPERANZA
24-06-2023;PA4;C128;CAT 793 C;Lastre Oxidado;ESP/F10/2328/1290;FASE 10;BOT-ESTE;432,8729858;2;ESPERANZA
24-06-2023;PA4;C129;CAT 793 C;Lastre Oxidado;ESP/F10/2328/1290;FASE 10;BOT-ESTE;1298,617981;6;ESPERANZA
24-06-2023;PA4;C129;CAT 793 C;Lastre Oxidado;ESP/F10/2328/130;FASE 10;BOT-ESTE;216,4360046;1;ESPERANZA
24-06-2023;PA4;C130;CAT 793 C;Lastre Oxidado;ESP/F10/2328/1290;FASE 10;BOT-ESTE;216,4360046;1;ESPERANZA
24-06-2023;PA4;C132;CAT 793 C;Lastre Oxidado;ESP/F10/2328/1290;FASE 10;BOT-ESTE;432,8729858;2;ESPERANZA
24-06-2023;PA4;C134;CAT 793 C;Lastre Oxidado;ESP/F10/2328/1290;FASE 10;BOT-ESTE;1515,056;7;ESPERANZA
24-06-2023;PA4;C135;CAT 793 C;Lastre Oxidado;ESP/F10/2328/1290;FASE 10;BOT-ESTE;432,8729858;2;ESPERANZA
24-06-2023;PA4;C15;CAT 797 B;Lastre Oxidado;ESP/F10/2328/1290;FASE 10;BOT-ESTE;1039,209961;3;ESPERANZA
24-06-2023;PA4;C15;CAT 797 B;Lastre Oxidado;ESP/F10/2328/130;FASE 10;BOT-ESTE;1732,023987;5;ESPERANZA
24-06-2023;PA4;C151;CAT 793 F;Lastre Oxidado;ESP/F10/2328/1290;FASE 10;BOT-ESTE;1731,48999;8;ESPERANZA
24-06-2023;PA4;C152;CAT 793 F;Lastre Oxidado;ESP/F10/2328/1290;FASE 10;BOT-ESTE;865,7459717;4;ESPERANZA
24-06-2023;PA4;C155;CAT 793 F;Lastre Oxidado;ESP/F10/2328/1290;FASE 10;BOT-ESTE;216,4360046;1;ESPERANZA
24-06-2023;PA4;C156;CAT 793 F;Lastre Oxidado;ESP/F10/2328/1290;FASE 10;BOT_CENTRAL_SUR_INF;216,4360046;1;ESPERANZA
24-06-2023;PA4;C16;CAT 797 B;Lastre Oxidado;ESP/F10/2328/1290;FASE 10;BOT-ESTE;2078,419922;6;ESPERANZA
24-06-2023;PA4;C161;CAT 793 F;Lastre Oxidado;ESP/F10/2328/1290;FASE 10;BOT-ESTE;216,4360046;1;ESPERANZA
24-06-2023;PA4;C161;CAT 793 F;Lastre Oxidado;ESP/F10/2328/130;FASE 10;BOT-ESTE;216,4360046;1;ESPERANZA
24-06-2023;PA4;C163;CAT 793 F;Lastre Oxidado;ESP/F10/2328/1290;FASE 10;BOT-ESTE;216,4360046;1;ESPERANZA
24-06-2023;PA4;C163;CAT 793 F;Lastre Oxidado;ESP/F10/2328/130;FASE 10;BOT-ESTE;216,4360046;1;ESPERANZA
24-06-2023;PA4;C164;CAT 793 F;Lastre Oxidado;ESP/F10/2328/1290;FASE 10;BOT-ESTE;216,4360046;1;ESPERANZA
24-06-2023;PA4;C21;CAT 797 F;Lastre Oxidado;ESP/F10/2328/130;FASE 10;BOT-ESTE;346,4039917;1;ESPERANZA
24-06-2023;PA4;C23;CAT 797 F;Lastre Oxidado;ESP/F10/2328/1290;FASE 10;BOT-ESTE;1385,613953;4;ESPERANZA
24-06-2023;PA4;C25;CAT 797 F;Lastre Oxidado;ESP/F10/2328/1290;FASE 10;BOT_CENTRAL_SUR_INF;346,4039917;1;ESPERANZA
24-06-2023;PA4;C36;CAT 797 F;Lastre Oxidado;ESP/F10/2328/130;FASE 10;BOT_MIJO;346,4039917;1;ESPERANZA
24-06-2023;PA4;C37;CAT 797 F;Lastre Oxidado;ESP/F10/2328/1290;FASE 10;BOT-ESTE;1732,023987;5;ESPERANZA
24-06-2023;PA4;C38;CAT 797 F;Lastre Oxidado;ESP/F10/2328/1290;FASE 10;BOT_2380_INT;346,4039917;1;ESPERANZA
24-06-2023;PA4;C38;CAT 797 F;Lastre Oxidado;ESP/F10/2328/130;FASE 10;BOT-ESTE;692,8079834;2;ESPERANZA
24-06-2023;PA4;C39;CAT 797 F;Lastre Oxidado;ESP/F10/2328/1290;FASE 10;BOT-ESTE;346,4039917;1;ESPERANZA
24-06-2023;PA4;C39;CAT 797 F;Lastre Oxidado;ESP/F10/2328/130;FASE 10;BOT-ESTE;346,4039917;1;ESPERANZA
24-06-2023;PA4;C40;CAT 797 F;Lastre Oxidado;ESP/F10/2328/1290;FASE 10;BOT-ESTE;2424,830078;7;ESPERANZA
24-06-2023;PA4;C40;CAT 797 F;Lastre Oxidado;ESP/F10/2328/130;FASE 10;BOT-ESTE;3117,637939;9;ESPERANZA
24-06-2023;PA4;C41;CAT 797 F;Lastre Oxidado;ESP/F10/2328/1290;FASE 10;BOT-ESTE;346,4039917;1;ESPERANZA
24-06-2023;PA4;C43;CAT 797 F;Lastre Oxidado;ESP/F10/2328/130;FASE 10;BOT-ESTE;1039,209961;3;ESPERANZA
24-06-2023;PA4;C44;CAT 797 F;Lastre Oxidado;ESP/F10/2296/1051;FASE 10;BOT_CENTRAL_SUR_INF;346,4039917;1;ESPERANZA
24-06-2023;PA4;C46;CAT 797 F;Lastre Oxidado;ESP/F10/2328/130;FASE 10;BOT-ESTE;1039,209961;3;ESPERANZA
24-06-2023;PA4;C47;CAT 797 F;Lastre Oxidado;ESP/F10/2328/130;FASE 10;BOT-ESTE;1039,209961;3;ESPERANZA
24-06-2023;PA6;C07;CAT 797 B;Lastre Oxidado;ESP/F10/2296/1051;FASE 10;BOT_MIJO;346,4039917;1;ESPERANZA
24-06-2023;PA6;C128;CAT 793 C;Lastre Oxidado;ESP/F10/2296/1051;FASE 10;BOT_MIJO;216,4360046;1;ESPERANZA
24-06-2023;PA6;C134;CAT 793 C;Lastre Oxidado;ESP/F10/2296/1051;FASE 10;BOT_MIJO;216,4360046;1;ESPERANZA
24-06-2023;PA6;C152;CAT 793 F;Lastre Oxidado;ESP/F10/2296/1051;FASE 10;BOT_MIJO;216,4360046;1;ESPERANZA
24-06-2023;PA6;C155;CAT 793 F;Lastre Oxidado;ESP/F10/2296/1051;FASE 10;BOT_MIJO;216,4360046;1;ESPERANZA
24-06-2023;PA6;C156;CAT 793 F;Lastre Oxidado;ESP/F10/2296/1051;FASE 10;BOT_MIJO;216,4360046;1;ESPERANZA
24-06-2023;PA7;C10;CAT 797 B;Lastre Oxidado;ESP/F07/2104/710;FASE 7;BOT_2380_INT;346,4039917;1;ESPERANZA
24-06-2023;PA7;C10;CAT 797 B;Lastre Sulfurado;ESP/F07/2104/710;FASE 7;BOT_2380_INT;3464,042053;10;ESPERANZA
24-06-2023;PA7;C11;CAT 797 B;Lastre Sulfurado;ESP/F07/2104/710;FASE 7;BOT_2380_INT;1732,023987;5;ESPERANZA
24-06-2023;PA7;C12;CAT 797 B;Lastre Sulfurado;ESP/F07/2104/710;FASE 7;BOT_2380_INT;2078,424011;6;ESPERANZA
24-06-2023;PA7;C125;CAT 793 C;Lastre Oxidado;ESP/F07/2104/710;FASE 7;BOT_2380_INT;649,309021;3;ESPERANZA
24-06-2023;PA7;C129;CAT 793 C;Lastre Sulfurado;ESP/F07/2104/710;FASE 7;BOT_2380_INT;649,309021;3;ESPERANZA
24-06-2023;PA7;C13;CAT 797 B;Lastre Oxidado;ESP/F07/2104/710;FASE 7;BOT_2380_INT;346,4039917;1;ESPERANZA
24-06-2023;PA7;C13;CAT 797 B;Lastre Sulfurado;ESP/F07/2104/710;FASE 7;BOT_2380_INT;1385,613953;4;ESPERANZA
24-06-2023;PA7;C135;CAT 793 C;Lastre Oxidado;ESP/F07/2104/710;FASE 7;BOT_2380_INT;432,8729858;2;ESPERANZA
24-06-2023;PA7;C15;CAT 797 B;Lastre Sulfurado;ESP/F07/2104/710;FASE 7;BOT_2380_INT;1385,615967;4;ESPERANZA
24-06-2023;PA7;C152;CAT 793 F;Lastre Oxidado;ESP/F07/2104/710;FASE 7;BOT_2380_INT;865,7459717;4;ESPERANZA
24-06-2023;PA7;C155;CAT 793 F;Lastre Oxidado;ESP/F07/2104/710;FASE 7;BOT_2380_INT;649,309021;3;ESPERANZA
24-06-2023;PA7;C159;CAT 793 F;Lastre Sulfurado;ESP/F07/2104/710;FASE 7;BOT_2380_INT;216,4360046;1;ESPERANZA
24-06-2023;PA7;C16;CAT 797 B;Lastre Sulfurado;ESP/F07/2104/710;FASE 7;BOT_2380_INT;3117,635986;9;ESPERANZA
24-06-2023;PA7;C161;CAT 793 F;Lastre Sulfurado;ESP/F07/2104/710;FASE 7;BOT_2380_INT;1082,180054;5;ESPERANZA
24-06-2023;PA7;C162;CAT 793 F;Lastre Sulfurado;ESP/F07/2104/710;FASE 7;BOT_2380_INT;1731,492004;8;ESPERANZA
24-06-2023;PA7;C164;CAT 793 F;Lastre Sulfurado;ESP/F07/2104/710;FASE 7;BOT_2380_INT;865,7450256;4;ESPERANZA
24-06-2023;PA7;C18;CAT 797 F;Lastre Oxidado;ESP/F07/2104/710;FASE 7;BOT_2380_INT;1039,209961;3;ESPERANZA
24-06-2023;PA7;C18;CAT 797 F;Lastre Sulfurado;ESP/F07/2104/710;FASE 7;BOT_2380_INT;3464,043884;10;ESPERANZA
24-06-2023;PA7;C19;CAT 797 F;Lastre Oxidado;ESP/F07/2104/710;FASE 7;BOT_2380_INT;346,4039917;1;ESPERANZA
24-06-2023;PA7;C19;CAT 797 F;Lastre Sulfurado;ESP/F07/2104/710;FASE 7;BOT_2380_INT;692,8079834;2;ESPERANZA
24-06-2023;PA7;C20;CAT 797 F;Lastre Sulfurado;ESP/F07/2104/710;FASE 7;BOT_2380_INT;346,4039917;1;ESPERANZA
24-06-2023;PA7;C21;CAT 797 F;Lastre Sulfurado;ESP/F07/2104/710;FASE 7;BOT_2380_INT;1385,613953;4;ESPERANZA
24-06-2023;PA7;C22;CAT 797 F;Lastre Sulfurado;ESP/F07/2104/710;FASE 7;BOT_2380_INT;3464,039917;10;ESPERANZA
24-06-2023;PA7;C23;CAT 797 F;Lastre Oxidado;ESP/F07/2104/710;FASE 7;BOT_2380_INT;346,4039917;1;ESPERANZA
24-06-2023;PA7;C23;CAT 797 F;Lastre Sulfurado;ESP/F07/2104/710;FASE 7;BOT_2380_INT;1385,619995;4;ESPERANZA
24-06-2023;PA7;C24;CAT 797 F;Lastre Sulfurado;ESP/F07/2104/710;FASE 7;BOT_2380_INT;692,8079834;2;ESPERANZA
24-06-2023;PA7;C25;CAT 797 F;Lastre Oxidado;ESP/F07/2104/710;FASE 7;BOT_2380_INT;346,4039917;1;ESPERANZA
24-06-2023;PA7;C25;CAT 797 F;Lastre Sulfurado;ESP/F07/2104/710;FASE 7;BOT_2380_INT;1385,619995;4;ESPERANZA
24-06-2023;PA7;C32;CAT 797 F;Lastre Sulfurado;ESP/F07/2104/710;FASE 7;BOT_2380_INT;2078,427979;6;ESPERANZA
24-06-2023;PA7;C36;CAT 797 F;Lastre Sulfurado;ESP/F07/2104/710;FASE 7;BOT_2380_INT;4503,251892;13;ESPERANZA
24-06-2023;PA7;C37;CAT 797 F;Lastre Sulfurado;ESP/F07/2104/710;FASE 7;BOT_2380_INT;346,4039917;1;ESPERANZA
24-06-2023;PA7;C38;CAT 797 F;Lastre Sulfurado;ESP/F07/2104/710;FASE 7;BOT_2380_INT;2771,229919;8;ESPERANZA
24-06-2023;PA7;C39;CAT 797 F;Lastre Sulfurado;ESP/F07/2104/710;FASE 7;BOT_2380_INT;3464,044006;10;ESPERANZA
24-06-2023;PA7;C40;CAT 797 F;Lastre Sulfurado;ESP/F07/2104/710;FASE 7;BOT_2380_INT;1732,019958;5;ESPERANZA
24-06-2023;PA7;C41;CAT 797 F;Lastre Sulfurado;ESP/F07/2104/710;FASE 7;BOT_2380_INT;2078,424011;6;ESPERANZA
24-06-2023;PA7;C42;CAT 797 F;Lastre Sulfurado;ESP/F07/2104/710;FASE 7;BOT_2380_INT;1039,209961;3;ESPERANZA
24-06-2023;PA7;C43;CAT 797 F;Lastre Sulfurado;ESP/F07/2104/710;FASE 7;BOT_2380_INT;2771,23407;8;ESPERANZA
24-06-2023;PA7;C44;CAT 797 F;Lastre Oxidado;ESP/F07/2104/710;FASE 7;BOT_2380_INT;346,4039917;1;ESPERANZA
24-06-2023;PA7;C44;CAT 797 F;Lastre Sulfurado;ESP/F07/2104/710;FASE 7;BOT_2380_INT;2078,421936;6;ESPERANZA
24-06-2023;PA7;C45;CAT 797 F;Lastre Oxidado;ESP/F07/2104/710;FASE 7;BOT_2380_INT;692,8079834;2;ESPERANZA
24-06-2023;PA7;C45;CAT 797 F;Lastre Sulfurado;ESP/F07/2104/710;FASE 7;BOT_2380_INT;1385,615967;4;ESPERANZA
24-06-2023;PA7;C46;CAT 797 F;Lastre Oxidado;ESP/F07/2104/710;FASE 7;BOT_2380_INT;1039,209961;3;ESPERANZA
24-06-2023;PA7;C46;CAT 797 F;Lastre Sulfurado;ESP/F07/2104/710;FASE 7;BOT_2380_INT;2771,231995;8;ESPERANZA
24-06-2023;PA7;C47;CAT 797 F;Lastre Sulfurado;ESP/F07/2104/710;FASE 7;BOT_2380_INT;1732,023987;5;ESPERANZA
24-06-2023;PA7;C48;CAT 797 F;Lastre Oxidado;ESP/F07/2104/710;FASE 7;BOT_2380_INT;346,4039917;1;ESPERANZA
24-06-2023;PA7;C48;CAT 797 F;Lastre Sulfurado;ESP/F07/2104/710;FASE 7;BOT_2380_INT;2078,427979;6;ESPERANZA
24-06-2023;PA7;C49;KOM 930 E;Lastre Oxidado;ESP/F07/2104/710;FASE 7;BOT_2380_INT;1164;4;ESPERANZA
24-06-2023;PA7;C49;KOM 930 E;Lastre Sulfurado;ESP/F07/2104/710;FASE 7;BOT_2380_INT;1746;6;ESPERANZA
24-06-2023;PA7;C50;KOM 930 E;Lastre Oxidado;ESP/F07/2104/710;FASE 7;BOT_2380_INT;873;3;ESPERANZA
24-06-2023;PA7;C50;KOM 930 E;Lastre Sulfurado;ESP/F07/2104/710;FASE 7;BOT_2380_INT;582;2;ESPERANZA
24-06-2023;PA7;C51;KOM 930 E;Lastre Oxidado;ESP/F07/2104/710;FASE 7;BOT_2380_INT;1455;5;ESPERANZA
24-06-2023;PA7;C52;KOM 930 E;Lastre Oxidado;ESP/F07/2104/710;FASE 7;BOT_2380_INT;582;2;ESPERANZA
24-06-2023;PA7;C53;KOM 930 E;Lastre Oxidado;ESP/F07/2104/710;FASE 7;BOT_2380_INT;1164;4;ESPERANZA
24-06-2023;PA7;C53;KOM 930 E;Lastre Sulfurado;ESP/F07/2104/710;FASE 7;BOT_2380_INT;582;2;ESPERANZA
24-06-2023;PA7;C54;KOM 930 E;Lastre Oxidado;ESP/F07/2104/710;FASE 7;BOT_2380_INT;1164;4;ESPERANZA
24-06-2023;PA7;C55;KOM 930 E;Lastre Sulfurado;ESP/F07/2104/710;FASE 7;BOT_2380_INT;582;2;ESPERANZA
24-06-2023;PA7;C56;KOM 930 E;Lastre Oxidado;ESP/F07/2104/710;FASE 7;BOT_2380_INT;1164;4;ESPERANZA
24-06-2023;PA7;C56;KOM 930 E;Lastre Sulfurado;ESP/F07/2104/710;FASE 7;BOT_2380_INT;582;2;ESPERANZA
24-06-2023;PA7;C57;KOM 930 E;Lastre Oxidado;ESP/F07/2104/710;FASE 7;BOT_2380_INT;1746;6;ESPERANZA
24-06-2023;PA7;C57;KOM 930 E;Lastre Sulfurado;ESP/F07/2104/710;FASE 7;BOT_2380_INT;1164;4;ESPERANZA
24-06-2023;PA7;C58;KOM 930 E;Lastre Oxidado;ESP/F07/2104/710;FASE 7;BOT_2380_INT;1746;6;ESPERANZA
24-06-2023;PA7;C58;KOM 930 E;Lastre Sulfurado;ESP/F07/2104/710;FASE 7;BOT_2380_INT;873;3;ESPERANZA
24-06-2023;PA7;C59;KOM 930 E;Lastre Oxidado;ESP/F07/2104/710;FASE 7;BOT_2380_INT;1164;4;ESPERANZA
24-06-2023;PA7;C60;KOM 930 E;Lastre Oxidado;ESP/F07/2104/710;FASE 7;BOT_2380_INT;1164;4;ESPERANZA
24-06-2023;PA7;C60;KOM 930 E;Lastre Sulfurado;ESP/F07/2104/710;FASE 7;BOT_2380_INT;582;2;ESPERANZA
24-06-2023;PA7;C61;KOM 930 E;Lastre Oxidado;ESP/F07/2104/710;FASE 7;BOT_2380_INT;582;2;ESPERANZA
24-06-2023;PA9;C10;CAT 797 B;Lastre Sulfurado;ESP/F07/2104/710;FASE 7;BOT_2380_INT;1385,613953;4;ESPERANZA
24-06-2023;PA9;C11;CAT 797 B;Lastre Sulfurado;ESP/F07/2104/710;FASE 7;BOT_2380_INT;692,8079834;2;ESPERANZA
24-06-2023;PA9;C12;CAT 797 B;Lastre Sulfurado;ESP/F07/2104/710;FASE 7;BOT_2380_INT;346,4039917;1;ESPERANZA
24-06-2023;PA9;C13;CAT 797 B;Lastre Sulfurado;ESP/F07/2104/710;FASE 7;BOT_2380_INT;692,8079834;2;ESPERANZA
24-06-2023;PA9;C131;CAT 793 C;Lastre Sulfurado;ESP/F07/2104/710;FASE 7;BOT_2380_INT;649,309021;3;ESPERANZA
24-06-2023;PA9;C159;CAT 793 F;Lastre Sulfurado;ESP/F07/2104/710;FASE 7;BOT_2380_INT;432,8729858;2;ESPERANZA
24-06-2023;PA9;C162;CAT 793 F;Lastre Sulfurado;ESP/F07/2104/710;FASE 7;BOT_2380_INT;216,4360046;1;ESPERANZA
24-06-2023;PA9;C164;CAT 793 F;Lastre Sulfurado;ESP/F07/2104/710;FASE 7;BOT_2380_INT;216,4360046;1;ESPERANZA
24-06-2023;PA9;C18;CAT 797 F;Lastre Sulfurado;ESP/F07/2104/710;FASE 7;BOT_2380_INT;1039,211975;3;ESPERANZA
24-06-2023;PA9;C20;CAT 797 F;Lastre Sulfurado;ESP/F07/2104/710;FASE 7;BOT_2380_INT;1039,209961;3;ESPERANZA
24-06-2023;PA9;C21;CAT 797 F;Lastre Sulfurado;ESP/F07/2104/710;FASE 7;BOT_2380_INT;1039,209961;3;ESPERANZA
24-06-2023;PA9;C24;CAT 797 F;Lastre Sulfurado;ESP/F07/2104/710;FASE 7;BOT_2380_INT;346,4039917;1;ESPERANZA
24-06-2023;PA9;C32;CAT 797 F;Lastre Sulfurado;ESP/F07/2104/710;FASE 7;BOT_2380_INT;1732,023987;5;ESPERANZA
24-06-2023;PA9;C40;CAT 797 F;Lastre Sulfurado;ESP/F07/2104/710;FASE 7;BOT_2380_INT;1039,211975;3;ESPERANZA
24-06-2023;PA9;C41;CAT 797 F;Lastre Sulfurado;ESP/F07/2104/710;FASE 7;BOT_2380_INT;1039,211975;3;ESPERANZA
24-06-2023;PA9;C43;CAT 797 F;Lastre Sulfurado;ESP/F07/2104/710;FASE 7;BOT_2380_INT;1385,613953;4;ESPERANZA
24-06-2023;PA9;C44;CAT 797 F;Lastre Sulfurado;ESP/F07/2104/710;FASE 7;BOT_2380_INT;1385,615967;4;ESPERANZA
24-06-2023;PA9;C45;CAT 797 F;Lastre Sulfurado;ESP/F07/2104/710;FASE 7;BOT_2380_INT;346,4039917;1;ESPERANZA
24-06-2023;PA9;C46;CAT 797 F;Lastre Sulfurado;ESP/F07/2104/710;FASE 7;BOT_2380_INT;346,4039917;1;ESPERANZA
24-06-2023;PA9;C47;CAT 797 F;Lastre Sulfurado;ESP/F07/2104/710;FASE 7;BOT_2380_INT;346,4039917;1;ESPERANZA
24-06-2023;PA9;C48;CAT 797 F;Lastre Sulfurado;ESP/F07/2104/710;FASE 7;BOT_2380_INT;692,8079834;2;ESPERANZA
24-06-2023;PA9;C59;KOM 930 E;Lastre Sulfurado;ESP/F07/2104/710;FASE 7;BOT_2380_INT;291;1;ESPERANZA
24-06-2023;PAESPS;C980AHSESPS;Kom 980 AHS;Lastre Oxidado;ESS/F03/2216/3170;F03 ESPSUR;BOTADERO_2021;19080;53;ESPERANZA_SUR
24-06-2023;PATH01;C701;LIEBHERR 264 ;LASTRE (LAS);LLA/F01/2295/102;F01 LLA;BOT_TSS;8760;40;LLANO
24-06-2023;PATH01;C701;LIEBHERR 264 ;LASTRE (LAS);LLA/F01/2295/110;F01 LLA;BOT_TSS;44457;203;LLANO
24-06-2023;PATH01;C701;LIEBHERR 264 ;LASTRE (LAS);LLA/F01/2295/111;F01 LLA;BOT_TSS;7884;36;LLANO
24-06-2023;PATH01;C701;LIEBHERR 264 ;LASTRE (LAS);LLA/F01/2302.5/108;F01 LLA;BOT_TSS;29127;133;LLANO
24-06-2023;PATH01;C701;LIEBHERR 264 ;LASTRE (LAS);LLA/F01/2302.5/1080;F01 LLA;BOT_TSS;11826;54;LLANO
24-06-2023;PATH01;C701;LIEBHERR 264 ;LASTRE (LAS);LLA/F02/2302.5/2091;F02 LLA;BOT_TSS;8541;39;LLANO
24-06-2023;PATH01;C701;LIEBHERR 264 ;LASTRE (LAS);LLA/F02/2302.5/214;F02 LLA;BOT_TSS;4599;21;LLANO
24-06-2023;PATH01;C702;LIEBHERR 264 ;LASTRE (LAS);LLA/F02/2302.5/2090;F02 LLA;BOT_TSS;6789;31;LLANO
24-06-2023;PATH01;C702;LIEBHERR 264 ;LASTRE (LAS);LLA/F02/2302.5/2091;F02 LLA;BOT_TSS;5256;24;LLANO
24-06-2023;PATH01;C702;LIEBHERR 264 ;LASTRE (LAS);LLA/F02/2302.5/213;F02 LLA;BOT_TSS;2409;11;LLANO
24-06-2023;PATH01;C793OXE;CAT 793 OXE;L21;04_2376_455;FASE 04 ENC;BOT_2400_1;78540;357;ENCUENTRO
24-06-2023;PATH01;C793OXE;CAT 793 OXE;L21;04_2376_455;FASE 04 ENC;BOT_2440;64680;294;ENCUENTRO
24-06-2023;PATH01;C793OXE;CAT 793 OXE;OMR;STOCK_OXMAR_NORTE;ENCUENTRO OXE;CHANCADO-ENCUENTRO;39820;181;ENCUENTRO
24-06-2023;PATH01;C793OXE;CAT 793 OXE;Oxido Baja Ley;OXE/F04/2152/420;FASE 04 ENC;CHANCADO-ENCUENTRO;2200;10;ENCUENTRO
24-06-2023;PATH01;C793OXE;CAT 793 OXE;Oxido Baja Ley;OXE/F04/2152/420;FASE 04 ENC;MOD E;880;4;ENCUENTRO