Fecha;Carguio;Camión;Flota;Material;Origen;Zona;Destino;Tonelaje;Ciclos;Rajo
25-06-2023;CF2;C08;CAT 797 B;Sulfuro Baja Ley;ESP/F08/1768/R800;FASE 8;STOCK_SBL1;346,4039917;1;ESPERANZA
25-06-2023;CF2;C09;CAT 797 B;Sulfuro Baja Ley;ESP/F08/1768/R800;FASE 8;STOCK_SBL1;1039,211975;3;ESPERANZA
25-06-2023;CF2;C09;CAT 797 B;Sulfuro de Media;ESP/F08/1768/R800;FASE 8;STOCK_SME;346,4039917;1;ESPERANZA
25-06-2023;CF2;C12;CAT 797 B;Sulfuro Baja Ley;ESP/F08/1768/R800;FASE 8;STOCK_SBL1;346,4039917;1;ESPERANZA
25-06-2023;CF2;C128;CAT 793 C;Sulfuro Baja Ley;ESP/F08/1768/R800;FASE 8;STOCK_SBL1;216,4360046;1;ESPERANZA
25-06-2023;CF2;C129;CAT 793 C;Sulfuro Baja Ley;ESP/F08/1768/R800;FASE 8;STOCK_SBL1;216,4360046;1;ESPERANZA
25-06-2023;CF2;C132;CAT 793 C;Sulfuro Baja Ley;ESP/F08/1768/R800;FASE 8;STOCK_SBL1;216,4360046;1;ESPERANZA
25-06-2023;CF2;C15;CAT 797 B;Sulfuro Baja Ley;ESP/F08/1768/R800;FASE 8;STOCK_SBL1;1385,613953;4;ESPERANZA
25-06-2023;CF2;C15;CAT 797 B;Sulfuro de Media;ESP/F08/1768/R800;FASE 8;STOCK_SME;346,4039917;1;ESPERANZA
25-06-2023;CF2;C151;CAT 793 F;Sulfuro Baja Ley;ESP/F08/1768/R800;FASE 8;STOCK_SBL1;216,4360046;1;ESPERANZA
25-06-2023;CF2;C151;CAT 793 F;Sulfuro de Media;ESP/F08/1768/R800;FASE 8;STOCK_SME;216,4360046;1;ESPERANZA
25-06-2023;CF2;C152;CAT 793 F;Sulfuro de Media;ESP/F08/1768/R800;FASE 8;STOCK_SME;216,4360046;1;ESPERANZA
25-06-2023;CF2;C153;CAT 793 F;Sulfuro Baja Ley;ESP/F08/1768/R800;FASE 8;STOCK_SBL1;216,4360046;1;ESPERANZA
25-06-2023;CF2;C156;CAT 793 F;Sulfuro Baja Ley;ESP/F08/1768/R800;FASE 8;STOCK_SBL1;432,8729858;2;ESPERANZA
25-06-2023;CF2;C156;CAT 793 F;Sulfuro de Media;ESP/F08/1768/R800;FASE 8;STOCK_SME;216,4360046;1;ESPERANZA
25-06-2023;CF2;C159;CAT 793 F;Sulfuro de Media;ESP/F08/1768/R800;FASE 8;STOCK_SME;216,4360046;1;ESPERANZA
25-06-2023;CF2;C160;CAT 793 F;Sulfuro de Media;ESP/F08/1768/R800;FASE 8;STOCK_SME;216,4360046;1;ESPERANZA
25-06-2023;CF2;C162;CAT 793 F;Sulfuro Baja Ley;ESP/F08/1768/R800;FASE 8;STOCK_SBL1;216,4360046;1;ESPERANZA
25-06-2023;CF2;C162;CAT 793 F;Sulfuro de Media;ESP/F08/1768/R800;FASE 8;STOCK_SME;432,8720093;2;ESPERANZA
25-06-2023;CF2;C163;CAT 793 F;Sulfuro Baja Ley;ESP/F08/1768/R800;FASE 8;STOCK_SBL1;432,8729858;2;ESPERANZA
25-06-2023;CF2;C164;CAT 793 F;Sulfuro Baja Ley;ESP/F08/1768/R800;FASE 8;STOCK_SBL1;216,4360046;1;ESPERANZA
25-06-2023;CF2;C17;CAT 797 F;Sulfuro Baja Ley;ESP/F08/1768/R800;FASE 8;STOCK_SBL1;346,4039917;1;ESPERANZA
25-06-2023;CF2;C18;CAT 797 F;Sulfuro Baja Ley;ESP/F08/1768/R800;FASE 8;STOCK_SBL1;692,8079834;2;ESPERANZA
25-06-2023;CF2;C18;CAT 797 F;Sulfuro de Media;ESP/F08/1768/R800;FASE 8;STOCK_SME;692,8079834;2;ESPERANZA
25-06-2023;CF2;C19;CAT 797 F;Sulfuro Baja Ley;ESP/F08/1768/R800;FASE 8;STOCK_SBL1;346,4039917;1;ESPERANZA
25-06-2023;CF2;C20;CAT 797 F;Sulfuro Baja Ley;ESP/F08/1768/R800;FASE 8;STOCK_SBL1;1039,211975;3;ESPERANZA
25-06-2023;CF2;C20;CAT 797 F;Sulfuro de Media;ESP/F08/1768/R800;FASE 8;STOCK-FIERROS;346,4039917;1;ESPERANZA
25-06-2023;CF2;C21;CAT 797 F;Sulfuro Baja Ley;ESP/F08/1768/R800;FASE 8;STOCK_SBL1;346,4039917;1;ESPERANZA
25-06-2023;CF2;C21;CAT 797 F;Sulfuro de Media;ESP/F08/1768/R800;FASE 8;STOCK_SME;1385,619995;4;ESPERANZA
25-06-2023;CF2;C22;CAT 797 F;Sulfuro Baja Ley;ESP/F08/1768/R800;FASE 8;STOCK_SBL1;2078,427979;6;ESPERANZA
25-06-2023;CF2;C23;CAT 797 F;Sulfuro Baja Ley;ESP/F08/1768/R800;FASE 8;STOCK_SBL1;1732,02002;5;ESPERANZA
25-06-2023;CF2;C23;CAT 797 F;Sulfuro de Media;ESP/F08/1768/R800;FASE 8;STOCK_SME;692,8079834;2;ESPERANZA
25-06-2023;CF2;C24;CAT 797 F;Sulfuro Baja Ley;ESP/F08/1768/R800;FASE 8;STOCK_SBL1;346,4039917;1;ESPERANZA
25-06-2023;CF2;C24;CAT 797 F;Sulfuro de Media;ESP/F08/1768/R800;FASE 8;STOCK_SME;346,4039917;1;ESPERANZA
25-06-2023;CF2;C25;CAT 797 F;Sulfuro de Media;ESP/F08/1768/R800;FASE 8;STOCK_SME;1039,211975;3;ESPERANZA
25-06-2023;CF2;C32;CAT 797 F;Sulfuro Baja Ley;ESP/F08/1768/R800;FASE 8;STOCK_SBL1;346,4039917;1;ESPERANZA
25-06-2023;CF2;C36;CAT 797 F;Sulfuro Baja Ley;ESP/F08/1768/R800;FASE 8;STOCK_SBL1;1385,615967;4;ESPERANZA
25-06-2023;CF2;C36;CAT 797 F;Sulfuro de Media;ESP/F08/1768/R800;FASE 8;STOCK_SME;346,4039917;1;ESPERANZA
25-06-2023;CF2;C37;CAT 797 F;Sulfuro Baja Ley;ESP/F08/1768/R800;FASE 8;STOCK_SBL1;346,4039917;1;ESPERANZA
25-06-2023;CF2;C37;CAT 797 F;Sulfuro de Media;ESP/F08/1768/R800;FASE 8;STOCK_SME;692,8079834;2;ESPERANZA
25-06-2023;CF2;C38;CAT 797 F;Sulfuro Baja Ley;ESP/F08/1768/R800;FASE 8;STOCK_SBL1;346,4039917;1;ESPERANZA
25-06-2023;CF2;C38;CAT 797 F;Sulfuro de Media;ESP/F08/1768/R800;FASE 8;STOCK_SME;692,8079834;2;ESPERANZA
25-06-2023;CF2;C39;CAT 797 F;Sulfuro Baja Ley;ESP/F08/1768/R800;FASE 8;STOCK_SBL1;692,8079834;2;ESPERANZA
25-06-2023;CF2;C40;CAT 797 F;Sulfuro de Media;ESP/F08/1768/R800;FASE 8;STOCK_SME;346,4039917;1;ESPERANZA
25-06-2023;CF2;C41;CAT 797 F;Sulfuro Baja Ley;ESP/F08/1768/R800;FASE 8;STOCK_SBL1;346,4039917;1;ESPERANZA
25-06-2023;CF2;C41;CAT 797 F;Sulfuro de Media;ESP/F08/1768/R800;FASE 8;STOCK_SME;346,4039917;1;ESPERANZA
25-06-2023;CF2;C42;CAT 797 F;Sulfuro Baja Ley;ESP/F08/1768/R800;FASE 8;STOCK_SBL1;346,4039917;1;ESPERANZA
25-06-2023;CF2;C42;CAT 797 F;Sulfuro de Media;ESP/F08/1768/R800;FASE 8;STOCK_SME;346,4039917;1;ESPERANZA
25-06-2023;CF2;C43;CAT 797 F;Sulfuro Baja Ley;ESP/F08/1768/R800;FASE 8;STOCK_SBL1;346,4039917;1;ESPERANZA
25-06-2023;CF2;C44;CAT 797 F;Sulfuro Baja Ley;ESP/F08/1768/R800;FASE 8;STOCK_SBL1;346,4039917;1;ESPERANZA
25-06-2023;CF2;C44;CAT 797 F;Sulfuro de Media;ESP/F08/1768/R800;FASE 8;STOCK_SME;346,4039917;1;ESPERANZA
25-06-2023;CF2;C45;CAT 797 F;Sulfuro de Media;ESP/F08/1768/R800;FASE 8;STOCK_SME;346,4039917;1;ESPERANZA
25-06-2023;CF2;C46;CAT 797 F;Sulfuro Baja Ley;ESP/F08/1768/R800;FASE 8;STOCK_SBL1;692,8079834;2;ESPERANZA
25-06-2023;CF2;C47;CAT 797 F;Sulfuro de Media;ESP/F08/1768/R800;FASE 8;STOCK_SME;346,4039917;1;ESPERANZA
25-06-2023;CF2;C49;KOM 930 E;Sulfuro Baja Ley;ESP/F08/1768/R800;FASE 8;STOCK_SBL1;291;1;ESPERANZA
25-06-2023;CF2;C50;KOM 930 E;Sulfuro Baja Ley;ESP/F08/1768/R800;FASE 8;STOCK_SBL1;291;1;ESPERANZA
25-06-2023;CF2;C52;KOM 930 E;Sulfuro Baja Ley;ESP/F08/1768/R800;FASE 8;STOCK_SBL1;291;1;ESPERANZA
25-06-2023;CF2;C53;KOM 930 E;Sulfuro Baja Ley;ESP/F08/1768/R800;FASE 8;STOCK_SBL1;291;1;ESPERANZA
25-06-2023;CF2;C58;KOM 930 E;Sulfuro Baja Ley;ESP/F08/1768/R800;FASE 8;STOCK_SBL1;873;3;ESPERANZA
25-06-2023;CF2;C59;KOM 930 E;Sulfuro Baja Ley;ESP/F08/1768/R800;FASE 8;STOCK_SBL1;291;1;ESPERANZA
25-06-2023;CF2;C61;KOM 930 E;Sulfuro Baja Ley;ESP/F08/1768/R800;FASE 8;STOCK_SBL1;582;2;ESPERANZA
25-06-2023;CF203;C121;CAT 793 C;Lastre Oxidado;ESP/F10/2296/1060;FASE 10;BOT_MIJO;216,4360046;1;ESPERANZA
25-06-2023;CF203;C121;CAT 793 C;Lastre Oxidado;ESP/F10/2296/1061;FASE 10;BOT_CENTRAL_SUR_INF;440;2;ESPERANZA
25-06-2023;CF203;C122;CAT 793 C;Lastre Oxidado;ESP/F10/2296/1060;FASE 10;BOT_MIJO;216,4360046;1;ESPERANZA
25-06-2023;CF203;C122;CAT 793 C;Lastre Oxidado;ESP/F10/2296/1061;FASE 10;BOT_CENTRAL_SUR_INF;220;1;ESPERANZA
25-06-2023;CF203;C123;CAT 793 C;Lastre Oxidado;ESP/F10/2296/1060;FASE 10;BOT_MIJO;216,4360046;1;ESPERANZA
25-06-2023;CF203;C125;CAT 793 C;Lastre Oxidado;ESP/F10/2296/1060;FASE 10;BOT_MIJO;432,8729858;2;ESPERANZA
25-06-2023;CF203;C128;CAT 793 C;Lastre Oxidado;ESP/F10/2296/1061;FASE 10;BOT_CENTRAL_SUR_INF;220;1;ESPERANZA
25-06-2023;CF203;C131;CAT 793 C;Lastre Oxidado;ESP/F10/2296/1060;FASE 10;BOT_MIJO;216,4360046;1;ESPERANZA
25-06-2023;CF203;C135;CAT 793 C;Lastre Oxidado;ESP/F10/2296/1061;FASE 10;BOT_CENTRAL_SUR_INF;220;1;ESPERANZA
25-06-2023;CF203;C151;CAT 793 F;Lastre Oxidado;ESP/F10/2296/1061;FASE 10;BOT_CENTRAL_SUR_INF;225;1;ESPERANZA
25-06-2023;CF203;C152;CAT 793 F;Lastre Oxidado;ESP/F10/2296/1061;FASE 10;BOT_CENTRAL_SUR_INF;450;2;ESPERANZA
25-06-2023;CF203;C156;CAT 793 F;Lastre Oxidado;ESP/F10/2296/1060;FASE 10;BOT_CENTRAL_SUR_INF;216,4360046;1;ESPERANZA
25-06-2023;CF203;C156;CAT 793 F;Lastre Oxidado;ESP/F10/2296/1061;FASE 10;BOT_CENTRAL_SUR_INF;225;1;ESPERANZA
25-06-2023;CF203;C159;CAT 793 F;Lastre Oxidado;ESP/F10/2296/1061;FASE 10;BOT_CENTRAL_SUR_INF;225;1;ESPERANZA
25-06-2023;CF203;C163;CAT 793 F;Lastre Oxidado;ESP/F10/2296/1060;FASE 10;BOT_MIJO;216,4360046;1;ESPERANZA
25-06-2023;CF203;C163;CAT 793 F;Lastre Oxidado;ESP/F10/2296/1061;FASE 10;BOT_CENTRAL_SUR_INF;675;3;ESPERANZA
25-06-2023;CF231;C121;CAT 793 C;Lastre Sulfurado;ESP/F10/2312/1290;FASE 10;BOT_CENTRAL_SUR_INF;216,4360046;1;ESPERANZA
25-06-2023;CF231;C121;CAT 793 C;Lastre Sulfurado;ESP/F10/2312/1290;FASE 10;BOT_MIJO;649,309021;3;ESPERANZA
25-06-2023;CF231;C121;CAT 793 C;Lastre Sulfurado;ESP/F10/2312/1290;FASE 10;BOT-ESTE;216,4360046;1;ESPERANZA
25-06-2023;CF231;C121;CAT 793 C;Sulfuro de Alta Ley;STOCK_SAL_DIN;ESPERANZA;CHANCADO-SULFURO;1084,801971;5;ESPERANZA
25-06-2023;CF231;C122;CAT 793 C;Lastre Sulfurado;ESP/F10/2312/1290;FASE 10;BOT_CENTRAL_SUR_INF;216,4360046;1;ESPERANZA
25-06-2023;CF231;C122;CAT 793 C;Sulfuro de Alta Ley;STOCK_SAL_DIN;ESPERANZA;CHANCADO-SULFURO;216,9600067;1;ESPERANZA
25-06-2023;CF231;C123;CAT 793 C;Lastre Sulfurado;ESP/F10/2312/1290;FASE 10;BOT-ESTE;216,4360046;1;ESPERANZA
25-06-2023;CF231;C125;CAT 793 C;Lastre Sulfurado;ESP/F10/2312/1290;FASE 10;BOT_MIJO;432,8729858;2;ESPERANZA
25-06-2023;CF231;C125;CAT 793 C;Sulfuro de Alta Ley;STOCK_SAL_DIN;ESPERANZA;CHANCADO-SULFURO;216,9600067;1;ESPERANZA
25-06-2023;CF231;C128;CAT 793 C;Sulfuro de Alta Ley;STOCK_SAL_DIN;ESPERANZA;CHANCADO-SULFURO;2603,524948;12;ESPERANZA
25-06-2023;CF231;C131;CAT 793 C;Lastre Sulfurado;ESP/F10/2312/1290;FASE 10;BOT_MIJO;432,8720093;2;ESPERANZA
25-06-2023;CF231;C132;CAT 793 C;Lastre Sulfurado;ESP/F10/2312/1290;FASE 10;BOT_MIJO;2164,366058;10;ESPERANZA
25-06-2023;CF231;C134;CAT 793 C;Lastre Sulfurado;ESP/F10/2312/1290;FASE 10;BOT_CENTRAL_SUR_INF;865,7459717;4;ESPERANZA
25-06-2023;CF231;C135;CAT 793 C;Lastre Sulfurado;ESP/F10/2312/1290;FASE 10;BOT_CENTRAL_SUR_INF;216,4360046;1;ESPERANZA
25-06-2023;CF231;C135;CAT 793 C;Lastre Sulfurado;ESP/F10/2312/1290;FASE 10;BOT_MIJO;649,309021;3;ESPERANZA
25-06-2023;CF231;C135;CAT 793 C;Sulfuro de Alta Ley;STOCK_SAL_DIN;ESPERANZA;CHANCADO-SULFURO;3254,41098;15;ESPERANZA
25-06-2023;CF231;C152;CAT 793 F;Lastre Sulfurado;ESP/F10/2312/1290;FASE 10;BOT_CENTRAL_SUR_INF;216,4360046;1;ESPERANZA
25-06-2023;CF231;C153;CAT 793 F;Lastre Sulfurado;ESP/F10/2312/1290;FASE 10;BOT_MIJO;216,4360046;1;ESPERANZA
25-06-2023;CF231;C155;CAT 793 F;Lastre Sulfurado;ESP/F10/2312/1290;FASE 10;BOT_CENTRAL_SUR_INF;216,4360046;1;ESPERANZA
25-06-2023;CF231;C156;CAT 793 F;Lastre Sulfurado;ESP/F10/2312/1290;FASE 10;BOT_CENTRAL_SUR_INF;432,8729858;2;ESPERANZA
25-06-2023;CF231;C156;CAT 793 F;Lastre Sulfurado;ESP/F10/2312/1290;FASE 10;BOT_MIJO;216,4360046;1;ESPERANZA
25-06-2023;CF231;C161;CAT 793 F;Lastre Sulfurado;ESP/F10/2312/1290;FASE 10;BOT_MIJO;1082,180054;5;ESPERANZA
25-06-2023;CF231;C162;CAT 793 F;Sulfuro de Alta Ley;STOCK_SAL_DIN;ESPERANZA;CHANCADO-SULFURO;433,92099;2;ESPERANZA
25-06-2023;CF231;C163;CAT 793 F;Lastre Sulfurado;ESP/F10/2312/1290;FASE 10;BOT_CENTRAL_SUR_INF;216,4360046;1;ESPERANZA
25-06-2023;CF231;C163;CAT 793 F;Lastre Sulfurado;ESP/F10/2312/1290;FASE 10;BOT_MIJO;216,4360046;1;ESPERANZA
25-06-2023;CF231;C163;CAT 793 F;Sulfuro de Alta Ley;STOCK_SAL_DIN;ESPERANZA;CHANCADO-SULFURO;433,9200134;2;ESPERANZA
25-06-2023;CF231;C164;CAT 793 F;Sulfuro de Alta Ley;STOCK_SAL_DIN;ESPERANZA;CHANCADO-SULFURO;3037,449951;14;ESPERANZA
25-06-2023;CF232;C123;CAT 793 C;Marginal;STM-02;OXIDO;CHANCADO-OXIDO;5410,914917;25;TESORO
25-06-2023;CF232;C132;CAT 793 C;Marginal;STM-02;OXIDO;CHANCADO-OXIDO;4328,732025;20;TESORO
25-06-2023;CF232;C134;CAT 793 C;Marginal;STM-02;OXIDO;CHANCADO-OXIDO;1082,181976;5;TESORO
25-06-2023;CF232;C153;CAT 793 F;Marginal;STM-02;OXIDO;CHANCADO-OXIDO;5410,913147;25;TESORO
25-06-2023;CF232;C154;CAT 793 F;Marginal;STM-02;OXIDO;CHANCADO-OXIDO;10172,51501;47;TESORO
25-06-2023;CF232;C154;CAT 793 F;Marginal;STM-02;OXIDO;STM-02;432,8720093;2;TESORO
25-06-2023;CF232;C154;CAT 793 F;Marginal;STM-02;OXIDO;ST-SB-02-02;216,4360046;1;TESORO
25-06-2023;CF232;C159;CAT 793 F;Marginal;STM-02;OXIDO;CHANCADO-OXIDO;4978,038971;23;TESORO
25-06-2023;CF233;C121;CAT 793 C;Lastre Oxidado;ESP/F10/2328/130;FASE 10;BOT-ESTE;216,4360046;1;ESPERANZA
25-06-2023;CF233;C121;CAT 793 C;Lastre Sulfurado;ESP/F10/2244/103;FASE 10;BOT_PLATAFORMA;649,309021;3;ESPERANZA
25-06-2023;CF233;C122;CAT 793 C;Lastre Oxidado;ESP/F10/2328/130;FASE 10;BOT-ESTE;216,4360046;1;ESPERANZA
25-06-2023;CF233;C122;CAT 793 C;Lastre Sulfurado;ESP/F10/2244/103;FASE 10;BOT_PLATAFORMA;4978,041016;23;ESPERANZA
25-06-2023;CF233;C122;CAT 793 C;Lastre Sulfurado;ESP/F10/2244/103;FASE 10;BOT-ESTE;649,309021;3;ESPERANZA
25-06-2023;CF233;C125;CAT 793 C;Lastre Sulfurado;ESP/F10/2244/103;FASE 10;BOT_PLATAFORMA;2597,242065;12;ESPERANZA
25-06-2023;CF233;C128;CAT 793 C;Lastre Oxidado;ESP/F10/2328/130;FASE 10;BOT-ESTE;432,8729858;2;ESPERANZA
25-06-2023;CF233;C128;CAT 793 C;Lastre Sulfurado;ESP/F10/2244/103;FASE 10;BOT_PLATAFORMA;1515,054993;7;ESPERANZA
25-06-2023;CF233;C128;CAT 793 C;Lastre Sulfurado;ESP/F10/2244/103;FASE 10;BOT-ESTE;865,7459717;4;ESPERANZA
25-06-2023;CF233;C129;CAT 793 C;Lastre Sulfurado;ESP/F10/2244/103;FASE 10;BOT_PLATAFORMA;2164,365967;10;ESPERANZA
25-06-2023;CF233;C131;CAT 793 C;Lastre Sulfurado;ESP/F10/2244/103;FASE 10;BOT_PLATAFORMA;3030,112122;14;ESPERANZA
25-06-2023;CF233;C132;CAT 793 C;Lastre Sulfurado;ESP/F10/2244/103;FASE 10;BOT_PLATAFORMA;216,4360046;1;ESPERANZA
25-06-2023;CF233;C134;CAT 793 C;Lastre Oxidado;ESP/F10/2328/130;FASE 10;BOT-ESTE;432,8729858;2;ESPERANZA
25-06-2023;CF233;C134;CAT 793 C;Lastre Sulfurado;ESP/F10/2244/103;FASE 10;BOT_PLATAFORMA;649,309021;3;ESPERANZA
25-06-2023;CF233;C134;CAT 793 C;Lastre Sulfurado;ESP/F10/2244/103;FASE 10;BOT-ESTE;432,8729858;2;ESPERANZA
25-06-2023;CF233;C135;CAT 793 C;Lastre Sulfurado;ESP/F10/2244/103;FASE 10;BOT_MIJO;216,4360046;1;ESPERANZA
25-06-2023;CF233;C135;CAT 793 C;Lastre Sulfurado;ESP/F10/2244/103;FASE 10;BOT_PLATAFORMA;1515,054962;7;ESPERANZA
25-06-2023;CF233;C135;CAT 793 C;Lastre Sulfurado;ESP/F10/2244/103;FASE 10;BOT-ESTE;216,4360046;1;ESPERANZA
25-06-2023;CF233;C151;CAT 793 F;Lastre Sulfurado;ESP/F10/2244/103;FASE 10;BOT_PLATAFORMA;216,4360046;1;ESPERANZA
25-06-2023;CF233;C151;CAT 793 F;Lastre Sulfurado;ESP/F10/2244/103;FASE 10;BOT-ESTE;216,4360046;1;ESPERANZA
25-06-2023;CF233;C152;CAT 793 F;Lastre Oxidado;ESP/F10/2328/130;FASE 10;BOT-ESTE;216,4360046;1;ESPERANZA
25-06-2023;CF233;C152;CAT 793 F;Lastre Sulfurado;ESP/F10/2244/103;FASE 10;BOT_PLATAFORMA;2380,801971;11;ESPERANZA
25-06-2023;CF233;C152;CAT 793 F;Lastre Sulfurado;ESP/F10/2244/103;FASE 10;BOT-ESTE;649,309021;3;ESPERANZA
25-06-2023;CF233;C153;CAT 793 F;Lastre Sulfurado;ESP/F10/2244/103;FASE 10;BOT_PLATAFORMA;432,8729858;2;ESPERANZA
25-06-2023;CF233;C155;CAT 793 F;Lastre Oxidado;ESP/F10/2328/130;FASE 10;BOT-ESTE;432,8729858;2;ESPERANZA
25-06-2023;CF233;C156;CAT 793 F;Lastre Sulfurado;ESP/F10/2244/103;FASE 10;BOT_PLATAFORMA;432,8729858;2;ESPERANZA
25-06-2023;CF233;C159;CAT 793 F;Lastre Oxidado;ESP/F10/2328/130;FASE 10;BOT_CENTRAL_SUR_INF;216,4360046;1;ESPERANZA
25-06-2023;CF233;C159;CAT 793 F;Lastre Oxidado;ESP/F10/2328/130;FASE 10;BOT-ESTE;432,8729858;2;ESPERANZA
25-06-2023;CF233;C159;CAT 793 F;Lastre Sulfurado;ESP/F10/2244/103;FASE 10;BOT_PLATAFORMA;432,8729858;2;ESPERANZA
25-06-2023;CF233;C159;CAT 793 F;Lastre Sulfurado;ESP/F10/2244/103;FASE 10;BOT-ESTE;432,8729858;2;ESPERANZA
25-06-2023;CF233;C160;CAT 793 F;Lastre Sulfurado;ESP/F10/2244/103;FASE 10;BOT_PLATAFORMA;216,4360046;1;ESPERANZA
25-06-2023;CF233;C162;CAT 793 F;Lastre Sulfurado;ESP/F10/2244/103;FASE 10;BOT-ESTE;649,309021;3;ESPERANZA
25-06-2023;CF233;C163;CAT 793 F;Lastre Sulfurado;ESP/F10/2244/103;FASE 10;BOT_PLATAFORMA;649,3089905;3;ESPERANZA
25-06-2023;CF233;C163;CAT 793 F;Lastre Sulfurado;ESP/F10/2244/103;FASE 10;BOT-ESTE;216,4360046;1;ESPERANZA
25-06-2023;CF233;C164;CAT 793 F;Lastre Sulfurado;ESP/F10/2244/103;FASE 10;BOT_PLATAFORMA;216,4360046;1;ESPERANZA
25-06-2023;CF234;C121;CAT 793 C;Lastre Oxidado;ESP/F10/2296/1051;FASE 10;BOT_CENTRAL_SUR_INF;432,8729858;2;ESPERANZA
25-06-2023;CF234;C121;CAT 793 C;Lastre Oxidado;ESP/F10/2328/130;FASE 10;BOT_MIJO;216,4360046;1;ESPERANZA
25-06-2023;CF234;C121;CAT 793 C;Lastre Oxidado;ESP/F10/2328/130;FASE 10;BOT_PLATAFORMA;649,309021;3;ESPERANZA
25-06-2023;CF234;C121;CAT 793 C;Sulfuro de Alta Ley;STOCK_SAL_DIN;ESPERANZA;CHANCADO-SULFURO;650,8809814;3;ESPERANZA
25-06-2023;CF234;C122;CAT 793 C;Lastre Oxidado;ESP/F10/2296/1060;FASE 10;BOT_CENTRAL_SUR_INF;865,7459717;4;ESPERANZA
25-06-2023;CF234;C122;CAT 793 C;Lastre Oxidado;ESP/F10/2328/130;FASE 10;BOT_MIJO;216,4360046;1;ESPERANZA
25-06-2023;CF234;C122;CAT 793 C;Lastre Oxidado;ESP/F10/2328/130;FASE 10;BOT_PLATAFORMA;1298,619995;6;ESPERANZA
25-06-2023;CF234;C122;CAT 793 C;Sulfuro de Alta Ley;STOCK_SAL_DIN;ESPERANZA;CHANCADO-SULFURO;433,92099;2;ESPERANZA
25-06-2023;CF234;C125;CAT 793 C;Lastre Oxidado;ESP/F10/2296/1060;FASE 10;BOT_CENTRAL_SUR_INF;432,8729858;2;ESPERANZA
25-06-2023;CF234;C125;CAT 793 C;Lastre Oxidado;ESP/F10/2328/130;FASE 10;BOT_MIJO;649,309021;3;ESPERANZA
25-06-2023;CF234;C125;CAT 793 C;Sulfuro de Alta Ley;STOCK_SAL_DIN;ESPERANZA;CHANCADO-SULFURO;216,9600067;1;ESPERANZA
25-06-2023;CF234;C128;CAT 793 C;Lastre Oxidado;ESP/F10/2296/1051;FASE 10;BOT_CENTRAL_SUR_INF;216,4360046;1;ESPERANZA
25-06-2023;CF234;C128;CAT 793 C;Lastre Oxidado;ESP/F10/2296/1060;FASE 10;BOT_CENTRAL_SUR_INF;865,7459717;4;ESPERANZA
25-06-2023;CF234;C128;CAT 793 C;Lastre Oxidado;ESP/F10/2296/1060;FASE 10;BOT_MIJO;432,8729858;2;ESPERANZA
25-06-2023;CF234;C128;CAT 793 C;Sulfuro de Alta Ley;STOCK_SAL_DIN;ESPERANZA;CHANCADO-SULFURO;2169,601044;10;ESPERANZA
25-06-2023;CF234;C129;CAT 793 C;Sulfuro de Alta Ley;STOCK_SAL_DIN;ESPERANZA;CHANCADO-SULFURO;867,84198;4;ESPERANZA
25-06-2023;CF234;C131;CAT 793 C;Lastre Oxidado;ESP/F10/2296/1060;FASE 10;BOT_MIJO;649,309021;3;ESPERANZA
25-06-2023;CF234;C131;CAT 793 C;Lastre Oxidado;ESP/F10/2328/130;FASE 10;BOT_MIJO;216,4360046;1;ESPERANZA
25-06-2023;CF234;C132;CAT 793 C;Lastre Oxidado;ESP/F10/2328/130;FASE 10;BOT_MIJO;216,4360046;1;ESPERANZA
25-06-2023;CF234;C134;CAT 793 C;Lastre Oxidado;ESP/F10/2296/1060;FASE 10;BOT_CENTRAL_SUR_INF;432,8729858;2;ESPERANZA
25-06-2023;CF234;C134;CAT 793 C;Lastre Oxidado;ESP/F10/2328/130;FASE 10;BOT_MIJO;216,4360046;1;ESPERANZA
25-06-2023;CF234;C135;CAT 793 C;Lastre Oxidado;ESP/F10/2296/1051;FASE 10;BOT_CENTRAL_SUR_INF;649,309021;3;ESPERANZA
25-06-2023;CF234;C135;CAT 793 C;Lastre Oxidado;ESP/F10/2296/1060;FASE 10;BOT_CENTRAL_SUR_INF;216,4360046;1;ESPERANZA
25-06-2023;CF234;C135;CAT 793 C;Lastre Oxidado;ESP/F10/2328/130;FASE 10;BOT_MIJO;216,4360046;1;ESPERANZA
25-06-2023;CF234;C135;CAT 793 C;Sulfuro de Alta Ley;STOCK_SAL_DIN;ESPERANZA;CHANCADO-SULFURO;2169,60199;10;ESPERANZA
25-06-2023;CF234;C151;CAT 793 F;Lastre Oxidado;ESP/F10/2296/1060;FASE 10;BOT_MIJO;649,309021;3;ESPERANZA
25-06-2023;CF234;C152;CAT 793 F;Lastre Oxidado;ESP/F10/2296/1051;FASE 10;BOT_CENTRAL_SUR_INF;432,8729858;2;ESPERANZA
25-06-2023;CF234;C152;CAT 793 F;Lastre Oxidado;ESP/F10/2296/1060;FASE 10;BOT_CENTRAL_SUR_INF;216,4360046;1;ESPERANZA
25-06-2023;CF234;C152;CAT 793 F;Lastre Oxidado;ESP/F10/2328/130;FASE 10;BOT_PLATAFORMA;216,4360046;1;ESPERANZA
25-06-2023;CF234;C152;CAT 793 F;Sulfuro de Alta Ley;STOCK_SAL_DIN;ESPERANZA;CHANCADO-SULFURO;650,8809967;3;ESPERANZA
25-06-2023;CF234;C156;CAT 793 F;Lastre Oxidado;ESP/F10/2296/1051;FASE 10;BOT_CENTRAL_SUR_INF;216,4360046;1;ESPERANZA
25-06-2023;CF234;C156;CAT 793 F;Lastre Oxidado;ESP/F10/2296/1060;FASE 10;BOT_CENTRAL_SUR_INF;216,4360046;1;ESPERANZA
25-06-2023;CF234;C156;CAT 793 F;Lastre Oxidado;ESP/F10/2296/1060;FASE 10;BOT_INT_RB;216,4360046;1;ESPERANZA
25-06-2023;CF234;C156;CAT 793 F;Lastre Oxidado;ESP/F10/2296/1060;FASE 10;BOT_MIJO;432,8729858;2;ESPERANZA
25-06-2023;CF234;C159;CAT 793 F;Lastre Oxidado;ESP/F10/2296/1051;FASE 10;BOT_CENTRAL_SUR_INF;216,4360046;1;ESPERANZA
25-06-2023;CF234;C159;CAT 793 F;Lastre Oxidado;ESP/F10/2296/1060;FASE 10;BOT_CENTRAL_SUR_INF;216,4360046;1;ESPERANZA
25-06-2023;CF234;C161;CAT 793 F;Lastre Oxidado;ESP/F10/2296/1060;FASE 10;BOT_CENTRAL_SUR_INF;649,309021;3;ESPERANZA
25-06-2023;CF234;C161;CAT 793 F;Lastre Oxidado;ESP/F10/2296/1060;FASE 10;BOT_MIJO;216,4360046;1;ESPERANZA
25-06-2023;CF234;C162;CAT 793 F;Lastre Oxidado;ESP/F10/2296/1051;FASE 10;BOT_CENTRAL_SUR_INF;216,4360046;1;ESPERANZA
25-06-2023;CF234;C162;CAT 793 F;Lastre Oxidado;ESP/F10/2296/1060;FASE 10;BOT_MIJO;216,4360046;1;ESPERANZA
25-06-2023;CF234;C162;CAT 793 F;Lastre Oxidado;ESP/F10/2328/130;FASE 10;BOT_PLATAFORMA;432,8729858;2;ESPERANZA
25-06-2023;CF234;C162;CAT 793 F;Sulfuro de Alta Ley;STOCK_SAL_DIN;ESPERANZA;CHANCADO-SULFURO;1084,801971;5;ESPERANZA
25-06-2023;CF234;C162;CAT 793 F;Sulfuro de Alta Ley;STOCK_SAL_DIN;ESPERANZA;STOCK_SAL_DIN;433,92099;2;ESPERANZA
25-06-2023;CF234;C163;CAT 793 F;Lastre Oxidado;ESP/F10/2296/1060;FASE 10;BOT_CENTRAL_SUR_INF;649,309021;3;ESPERANZA
25-06-2023;CF234;C163;CAT 793 F;Lastre Oxidado;ESP/F10/2296/1060;FASE 10;BOT_MIJO;432,8729858;2;ESPERANZA
25-06-2023;CF234;C163;CAT 793 F;Lastre Oxidado;ESP/F10/2328/130;FASE 10;BOT_MIJO;432,8729858;2;ESPERANZA
25-06-2023;CF234;C163;CAT 793 F;Lastre Oxidado;ESP/F10/2328/130;FASE 10;BOT_PLATAFORMA;865,7459717;4;ESPERANZA
25-06-2023;CF234;C163;CAT 793 F;Sulfuro de Alta Ley;STOCK_SAL_DIN;ESPERANZA;CHANCADO-SULFURO;216,9600067;1;ESPERANZA
25-06-2023;CF4;C980AHSESPS;Kom 980 AHS;Lastre Oxidado;ESS/F03/2216/3170;F03 ESPSUR;BOTADERO_2021;36000;100;ESPERANZA_SUR
25-06-2023;CF4;C980AHSESPS;Kom 980 AHS;Lastre Oxidado;ESS/F03/2216/3231;F03 ESPSUR;BOTADERO_2021;5760;16;ESPERANZA_SUR
25-06-2023;PA1;C08;CAT 797 B;Lastre Oxidado;ESP/F07/2104/707;FASE 7;BOT_CENTRAL_SUR_INF;346,4039917;1;ESPERANZA
25-06-2023;PA1;C08;CAT 797 B;Lastre Oxidado;ESP/F07/2104/707;FASE 7;BOT_MIJO;1732,02002;5;ESPERANZA
25-06-2023;PA1;C10;CAT 797 B;Lastre Oxidado;ESP/F07/2104/707;FASE 7;BOT_MIJO;692,8079834;2;ESPERANZA
25-06-2023;PA1;C12;CAT 797 B;Lastre Oxidado;ESP/F07/2104/707;FASE 7;BOT_MIJO;346,4039917;1;ESPERANZA
25-06-2023;PA1;C121;CAT 793 C;Lastre Oxidado;ESP/F07/2104/707;FASE 7;BOT_MIJO;216,4360046;1;ESPERANZA
25-06-2023;PA1;C122;CAT 793 C;Lastre Oxidado;ESP/F07/2104/707;FASE 7;BOT_CENTRAL_SUR_INF;432,8729858;2;ESPERANZA
25-06-2023;PA1;C129;CAT 793 C;Lastre Oxidado;ESP/F07/2104/707;FASE 7;BOT_CENTRAL_SUR_INF;216,4360046;1;ESPERANZA
25-06-2023;PA1;C129;CAT 793 C;Lastre Oxidado;ESP/F07/2104/707;FASE 7;BOT_MIJO;865,7449951;4;ESPERANZA
25-06-2023;PA1;C13;CAT 797 B;Lastre Oxidado;ESP/F07/2104/707;FASE 7;BOT_MIJO;692,8079834;2;ESPERANZA
25-06-2023;PA1;C134;CAT 793 C;Lastre Oxidado;ESP/F07/2104/707;FASE 7;BOT_CENTRAL_SUR_INF;216,4360046;1;ESPERANZA
25-06-2023;PA1;C152;CAT 793 F;Lastre Oxidado;ESP/F07/2104/707;FASE 7;BOT_MIJO;432,8720093;2;ESPERANZA
25-06-2023;PA1;C159;CAT 793 F;Lastre Oxidado;ESP/F07/2104/707;FASE 7;BOT_MIJO;216,4360046;1;ESPERANZA
25-06-2023;PA1;C160;CAT 793 F;Lastre Oxidado;ESP/F07/2104/707;FASE 7;BOT_MIJO;216,4360046;1;ESPERANZA
25-06-2023;PA1;C161;CAT 793 F;Lastre Oxidado;ESP/F07/2104/707;FASE 7;BOT_2380_INT;216,4360046;1;ESPERANZA
25-06-2023;PA1;C162;CAT 793 F;Lastre Oxidado;ESP/F07/2104/707;FASE 7;BOT_MIJO;216,4360046;1;ESPERANZA
25-06-2023;PA1;C17;CAT 797 F;Lastre Oxidado;ESP/F07/2104/707;FASE 7;BOT_MIJO;1385,619995;4;ESPERANZA
25-06-2023;PA1;C18;CAT 797 F;Lastre Oxidado;ESP/F07/2104/707;FASE 7;BOT_MIJO;692,8079834;2;ESPERANZA
25-06-2023;PA1;C19;CAT 797 F;Lastre Oxidado;ESP/F07/2104/707;FASE 7;BOT_MIJO;692,8079834;2;ESPERANZA
25-06-2023;PA1;C24;CAT 797 F;Lastre Oxidado;ESP/F07/2104/707;FASE 7;BOT_MIJO;346,4039917;1;ESPERANZA
25-06-2023;PA1;C36;CAT 797 F;Lastre Oxidado;ESP/F07/2104/707;FASE 7;BOT_MIJO;346,4039917;1;ESPERANZA
25-06-2023;PA1;C40;CAT 797 F;Lastre Oxidado;ESP/F07/2104/707;FASE 7;BOT_MIJO;346,4039917;1;ESPERANZA
25-06-2023;PA1;C41;CAT 797 F;Lastre Oxidado;ESP/F07/2104/707;FASE 7;BOT_MIJO;1732,02002;5;ESPERANZA
25-06-2023;PA1;C49;KOM 930 E;Lastre Oxidado;ESP/F07/2104/707;FASE 7;BOT_2380_INT;291;1;ESPERANZA
25-06-2023;PA1;C49;KOM 930 E;Lastre Oxidado;ESP/F07/2104/707;FASE 7;BOT_CENTRAL_SUR_INF;1455;5;ESPERANZA
25-06-2023;PA1;C49;KOM 930 E;Lastre Oxidado;ESP/F07/2104/707;FASE 7;BOT_MIJO;1455;5;ESPERANZA
25-06-2023;PA1;C50;KOM 930 E;Lastre Oxidado;ESP/F07/2104/707;FASE 7;BOT_CENTRAL_SUR_INF;582;2;ESPERANZA
25-06-2023;PA1;C50;KOM 930 E;Lastre Oxidado;ESP/F07/2104/707;FASE 7;BOT_MIJO;2619;9;ESPERANZA
25-06-2023;PA1;C52;KOM 930 E;Lastre Oxidado;ESP/F07/2104/707;FASE 7;BOT_CENTRAL_SUR_INF;873;3;ESPERANZA
25-06-2023;PA1;C52;KOM 930 E;Lastre Oxidado;ESP/F07/2104/707;FASE 7;BOT_MIJO;1746;6;ESPERANZA
25-06-2023;PA1;C53;KOM 930 E;Lastre Oxidado;ESP/F07/2104/707;FASE 7;BOT_MIJO;582;2;ESPERANZA
25-06-2023;PA1;C54;KOM 930 E;Lastre Oxidado;ESP/F07/2104/707;FASE 7;BOT_CENTRAL_SUR_INF;873;3;ESPERANZA
25-06-2023;PA1;C54;KOM 930 E;Lastre Oxidado;ESP/F07/2104/707;FASE 7;BOT_MIJO;1746;6;ESPERANZA
25-06-2023;PA1;C56;KOM 930 E;Lastre Oxidado;ESP/F07/2104/707;FASE 7;BOT_CENTRAL_SUR_INF;1164;4;ESPERANZA
25-06-2023;PA1;C56;KOM 930 E;Lastre Oxidado;ESP/F07/2104/707;FASE 7;BOT_MIJO;2619;9;ESPERANZA
25-06-2023;PA1;C57;KOM 930 E;Lastre Oxidado;ESP/F07/2104/707;FASE 7;BOT_CENTRAL_SUR_INF;1746;6;ESPERANZA
25-06-2023;PA1;C57;KOM 930 E;Lastre Oxidado;ESP/F07/2104/707;FASE 7;BOT_MIJO;1164;4;ESPERANZA
25-06-2023;PA1;C58;KOM 930 E;Lastre Oxidado;ESP/F07/2104/707;FASE 7;BOT_MIJO;2328;8;ESPERANZA
25-06-2023;PA1;C59;KOM 930 E;Lastre Oxidado;ESP/F07/2104/707;FASE 7;BOT_CENTRAL_SUR_INF;873;3;ESPERANZA
25-06-2023;PA1;C59;KOM 930 E;Lastre Oxidado;ESP/F07/2104/707;FASE 7;BOT_MIJO;1164;4;ESPERANZA
25-06-2023;PA1;C60;KOM 930 E;Lastre Oxidado;ESP/F07/2104/707;FASE 7;BOT_CENTRAL_SUR_INF;873;3;ESPERANZA
25-06-2023;PA1;C60;KOM 930 E;Lastre Oxidado;ESP/F07/2104/707;FASE 7;BOT_MIJO;1746;6;ESPERANZA
25-06-2023;PA1;C61;KOM 930 E;Lastre Oxidado;ESP/F07/2104/707;FASE 7;BOT_MIJO;1746;6;ESPERANZA
25-06-2023;PA10;C980AHSESPS;Kom 980 AHS;Lastre Oxidado;ESS/F03/2200/3040;F03 ESPSUR;BOTADERO_2021;39240;109;ESPERANZA_SUR
25-06-2023;PA11;C20115ESPS;KOM 980 ESPS;Sulfuro de Media;ESS/F02/2104/207;F02 ESPSUR;CHANCADO-SULFURO;24480;68;ESPERANZA_SUR
25-06-2023;PA11;C20115ESPS;KOM 980 ESPS;Sulfuro de Media;ESS/F02/2104/208;F02 ESPSUR;CHANCADO-SULFURO;30600;85;ESPERANZA_SUR
25-06-2023;PA11;C980AHSESPS;Kom 980 AHS;Sulfuro de Media;ESS/F02/2104/207;F02 ESPSUR;STOCK_SME_ESS;18000;50;ESPERANZA_SUR
25-06-2023;PA11;C980AHSESPS;Kom 980 AHS;Sulfuro de Media;ESS/F02/2104/208;F02 ESPSUR;STOCK_SME_ESS;12240;34;ESPERANZA_SUR
25-06-2023;PA2;C08;CAT 797 B;Sulfuro de Alta Ley;ESP/F08/1768/8060;FASE 8;CHANCADO-SULFURO;2771,229919;8;ESPERANZA
25-06-2023;PA2;C08;CAT 797 B;Sulfuro Planta;ESP/F08/1768/R800;FASE 8;STOCK_SPL_DIN;346,4039917;1;ESPERANZA
25-06-2023;PA2;C09;CAT 797 B;Sulfuro de Alta Ley;ESP/F08/1768/8060;FASE 8;CHANCADO-SULFURO;692,8079834;2;ESPERANZA
25-06-2023;PA2;C09;CAT 797 B;Sulfuro de Alta Ley;ESP/F08/1768/8060;FASE 8;STOCK_SAL_DIN;692,8079834;2;ESPERANZA
25-06-2023;PA2;C09;CAT 797 B;Sulfuro Planta;ESP/F08/1768/R800;FASE 8;STOCK_SPL_DIN;346,4039917;1;ESPERANZA
25-06-2023;PA2;C12;CAT 797 B;Sulfuro de Alta Ley;ESP/F08/1768/8060;FASE 8;CHANCADO-SULFURO;1039,211975;3;ESPERANZA
25-06-2023;PA2;C12;CAT 797 B;Sulfuro de Alta Ley;ESP/F08/1768/8060;FASE 8;STOCK_SAL_DIN;346,4039917;1;ESPERANZA
25-06-2023;PA2;C12;CAT 797 B;Sulfuro Planta;ESP/F08/1768/R800;FASE 8;CHANCADO-SULFURO;346,4039917;1;ESPERANZA
25-06-2023;PA2;C12;CAT 797 B;Sulfuro Planta;ESP/F08/1768/R800;FASE 8;STOCK_SPL_DIN;346,4039917;1;ESPERANZA
25-06-2023;PA2;C125;CAT 793 C;Sulfuro de Alta Ley;ESP/F08/1768/8060;FASE 8;CHANCADO-SULFURO;216,4360046;1;ESPERANZA
25-06-2023;PA2;C125;CAT 793 C;Sulfuro de Alta Ley;ESP/F08/1768/8060;FASE 8;STOCK_SPL_DIN;216,4360046;1;ESPERANZA
25-06-2023;PA2;C128;CAT 793 C;Sulfuro de Alta Ley;ESP/F08/1768/8060;FASE 8;CHANCADO-SULFURO;865,7459717;4;ESPERANZA
25-06-2023;PA2;C13;CAT 797 B;Sulfuro de Alta Ley;ESP/F08/1768/8060;FASE 8;CHANCADO-SULFURO;346,4039917;1;ESPERANZA
25-06-2023;PA2;C13;CAT 797 B;Sulfuro de Alta Ley;ESP/F08/1768/8060;FASE 8;STOCK_SAL_DIN;346,4039917;1;ESPERANZA
25-06-2023;PA2;C131;CAT 793 C;Sulfuro de Alta Ley;ESP/F08/1768/8060;FASE 8;CHANCADO-SULFURO;649,3080139;3;ESPERANZA
25-06-2023;PA2;C134;CAT 793 C;Sulfuro de Alta Ley;ESP/F08/1768/8060;FASE 8;CHANCADO-SULFURO;216,4360046;1;ESPERANZA
25-06-2023;PA2;C135;CAT 793 C;Sulfuro de Alta Ley;ESP/F08/1768/8060;FASE 8;CHANCADO-SULFURO;216,4360046;1;ESPERANZA
25-06-2023;PA2;C135;CAT 793 C;Sulfuro de Alta Ley;ESP/F08/1768/8060;FASE 8;STOCK_SPL_DIN;649,309021;3;ESPERANZA
25-06-2023;PA2;C15;CAT 797 B;Sulfuro de Alta Ley;ESP/F08/1768/8060;FASE 8;CHANCADO-SULFURO;1039,211975;3;ESPERANZA
25-06-2023;PA2;C15;CAT 797 B;Sulfuro de Alta Ley;ESP/F08/1768/8060;FASE 8;STOCK_SAL_DIN;346,4039917;1;ESPERANZA
25-06-2023;PA2;C15;CAT 797 B;Sulfuro Planta;ESP/F08/1768/R800;FASE 8;STOCK_SPL_DIN;346,4039917;1;ESPERANZA
25-06-2023;PA2;C151;CAT 793 F;Sulfuro de Alta Ley;ESP/F08/1768/8060;FASE 8;CHANCADO-SULFURO;1082,181;5;ESPERANZA
25-06-2023;PA2;C151;CAT 793 F;Sulfuro de Alta Ley;ESP/F08/1768/8060;FASE 8;STOCK_SPL_DIN;216,4360046;1;ESPERANZA
25-06-2023;PA2;C152;CAT 793 F;Sulfuro de Alta Ley;ESP/F08/1768/8060;FASE 8;CHANCADO-SULFURO;1082,180054;5;ESPERANZA
25-06-2023;PA2;C152;CAT 793 F;Sulfuro de Alta Ley;ESP/F08/1768/8060;FASE 8;STOCK_SAL_DIN;432,8729858;2;ESPERANZA
25-06-2023;PA2;C152;CAT 793 F;Sulfuro Planta;ESP/F08/1768/R800;FASE 8;CHANCADO-SULFURO;216,4360046;1;ESPERANZA
25-06-2023;PA2;C153;CAT 793 F;Sulfuro de Alta Ley;ESP/F08/1768/8060;FASE 8;CHANCADO-SULFURO;216,4360046;1;ESPERANZA
25-06-2023;PA2;C153;CAT 793 F;Sulfuro Planta;ESP/F08/1768/R800;FASE 8;CHANCADO-SULFURO;649,3089905;3;ESPERANZA
25-06-2023;PA2;C153;CAT 793 F;Sulfuro Planta;ESP/F08/1768/R800;FASE 8;STOCK_SPL_DIN;216,4360046;1;ESPERANZA
25-06-2023;PA2;C156;CAT 793 F;Sulfuro de Alta Ley;ESP/F08/1768/8060;FASE 8;CHANCADO-SULFURO;1082,181;5;ESPERANZA
25-06-2023;PA2;C156;CAT 793 F;Sulfuro de Alta Ley;ESP/F08/1768/8060;FASE 8;STOCK_SAL_DIN;216,4360046;1;ESPERANZA
25-06-2023;PA2;C160;CAT 793 F;Sulfuro de Alta Ley;ESP/F08/1768/8060;FASE 8;CHANCADO-SULFURO;432,8720093;2;ESPERANZA
25-06-2023;PA2;C161;CAT 793 F;Sulfuro de Alta Ley;ESP/F08/1768/8060;FASE 8;CHANCADO-SULFURO;865,7459717;4;ESPERANZA
25-06-2023;PA2;C161;CAT 793 F;Sulfuro de Alta Ley;ESP/F08/1768/8060;FASE 8;STOCK_SAL_DIN;216,4360046;1;ESPERANZA
25-06-2023;PA2;C161;CAT 793 F;Sulfuro Planta;ESP/F08/1768/R800;FASE 8;CHANCADO-SULFURO;216,4360046;1;ESPERANZA
25-06-2023;PA2;C161;CAT 793 F;Sulfuro Planta;ESP/F08/1768/R800;FASE 8;STOCK_SPL_DIN;432,8729858;2;ESPERANZA
25-06-2023;PA2;C162;CAT 793 F;Sulfuro de Alta Ley;ESP/F08/1768/8060;FASE 8;CHANCADO-SULFURO;649,309021;3;ESPERANZA
25-06-2023;PA2;C162;CAT 793 F;Sulfuro de Alta Ley;ESP/F08/1768/8060;FASE 8;STOCK_SAL_DIN;216,4360046;1;ESPERANZA
25-06-2023;PA2;C162;CAT 793 F;Sulfuro Planta;ESP/F08/1768/R800;FASE 8;CHANCADO-SULFURO;216,4360046;1;ESPERANZA
25-06-2023;PA2;C162;CAT 793 F;Sulfuro Planta;ESP/F08/1768/R800;FASE 8;STOCK_SPL_DIN;432,8729858;2;ESPERANZA
25-06-2023;PA2;C163;CAT 793 F;Sulfuro de Alta Ley;ESP/F08/1768/8060;FASE 8;CHANCADO-SULFURO;865,7449951;4;ESPERANZA
25-06-2023;PA2;C164;CAT 793 F;Sulfuro de Alta Ley;ESP/F08/1768/8060;FASE 8;CHANCADO-SULFURO;865,7459717;4;ESPERANZA
25-06-2023;PA2;C164;CAT 793 F;Sulfuro Planta;ESP/F08/1768/R800;FASE 8;CHANCADO-SULFURO;432,8729858;2;ESPERANZA
25-06-2023;PA2;C164;CAT 793 F;Sulfuro Planta;ESP/F08/1768/R800;FASE 8;STOCK_SPL_DIN;216,4360046;1;ESPERANZA
25-06-2023;PA2;C17;CAT 797 F;Sulfuro de Alta Ley;ESP/F08/1768/8060;FASE 8;CHANCADO-SULFURO;346,4039917;1;ESPERANZA
25-06-2023;PA2;C18;CAT 797 F;Sulfuro de Alta Ley;ESP/F08/1768/8060;FASE 8;CHANCADO-SULFURO;1385,619995;4;ESPERANZA
25-06-2023;PA2;C18;CAT 797 F;Sulfuro de Alta Ley;ESP/F08/1768/8060;FASE 8;STOCK_SPL_DIN;346,4039917;1;ESPERANZA
25-06-2023;PA2;C18;CAT 797 F;Sulfuro Planta;ESP/F08/1768/R800;FASE 8;STOCK_SPL_DIN;346,4039917;1;ESPERANZA
25-06-2023;PA2;C19;CAT 797 F;Sulfuro de Alta Ley;ESP/F08/1768/8060;FASE 8;CHANCADO-SULFURO;692,8079834;2;ESPERANZA
25-06-2023;PA2;C19;CAT 797 F;Sulfuro de Alta Ley;ESP/F08/1768/8060;FASE 8;STOCK_SAL_DIN;346,4039917;1;ESPERANZA
25-06-2023;PA2;C20;CAT 797 F;Sulfuro de Alta Ley;ESP/F08/1768/8060;FASE 8;CHANCADO-SULFURO;1385,613953;4;ESPERANZA
25-06-2023;PA2;C20;CAT 797 F;Sulfuro de Alta Ley;ESP/F08/1768/8060;FASE 8;STOCK_SAL_DIN;346,4039917;1;ESPERANZA
25-06-2023;PA2;C21;CAT 797 F;Sulfuro de Alta Ley;ESP/F08/1768/8060;FASE 8;CHANCADO-SULFURO;1039,209961;3;ESPERANZA
25-06-2023;PA2;C21;CAT 797 F;Sulfuro de Alta Ley;ESP/F08/1768/8060;FASE 8;STOCK_SAL_DIN;346,4039917;1;ESPERANZA
25-06-2023;PA2;C22;CAT 797 F;Sulfuro de Alta Ley;ESP/F08/1768/8060;FASE 8;CHANCADO-SULFURO;346,4039917;1;ESPERANZA
25-06-2023;PA2;C22;CAT 797 F;Sulfuro Planta;ESP/F08/1768/R800;FASE 8;CHANCADO-SULFURO;346,4039917;1;ESPERANZA
25-06-2023;PA2;C23;CAT 797 F;Sulfuro de Alta Ley;ESP/F08/1768/8060;FASE 8;CHANCADO-SULFURO;1732,017944;5;ESPERANZA
25-06-2023;PA2;C24;CAT 797 F;Sulfuro de Alta Ley;ESP/F08/1768/8060;FASE 8;CHANCADO-SULFURO;1039,211975;3;ESPERANZA
25-06-2023;PA2;C24;CAT 797 F;Sulfuro de Alta Ley;ESP/F08/1768/8060;FASE 8;STOCK_SAL_DIN;346,4039917;1;ESPERANZA
25-06-2023;PA2;C25;CAT 797 F;Sulfuro de Alta Ley;ESP/F08/1768/8060;FASE 8;CHANCADO-SULFURO;346,4039917;1;ESPERANZA
25-06-2023;PA2;C25;CAT 797 F;Sulfuro de Alta Ley;ESP/F08/1768/8060;FASE 8;STOCK_SAL_DIN;692,8079834;2;ESPERANZA
25-06-2023;PA2;C32;CAT 797 F;Sulfuro de Alta Ley;ESP/F08/1768/8060;FASE 8;CHANCADO-SULFURO;1732,02002;5;ESPERANZA
25-06-2023;PA2;C32;CAT 797 F;Sulfuro de Alta Ley;ESP/F08/1768/8060;FASE 8;STOCK_SAL_DIN;692,8079834;2;ESPERANZA
25-06-2023;PA2;C32;CAT 797 F;Sulfuro Planta;ESP/F08/1768/R800;FASE 8;CHANCADO-SULFURO;346,4039917;1;ESPERANZA
25-06-2023;PA2;C36;CAT 797 F;Sulfuro de Alta Ley;ESP/F08/1768/8060;FASE 8;CHANCADO-SULFURO;1039,211975;3;ESPERANZA
25-06-2023;PA2;C37;CAT 797 F;Sulfuro de Alta Ley;ESP/F08/1768/8060;FASE 8;CHANCADO-SULFURO;1039,211975;3;ESPERANZA
25-06-2023;PA2;C38;CAT 797 F;Sulfuro de Alta Ley;ESP/F08/1768/8060;FASE 8;CHANCADO-SULFURO;692,8079834;2;ESPERANZA
25-06-2023;PA2;C39;CAT 797 F;Sulfuro de Alta Ley;ESP/F08/1768/8060;FASE 8;CHANCADO-SULFURO;692,8079834;2;ESPERANZA
25-06-2023;PA2;C40;CAT 797 F;Sulfuro de Alta Ley;ESP/F08/1768/8060;FASE 8;CHANCADO-SULFURO;1039,209961;3;ESPERANZA
25-06-2023;PA2;C40;CAT 797 F;Sulfuro de Alta Ley;ESP/F08/1768/8060;FASE 8;STOCK_SAL_DIN;346,4039917;1;ESPERANZA
25-06-2023;PA2;C41;CAT 797 F;Sulfuro de Alta Ley;ESP/F08/1768/8060;FASE 8;CHANCADO-SULFURO;692,8079834;2;ESPERANZA
25-06-2023;PA2;C41;CAT 797 F;Sulfuro de Alta Ley;ESP/F08/1768/8060;FASE 8;STOCK_SAL_DIN;346,4039917;1;ESPERANZA
25-06-2023;PA2;C41;CAT 797 F;Sulfuro Planta;ESP/F08/1768/R800;FASE 8;CHANCADO-SULFURO;1039,209961;3;ESPERANZA
25-06-2023;PA2;C42;CAT 797 F;Sulfuro de Alta Ley;ESP/F08/1768/8060;FASE 8;CHANCADO-SULFURO;692,8079834;2;ESPERANZA
25-06-2023;PA2;C44;CAT 797 F;Sulfuro de Alta Ley;ESP/F08/1768/8060;FASE 8;CHANCADO-SULFURO;2078,421936;6;ESPERANZA
25-06-2023;PA2;C44;CAT 797 F;Sulfuro de Alta Ley;ESP/F08/1768/8060;FASE 8;STOCK_SAL_DIN;692,8079834;2;ESPERANZA
25-06-2023;PA2;C44;CAT 797 F;Sulfuro Planta;ESP/F08/1768/R800;FASE 8;CHANCADO-SULFURO;346,4039917;1;ESPERANZA
25-06-2023;PA2;C45;CAT 797 F;Sulfuro de Alta Ley;ESP/F08/1768/8060;FASE 8;CHANCADO-SULFURO;1039,211975;3;ESPERANZA
25-06-2023;PA2;C46;CAT 797 F;Sulfuro de Alta Ley;ESP/F08/1768/8060;FASE 8;CHANCADO-SULFURO;1039,211975;3;ESPERANZA
25-06-2023;PA2;C46;CAT 797 F;Sulfuro de Alta Ley;ESP/F08/1768/8060;FASE 8;STOCK_SAL_DIN;1385,615967;4;ESPERANZA
25-06-2023;PA2;C47;CAT 797 F;Sulfuro de Alta Ley;ESP/F08/1768/8060;FASE 8;CHANCADO-SULFURO;692,8079834;2;ESPERANZA
25-06-2023;PA2;C47;CAT 797 F;Sulfuro de Alta Ley;ESP/F08/1768/8060;FASE 8;STOCK_SAL_DIN;346,4039917;1;ESPERANZA
25-06-2023;PA2;C47;CAT 797 F;Sulfuro Planta;ESP/F08/1768/R800;FASE 8;CHANCADO-SULFURO;692,8079834;2;ESPERANZA
25-06-2023;PA2;C48;CAT 797 F;Sulfuro de Alta Ley;ESP/F08/1768/8060;FASE 8;CHANCADO-SULFURO;346,4039917;1;ESPERANZA
25-06-2023;PA2;C49;KOM 930 E;Sulfuro de Alta Ley;ESP/F08/1768/8060;FASE 8;CHANCADO-SULFURO;291;1;ESPERANZA
25-06-2023;PA2;C49;KOM 930 E;Sulfuro Planta;ESP/F08/1768/R800;FASE 8;STOCK_SPL_DIN;291;1;ESPERANZA
25-06-2023;PA2;C50;KOM 930 E;Sulfuro de Alta Ley;ESP/F08/1768/8060;FASE 8;CHANCADO-SULFURO;582;2;ESPERANZA
25-06-2023;PA2;C50;KOM 930 E;Sulfuro Planta;ESP/F08/1768/R800;FASE 8;CHANCADO-SULFURO;291;1;ESPERANZA
25-06-2023;PA2;C51;KOM 930 E;Sulfuro de Alta Ley;ESP/F08/1768/8060;FASE 8;CHANCADO-SULFURO;291;1;ESPERANZA
25-06-2023;PA2;C51;KOM 930 E;Sulfuro de Alta Ley;ESP/F08/1768/8060;FASE 8;STOCK_SPL_DIN;291;1;ESPERANZA
25-06-2023;PA2;C52;KOM 930 E;Sulfuro de Alta Ley;ESP/F08/1768/8060;FASE 8;CHANCADO-SULFURO;873;3;ESPERANZA
25-06-2023;PA2;C53;KOM 930 E;Sulfuro de Alta Ley;ESP/F08/1768/8060;FASE 8;CHANCADO-SULFURO;873;3;ESPERANZA
25-06-2023;PA2;C56;KOM 930 E;Sulfuro de Alta Ley;ESP/F08/1768/8060;FASE 8;CHANCADO-SULFURO;873;3;ESPERANZA
25-06-2023;PA2;C56;KOM 930 E;Sulfuro de Alta Ley;ESP/F08/1768/8060;FASE 8;STOCK_SAL_DIN;582;2;ESPERANZA
25-06-2023;PA2;C57;KOM 930 E;Sulfuro de Alta Ley;ESP/F08/1768/8060;FASE 8;CHANCADO-SULFURO;582;2;ESPERANZA
25-06-2023;PA2;C57;KOM 930 E;Sulfuro Planta;ESP/F08/1768/R800;FASE 8;CHANCADO-SULFURO;291;1;ESPERANZA
25-06-2023;PA2;C58;KOM 930 E;Sulfuro de Alta Ley;ESP/F08/1768/8060;FASE 8;CHANCADO-SULFURO;291;1;ESPERANZA
25-06-2023;PA2;C59;KOM 930 E;Sulfuro de Alta Ley;ESP/F08/1768/8060;FASE 8;CHANCADO-SULFURO;582;2;ESPERANZA
25-06-2023;PA2;C60;KOM 930 E;Sulfuro de Alta Ley;ESP/F08/1768/8060;FASE 8;CHANCADO-SULFURO;1164;4;ESPERANZA
25-06-2023;PA2;C60;KOM 930 E;Sulfuro de Alta Ley;ESP/F08/1768/8060;FASE 8;STOCK_SAL_DIN;291;1;ESPERANZA
25-06-2023;PA2;C61;KOM 930 E;Sulfuro de Alta Ley;ESP/F08/1768/8060;FASE 8;CHANCADO-SULFURO;582;2;ESPERANZA
25-06-2023;PA211;C07;CAT 797 B;Lastre Oxidado;ESP/F10/2296/1060;FASE 10;BOT_MIJO;1385,619995;4;ESPERANZA
25-06-2023;PA211;C08;CAT 797 B;Lastre Oxidado;ESP/F10/2296/1060;FASE 10;BOT_MIJO;692,8079834;2;ESPERANZA
25-06-2023;PA211;C09;CAT 797 B;Lastre Oxidado;ESP/F10/2296/1051;FASE 10;BOT_CENTRAL_SUR_INF;346,4039917;1;ESPERANZA
25-06-2023;PA211;C09;CAT 797 B;Lastre Oxidado;ESP/F10/2296/1051;FASE 10;BOT_MIJO;1039,209961;3;ESPERANZA
25-06-2023;PA211;C09;CAT 797 B;Lastre Oxidado;ESP/F10/2296/1060;FASE 10;BOT_CENTRAL_SUR_INF;346,4039917;1;ESPERANZA
25-06-2023;PA211;C10;CAT 797 B;Lastre Oxidado;ESP/F10/2296/1060;FASE 10;BOT_MIJO;5542,470093;16;ESPERANZA
25-06-2023;PA211;C11;CAT 797 B;Lastre Oxidado;ESP/F10/2296/1051;FASE 10;BOT_CENTRAL_SUR_INF;692,8079834;2;ESPERANZA
25-06-2023;PA211;C11;CAT 797 B;Lastre Oxidado;ESP/F10/2296/1051;FASE 10;BOT_MIJO;346,4039917;1;ESPERANZA
25-06-2023;PA211;C11;CAT 797 B;Lastre Oxidado;ESP/F10/2296/1060;FASE 10;BOT_CENTRAL_SUR_INF;346,4039917;1;ESPERANZA
25-06-2023;PA211;C12;CAT 797 B;Lastre Oxidado;ESP/F10/2296/1060;FASE 10;BOT_CENTRAL_SUR_INF;346,4039917;1;ESPERANZA
25-06-2023;PA211;C12;CAT 797 B;Lastre Oxidado;ESP/F10/2296/1060;FASE 10;BOT_MIJO;692,8079834;2;ESPERANZA
25-06-2023;PA211;C121;CAT 793 C;Lastre Oxidado;ESP/F10/2296/1060;FASE 10;BOT_MIJO;649,309021;3;ESPERANZA
25-06-2023;PA211;C122;CAT 793 C;Lastre Oxidado;ESP/F10/2296/1051;FASE 10;BOT_MIJO;216,4360046;1;ESPERANZA
25-06-2023;PA211;C122;CAT 793 C;Lastre Oxidado;ESP/F10/2296/1060;FASE 10;BOT_MIJO;1298,619995;6;ESPERANZA
25-06-2023;PA211;C125;CAT 793 C;Lastre Oxidado;ESP/F10/2296/1060;FASE 10;BOT_MIJO;216,4360046;1;ESPERANZA
25-06-2023;PA211;C128;CAT 793 C;Lastre Oxidado;ESP/F10/2296/1060;FASE 10;BOT_MIJO;432,8720093;2;ESPERANZA
25-06-2023;PA211;C129;CAT 793 C;Lastre Oxidado;ESP/F10/2296/1060;FASE 10;BOT_MIJO;1298,619995;6;ESPERANZA
25-06-2023;PA211;C13;CAT 797 B;Lastre Oxidado;ESP/F10/2296/1060;FASE 10;BOT_MIJO;1732,02002;5;ESPERANZA
25-06-2023;PA211;C131;CAT 793 C;Lastre Oxidado;ESP/F10/2296/1060;FASE 10;BOT_CENTRAL_SUR_INF;216,4360046;1;ESPERANZA
25-06-2023;PA211;C131;CAT 793 C;Lastre Oxidado;ESP/F10/2296/1060;FASE 10;BOT_MIJO;2380,802002;11;ESPERANZA
25-06-2023;PA211;C132;CAT 793 C;Lastre Oxidado;ESP/F10/2296/1060;FASE 10;BOT_MIJO;216,4360046;1;ESPERANZA
25-06-2023;PA211;C134;CAT 793 C;Lastre Oxidado;ESP/F10/2296/1060;FASE 10;BOT_MIJO;216,4360046;1;ESPERANZA
25-06-2023;PA211;C135;CAT 793 C;Lastre Oxidado;ESP/F10/2296/1060;FASE 10;BOT_MIJO;865,7450256;4;ESPERANZA
25-06-2023;PA211;C15;CAT 797 B;Lastre Oxidado;ESP/F10/2296/1060;FASE 10;BOT_CENTRAL_SUR_INF;692,8079834;2;ESPERANZA
25-06-2023;PA211;C15;CAT 797 B;Lastre Oxidado;ESP/F10/2296/1060;FASE 10;BOT_MIJO;692,8079834;2;ESPERANZA
25-06-2023;PA211;C151;CAT 793 F;Lastre Oxidado;ESP/F10/2296/1060;FASE 10;BOT_MIJO;216,4360046;1;ESPERANZA
25-06-2023;PA211;C152;CAT 793 F;Lastre Oxidado;ESP/F10/2296/1060;FASE 10;BOT_CENTRAL_SUR_INF;216,4360046;1;ESPERANZA
25-06-2023;PA211;C152;CAT 793 F;Lastre Oxidado;ESP/F10/2296/1060;FASE 10;BOT_MIJO;216,4360046;1;ESPERANZA
25-06-2023;PA211;C153;CAT 793 F;Lastre Oxidado;ESP/F10/2296/1060;FASE 10;BOT_MIJO;216,4360046;1;ESPERANZA
25-06-2023;PA211;C156;CAT 793 F;Lastre Oxidado;ESP/F10/2296/1060;FASE 10;BOT_CENTRAL_SUR_INF;216,4360046;1;ESPERANZA
25-06-2023;PA211;C156;CAT 793 F;Lastre Oxidado;ESP/F10/2296/1060;FASE 10;BOT_MIJO;432,8729858;2;ESPERANZA
25-06-2023;PA211;C16;CAT 797 B;Lastre Oxidado;ESP/F10/2296/1051;FASE 10;BOT_CENTRAL_SUR_INF;346,4039917;1;ESPERANZA
25-06-2023;PA211;C16;CAT 797 B;Lastre Oxidado;ESP/F10/2296/1051;FASE 10;BOT_MIJO;1385,619995;4;ESPERANZA
25-06-2023;PA211;C16;CAT 797 B;Lastre Oxidado;ESP/F10/2296/1060;FASE 10;BOT_MIJO;3810,439941;11;ESPERANZA
25-06-2023;PA211;C161;CAT 793 F;Lastre Oxidado;ESP/F10/2296/1060;FASE 10;BOT_MIJO;216,4360046;1;ESPERANZA
25-06-2023;PA211;C162;CAT 793 F;Lastre Oxidado;ESP/F10/2296/1051;FASE 10;BOT_CENTRAL_SUR_INF;216,4360046;1;ESPERANZA
25-06-2023;PA211;C162;CAT 793 F;Lastre Oxidado;ESP/F10/2296/1060;FASE 10;BOT_MIJO;865,7450256;4;ESPERANZA
25-06-2023;PA211;C163;CAT 793 F;Lastre Oxidado;ESP/F10/2296/1060;FASE 10;BOT_MIJO;865,7459717;4;ESPERANZA
25-06-2023;PA211;C164;CAT 793 F;Lastre Oxidado;ESP/F10/2296/1060;FASE 10;BOT_MIJO;432,8729858;2;ESPERANZA
25-06-2023;PA211;C17;CAT 797 F;Lastre Oxidado;ESP/F10/2296/1060;FASE 10;BOT_MIJO;3117,633972;9;ESPERANZA
25-06-2023;PA211;C18;CAT 797 F;Lastre Oxidado;ESP/F10/2296/1060;FASE 10;BOT_MIJO;692,8079834;2;ESPERANZA
25-06-2023;PA211;C20;CAT 797 F;Lastre Oxidado;ESP/F10/2296/1060;FASE 10;BOT_CENTRAL_SUR_INF;346,4039917;1;ESPERANZA
25-06-2023;PA211;C20;CAT 797 F;Lastre Oxidado;ESP/F10/2296/1060;FASE 10;BOT_MIJO;692,8079834;2;ESPERANZA
25-06-2023;PA211;C22;CAT 797 F;Lastre Oxidado;ESP/F10/2296/1051;FASE 10;BOT_MIJO;346,4039917;1;ESPERANZA
25-06-2023;PA211;C22;CAT 797 F;Lastre Oxidado;ESP/F10/2296/1060;FASE 10;BOT_CENTRAL_SUR_INF;346,4039917;1;ESPERANZA
25-06-2023;PA211;C23;CAT 797 F;Lastre Oxidado;ESP/F10/2296/1060;FASE 10;BOT_MIJO;346,4039917;1;ESPERANZA
25-06-2023;PA211;C32;CAT 797 F;Lastre Oxidado;ESP/F10/2296/1060;FASE 10;BOT_MIJO;4849,653992;14;ESPERANZA
25-06-2023;PA211;C37;CAT 797 F;Lastre Oxidado;ESP/F10/2296/1060;FASE 10;BOT_MIJO;4156,848022;12;ESPERANZA
25-06-2023;PA211;C39;CAT 797 F;Lastre Oxidado;ESP/F10/2296/1051;FASE 10;BOT_CENTRAL_SUR_INF;346,4039917;1;ESPERANZA
25-06-2023;PA211;C39;CAT 797 F;Lastre Oxidado;ESP/F10/2296/1060;FASE 10;BOT_CENTRAL_SUR_INF;346,4039917;1;ESPERANZA
25-06-2023;PA211;C40;CAT 797 F;Lastre Oxidado;ESP/F10/2296/1060;FASE 10;BOT_CENTRAL_SUR_INF;692,8079834;2;ESPERANZA
25-06-2023;PA211;C40;CAT 797 F;Lastre Oxidado;ESP/F10/2296/1060;FASE 10;BOT_MIJO;346,4039917;1;ESPERANZA
25-06-2023;PA211;C41;CAT 797 F;Lastre Oxidado;ESP/F10/2296/1060;FASE 10;BOT_MIJO;1039,211975;3;ESPERANZA
25-06-2023;PA211;C43;CAT 797 F;Lastre Oxidado;ESP/F10/2296/1060;FASE 10;BOT_MIJO;2424,829956;7;ESPERANZA
25-06-2023;PA211;C44;CAT 797 F;Lastre Oxidado;ESP/F10/2296/1060;FASE 10;BOT_CENTRAL_SUR_INF;692,8079834;2;ESPERANZA
25-06-2023;PA211;C44;CAT 797 F;Lastre Oxidado;ESP/F10/2296/1060;FASE 10;BOT_MIJO;1732,017944;5;ESPERANZA
25-06-2023;PA211;C47;CAT 797 F;Lastre Oxidado;ESP/F10/2296/1060;FASE 10;BOT_CENTRAL_SUR_INF;692,8079834;2;ESPERANZA
25-06-2023;PA211;C47;CAT 797 F;Lastre Oxidado;ESP/F10/2296/1060;FASE 10;BOT_MIJO;692,8079834;2;ESPERANZA
25-06-2023;PA211;C48;CAT 797 F;Lastre Oxidado;ESP/F10/2296/1051;FASE 10;BOT_CENTRAL_SUR_INF;346,4039917;1;ESPERANZA
25-06-2023;PA211;C48;CAT 797 F;Lastre Oxidado;ESP/F10/2296/1060;FASE 10;BOT_CENTRAL_SUR_INF;2078,419922;6;ESPERANZA
25-06-2023;PA211;C48;CAT 797 F;Lastre Oxidado;ESP/F10/2296/1060;FASE 10;BOT_MIJO;6235,273987;18;ESPERANZA
25-06-2023;PA211;C51;KOM 930 E;Lastre Oxidado;ESP/F10/2296/1060;FASE 10;BOT_MIJO;291;1;ESPERANZA
25-06-2023;PA211;C52;KOM 930 E;Lastre Oxidado;ESP/F10/2296/1060;FASE 10;BOT_MIJO;291;1;ESPERANZA
25-06-2023;PA211;C53;KOM 930 E;Lastre Oxidado;ESP/F10/2296/1060;FASE 10;BOT_CENTRAL_SUR_INF;582;2;ESPERANZA
25-06-2023;PA211;C53;KOM 930 E;Lastre Oxidado;ESP/F10/2296/1060;FASE 10;BOT_MIJO;873;3;ESPERANZA
25-06-2023;PA211;C56;KOM 930 E;Lastre Oxidado;ESP/F10/2296/1060;FASE 10;BOT_MIJO;582;2;ESPERANZA
25-06-2023;PA211;C57;KOM 930 E;Lastre Oxidado;ESP/F10/2296/1060;FASE 10;BOT_MIJO;291;1;ESPERANZA
25-06-2023;PA26;C10;CAT 797 B;Lastre Oxidado;ESP/F07/2120/730;FASE 7;BOT_MIJO;346,4039917;1;ESPERANZA
25-06-2023;PA26;C12;CAT 797 B;Lastre Oxidado;ESP/F07/2120/730;FASE 7;BOT_MIJO;346,4039917;1;ESPERANZA
25-06-2023;PA26;C121;CAT 793 C;Lastre Oxidado;ESP/F07/2120/730;FASE 7;BOT_MIJO;216,4360046;1;ESPERANZA
25-06-2023;PA26;C125;CAT 793 C;Lastre Oxidado;ESP/F07/2120/730;FASE 7;BOT_CENTRAL_SUR_INF;216,4360046;1;ESPERANZA
25-06-2023;PA26;C125;CAT 793 C;Lastre Oxidado;ESP/F07/2120/730;FASE 7;BOT_MIJO;865,7449951;4;ESPERANZA
25-06-2023;PA26;C129;CAT 793 C;Lastre Oxidado;ESP/F07/2120/730;FASE 7;BOT_MIJO;649,309021;3;ESPERANZA
25-06-2023;PA26;C131;CAT 793 C;Lastre Oxidado;ESP/F07/2120/730;FASE 7;BOT_MIJO;216,4360046;1;ESPERANZA
25-06-2023;PA26;C132;CAT 793 C;Lastre Oxidado;ESP/F07/2120/730;FASE 7;BOT_MIJO;432,8729858;2;ESPERANZA
25-06-2023;PA26;C134;CAT 793 C;Lastre Oxidado;ESP/F07/2120/730;FASE 7;BOT_MIJO;1515,054993;7;ESPERANZA
25-06-2023;PA26;C135;CAT 793 C;Lastre Oxidado;ESP/F07/2120/730;FASE 7;BOT_MIJO;216,4360046;1;ESPERANZA
25-06-2023;PA26;C151;CAT 793 F;Lastre Oxidado;ESP/F07/2120/730;FASE 7;BOT_CENTRAL_SUR_INF;216,4360046;1;ESPERANZA
25-06-2023;PA26;C151;CAT 793 F;Lastre Oxidado;ESP/F07/2120/730;FASE 7;BOT_MIJO;649,3089905;3;ESPERANZA
25-06-2023;PA26;C153;CAT 793 F;Lastre Oxidado;ESP/F07/2120/730;FASE 7;BOT_MIJO;216,4360046;1;ESPERANZA
25-06-2023;PA26;C160;CAT 793 F;Lastre Oxidado;ESP/F07/2120/730;FASE 7;BOT_MIJO;216,4360046;1;ESPERANZA
25-06-2023;PA26;C23;CAT 797 F;Lastre Oxidado;ESP/F07/2120/730;FASE 7;BOT_MIJO;346,4039917;1;ESPERANZA
25-06-2023;PA26;C32;CAT 797 F;Lastre Oxidado;ESP/F07/2120/730;FASE 7;BOT_MIJO;1039,209961;3;ESPERANZA
25-06-2023;PA26;C36;CAT 797 F;Lastre Oxidado;ESP/F07/2120/730;FASE 7;BOT_MIJO;346,4039917;1;ESPERANZA
25-06-2023;PA26;C41;CAT 797 F;Lastre Oxidado;ESP/F07/2120/730;FASE 7;BOT_MIJO;1039,209961;3;ESPERANZA
25-06-2023;PA26;C58;KOM 930 E;Lastre Oxidado;ESP/F07/2120/730;FASE 7;BOT_MIJO;291;1;ESPERANZA
25-06-2023;PA3;C07;CAT 797 B;Lastre Sulfurado;ESP/F07/2104/716;FASE 7;BOT_2380_INT;3117,629883;9;ESPERANZA
25-06-2023;PA3;C08;CAT 797 B;Lastre Sulfurado;ESP/F07/2104/716;FASE 7;BOT_2380_INT;692,8079834;2;ESPERANZA
25-06-2023;PA3;C09;CAT 797 B;Lastre Sulfurado;ESP/F07/2104/716;FASE 7;BOT_2380_INT;692,8079834;2;ESPERANZA
25-06-2023;PA3;C10;CAT 797 B;Lastre Sulfurado;ESP/F07/2104/716;FASE 7;BOT_2380_INT;2424,83197;7;ESPERANZA
25-06-2023;PA3;C11;CAT 797 B;Lastre Sulfurado;ESP/F07/2104/716;FASE 7;BOT_2380_INT;1385,613953;4;ESPERANZA
25-06-2023;PA3;C12;CAT 797 B;Lastre Sulfurado;ESP/F07/2104/716;FASE 7;BOT_2380_INT;1039,211975;3;ESPERANZA
25-06-2023;PA3;C125;CAT 793 C;Lastre Sulfurado;ESP/F07/2104/716;FASE 7;BOT_2380_INT;216,4360046;1;ESPERANZA
25-06-2023;PA3;C129;CAT 793 C;Lastre Sulfurado;ESP/F07/2104/716;FASE 7;BOT_2380_INT;865,7450256;4;ESPERANZA
25-06-2023;PA3;C13;CAT 797 B;Lastre Sulfurado;ESP/F07/2104/716;FASE 7;BOT_2380_INT;2771,235962;8;ESPERANZA
25-06-2023;PA3;C131;CAT 793 C;Lastre Sulfurado;ESP/F07/2104/716;FASE 7;BOT_2380_INT;1082,181976;5;ESPERANZA
25-06-2023;PA3;C134;CAT 793 C;Lastre Sulfurado;ESP/F07/2104/716;FASE 7;BOT_2380_INT;216,4360046;1;ESPERANZA
25-06-2023;PA3;C135;CAT 793 C;Lastre Sulfurado;ESP/F07/2104/716;FASE 7;BOT_2380_INT;216,4360046;1;ESPERANZA
25-06-2023;PA3;C15;CAT 797 B;Lastre Sulfurado;ESP/F07/2104/716;FASE 7;BOT_2380_INT;1039,211975;3;ESPERANZA
25-06-2023;PA3;C151;CAT 793 F;Lastre Sulfurado;ESP/F07/2104/716;FASE 7;BOT_2380_INT;216,4360046;1;ESPERANZA
25-06-2023;PA3;C152;CAT 793 F;Lastre Sulfurado;ESP/F07/2104/716;FASE 7;BOT_2380_INT;216,4360046;1;ESPERANZA
25-06-2023;PA3;C16;CAT 797 B;Lastre Sulfurado;ESP/F07/2104/716;FASE 7;BOT_2380_INT;692,8079834;2;ESPERANZA
25-06-2023;PA3;C160;CAT 793 F;Lastre Sulfurado;ESP/F07/2104/716;FASE 7;BOT_2380_INT;432,8729858;2;ESPERANZA
25-06-2023;PA3;C160;CAT 793 F;Lastre Sulfurado;ESP/F07/2104/716;FASE 7;BOT_PLATAFORMA;216,4360046;1;ESPERANZA
25-06-2023;PA3;C161;CAT 793 F;Lastre Sulfurado;ESP/F07/2104/716;FASE 7;BOT_2380_INT;216,4360046;1;ESPERANZA
25-06-2023;PA3;C164;CAT 793 F;Lastre Sulfurado;ESP/F07/2104/716;FASE 7;BOT_2380_INT;649,3089905;3;ESPERANZA
25-06-2023;PA3;C17;CAT 797 F;Lastre Sulfurado;ESP/F07/2104/716;FASE 7;BOT_2380_INT;346,4039917;1;ESPERANZA
25-06-2023;PA3;C18;CAT 797 F;Lastre Sulfurado;ESP/F07/2104/716;FASE 7;BOT_2380_INT;692,8079834;2;ESPERANZA
25-06-2023;PA3;C19;CAT 797 F;Lastre Sulfurado;ESP/F07/2104/716;FASE 7;BOT_2380_INT;2424,83197;7;ESPERANZA
25-06-2023;PA3;C20;CAT 797 F;Lastre Sulfurado;ESP/F07/2104/716;FASE 7;BOT_2380_INT;692,8079834;2;ESPERANZA
25-06-2023;PA3;C21;CAT 797 F;Lastre Sulfurado;ESP/F07/2104/716;FASE 7;BOT_2380_INT;2771,23407;8;ESPERANZA
25-06-2023;PA3;C22;CAT 797 F;Lastre Sulfurado;ESP/F07/2104/716;FASE 7;BOT_2380_INT;1039,211975;3;ESPERANZA
25-06-2023;PA3;C23;CAT 797 F;Lastre Sulfurado;ESP/F07/2104/716;FASE 7;BOT_2380_INT;692,8079834;2;ESPERANZA
25-06-2023;PA3;C24;CAT 797 F;Lastre Sulfurado;ESP/F07/2104/716;FASE 7;BOT_2380_INT;2078,427979;6;ESPERANZA
25-06-2023;PA3;C25;CAT 797 F;Lastre Sulfurado;ESP/F07/2104/716;FASE 7;BOT_2380_INT;3117,639893;9;ESPERANZA
25-06-2023;PA3;C36;CAT 797 F;Lastre Sulfurado;ESP/F07/2104/716;FASE 7;BOT_2380_INT;1385,615967;4;ESPERANZA
25-06-2023;PA3;C37;CAT 797 F;Lastre Sulfurado;ESP/F07/2104/716;FASE 7;BOT_2380_INT;346,4039917;1;ESPERANZA
25-06-2023;PA3;C38;CAT 797 F;Lastre Sulfurado;ESP/F07/2104/716;FASE 7;BOT_2380_INT;1732,017944;5;ESPERANZA
25-06-2023;PA3;C39;CAT 797 F;Lastre Sulfurado;ESP/F07/2104/716;FASE 7;BOT_2380_INT;1732,017944;5;ESPERANZA
25-06-2023;PA3;C40;CAT 797 F;Lastre Sulfurado;ESP/F07/2104/716;FASE 7;BOT_2380_INT;1385,615967;4;ESPERANZA
25-06-2023;PA3;C41;CAT 797 F;Lastre Sulfurado;ESP/F07/2104/716;FASE 7;BOT_2380_INT;346,4039917;1;ESPERANZA
25-06-2023;PA3;C42;CAT 797 F;Lastre Sulfurado;ESP/F07/2104/716;FASE 7;BOT_2380_INT;3117,638062;9;ESPERANZA
25-06-2023;PA3;C43;CAT 797 F;Lastre Sulfurado;ESP/F07/2104/716;FASE 7;BOT_2380_INT;692,8079834;2;ESPERANZA
25-06-2023;PA3;C44;CAT 797 F;Lastre Sulfurado;ESP/F07/2104/716;FASE 7;BOT_2380_INT;346,4039917;1;ESPERANZA
25-06-2023;PA3;C46;CAT 797 F;Lastre Sulfurado;ESP/F07/2104/716;FASE 7;BOT_2380_INT;346,4039917;1;ESPERANZA
25-06-2023;PA3;C47;CAT 797 F;Lastre Sulfurado;ESP/F07/2104/716;FASE 7;BOT_2380_INT;346,4039917;1;ESPERANZA
25-06-2023;PA3;C48;CAT 797 F;Lastre Sulfurado;ESP/F07/2104/716;FASE 7;BOT_2380_INT;346,4039917;1;ESPERANZA
25-06-2023;PA3;C49;KOM 930 E;Lastre Sulfurado;ESP/F07/2104/716;FASE 7;BOT_2380_INT;1455;5;ESPERANZA
25-06-2023;PA3;C50;KOM 930 E;Lastre Sulfurado;ESP/F07/2104/716;FASE 7;BOT_2380_INT;3201;11;ESPERANZA
25-06-2023;PA3;C52;KOM 930 E;Lastre Sulfurado;ESP/F07/2104/716;FASE 7;BOT_2380_INT;2910;10;ESPERANZA
25-06-2023;PA3;C53;KOM 930 E;Lastre Sulfurado;ESP/F07/2104/716;FASE 7;BOT_2380_INT;2910;10;ESPERANZA
25-06-2023;PA3;C54;KOM 930 E;Lastre Sulfurado;ESP/F07/2104/716;FASE 7;BOT_2380_INT;3201;11;ESPERANZA
25-06-2023;PA3;C56;KOM 930 E;Lastre Sulfurado;ESP/F07/2104/716;FASE 7;BOT_2380_INT;1455;5;ESPERANZA
25-06-2023;PA3;C57;KOM 930 E;Lastre Sulfurado;ESP/F07/2104/716;FASE 7;BOT_2380_INT;2619;9;ESPERANZA
25-06-2023;PA3;C58;KOM 930 E;Lastre Sulfurado;ESP/F07/2104/716;FASE 7;BOT_2380_INT;2037;7;ESPERANZA
25-06-2023;PA3;C59;KOM 930 E;Lastre Sulfurado;ESP/F07/2104/716;FASE 7;BOT_2380_INT;1746;6;ESPERANZA
25-06-2023;PA3;C59;KOM 930 E;Lastre Sulfurado;ESP/F07/2104/716;FASE 7;BOT_CENTRAL_SUR_INF;291;1;ESPERANZA
25-06-2023;PA3;C59;KOM 930 E;Lastre Sulfurado;ESP/F07/2104/716;FASE 7;BOT_MIJO;291;1;ESPERANZA
25-06-2023;PA3;C60;KOM 930 E;Lastre Sulfurado;ESP/F07/2104/716;FASE 7;BOT_2380_INT;2037;7;ESPERANZA
25-06-2023;PA3;C60;KOM 930 E;Lastre Sulfurado;ESP/F07/2104/716;FASE 7;BOT_MIJO;291;1;ESPERANZA
25-06-2023;PA3;C61;KOM 930 E;Lastre Sulfurado;ESP/F07/2104/716;FASE 7;BOT_2380_INT;2037;7;ESPERANZA
25-06-2023;PA4;C07;CAT 797 B;Lastre Oxidado;ESP/F10/2328/130;FASE 10;BOT_MIJO;692,8079834;2;ESPERANZA
25-06-2023;PA4;C07;CAT 797 B;Lastre Oxidado;ESP/F10/2328/130;FASE 10;BOT_PLATAFORMA;1732,02002;5;ESPERANZA
25-06-2023;PA4;C09;CAT 797 B;Lastre Oxidado;ESP/F10/2328/130;FASE 10;BOT_CENTRAL_SUR_INF;1385,619995;4;ESPERANZA
25-06-2023;PA4;C09;CAT 797 B;Lastre Oxidado;ESP/F10/2328/130;FASE 10;BOT_PLATAFORMA;346,4039917;1;ESPERANZA
25-06-2023;PA4;C10;CAT 797 B;Lastre Oxidado;ESP/F10/2328/130;FASE 10;BOT_MIJO;346,4039917;1;ESPERANZA
25-06-2023;PA4;C11;CAT 797 B;Lastre Oxidado;ESP/F10/2328/130;FASE 10;BOT_PLATAFORMA;2078,419922;6;ESPERANZA
25-06-2023;PA4;C12;CAT 797 B;Lastre Oxidado;ESP/F10/2328/130;FASE 10;BOT_PLATAFORMA;1039,209961;3;ESPERANZA
25-06-2023;PA4;C12;CAT 797 B;Lastre Oxidado;ESP/F10/2328/130;FASE 10;BOT-ESTE;346,4039917;1;ESPERANZA
25-06-2023;PA4;C121;CAT 793 C;Lastre Oxidado;ESP/F10/2328/130;FASE 10;BOT_CENTRAL_SUR_INF;649,309021;3;ESPERANZA
25-06-2023;PA4;C121;CAT 793 C;Lastre Oxidado;ESP/F10/2328/130;FASE 10;BOT_PLATAFORMA;865,7459717;4;ESPERANZA
25-06-2023;PA4;C122;CAT 793 C;Lastre Oxidado;ESP/F10/2328/130;FASE 10;BOT_CENTRAL_SUR_INF;432,8729858;2;ESPERANZA
25-06-2023;PA4;C122;CAT 793 C;Lastre Oxidado;ESP/F10/2328/130;FASE 10;BOT_PLATAFORMA;432,8729858;2;ESPERANZA
25-06-2023;PA4;C125;CAT 793 C;Lastre Oxidado;ESP/F10/2328/130;FASE 10;BOT_CENTRAL_SUR_INF;216,4360046;1;ESPERANZA
25-06-2023;PA4;C125;CAT 793 C;Lastre Oxidado;ESP/F10/2328/130;FASE 10;BOT_PLATAFORMA;865,7459717;4;ESPERANZA
25-06-2023;PA4;C128;CAT 793 C;Lastre Oxidado;ESP/F10/2328/130;FASE 10;BOT_CENTRAL_SUR_INF;432,8729858;2;ESPERANZA
25-06-2023;PA4;C128;CAT 793 C;Lastre Oxidado;ESP/F10/2328/130;FASE 10;BOT_PLATAFORMA;432,8729858;2;ESPERANZA
25-06-2023;PA4;C13;CAT 797 B;Lastre Oxidado;ESP/F10/2328/130;FASE 10;BOT_MIJO;1732,023987;5;ESPERANZA
25-06-2023;PA4;C131;CAT 793 C;Lastre Oxidado;ESP/F10/2328/130;FASE 10;BOT_CENTRAL_SUR_INF;216,4360046;1;ESPERANZA
25-06-2023;PA4;C134;CAT 793 C;Lastre Oxidado;ESP/F10/2328/130;FASE 10;BOT_PLATAFORMA;216,4360046;1;ESPERANZA
25-06-2023;PA4;C135;CAT 793 C;Lastre Oxidado;ESP/F10/2328/130;FASE 10;BOT_MIJO;216,4360046;1;ESPERANZA
25-06-2023;PA4;C152;CAT 793 F;Lastre Oxidado;ESP/F10/2328/130;FASE 10;BOT_PLATAFORMA;216,4360046;1;ESPERANZA
25-06-2023;PA4;C156;CAT 793 F;Lastre Oxidado;ESP/F10/2328/130;FASE 10;BOT_CENTRAL_SUR_INF;216,4360046;1;ESPERANZA
25-06-2023;PA4;C156;CAT 793 F;Lastre Oxidado;ESP/F10/2328/130;FASE 10;BOT_MIJO;216,4360046;1;ESPERANZA
25-06-2023;PA4;C156;CAT 793 F;Lastre Oxidado;ESP/F10/2328/130;FASE 10;BOT_PLATAFORMA;216,4360046;1;ESPERANZA
25-06-2023;PA4;C159;CAT 793 F;Lastre Oxidado;ESP/F10/2328/130;FASE 10;BOT_CENTRAL_SUR_INF;216,4360046;1;ESPERANZA
25-06-2023;PA4;C159;CAT 793 F;Lastre Oxidado;ESP/F10/2328/130;FASE 10;BOT_PLATAFORMA;1731,48999;8;ESPERANZA
25-06-2023;PA4;C16;CAT 797 B;Lastre Oxidado;ESP/F10/2328/130;FASE 10;BOT_CENTRAL_SUR_INF;692,8079834;2;ESPERANZA
25-06-2023;PA4;C161;CAT 793 F;Lastre Oxidado;ESP/F10/2328/130;FASE 10;BOT_PLATAFORMA;216,4360046;1;ESPERANZA
25-06-2023;PA4;C161;CAT 793 F;Lastre Oxidado;ESP/F10/2328/130;FASE 10;BOT_RAMPA_INFERIOR;216,4360046;1;ESPERANZA
25-06-2023;PA4;C162;CAT 793 F;Lastre Oxidado;ESP/F10/2328/130;FASE 10;BOT_CENTRAL_SUR_INF;649,309021;3;ESPERANZA
25-06-2023;PA4;C162;CAT 793 F;Lastre Oxidado;ESP/F10/2328/130;FASE 10;BOT_PLATAFORMA;432,8729858;2;ESPERANZA
25-06-2023;PA4;C162;CAT 793 F;Lastre Oxidado;ESP/F10/2328/130;FASE 10;BOT-ESTE;432,8729858;2;ESPERANZA
25-06-2023;PA4;C163;CAT 793 F;Lastre Oxidado;ESP/F10/2328/130;FASE 10;BOT_CENTRAL_SUR_INF;432,8729858;2;ESPERANZA
25-06-2023;PA4;C163;CAT 793 F;Lastre Oxidado;ESP/F10/2328/130;FASE 10;BOT_PLATAFORMA;216,4360046;1;ESPERANZA
25-06-2023;PA4;C17;CAT 797 F;Lastre Oxidado;ESP/F10/2328/130;FASE 10;BOT_MIJO;1039,209961;3;ESPERANZA
25-06-2023;PA4;C17;CAT 797 F;Lastre Oxidado;ESP/F10/2328/130;FASE 10;BOT_PLATAFORMA;346,4039917;1;ESPERANZA
25-06-2023;PA4;C18;CAT 797 F;Lastre Oxidado;ESP/F10/2328/130;FASE 10;BOT_MIJO;1039,209961;3;ESPERANZA
25-06-2023;PA4;C20;CAT 797 F;Lastre Oxidado;ESP/F10/2328/130;FASE 10;BOT_PLATAFORMA;1385,619995;4;ESPERANZA
25-06-2023;PA4;C21;CAT 797 F;Lastre Oxidado;ESP/F10/2328/130;FASE 10;BOT_MIJO;346,4039917;1;ESPERANZA
25-06-2023;PA4;C21;CAT 797 F;Lastre Oxidado;ESP/F10/2328/130;FASE 10;BOT-ESTE;346,4039917;1;ESPERANZA
25-06-2023;PA4;C22;CAT 797 F;Lastre Oxidado;ESP/F10/2328/130;FASE 10;BOT_CENTRAL_SUR_INF;1039,209961;3;ESPERANZA
25-06-2023;PA4;C23;CAT 797 F;Lastre Oxidado;ESP/F10/2328/130;FASE 10;BOT_PLATAFORMA;346,4039917;1;ESPERANZA
25-06-2023;PA4;C32;CAT 797 F;Lastre Oxidado;ESP/F10/2328/130;FASE 10;BOT_PLATAFORMA;346,4039917;1;ESPERANZA
25-06-2023;PA4;C34;CAT 797 F;Lastre Oxidado;ESP/F10/2328/130;FASE 10;BOT_PLATAFORMA;692,8079834;2;ESPERANZA
25-06-2023;PA4;C36;CAT 797 F;Lastre Oxidado;ESP/F10/2328/130;FASE 10;BOT_PLATAFORMA;346,4039917;1;ESPERANZA
25-06-2023;PA4;C37;CAT 797 F;Lastre Oxidado;ESP/F10/2328/130;FASE 10;BOT_PLATAFORMA;346,4039917;1;ESPERANZA
25-06-2023;PA4;C39;CAT 797 F;Lastre Oxidado;ESP/F10/2328/130;FASE 10;BOT_CENTRAL_SUR_INF;346,4039917;1;ESPERANZA
25-06-2023;PA4;C40;CAT 797 F;Lastre Oxidado;ESP/F10/2328/130;FASE 10;BOT_MIJO;1732,023987;5;ESPERANZA
25-06-2023;PA4;C40;CAT 797 F;Lastre Oxidado;ESP/F10/2328/130;FASE 10;BOT_PLATAFORMA;346,4039917;1;ESPERANZA
25-06-2023;PA4;C41;CAT 797 F;Lastre Oxidado;ESP/F10/2328/130;FASE 10;BOT_PLATAFORMA;1039,209961;3;ESPERANZA
25-06-2023;PA4;C43;CAT 797 F;Lastre Oxidado;ESP/F10/2328/130;FASE 10;BOT_MIJO;2078,424011;6;ESPERANZA
25-06-2023;PA4;C43;CAT 797 F;Lastre Oxidado;ESP/F10/2328/130;FASE 10;BOT_PLATAFORMA;1039,209961;3;ESPERANZA
25-06-2023;PA4;C44;CAT 797 F;Lastre Oxidado;ESP/F10/2328/130;FASE 10;BOT_MIJO;692,8079834;2;ESPERANZA
25-06-2023;PA4;C44;CAT 797 F;Lastre Oxidado;ESP/F10/2328/130;FASE 10;BOT_PLATAFORMA;1732,02002;5;ESPERANZA
25-06-2023;PA4;C47;CAT 797 F;Lastre Oxidado;ESP/F10/2328/130;FASE 10;BOT_MIJO;3117,637939;9;ESPERANZA
25-06-2023;PA4;C47;CAT 797 F;Lastre Oxidado;ESP/F10/2328/130;FASE 10;BOT_PLATAFORMA;1385,615967;4;ESPERANZA
25-06-2023;PA4;C48;CAT 797 F;Lastre Oxidado;ESP/F10/2328/130;FASE 10;BOT_CENTRAL_SUR_INF;1039,209961;3;ESPERANZA
25-06-2023;PA4;C48;CAT 797 F;Lastre Oxidado;ESP/F10/2328/130;FASE 10;BOT_PLATAFORMA;1385,619995;4;ESPERANZA
25-06-2023;PA4;C48;CAT 797 F;Lastre Oxidado;ESP/F10/2328/130;FASE 10;BOT-ESTE;1039,209961;3;ESPERANZA
25-06-2023;PA4;C52;KOM 930 E;Lastre Oxidado;ESP/F10/2328/130;FASE 10;BOT_PLATAFORMA;291;1;ESPERANZA
25-06-2023;PA4;C56;KOM 930 E;Lastre Oxidado;ESP/F10/2328/130;FASE 10;BOT_PLATAFORMA;1164;4;ESPERANZA
25-06-2023;PA4;C60;KOM 930 E;Lastre Oxidado;ESP/F10/2328/130;FASE 10;BOT_MIJO;291;1;ESPERANZA
25-06-2023;PA7;C07;CAT 797 B;Lastre Oxidado;ESP/F07/2104/7100;FASE 7;BOT_2380_INT;2771,227905;8;ESPERANZA
25-06-2023;PA7;C07;CAT 797 B;Lastre Sulfurado;ESP/F07/2104/710;FASE 7;BOT_2380_INT;1385,615967;4;ESPERANZA
25-06-2023;PA7;C08;CAT 797 B;Lastre Sulfurado;ESP/F07/2104/710;FASE 7;BOT_2380_INT;1039,211975;3;ESPERANZA
25-06-2023;PA7;C08;CAT 797 B;Lastre Sulfurado;ESP/F07/2104/710;FASE 7;BOT_MIJO;346,4039917;1;ESPERANZA
25-06-2023;PA7;C10;CAT 797 B;Lastre Oxidado;ESP/F07/2104/7100;FASE 7;BOT_2380_INT;3810,447876;11;ESPERANZA
25-06-2023;PA7;C10;CAT 797 B;Lastre Sulfurado;ESP/F07/2104/710;FASE 7;BOT_2380_INT;1732,019958;5;ESPERANZA
25-06-2023;PA7;C10;CAT 797 B;Lastre Sulfurado;ESP/F07/2104/710;FASE 7;BOT_INT_RB;346,4039917;1;ESPERANZA
25-06-2023;PA7;C11;CAT 797 B;Lastre Oxidado;ESP/F07/2104/7100;FASE 7;BOT_2380_INT;1385,619995;4;ESPERANZA
25-06-2023;PA7;C12;CAT 797 B;Lastre Oxidado;ESP/F07/2104/7100;FASE 7;BOT_2380_INT;1039,211975;3;ESPERANZA
25-06-2023;PA7;C121;CAT 793 C;Lastre Oxidado;ESP/F07/2104/7100;FASE 7;BOT_2380_INT;432,8729858;2;ESPERANZA
25-06-2023;PA7;C128;CAT 793 C;Lastre Oxidado;ESP/F07/2104/7100;FASE 7;BOT_2380_INT;432,8729858;2;ESPERANZA
25-06-2023;PA7;C129;CAT 793 C;Lastre Oxidado;ESP/F07/2104/7100;FASE 7;BOT_2380_INT;1082,180054;5;ESPERANZA
25-06-2023;PA7;C13;CAT 797 B;Lastre Oxidado;ESP/F07/2104/7100;FASE 7;BOT_2380_INT;1732,017944;5;ESPERANZA
25-06-2023;PA7;C13;CAT 797 B;Lastre Sulfurado;ESP/F07/2104/710;FASE 7;BOT_2380_INT;692,8079834;2;ESPERANZA
25-06-2023;PA7;C131;CAT 793 C;Lastre Oxidado;ESP/F07/2104/7100;FASE 7;BOT_2380_INT;432,8720093;2;ESPERANZA
25-06-2023;PA7;C134;CAT 793 C;Lastre Oxidado;ESP/F07/2104/716;FASE 7;BOT_2380_INT;216,4360046;1;ESPERANZA
25-06-2023;PA7;C15;CAT 797 B;Lastre Oxidado;ESP/F07/2104/7100;FASE 7;BOT_2380_INT;1385,613953;4;ESPERANZA
25-06-2023;PA7;C151;CAT 793 F;Lastre Sulfurado;ESP/F07/2104/710;FASE 7;BOT_2380_INT;649,3089905;3;ESPERANZA
25-06-2023;PA7;C152;CAT 793 F;Lastre Sulfurado;ESP/F07/2104/710;FASE 7;BOT_2380_INT;432,8720093;2;ESPERANZA
25-06-2023;PA7;C156;CAT 793 F;Lastre Sulfurado;ESP/F07/2104/710;FASE 7;BOT_2380_INT;216,4360046;1;ESPERANZA
25-06-2023;PA7;C159;CAT 793 F;Lastre Sulfurado;ESP/F07/2104/710;FASE 7;BOT_2380_INT;216,4360046;1;ESPERANZA
25-06-2023;PA7;C160;CAT 793 F;Lastre Sulfurado;ESP/F07/2104/710;FASE 7;BOT_INT_RB;216,4360046;1;ESPERANZA
25-06-2023;PA7;C161;CAT 793 F;Lastre Sulfurado;ESP/F07/2104/710;FASE 7;BOT_2380_INT;432,8720093;2;ESPERANZA
25-06-2023;PA7;C164;CAT 793 F;Lastre Oxidado;ESP/F07/2104/7100;FASE 7;BOT_2380_INT;865,7459717;4;ESPERANZA
25-06-2023;PA7;C164;CAT 793 F;Lastre Sulfurado;ESP/F07/2104/710;FASE 7;BOT_2380_INT;649,3089905;3;ESPERANZA
25-06-2023;PA7;C17;CAT 797 F;Lastre Oxidado;ESP/F07/2104/7100;FASE 7;BOT_2380_INT;1039,209961;3;ESPERANZA
25-06-2023;PA7;C18;CAT 797 F;Lastre Oxidado;ESP/F07/2104/7100;FASE 7;BOT_2380_INT;692,8079834;2;ESPERANZA
25-06-2023;PA7;C19;CAT 797 F;Lastre Oxidado;ESP/F07/2104/7100;FASE 7;BOT_2380_INT;1732,017944;5;ESPERANZA
25-06-2023;PA7;C19;CAT 797 F;Lastre Sulfurado;ESP/F07/2104/710;FASE 7;BOT_2380_INT;1039,211975;3;ESPERANZA
25-06-2023;PA7;C20;CAT 797 F;Lastre Oxidado;ESP/F07/2104/7100;FASE 7;BOT_2380_INT;2771,23407;8;ESPERANZA
25-06-2023;PA7;C21;CAT 797 F;Lastre Oxidado;ESP/F07/2104/7100;FASE 7;BOT_2380_INT;692,8079834;2;ESPERANZA
25-06-2023;PA7;C21;CAT 797 F;Lastre Sulfurado;ESP/F07/2104/710;FASE 7;BOT_2380_INT;1039,211975;3;ESPERANZA
25-06-2023;PA7;C22;CAT 797 F;Lastre Oxidado;ESP/F07/2104/7100;FASE 7;BOT_2380_INT;2424,828003;7;ESPERANZA
25-06-2023;PA7;C22;CAT 797 F;Lastre Sulfurado;ESP/F07/2104/710;FASE 7;BOT_2380_INT;346,4039917;1;ESPERANZA
25-06-2023;PA7;C23;CAT 797 F;Lastre Oxidado;ESP/F07/2104/7100;FASE 7;BOT_2380_INT;1039,209961;3;ESPERANZA
25-06-2023;PA7;C24;CAT 797 F;Lastre Oxidado;ESP/F07/2104/7100;FASE 7;BOT_2380_INT;2078,419922;6;ESPERANZA
25-06-2023;PA7;C24;CAT 797 F;Lastre Sulfurado;ESP/F07/2104/710;FASE 7;BOT_2380_INT;1039,209961;3;ESPERANZA
25-06-2023;PA7;C25;CAT 797 F;Lastre Oxidado;ESP/F07/2104/7100;FASE 7;BOT_2380_INT;1732,023987;5;ESPERANZA
25-06-2023;PA7;C25;CAT 797 F;Lastre Sulfurado;ESP/F07/2104/710;FASE 7;BOT_2380_INT;1732,017944;5;ESPERANZA
25-06-2023;PA7;C32;CAT 797 F;Lastre Oxidado;ESP/F07/2104/7100;FASE 7;BOT_2380_INT;1039,209961;3;ESPERANZA
25-06-2023;PA7;C34;CAT 797 F;Lastre Oxidado;ESP/F07/2104/7100;FASE 7;BOT_2380_INT;346,4039917;1;ESPERANZA
25-06-2023;PA7;C36;CAT 797 F;Lastre Oxidado;ESP/F07/2104/7100;FASE 7;BOT_2380_INT;1732,02002;5;ESPERANZA
25-06-2023;PA7;C37;CAT 797 F;Lastre Sulfurado;ESP/F07/2104/710;FASE 7;BOT_2380_INT;346,4039917;1;ESPERANZA
25-06-2023;PA7;C38;CAT 797 F;Lastre Oxidado;ESP/F07/2104/7100;FASE 7;BOT_2380_INT;2078,427979;6;ESPERANZA
25-06-2023;PA7;C38;CAT 797 F;Lastre Sulfurado;ESP/F07/2104/710;FASE 7;BOT_INT_RB;346,4039917;1;ESPERANZA
25-06-2023;PA7;C39;CAT 797 F;Lastre Oxidado;ESP/F07/2104/7100;FASE 7;BOT_2380_INT;1732,023987;5;ESPERANZA
25-06-2023;PA7;C39;CAT 797 F;Lastre Sulfurado;ESP/F07/2104/710;FASE 7;BOT_2380_INT;1039,211975;3;ESPERANZA
25-06-2023;PA7;C39;CAT 797 F;Lastre Sulfurado;ESP/F07/2104/710;FASE 7;BOT_INT_RB;346,4039917;1;ESPERANZA
25-06-2023;PA7;C40;CAT 797 F;Lastre Oxidado;ESP/F07/2104/7100;FASE 7;BOT_2380_INT;1039,209961;3;ESPERANZA
25-06-2023;PA7;C40;CAT 797 F;Lastre Sulfurado;ESP/F07/2104/710;FASE 7;BOT_2380_INT;1039,211975;3;ESPERANZA
25-06-2023;PA7;C41;CAT 797 F;Lastre Oxidado;ESP/F07/2104/7100;FASE 7;BOT_2380_INT;346,4039917;1;ESPERANZA
25-06-2023;PA7;C42;CAT 797 F;Lastre Oxidado;ESP/F07/2104/7100;FASE 7;BOT_2380_INT;1385,619995;4;ESPERANZA
25-06-2023;PA7;C42;CAT 797 F;Lastre Sulfurado;ESP/F07/2104/710;FASE 7;BOT_2380_INT;1039,211975;3;ESPERANZA
25-06-2023;PA7;C43;CAT 797 F;Lastre Oxidado;ESP/F07/2104/7100;FASE 7;BOT_2380_INT;1039,209961;3;ESPERANZA
25-06-2023;PA7;C44;CAT 797 F;Lastre Oxidado;ESP/F07/2104/7100;FASE 7;BOT_2380_INT;346,4039917;1;ESPERANZA
25-06-2023;PA7;C46;CAT 797 F;Lastre Oxidado;ESP/F07/2104/7100;FASE 7;BOT_2380_INT;1039,211975;3;ESPERANZA
25-06-2023;PA7;C47;CAT 797 F;Lastre Oxidado;ESP/F07/2104/7100;FASE 7;BOT_2380_INT;1385,615967;4;ESPERANZA
25-06-2023;PA7;C48;CAT 797 F;Lastre Oxidado;ESP/F07/2104/7100;FASE 7;BOT_2380_INT;1039,209961;3;ESPERANZA
25-06-2023;PA7;C49;KOM 930 E;Lastre Oxidado;ESP/F07/2104/7100;FASE 7;BOT_2380_INT;1164;4;ESPERANZA
25-06-2023;PA7;C49;KOM 930 E;Lastre Sulfurado;ESP/F07/2104/710;FASE 7;BOT_2380_INT;291;1;ESPERANZA
25-06-2023;PA7;C50;KOM 930 E;Lastre Oxidado;ESP/F07/2104/7100;FASE 7;BOT_2380_INT;1164;4;ESPERANZA
25-06-2023;PA7;C50;KOM 930 E;Lastre Sulfurado;ESP/F07/2104/710;FASE 7;BOT_2380_INT;291;1;ESPERANZA
25-06-2023;PA7;C52;KOM 930 E;Lastre Oxidado;ESP/F07/2104/7100;FASE 7;BOT_2380_INT;1164;4;ESPERANZA
25-06-2023;PA7;C52;KOM 930 E;Lastre Sulfurado;ESP/F07/2104/710;FASE 7;BOT_2380_INT;291;1;ESPERANZA
25-06-2023;PA7;C53;KOM 930 E;Lastre Oxidado;ESP/F07/2104/7100;FASE 7;BOT_2380_INT;1746;6;ESPERANZA
25-06-2023;PA7;C53;KOM 930 E;Lastre Sulfurado;ESP/F07/2104/710;FASE 7;BOT_2380_INT;582;2;ESPERANZA
25-06-2023;PA7;C54;KOM 930 E;Lastre Oxidado;ESP/F07/2104/7100;FASE 7;BOT_2380_INT;1746;6;ESPERANZA
25-06-2023;PA7;C54;KOM 930 E;Lastre Sulfurado;ESP/F07/2104/710;FASE 7;BOT_2380_INT;291;1;ESPERANZA
25-06-2023;PA7;C54;KOM 930 E;Lastre Sulfurado;ESP/F07/2104/710;FASE 7;BOT_MIJO;291;1;ESPERANZA
25-06-2023;PA7;C56;KOM 930 E;Lastre Oxidado;ESP/F07/2104/7100;FASE 7;BOT_2380_INT;582;2;ESPERANZA
25-06-2023;PA7;C56;KOM 930 E;Lastre Sulfurado;ESP/F07/2104/710;FASE 7;BOT_2380_INT;582;2;ESPERANZA
25-06-2023;PA7;C57;KOM 930 E;Lastre Oxidado;ESP/F07/2104/7100;FASE 7;BOT_2380_INT;582;2;ESPERANZA
25-06-2023;PA7;C57;KOM 930 E;Lastre Sulfurado;ESP/F07/2104/710;FASE 7;BOT_2380_INT;291;1;ESPERANZA
25-06-2023;PA7;C58;KOM 930 E;Lastre Oxidado;ESP/F07/2104/7100;FASE 7;BOT_2380_INT;873;3;ESPERANZA
25-06-2023;PA7;C58;KOM 930 E;Lastre Sulfurado;ESP/F07/2104/710;FASE 7;BOT_2380_INT;1164;4;ESPERANZA
25-06-2023;PA7;C59;KOM 930 E;Lastre Oxidado;ESP/F07/2104/7100;FASE 7;BOT_2380_INT;873;3;ESPERANZA
25-06-2023;PA7;C59;KOM 930 E;Lastre Sulfurado;ESP/F07/2104/710;FASE 7;BOT_2380_INT;873;3;ESPERANZA
25-06-2023;PA7;C59;KOM 930 E;Lastre Sulfurado;ESP/F07/2104/710;FASE 7;BOT_MIJO;291;1;ESPERANZA
25-06-2023;PA7;C60;KOM 930 E;Lastre Oxidado;ESP/F07/2104/7100;FASE 7;BOT_2380_INT;873;3;ESPERANZA
25-06-2023;PA7;C60;KOM 930 E;Lastre Sulfurado;ESP/F07/2104/710;FASE 7;BOT_2380_INT;582;2;ESPERANZA
25-06-2023;PA7;C61;KOM 930 E;Lastre Oxidado;ESP/F07/2104/7100;FASE 7;BOT_2380_INT;1455;5;ESPERANZA
25-06-2023;PA7;C61;KOM 930 E;Lastre Sulfurado;ESP/F07/2104/710;FASE 7;BOT_2380_INT;1455;5;ESPERANZA
25-06-2023;PA9;C07;CAT 797 B;Lastre Sulfurado;ESP/F07/2104/710;FASE 7;BOT_2380_INT;1039,209961;3;ESPERANZA
25-06-2023;PA9;C09;CAT 797 B;Lastre Sulfurado;ESP/F07/2104/710;FASE 7;BOT_2380_INT;346,4039917;1;ESPERANZA
25-06-2023;PA9;C10;CAT 797 B;Lastre Oxidado;ESP/F07/2104/7100;FASE 7;BOT_2380_INT;346,4039917;1;ESPERANZA
25-06-2023;PA9;C11;CAT 797 B;Lastre Oxidado;ESP/F07/2104/7100;FASE 7;BOT_2380_INT;692,8079834;2;ESPERANZA
25-06-2023;PA9;C11;CAT 797 B;Lastre Sulfurado;ESP/F07/2104/710;FASE 7;BOT_2380_INT;346,4039917;1;ESPERANZA
25-06-2023;PA9;C12;CAT 797 B;Lastre Oxidado;ESP/F07/2104/7100;FASE 7;BOT_2380_INT;346,4039917;1;ESPERANZA
25-06-2023;PA9;C13;CAT 797 B;Lastre Sulfurado;ESP/F07/2104/710;FASE 7;BOT_2380_INT;692,8079834;2;ESPERANZA
25-06-2023;PA9;C134;CAT 793 C;Lastre Oxidado;ESP/F07/2104/7100;FASE 7;BOT_2380_INT;432,8720093;2;ESPERANZA
25-06-2023;PA9;C134;CAT 793 C;Lastre Sulfurado;ESP/F07/2104/710;FASE 7;BOT_2380_INT;216,4360046;1;ESPERANZA
25-06-2023;PA9;C15;CAT 797 B;Lastre Oxidado;ESP/F07/2104/7100;FASE 7;BOT_2380_INT;1385,619995;4;ESPERANZA
25-06-2023;PA9;C160;CAT 793 F;Lastre Sulfurado;ESP/F07/2104/710;FASE 7;BOT_2380_INT;216,4360046;1;ESPERANZA
25-06-2023;PA9;C161;CAT 793 F;Lastre Oxidado;ESP/F07/2104/7100;FASE 7;BOT_2380_INT;432,8729858;2;ESPERANZA
25-06-2023;PA9;C161;CAT 793 F;Lastre Sulfurado;ESP/F07/2104/710;FASE 7;BOT_2380_INT;216,4360046;1;ESPERANZA
25-06-2023;PA9;C164;CAT 793 F;Lastre Sulfurado;ESP/F07/2104/710;FASE 7;BOT_2380_INT;216,4360046;1;ESPERANZA
25-06-2023;PA9;C18;CAT 797 F;Lastre Oxidado;ESP/F07/2104/7100;FASE 7;BOT_2380_INT;346,4039917;1;ESPERANZA
25-06-2023;PA9;C19;CAT 797 F;Lastre Oxidado;ESP/F07/2104/7100;FASE 7;BOT_2380_INT;1385,619995;4;ESPERANZA
25-06-2023;PA9;C19;CAT 797 F;Lastre Sulfurado;ESP/F07/2104/710;FASE 7;BOT_2380_INT;1039,211975;3;ESPERANZA
25-06-2023;PA9;C21;CAT 797 F;Lastre Oxidado;ESP/F07/2104/7100;FASE 7;BOT_2380_INT;692,8079834;2;ESPERANZA
25-06-2023;PA9;C21;CAT 797 F;Lastre Sulfurado;ESP/F07/2104/710;FASE 7;BOT_2380_INT;1385,613953;4;ESPERANZA
25-06-2023;PA9;C22;CAT 797 F;Lastre Oxidado;ESP/F07/2104/7100;FASE 7;BOT_2380_INT;346,4039917;1;ESPERANZA
25-06-2023;PA9;C22;CAT 797 F;Lastre Sulfurado;ESP/F07/2104/710;FASE 7;BOT_2380_INT;346,4039917;1;ESPERANZA
25-06-2023;PA9;C23;CAT 797 F;Lastre Oxidado;ESP/F07/2104/7100;FASE 7;BOT_2380_INT;346,4039917;1;ESPERANZA
25-06-2023;PA9;C24;CAT 797 F;Lastre Oxidado;ESP/F07/2104/7100;FASE 7;BOT_2380_INT;692,8079834;2;ESPERANZA
25-06-2023;PA9;C24;CAT 797 F;Lastre Sulfurado;ESP/F07/2104/710;FASE 7;BOT_2380_INT;692,8079834;2;ESPERANZA
25-06-2023;PA9;C25;CAT 797 F;Lastre Oxidado;ESP/F07/2104/7100;FASE 7;BOT_2380_INT;346,4039917;1;ESPERANZA
25-06-2023;PA9;C25;CAT 797 F;Lastre Sulfurado;ESP/F07/2104/710;FASE 7;BOT_2380_INT;346,4039917;1;ESPERANZA
25-06-2023;PA9;C36;CAT 797 F;Lastre Sulfurado;ESP/F07/2104/710;FASE 7;BOT_2380_INT;346,4039917;1;ESPERANZA
25-06-2023;PA9;C37;CAT 797 F;Lastre Sulfurado;ESP/F07/2104/710;FASE 7;BOT_2380_INT;692,8079834;2;ESPERANZA
25-06-2023;PA9;C39;CAT 797 F;Lastre Oxidado;ESP/F07/2104/7100;FASE 7;BOT_2380_INT;692,8079834;2;ESPERANZA
25-06-2023;PA9;C39;CAT 797 F;Lastre Sulfurado;ESP/F07/2104/710;FASE 7;BOT_2380_INT;1732,023987;5;ESPERANZA
25-06-2023;PA9;C40;CAT 797 F;Lastre Oxidado;ESP/F07/2104/7100;FASE 7;BOT_2380_INT;692,8079834;2;ESPERANZA
25-06-2023;PA9;C40;CAT 797 F;Lastre Sulfurado;ESP/F07/2104/710;FASE 7;BOT_2380_INT;346,4039917;1;ESPERANZA
25-06-2023;PA9;C42;CAT 797 F;Lastre Oxidado;ESP/F07/2104/7100;FASE 7;BOT_2380_INT;346,4039917;1;ESPERANZA
25-06-2023;PA9;C43;CAT 797 F;Lastre Oxidado;ESP/F07/2104/7100;FASE 7;BOT_2380_INT;346,4039917;1;ESPERANZA
25-06-2023;PA9;C47;CAT 797 F;Lastre Sulfurado;ESP/F07/2104/710;FASE 7;BOT_2380_INT;346,4039917;1;ESPERANZA
25-06-2023;PA9;C48;CAT 797 F;Lastre Oxidado;ESP/F07/2104/7100;FASE 7;BOT_2380_INT;346,4039917;1;ESPERANZA
25-06-2023;PA9;C52;KOM 930 E;Lastre Sulfurado;ESP/F07/2104/710;FASE 7;BOT_2380_INT;291;1;ESPERANZA
25-06-2023;PA9;C53;KOM 930 E;Lastre Oxidado;ESP/F07/2104/7100;FASE 7;BOT_2380_INT;291;1;ESPERANZA
25-06-2023;PA9;C53;KOM 930 E;Lastre Sulfurado;ESP/F07/2104/710;FASE 7;BOT_2380_INT;291;1;ESPERANZA
25-06-2023;PA9;C54;KOM 930 E;Lastre Sulfurado;ESP/F07/2104/710;FASE 7;BOT_2380_INT;582;2;ESPERANZA
25-06-2023;PA9;C56;KOM 930 E;Lastre Sulfurado;ESP/F07/2104/710;FASE 7;BOT_2380_INT;291;1;ESPERANZA
25-06-2023;PA9;C57;KOM 930 E;Lastre Oxidado;ESP/F07/2104/7100;FASE 7;BOT_2380_INT;291;1;ESPERANZA
25-06-2023;PA9;C58;KOM 930 E;Lastre Oxidado;ESP/F07/2104/7100;FASE 7;BOT_2380_INT;291;1;ESPERANZA
25-06-2023;PA9;C58;KOM 930 E;Lastre Sulfurado;ESP/F07/2104/710;FASE 7;BOT_2380_INT;873;3;ESPERANZA
25-06-2023;PA9;C59;KOM 930 E;Lastre Sulfurado;ESP/F07/2104/710;FASE 7;BOT_2380_INT;873;3;ESPERANZA
25-06-2023;PA9;C60;KOM 930 E;Lastre Oxidado;ESP/F07/2104/7100;FASE 7;BOT_2380_INT;582;2;ESPERANZA
25-06-2023;PA9;C60;KOM 930 E;Lastre Sulfurado;ESP/F07/2104/710;FASE 7;BOT_2380_INT;291;1;ESPERANZA
25-06-2023;PA9;C61;KOM 930 E;Lastre Oxidado;ESP/F07/2104/7100;FASE 7;BOT_2380_INT;291;1;ESPERANZA
25-06-2023;PA9;C61;KOM 930 E;Lastre Sulfurado;ESP/F07/2104/710;FASE 7;BOT_2380_INT;873;3;ESPERANZA
25-06-2023;PAESPS;C980AHSESPS;Kom 980 AHS;Lastre Oxidado;ESS/F03/2216/3170;F03 ESPSUR;BOTADERO_2021;2520;7;ESPERANZA_SUR
25-06-2023;PAESPS;C980AHSESPS;Kom 980 AHS;Lastre Oxidado;ESS/F03/2216/3231;F03 ESPSUR;BOTADERO_2021;21600;60;ESPERANZA_SUR
25-06-2023;PATH01;C701;LIEBHERR 264 ;LASTRE (LAS);LLA/F01/2295/102;F01 LLA;BOT_TSS;23214;106;LLANO
25-06-2023;PATH01;C701;LIEBHERR 264 ;LASTRE (LAS);LLA/F01/2295/110;F01 LLA;BOT_TSS;54969;251;LLANO
25-06-2023;PATH01;C701;LIEBHERR 264 ;LASTRE (LAS);LLA/F01/2295/111;F01 LLA;BOT_TSS;11607;53;LLANO
25-06-2023;PATH01;C701;LIEBHERR 264 ;LASTRE (LAS);LLA/F02/2302.5/2090;F02 LLA;BOT_TSS;438;2;LLANO
25-06-2023;PATH01;C701;LIEBHERR 264 ;LASTRE (LAS);LLA/F02/2302.5/2091;F02 LLA;BOT_TSS;8541;39;LLANO
25-06-2023;PATH01;C701;LIEBHERR 264 ;LASTRE (LAS);LLA/F02/2302.5/213;F02 LLA;BOT_TSS;12921;59;LLANO
25-06-2023;PATH01;C701;LIEBHERR 264 ;LASTRE (LAS);LLA/F02/2302.5/214;F02 LLA;BOT_TSS;11607;53;LLANO
25-06-2023;PATH01;C793OXE;CAT 793 OXE;L21;04_2376_455;FASE 04 ENC;BOT_2400_1;74580;339;ENCUENTRO
25-06-2023;PATH01;C793OXE;CAT 793 OXE;L21;04_2376_455;FASE 04 ENC;BOT_2440;67980;309;ENCUENTRO
25-06-2023;PATH01;C793OXE;CAT 793 OXE;OMR;STOCK_OXMAR_NORTE;ENCUENTRO OXE;CHANCADO-ENCUENTRO;30360;138;ENCUENTRO
25-06-2023;PATH01;C793OXE;CAT 793 OXE;Oxido Baja Ley;OXE/F04/2152/420;FASE 04 ENC;CHANCADO-ENCUENTRO;11660;53;ENCUENTRO
25-06-2023;PATH01;C793OXE;CAT 793 OXE;Oxido Baja Ley;OXE/F04/2152/420;FASE 04 ENC;MOD E;2640;12;ENCUENTRO
25-06-2023;PATH01;C793OXE;CAT 793 OXE;Oxido Baja Ley;OXE/F04/2152/420;FASE 04 ENC;MOD F;1320;6;ENCUENTRO