Fecha;Carguio;Camión;Flota;Material;Origen;Zona;Destino;Tonelaje;Ciclos;Rajo
26-06-2023;CF2;C07;CAT 797 B;Sulfuro de Alta Ley;ESP/F08/1768/8060;FASE 8;CHANCADO-SULFURO;346,4039917;1;ESPERANZA
26-06-2023;CF2;C134;CAT 793 C;Sulfuro Baja Ley;ESP/F08/1752/R800;FASE 8;STOCK_SBL1;432,8729858;2;ESPERANZA
26-06-2023;CF2;C135;CAT 793 C;Sulfuro Baja Ley;ESP/F08/1752/R800;FASE 8;STOCK_SBL1;865,7459717;4;ESPERANZA
26-06-2023;CF2;C15;CAT 797 B;Sulfuro Baja Ley;ESP/F08/1752/809;FASE 8;STOCK_SBL1;346,4039917;1;ESPERANZA
26-06-2023;CF2;C153;CAT 793 F;Sulfuro Baja Ley;ESP/F08/1752/809;FASE 8;STOCK_SBL1;216,4360046;1;ESPERANZA
26-06-2023;CF2;C153;CAT 793 F;Sulfuro Baja Ley;ESP/F08/1752/R800;FASE 8;STOCK_SBL1;216,4360046;1;ESPERANZA
26-06-2023;CF2;C153;CAT 793 F;Sulfuro de Alta Ley;ESP/F08/1768/8060;FASE 8;CHANCADO-SULFURO;216,4360046;1;ESPERANZA
26-06-2023;CF2;C154;CAT 793 F;Sulfuro Baja Ley;ESP/F08/1752/R800;FASE 8;STOCK_SBL1;432,8729858;2;ESPERANZA
26-06-2023;CF2;C154;CAT 793 F;Sulfuro de Alta Ley;ESP/F08/1768/8060;FASE 8;STOCK_SAL_DIN;216,4360046;1;ESPERANZA
26-06-2023;CF2;C155;CAT 793 F;Sulfuro Baja Ley;ESP/F08/1752/809;FASE 8;STOCK_SBL1;216,4360046;1;ESPERANZA
26-06-2023;CF2;C155;CAT 793 F;Sulfuro Baja Ley;ESP/F08/1752/R800;FASE 8;STOCK_SBL1;216,4360046;1;ESPERANZA
26-06-2023;CF2;C156;CAT 793 F;Sulfuro de Alta Ley;ESP/F08/1768/8060;FASE 8;CHANCADO-SULFURO;216,4360046;1;ESPERANZA
26-06-2023;CF2;C159;CAT 793 F;Sulfuro Baja Ley;ESP/F08/1752/809;FASE 8;STOCK_SBL1;649,309021;3;ESPERANZA
26-06-2023;CF2;C159;CAT 793 F;Sulfuro Baja Ley;ESP/F08/1752/R800;FASE 8;STOCK_SBL1;216,4360046;1;ESPERANZA
26-06-2023;CF2;C159;CAT 793 F;Sulfuro de Alta Ley;ESP/F08/1768/8060;FASE 8;STOCK_SAL_DIN;216,4360046;1;ESPERANZA
26-06-2023;CF2;C16;CAT 797 B;Sulfuro Baja Ley;ESP/F08/1752/R800;FASE 8;STOCK_SBL1;346,4039917;1;ESPERANZA
26-06-2023;CF2;C161;CAT 793 F;Sulfuro Baja Ley;ESP/F08/1752/R800;FASE 8;STOCK_SBL1;432,8729858;2;ESPERANZA
26-06-2023;CF2;C161;CAT 793 F;Sulfuro de Alta Ley;ESP/F08/1768/8060;FASE 8;CHANCADO-SULFURO;216,4360046;1;ESPERANZA
26-06-2023;CF2;C162;CAT 793 F;Sulfuro Baja Ley;ESP/F08/1752/809;FASE 8;STOCK_SBL1;216,4360046;1;ESPERANZA
26-06-2023;CF2;C163;CAT 793 F;Sulfuro Baja Ley;ESP/F08/1752/R800;FASE 8;STOCK_SBL1;432,8729858;2;ESPERANZA
26-06-2023;CF2;C164;CAT 793 F;Sulfuro Baja Ley;ESP/F08/1752/809;FASE 8;STOCK_SBL1;216,4360046;1;ESPERANZA
26-06-2023;CF2;C164;CAT 793 F;Sulfuro Baja Ley;ESP/F08/1752/R800;FASE 8;STOCK_SBL1;216,4360046;1;ESPERANZA
26-06-2023;CF2;C18;CAT 797 F;Sulfuro Baja Ley;ESP/F08/1752/809;FASE 8;STOCK_SBL1;1039,211975;3;ESPERANZA
26-06-2023;CF2;C19;CAT 797 F;Sulfuro Baja Ley;ESP/F08/1752/809;FASE 8;STOCK_SBL1;692,8079834;2;ESPERANZA
26-06-2023;CF2;C22;CAT 797 F;Sulfuro Baja Ley;ESP/F08/1752/809;FASE 8;STOCK_SBL1;346,4039917;1;ESPERANZA
26-06-2023;CF2;C23;CAT 797 F;Sulfuro Baja Ley;ESP/F08/1752/809;FASE 8;STOCK_SBL1;346,4039917;1;ESPERANZA
26-06-2023;CF2;C32;CAT 797 F;Sulfuro Baja Ley;ESP/F08/1752/809;FASE 8;STOCK_SBL1;346,4039917;1;ESPERANZA
26-06-2023;CF2;C36;CAT 797 F;Sulfuro Baja Ley;ESP/F08/1752/809;FASE 8;STOCK_SBL1;692,8079834;2;ESPERANZA
26-06-2023;CF2;C38;CAT 797 F;Sulfuro Baja Ley;ESP/F08/1752/809;FASE 8;STOCK_SBL1;346,4039917;1;ESPERANZA
26-06-2023;CF2;C39;CAT 797 F;Sulfuro Baja Ley;ESP/F08/1752/809;FASE 8;STOCK_SBL1;346,4039917;1;ESPERANZA
26-06-2023;CF2;C41;CAT 797 F;Sulfuro Baja Ley;ESP/F08/1752/809;FASE 8;STOCK_SBL1;346,4039917;1;ESPERANZA
26-06-2023;CF2;C43;CAT 797 F;Sulfuro Baja Ley;ESP/F08/1752/809;FASE 8;STOCK_SBL1;1039,211975;3;ESPERANZA
26-06-2023;CF2;C44;CAT 797 F;Sulfuro Baja Ley;ESP/F08/1752/809;FASE 8;STOCK_SBL1;692,8079834;2;ESPERANZA
26-06-2023;CF2;C46;CAT 797 F;Sulfuro Baja Ley;ESP/F08/1752/809;FASE 8;STOCK_SBL1;692,8079834;2;ESPERANZA
26-06-2023;CF2;C47;CAT 797 F;Sulfuro Baja Ley;ESP/F08/1752/809;FASE 8;STOCK_SBL1;346,4039917;1;ESPERANZA
26-06-2023;CF2;C49;KOM 930 E;Sulfuro Baja Ley;ESP/F08/1752/809;FASE 8;STOCK_SBL1;291;1;ESPERANZA
26-06-2023;CF2;C49;KOM 930 E;Sulfuro Baja Ley;ESP/F08/1752/R800;FASE 8;STOCK_SBL1;291;1;ESPERANZA
26-06-2023;CF2;C49;KOM 930 E;Sulfuro de Alta Ley;ESP/F08/1768/8060;FASE 8;CHANCADO-SULFURO;291;1;ESPERANZA
26-06-2023;CF2;C50;KOM 930 E;Sulfuro Baja Ley;ESP/F08/1752/809;FASE 8;STOCK_SBL1;1455;5;ESPERANZA
26-06-2023;CF2;C50;KOM 930 E;Sulfuro Baja Ley;ESP/F08/1752/R800;FASE 8;STOCK_SBL1;291;1;ESPERANZA
26-06-2023;CF2;C50;KOM 930 E;Sulfuro de Alta Ley;ESP/F08/1768/8060;FASE 8;CHANCADO-SULFURO;291;1;ESPERANZA
26-06-2023;CF2;C51;KOM 930 E;Sulfuro Baja Ley;ESP/F08/1752/809;FASE 8;STOCK_SBL1;1455;5;ESPERANZA
26-06-2023;CF2;C51;KOM 930 E;Sulfuro de Alta Ley;ESP/F08/1768/8060;FASE 8;CHANCADO-SULFURO;291;1;ESPERANZA
26-06-2023;CF2;C52;KOM 930 E;Sulfuro Baja Ley;ESP/F08/1752/809;FASE 8;STOCK_SBL1;1746;6;ESPERANZA
26-06-2023;CF2;C52;KOM 930 E;Sulfuro Baja Ley;ESP/F08/1752/R800;FASE 8;STOCK_SBL1;291;1;ESPERANZA
26-06-2023;CF2;C52;KOM 930 E;Sulfuro de Alta Ley;ESP/F08/1768/8060;FASE 8;CHANCADO-SULFURO;291;1;ESPERANZA
26-06-2023;CF2;C53;KOM 930 E;Sulfuro Baja Ley;ESP/F08/1752/809;FASE 8;STOCK_SBL1;873;3;ESPERANZA
26-06-2023;CF2;C53;KOM 930 E;Sulfuro Baja Ley;ESP/F08/1752/R800;FASE 8;STOCK_SBL1;291;1;ESPERANZA
26-06-2023;CF2;C53;KOM 930 E;Sulfuro de Alta Ley;ESP/F08/1768/8060;FASE 8;CHANCADO-SULFURO;291;1;ESPERANZA
26-06-2023;CF2;C55;KOM 930 E;Sulfuro Baja Ley;ESP/F08/1752/809;FASE 8;STOCK_SBL1;873;3;ESPERANZA
26-06-2023;CF2;C55;KOM 930 E;Sulfuro Baja Ley;ESP/F08/1752/R800;FASE 8;STOCK_SBL1;291;1;ESPERANZA
26-06-2023;CF2;C55;KOM 930 E;Sulfuro de Alta Ley;ESP/F08/1768/8060;FASE 8;CHANCADO-SULFURO;291;1;ESPERANZA
26-06-2023;CF2;C56;KOM 930 E;Sulfuro Baja Ley;ESP/F08/1752/R800;FASE 8;STOCK_SBL1;291;1;ESPERANZA
26-06-2023;CF2;C56;KOM 930 E;Sulfuro de Alta Ley;ESP/F08/1768/8060;FASE 8;CHANCADO-SULFURO;291;1;ESPERANZA
26-06-2023;CF2;C57;KOM 930 E;Sulfuro Baja Ley;ESP/F08/1752/R800;FASE 8;STOCK_SBL1;582;2;ESPERANZA
26-06-2023;CF2;C58;KOM 930 E;Sulfuro Baja Ley;ESP/F08/1752/809;FASE 8;STOCK_SBL1;1746;6;ESPERANZA
26-06-2023;CF2;C58;KOM 930 E;Sulfuro Baja Ley;ESP/F08/1752/R800;FASE 8;STOCK_SBL1;291;1;ESPERANZA
26-06-2023;CF2;C58;KOM 930 E;Sulfuro de Alta Ley;ESP/F08/1768/8060;FASE 8;CHANCADO-SULFURO;291;1;ESPERANZA
26-06-2023;CF2;C59;KOM 930 E;Sulfuro Baja Ley;ESP/F08/1752/809;FASE 8;STOCK_SBL1;582;2;ESPERANZA
26-06-2023;CF2;C59;KOM 930 E;Sulfuro Baja Ley;ESP/F08/1752/R800;FASE 8;STOCK_SBL1;582;2;ESPERANZA
26-06-2023;CF2;C60;KOM 930 E;Sulfuro Baja Ley;ESP/F08/1752/809;FASE 8;STOCK_SBL1;291;1;ESPERANZA
26-06-2023;CF2;C60;KOM 930 E;Sulfuro Baja Ley;ESP/F08/1752/R800;FASE 8;STOCK_SBL1;873;3;ESPERANZA
26-06-2023;CF2;C61;KOM 930 E;Sulfuro Baja Ley;ESP/F08/1752/809;FASE 8;STOCK_SBL1;582;2;ESPERANZA
26-06-2023;CF2;C61;KOM 930 E;Sulfuro de Alta Ley;ESP/F08/1768/8060;FASE 8;CHANCADO-SULFURO;291;1;ESPERANZA
26-06-2023;CF231;C121;CAT 793 C;Sulfuro de Alta Ley;STOCK_SAL_DIN;ESPERANZA;CHANCADO-SULFURO;650,8809967;3;ESPERANZA
26-06-2023;CF231;C122;CAT 793 C;Sulfuro de Alta Ley;STOCK_SAL_DIN;ESPERANZA;CHANCADO-SULFURO;1301,76001;6;ESPERANZA
26-06-2023;CF231;C122;CAT 793 C;Sulfuro de Media;STOCK_SME;ESPERANZA;CHANCADO-SULFURO;1301,761993;6;ESPERANZA
26-06-2023;CF231;C123;CAT 793 C;Sulfuro de Alta Ley;STOCK_SAL_DIN;ESPERANZA;STOCK_SAL_DIN;216,9600067;1;ESPERANZA
26-06-2023;CF231;C125;CAT 793 C;Sulfuro de Alta Ley;STOCK_SAL_DIN;ESPERANZA;CHANCADO-SULFURO;650,8809814;3;ESPERANZA
26-06-2023;CF231;C125;CAT 793 C;Sulfuro de Alta Ley;STOCK_SAL_DIN;ESPERANZA;STOCK_SAL_DIN;216,9600067;1;ESPERANZA
26-06-2023;CF231;C128;CAT 793 C;Lastre Sulfurado;ESP/F10/2312/1290;FASE 10;BOT_MIJO;216,4360046;1;ESPERANZA
26-06-2023;CF231;C128;CAT 793 C;Sulfuro de Alta Ley;STOCK_SAL_DIN;ESPERANZA;CHANCADO-SULFURO;4122,242035;19;ESPERANZA
26-06-2023;CF231;C129;CAT 793 C;Lastre Sulfurado;ESP/F10/2312/1290;FASE 10;BOT_MIJO;216,4360046;1;ESPERANZA
26-06-2023;CF231;C129;CAT 793 C;Sulfuro de Alta Ley;STOCK_SAL_DIN;ESPERANZA;CHANCADO-SULFURO;650,8809814;3;ESPERANZA
26-06-2023;CF231;C131;CAT 793 C;Lastre Sulfurado;ESP/F10/2312/1290;FASE 10;BOT_MIJO;649,309021;3;ESPERANZA
26-06-2023;CF231;C134;CAT 793 C;Lastre Sulfurado;ESP/F10/2312/1290;FASE 10;BOT_MIJO;216,4360046;1;ESPERANZA
26-06-2023;CF231;C134;CAT 793 C;Sulfuro de Alta Ley;STOCK_SAL_DIN;ESPERANZA;CHANCADO-SULFURO;216,9600067;1;ESPERANZA
26-06-2023;CF231;C134;CAT 793 C;Sulfuro de Media;STOCK_SME;ESPERANZA;CHANCADO-SULFURO;1301,76297;6;ESPERANZA
26-06-2023;CF231;C135;CAT 793 C;Sulfuro de Alta Ley;STOCK_SAL_DIN;ESPERANZA;CHANCADO-SULFURO;433,9200134;2;ESPERANZA
26-06-2023;CF231;C155;CAT 793 F;Sulfuro de Media;STOCK_SME;ESPERANZA;CHANCADO-SULFURO;1084,800049;5;ESPERANZA
26-06-2023;CF231;C156;CAT 793 F;Lastre Sulfurado;ESP/F10/2312/1290;FASE 10;BOT_MIJO;649,309021;3;ESPERANZA
26-06-2023;CF231;C156;CAT 793 F;Sulfuro de Alta Ley;STOCK_SAL_DIN;ESPERANZA;CHANCADO-SULFURO;1301,76297;6;ESPERANZA
26-06-2023;CF231;C156;CAT 793 F;Sulfuro de Media;STOCK_SME;ESPERANZA;CHANCADO-SULFURO;216,9600067;1;ESPERANZA
26-06-2023;CF231;C162;CAT 793 F;Sulfuro de Alta Ley;STOCK_SAL_DIN;ESPERANZA;CHANCADO-SULFURO;1301,761993;6;ESPERANZA
26-06-2023;CF231;C162;CAT 793 F;Sulfuro de Alta Ley;STOCK_SAL_DIN;ESPERANZA;STOCK_SAL_DIN;216,9600067;1;ESPERANZA
26-06-2023;CF231;C162;CAT 793 F;Sulfuro de Alta Ley;STOCK_SAL_DIN;ESPERANZA;STOCK_SPL_DIN;216,9600067;1;ESPERANZA
26-06-2023;CF231;C163;CAT 793 F;Lastre Sulfurado;ESP/F10/2312/1290;FASE 10;BOT_MIJO;216,4360046;1;ESPERANZA
26-06-2023;CF231;C163;CAT 793 F;Sulfuro de Media;STOCK_SME;ESPERANZA;CHANCADO-SULFURO;433,92099;2;ESPERANZA
26-06-2023;CF232;C123;CAT 793 C;Marginal;STM-02;OXIDO;CHANCADO-OXIDO;8008,148041;37;TESORO
26-06-2023;CF232;C152;CAT 793 F;Marginal;STM-02;OXIDO;CHANCADO-OXIDO;5194,478088;24;TESORO
26-06-2023;CF232;C152;CAT 793 F;Marginal;STM-02;OXIDO;STM-02;216,4360046;1;TESORO
26-06-2023;CF232;C154;CAT 793 F;Marginal;STM-02;OXIDO;CHANCADO-OXIDO;649,309021;3;TESORO
26-06-2023;CF232;C159;CAT 793 F;Marginal;STM-02;OXIDO;CHANCADO-OXIDO;432,8720093;2;TESORO
26-06-2023;CF232;C160;CAT 793 F;Marginal;STM-02;OXIDO;BOT_BL08_2370_A;216,4360046;1;TESORO
26-06-2023;CF232;C160;CAT 793 F;Marginal;STM-02;OXIDO;CHANCADO-OXIDO;8008,155182;37;TESORO
26-06-2023;CF232;C163;CAT 793 F;Marginal;STM-02;OXIDO;CHANCADO-OXIDO;1731,48999;8;TESORO
26-06-2023;CF232;C164;CAT 793 F;Marginal;STM-02;OXIDO;CHANCADO-OXIDO;649,309021;3;TESORO
26-06-2023;CF233;C121;CAT 793 C;Lastre Oxidado;ESP/F10/2328/130;FASE 10;BOT_MIJO;216,4360046;1;ESPERANZA
26-06-2023;CF233;C121;CAT 793 C;Lastre Sulfurado;ESP/F10/2244/103;FASE 10;BOT_PLATAFORMA;4112,296021;19;ESPERANZA
26-06-2023;CF233;C122;CAT 793 C;Lastre Oxidado;ESP/F10/2328/130;FASE 10;BOT_MIJO;216,4360046;1;ESPERANZA
26-06-2023;CF233;C122;CAT 793 C;Lastre Sulfurado;ESP/F10/2244/103;FASE 10;BOT_PLATAFORMA;1731,491943;8;ESPERANZA
26-06-2023;CF233;C125;CAT 793 C;Lastre Sulfurado;ESP/F10/2244/103;FASE 10;BOT_PLATAFORMA;865,7459717;4;ESPERANZA
26-06-2023;CF233;C129;CAT 793 C;Lastre Oxidado;ESP/F10/2328/130;FASE 10;BOT_MIJO;216,4360046;1;ESPERANZA
26-06-2023;CF233;C129;CAT 793 C;Lastre Sulfurado;ESP/F10/2244/103;FASE 10;BOT_PLATAFORMA;1082,181976;5;ESPERANZA
26-06-2023;CF233;C131;CAT 793 C;Lastre Sulfurado;ESP/F10/2244/103;FASE 10;BOT_PLATAFORMA;432,8720093;2;ESPERANZA
26-06-2023;CF233;C134;CAT 793 C;Lastre Sulfurado;ESP/F10/2244/103;FASE 10;BOT_PLATAFORMA;1515,060059;7;ESPERANZA
26-06-2023;CF233;C135;CAT 793 C;Lastre Sulfurado;ESP/F10/2244/103;FASE 10;BOT_PLATAFORMA;1082,181976;5;ESPERANZA
26-06-2023;CF233;C152;CAT 793 F;Lastre Sulfurado;ESP/F10/2244/103;FASE 10;BOT_MIJO;216,4360046;1;ESPERANZA
26-06-2023;CF233;C155;CAT 793 F;Lastre Sulfurado;ESP/F10/2244/103;FASE 10;BOT_PLATAFORMA;865,7459717;4;ESPERANZA
26-06-2023;CF233;C162;CAT 793 F;Lastre Sulfurado;ESP/F10/2244/103;FASE 10;BOT_PLATAFORMA;865,7459717;4;ESPERANZA
26-06-2023;CF233;C163;CAT 793 F;Lastre Sulfurado;ESP/F10/2244/103;FASE 10;BOT_PLATAFORMA;216,4360046;1;ESPERANZA
26-06-2023;CF234;C122;CAT 793 C;Lastre Oxidado;ESP/F10/2296/1060;FASE 10;BOT_MIJO;216,4360046;1;ESPERANZA
26-06-2023;CF234;C122;CAT 793 C;Sulfuro de Alta Ley;STOCK_SAL_DIN;ESPERANZA;CHANCADO-SULFURO;2386,563019;11;ESPERANZA
26-06-2023;CF234;C123;CAT 793 C;Sulfuro de Alta Ley;STOCK_SAL_DIN;ESPERANZA;CHANCADO-SULFURO;216,9600067;1;ESPERANZA
26-06-2023;CF234;C125;CAT 793 C;Sulfuro de Alta Ley;STOCK_SAL_DIN;ESPERANZA;CHANCADO-SULFURO;650,8809967;3;ESPERANZA
26-06-2023;CF234;C128;CAT 793 C;Sulfuro de Alta Ley;STOCK_SAL_DIN;ESPERANZA;CHANCADO-SULFURO;650,8809814;3;ESPERANZA
26-06-2023;CF234;C129;CAT 793 C;Lastre Oxidado;ESP/F10/2296/1060;FASE 10;BOT_MIJO;649,309021;3;ESPERANZA
26-06-2023;CF234;C129;CAT 793 C;Sulfuro de Alta Ley;STOCK_SAL_DIN;ESPERANZA;CHANCADO-SULFURO;3037,44104;14;ESPERANZA
26-06-2023;CF234;C132;CAT 793 C;Lastre Oxidado;ESP/F10/2296/1060;FASE 10;BOT_MIJO;216,4360046;1;ESPERANZA
26-06-2023;CF234;C134;CAT 793 C;Lastre Oxidado;ESP/F10/2296/1060;FASE 10;BOT_MIJO;649,309021;3;ESPERANZA
26-06-2023;CF234;C134;CAT 793 C;Sulfuro de Alta Ley;STOCK_SAL_DIN;ESPERANZA;CHANCADO-SULFURO;433,92099;2;ESPERANZA
26-06-2023;CF234;C135;CAT 793 C;Sulfuro de Alta Ley;STOCK_SAL_DIN;ESPERANZA;CHANCADO-SULFURO;650,8809814;3;ESPERANZA
26-06-2023;CF234;C152;CAT 793 F;Lastre Oxidado;ESP/F10/2296/1060;FASE 10;BOT_MIJO;216,4360046;1;ESPERANZA
26-06-2023;CF234;C153;CAT 793 F;Lastre Oxidado;ESP/F10/2296/1060;FASE 10;BOT_MIJO;216,4360046;1;ESPERANZA
26-06-2023;CF234;C153;CAT 793 F;Sulfuro de Alta Ley;STOCK_SAL_DIN;ESPERANZA;CHANCADO-SULFURO;216,9600067;1;ESPERANZA
26-06-2023;CF234;C155;CAT 793 F;Lastre Oxidado;ESP/F10/2296/1060;FASE 10;BOT_MIJO;216,4360046;1;ESPERANZA
26-06-2023;CF234;C155;CAT 793 F;Sulfuro de Alta Ley;STOCK_SAL_DIN;ESPERANZA;CHANCADO-SULFURO;433,92099;2;ESPERANZA
26-06-2023;CF234;C156;CAT 793 F;Lastre Oxidado;ESP/F10/2296/1060;FASE 10;BOT_MIJO;216,4360046;1;ESPERANZA
26-06-2023;CF234;C156;CAT 793 F;Sulfuro de Alta Ley;STOCK_SAL_DIN;ESPERANZA;CHANCADO-SULFURO;1735,682968;8;ESPERANZA
26-06-2023;CF234;C162;CAT 793 F;Lastre Oxidado;ESP/F10/2296/1060;FASE 10;BOT_MIJO;216,4360046;1;ESPERANZA
26-06-2023;CF234;C162;CAT 793 F;Sulfuro de Alta Ley;STOCK_SAL_DIN;ESPERANZA;CHANCADO-SULFURO;2169,600098;10;ESPERANZA
26-06-2023;CF234;C163;CAT 793 F;Sulfuro de Alta Ley;STOCK_SAL_DIN;ESPERANZA;CHANCADO-SULFURO;1952,642029;9;ESPERANZA
26-06-2023;CF4;C980AHSESPS;Kom 980 AHS;Lastre Oxidado;ESS/F03/2216/3170;F03 ESPSUR;BOTADERO_2021;23400;65;ESPERANZA_SUR
26-06-2023;CF4;C980AHSESPS;Kom 980 AHS;Lastre Oxidado;ESS/F03/2216/3231;F03 ESPSUR;BOTADERO_2021;7200;20;ESPERANZA_SUR
26-06-2023;PA1;C08;CAT 797 B;Lastre Oxidado;ESP/F07/2104/707;FASE 7;BOT_MIJO;3117,633972;9;ESPERANZA
26-06-2023;PA1;C10;CAT 797 B;Lastre Oxidado;ESP/F07/2104/707;FASE 7;BOT_MIJO;1732,019958;5;ESPERANZA
26-06-2023;PA1;C123;CAT 793 C;Lastre Oxidado;ESP/F07/2104/707;FASE 7;BOT_MIJO;1298,619995;6;ESPERANZA
26-06-2023;PA1;C125;CAT 793 C;Lastre Oxidado;ESP/F07/2104/707;FASE 7;BOT_2380_INT;216,4360046;1;ESPERANZA
26-06-2023;PA1;C125;CAT 793 C;Lastre Oxidado;ESP/F07/2104/707;FASE 7;BOT_MIJO;2380,796112;11;ESPERANZA
26-06-2023;PA1;C128;CAT 793 C;Lastre Oxidado;ESP/F07/2104/707;FASE 7;BOT_MIJO;1731,48999;8;ESPERANZA
26-06-2023;PA1;C129;CAT 793 C;Lastre Oxidado;ESP/F07/2104/707;FASE 7;BOT_MIJO;216,4360046;1;ESPERANZA
26-06-2023;PA1;C13;CAT 797 B;Lastre Oxidado;ESP/F07/2104/707;FASE 7;BOT_MIJO;346,4039917;1;ESPERANZA
26-06-2023;PA1;C132;CAT 793 C;Lastre Oxidado;ESP/F07/2104/707;FASE 7;BOT_2380_INT;432,8729858;2;ESPERANZA
26-06-2023;PA1;C132;CAT 793 C;Lastre Oxidado;ESP/F07/2104/707;FASE 7;BOT_MIJO;432,8720093;2;ESPERANZA
26-06-2023;PA1;C134;CAT 793 C;Lastre Oxidado;ESP/F07/2104/707;FASE 7;BOT_MIJO;216,4360046;1;ESPERANZA
26-06-2023;PA1;C135;CAT 793 C;Lastre Oxidado;ESP/F07/2104/707;FASE 7;BOT_MIJO;216,4360046;1;ESPERANZA
26-06-2023;PA1;C15;CAT 797 B;Lastre Oxidado;ESP/F07/2104/707;FASE 7;BOT_MIJO;346,4039917;1;ESPERANZA
26-06-2023;PA1;C152;CAT 793 F;Lastre Oxidado;ESP/F07/2104/707;FASE 7;BOT_2380_INT;216,4360046;1;ESPERANZA
26-06-2023;PA1;C154;CAT 793 F;Lastre Oxidado;ESP/F07/2104/707;FASE 7;BOT_MIJO;1515,056;7;ESPERANZA
26-06-2023;PA1;C155;CAT 793 F;Lastre Oxidado;ESP/F07/2104/707;FASE 7;BOT_2380_INT;216,4360046;1;ESPERANZA
26-06-2023;PA1;C155;CAT 793 F;Lastre Oxidado;ESP/F07/2104/707;FASE 7;BOT_MIJO;216,4360046;1;ESPERANZA
26-06-2023;PA1;C159;CAT 793 F;Lastre Oxidado;ESP/F07/2104/707;FASE 7;BOT_MIJO;1298,616058;6;ESPERANZA
26-06-2023;PA1;C161;CAT 793 F;Lastre Oxidado;ESP/F07/2104/707;FASE 7;BOT_MIJO;865,7459717;4;ESPERANZA
26-06-2023;PA1;C25;CAT 797 F;Lastre Oxidado;ESP/F07/2104/707;FASE 7;BOT_MIJO;1385,615967;4;ESPERANZA
26-06-2023;PA1;C32;CAT 797 F;Lastre Oxidado;ESP/F07/2104/707;FASE 7;BOT_MIJO;346,4039917;1;ESPERANZA
26-06-2023;PA1;C40;CAT 797 F;Lastre Oxidado;ESP/F07/2104/707;FASE 7;BOT_2380_INT;346,4039917;1;ESPERANZA
26-06-2023;PA1;C40;CAT 797 F;Lastre Oxidado;ESP/F07/2104/707;FASE 7;BOT_MIJO;1039,209961;3;ESPERANZA
26-06-2023;PA1;C41;CAT 797 F;Lastre Oxidado;ESP/F07/2104/707;FASE 7;BOT_MIJO;1385,615967;4;ESPERANZA
26-06-2023;PA1;C44;CAT 797 F;Lastre Oxidado;ESP/F07/2104/707;FASE 7;BOT_MIJO;692,8079834;2;ESPERANZA
26-06-2023;PA1;C46;CAT 797 F;Lastre Oxidado;ESP/F07/2104/707;FASE 7;BOT_MIJO;346,4039917;1;ESPERANZA
26-06-2023;PA1;C49;KOM 930 E;Lastre Oxidado;ESP/F07/2104/707;FASE 7;BOT_MIJO;1164;4;ESPERANZA
26-06-2023;PA1;C50;KOM 930 E;Lastre Oxidado;ESP/F07/2104/707;FASE 7;BOT_MIJO;1455;5;ESPERANZA
26-06-2023;PA1;C51;KOM 930 E;Lastre Oxidado;ESP/F07/2104/707;FASE 7;BOT_MIJO;582;2;ESPERANZA
26-06-2023;PA1;C52;KOM 930 E;Lastre Oxidado;ESP/F07/2104/707;FASE 7;BOT_2380_INT;291;1;ESPERANZA
26-06-2023;PA1;C52;KOM 930 E;Lastre Oxidado;ESP/F07/2104/707;FASE 7;BOT_MIJO;1455;5;ESPERANZA
26-06-2023;PA1;C53;KOM 930 E;Lastre Oxidado;ESP/F07/2104/707;FASE 7;BOT_MIJO;873;3;ESPERANZA
26-06-2023;PA1;C55;KOM 930 E;Lastre Oxidado;ESP/F07/2104/707;FASE 7;BOT_2380_INT;291;1;ESPERANZA
26-06-2023;PA1;C55;KOM 930 E;Lastre Oxidado;ESP/F07/2104/707;FASE 7;BOT_MIJO;582;2;ESPERANZA
26-06-2023;PA1;C56;KOM 930 E;Lastre Oxidado;ESP/F07/2104/707;FASE 7;BOT_MIJO;582;2;ESPERANZA
26-06-2023;PA1;C58;KOM 930 E;Lastre Oxidado;ESP/F07/2104/707;FASE 7;BOT_MIJO;582;2;ESPERANZA
26-06-2023;PA1;C59;KOM 930 E;Lastre Oxidado;ESP/F07/2104/707;FASE 7;BOT_2380_INT;291;1;ESPERANZA
26-06-2023;PA1;C59;KOM 930 E;Lastre Oxidado;ESP/F07/2104/707;FASE 7;BOT_MIJO;1455;5;ESPERANZA
26-06-2023;PA1;C60;KOM 930 E;Lastre Oxidado;ESP/F07/2104/707;FASE 7;BOT_2380_INT;291;1;ESPERANZA
26-06-2023;PA1;C60;KOM 930 E;Lastre Oxidado;ESP/F07/2104/707;FASE 7;BOT_MIJO;1164;4;ESPERANZA
26-06-2023;PA10;C980AHSESPS;Kom 980 AHS;Lastre Oxidado;ESS/F03/2200/310;F03 ESPSUR;BOTADERO_2021;33480;93;ESPERANZA_SUR
26-06-2023;PA10;C980AHSESPS;Kom 980 AHS;Oxido;ESS/F03/2200/310;F03 ESPSUR;PLATAFORMA_ESS;10800;30;ESPERANZA_SUR
26-06-2023;PA11;C20115ESPS;KOM 980 ESPS;Sulfuro de Media;ESS/F02/2104/207;F02 ESPSUR;CHANCADO-SULFURO;69480;193;ESPERANZA_SUR
26-06-2023;PA11;C20115ESPS;KOM 980 ESPS;Sulfuro de Media;ESS/F02/2104/208;F02 ESPSUR;CHANCADO-SULFURO;3600;10;ESPERANZA_SUR
26-06-2023;PA11;C980AHSESPS;Kom 980 AHS;Sulfuro de Media;ESS/F02/2104/207;F02 ESPSUR;STOCK_SME_ESS;28080;78;ESPERANZA_SUR
26-06-2023;PA11;C980AHSESPS;Kom 980 AHS;Sulfuro de Media;ESS/F02/2104/208;F02 ESPSUR;STOCK_SME_ESS;1440;4;ESPERANZA_SUR
26-06-2023;PA2;C07;CAT 797 B;Sulfuro de Alta Ley;ESP/F08/1768/8060;FASE 8;STOCK-FIERROS;346,4039917;1;ESPERANZA
26-06-2023;PA2;C08;CAT 797 B;Sulfuro de Alta Ley;ESP/F08/1768/8060;FASE 8;CHANCADO-SULFURO;346,4039917;1;ESPERANZA
26-06-2023;PA2;C08;CAT 797 B;Sulfuro de Alta Ley;ESP/F08/1768/8060;FASE 8;STOCK_SAL_DIN;692,8079834;2;ESPERANZA
26-06-2023;PA2;C10;CAT 797 B;Sulfuro de Alta Ley;ESP/F08/1768/8060;FASE 8;STOCK_SAL_DIN;346,4039917;1;ESPERANZA
26-06-2023;PA2;C10;CAT 797 B;Sulfuro de Alta Ley;ESP/F08/1768/8060;FASE 8;STOCK-FIERROS;346,4039917;1;ESPERANZA
26-06-2023;PA2;C11;CAT 797 B;Sulfuro de Alta Ley;ESP/F08/1768/8060;FASE 8;CHANCADO-SULFURO;346,4039917;1;ESPERANZA
26-06-2023;PA2;C11;CAT 797 B;Sulfuro de Alta Ley;ESP/F08/1768/8060;FASE 8;STOCK-FIERROS;346,4039917;1;ESPERANZA
26-06-2023;PA2;C12;CAT 797 B;Sulfuro de Alta Ley;ESP/F08/1768/8060;FASE 8;STOCK_SAL_DIN;346,4039917;1;ESPERANZA
26-06-2023;PA2;C121;CAT 793 C;Sulfuro de Alta Ley;ESP/F08/1768/8060;FASE 8;STOCK-FIERROS;216,4360046;1;ESPERANZA
26-06-2023;PA2;C125;CAT 793 C;Sulfuro Baja Ley;ESP/F08/1752/809;FASE 8;CHANCADO-SULFURO;432,8720093;2;ESPERANZA
26-06-2023;PA2;C128;CAT 793 C;Sulfuro Baja Ley;ESP/F08/1752/809;FASE 8;CHANCADO-SULFURO;216,4360046;1;ESPERANZA
26-06-2023;PA2;C129;CAT 793 C;Sulfuro Baja Ley;ESP/F08/1752/809;FASE 8;CHANCADO-SULFURO;216,4360046;1;ESPERANZA
26-06-2023;PA2;C129;CAT 793 C;Sulfuro de Alta Ley;ESP/F08/1768/8060;FASE 8;STOCK-FIERROS;216,4360046;1;ESPERANZA
26-06-2023;PA2;C13;CAT 797 B;Sulfuro de Alta Ley;ESP/F08/1768/8060;FASE 8;STOCK_SAL_DIN;692,8079834;2;ESPERANZA
26-06-2023;PA2;C13;CAT 797 B;Sulfuro de Alta Ley;ESP/F08/1768/8060;FASE 8;STOCK-FIERROS;346,4039917;1;ESPERANZA
26-06-2023;PA2;C131;CAT 793 C;Sulfuro Baja Ley;ESP/F08/1752/809;FASE 8;CHANCADO-SULFURO;432,8729858;2;ESPERANZA
26-06-2023;PA2;C132;CAT 793 C;Sulfuro Baja Ley;ESP/F08/1752/809;FASE 8;CHANCADO-SULFURO;1082,180054;5;ESPERANZA
26-06-2023;PA2;C132;CAT 793 C;Sulfuro Baja Ley;ESP/F08/1752/809;FASE 8;STOCK_SBL1;216,4360046;1;ESPERANZA
26-06-2023;PA2;C134;CAT 793 C;Sulfuro Baja Ley;ESP/F08/1752/809;FASE 8;CHANCADO-SULFURO;216,4360046;1;ESPERANZA
26-06-2023;PA2;C135;CAT 793 C;Sulfuro Baja Ley;ESP/F08/1752/809;FASE 8;STOCK_SBL1;216,4360046;1;ESPERANZA
26-06-2023;PA2;C135;CAT 793 C;Sulfuro de Alta Ley;ESP/F08/1768/8060;FASE 8;STOCK-FIERROS;216,4360046;1;ESPERANZA
26-06-2023;PA2;C15;CAT 797 B;Sulfuro de Alta Ley;ESP/F08/1768/8060;FASE 8;STOCK_SAL_DIN;1732,017944;5;ESPERANZA
26-06-2023;PA2;C152;CAT 793 F;Sulfuro de Alta Ley;ESP/F08/1768/8060;FASE 8;CHANCADO-SULFURO;216,4360046;1;ESPERANZA
26-06-2023;PA2;C153;CAT 793 F;Sulfuro Baja Ley;ESP/F08/1752/809;FASE 8;CHANCADO-SULFURO;216,4360046;1;ESPERANZA
26-06-2023;PA2;C153;CAT 793 F;Sulfuro de Alta Ley;ESP/F08/1768/8060;FASE 8;CHANCADO-SULFURO;649,3089905;3;ESPERANZA
26-06-2023;PA2;C153;CAT 793 F;Sulfuro de Alta Ley;ESP/F08/1768/8060;FASE 8;STOCK_SAL_DIN;216,4360046;1;ESPERANZA
26-06-2023;PA2;C154;CAT 793 F;Sulfuro Baja Ley;ESP/F08/1752/809;FASE 8;STOCK_SBL1;216,4360046;1;ESPERANZA
26-06-2023;PA2;C154;CAT 793 F;Sulfuro de Alta Ley;ESP/F08/1768/8060;FASE 8;CHANCADO-SULFURO;432,8729858;2;ESPERANZA
26-06-2023;PA2;C155;CAT 793 F;Sulfuro Baja Ley;ESP/F08/1752/809;FASE 8;CHANCADO-SULFURO;432,8729858;2;ESPERANZA
26-06-2023;PA2;C155;CAT 793 F;Sulfuro de Alta Ley;ESP/F08/1768/8060;FASE 8;CHANCADO-SULFURO;216,4360046;1;ESPERANZA
26-06-2023;PA2;C155;CAT 793 F;Sulfuro de Alta Ley;ESP/F08/1768/8060;FASE 8;STOCK_SAL_DIN;216,4360046;1;ESPERANZA
26-06-2023;PA2;C156;CAT 793 F;Sulfuro Baja Ley;ESP/F08/1752/809;FASE 8;CHANCADO-SULFURO;432,8729858;2;ESPERANZA
26-06-2023;PA2;C156;CAT 793 F;Sulfuro Baja Ley;ESP/F08/1752/809;FASE 8;STOCK_SBL1;216,4360046;1;ESPERANZA
26-06-2023;PA2;C159;CAT 793 F;Sulfuro Baja Ley;ESP/F08/1752/809;FASE 8;CHANCADO-SULFURO;216,4360046;1;ESPERANZA
26-06-2023;PA2;C159;CAT 793 F;Sulfuro Baja Ley;ESP/F08/1752/809;FASE 8;STOCK_SBL1;649,3080139;3;ESPERANZA
26-06-2023;PA2;C159;CAT 793 F;Sulfuro de Alta Ley;ESP/F08/1768/8060;FASE 8;CHANCADO-SULFURO;432,8729858;2;ESPERANZA
26-06-2023;PA2;C159;CAT 793 F;Sulfuro de Alta Ley;ESP/F08/1768/8060;FASE 8;STOCK-FIERROS;216,4360046;1;ESPERANZA
26-06-2023;PA2;C16;CAT 797 B;Sulfuro Baja Ley;ESP/F08/1752/809;FASE 8;CHANCADO-SULFURO;692,8079834;2;ESPERANZA
26-06-2023;PA2;C16;CAT 797 B;Sulfuro de Alta Ley;ESP/F08/1768/8060;FASE 8;STOCK_SAL_DIN;692,8079834;2;ESPERANZA
26-06-2023;PA2;C16;CAT 797 B;Sulfuro de Alta Ley;ESP/F08/1768/8060;FASE 8;STOCK-FIERROS;346,4039917;1;ESPERANZA
26-06-2023;PA2;C161;CAT 793 F;Sulfuro Baja Ley;ESP/F08/1752/809;FASE 8;CHANCADO-SULFURO;216,4360046;1;ESPERANZA
26-06-2023;PA2;C161;CAT 793 F;Sulfuro de Alta Ley;ESP/F08/1768/8060;FASE 8;CHANCADO-SULFURO;649,309021;3;ESPERANZA
26-06-2023;PA2;C161;CAT 793 F;Sulfuro de Alta Ley;ESP/F08/1768/8060;FASE 8;STOCK_SAL_DIN;216,4360046;1;ESPERANZA
26-06-2023;PA2;C161;CAT 793 F;Sulfuro de Alta Ley;ESP/F08/1768/8060;FASE 8;STOCK_SPL_DIN;216,4360046;1;ESPERANZA
26-06-2023;PA2;C162;CAT 793 F;Sulfuro Baja Ley;ESP/F08/1752/809;FASE 8;CHANCADO-SULFURO;649,309021;3;ESPERANZA
26-06-2023;PA2;C162;CAT 793 F;Sulfuro de Alta Ley;ESP/F08/1768/8060;FASE 8;CHANCADO-SULFURO;216,4360046;1;ESPERANZA
26-06-2023;PA2;C162;CAT 793 F;Sulfuro de Alta Ley;ESP/F08/1768/8060;FASE 8;STOCK_SAL_DIN;216,4360046;1;ESPERANZA
26-06-2023;PA2;C163;CAT 793 F;Sulfuro Baja Ley;ESP/F08/1752/809;FASE 8;CHANCADO-SULFURO;216,4360046;1;ESPERANZA
26-06-2023;PA2;C163;CAT 793 F;Sulfuro Baja Ley;ESP/F08/1752/809;FASE 8;STOCK_SBL1;216,4360046;1;ESPERANZA
26-06-2023;PA2;C163;CAT 793 F;Sulfuro de Alta Ley;ESP/F08/1768/8060;FASE 8;STOCK_SAL_DIN;216,4360046;1;ESPERANZA
26-06-2023;PA2;C17;CAT 797 F;Sulfuro de Alta Ley;ESP/F08/1768/8060;FASE 8;STOCK_SAL_DIN;346,4039917;1;ESPERANZA
26-06-2023;PA2;C17;CAT 797 F;Sulfuro de Alta Ley;ESP/F08/1768/8060;FASE 8;STOCK-FIERROS;346,4039917;1;ESPERANZA
26-06-2023;PA2;C19;CAT 797 F;Sulfuro de Alta Ley;ESP/F08/1768/8060;FASE 8;STOCK_SAL_DIN;346,4039917;1;ESPERANZA
26-06-2023;PA2;C19;CAT 797 F;Sulfuro de Alta Ley;ESP/F08/1768/8060;FASE 8;STOCK-FIERROS;692,8079834;2;ESPERANZA
26-06-2023;PA2;C20;CAT 797 F;Sulfuro de Alta Ley;ESP/F08/1768/8060;FASE 8;CHANCADO-SULFURO;346,4039917;1;ESPERANZA
26-06-2023;PA2;C21;CAT 797 F;Sulfuro de Alta Ley;ESP/F08/1768/8060;FASE 8;CHANCADO-SULFURO;346,4039917;1;ESPERANZA
26-06-2023;PA2;C21;CAT 797 F;Sulfuro de Alta Ley;ESP/F08/1768/8060;FASE 8;STOCK_SAL_DIN;692,8079834;2;ESPERANZA
26-06-2023;PA2;C21;CAT 797 F;Sulfuro de Alta Ley;ESP/F08/1768/8060;FASE 8;STOCK-FIERROS;346,4039917;1;ESPERANZA
26-06-2023;PA2;C22;CAT 797 F;Sulfuro Baja Ley;ESP/F08/1752/809;FASE 8;STOCK_SBL1;692,8079834;2;ESPERANZA
26-06-2023;PA2;C22;CAT 797 F;Sulfuro de Alta Ley;ESP/F08/1768/8060;FASE 8;CHANCADO-SULFURO;692,8079834;2;ESPERANZA
26-06-2023;PA2;C22;CAT 797 F;Sulfuro de Alta Ley;ESP/F08/1768/8060;FASE 8;STOCK_SAL_DIN;346,4039917;1;ESPERANZA
26-06-2023;PA2;C22;CAT 797 F;Sulfuro de Alta Ley;ESP/F08/1768/8060;FASE 8;STOCK-FIERROS;346,4039917;1;ESPERANZA
26-06-2023;PA2;C23;CAT 797 F;Sulfuro de Alta Ley;ESP/F08/1768/8060;FASE 8;CHANCADO-SULFURO;692,8079834;2;ESPERANZA
26-06-2023;PA2;C23;CAT 797 F;Sulfuro de Alta Ley;ESP/F08/1768/8060;FASE 8;STOCK_SAL_DIN;692,8079834;2;ESPERANZA
26-06-2023;PA2;C24;CAT 797 F;Sulfuro de Alta Ley;ESP/F08/1768/8060;FASE 8;STOCK_SAL_DIN;692,8079834;2;ESPERANZA
26-06-2023;PA2;C24;CAT 797 F;Sulfuro de Alta Ley;ESP/F08/1768/8060;FASE 8;STOCK-FIERROS;346,4039917;1;ESPERANZA
26-06-2023;PA2;C25;CAT 797 F;Sulfuro de Alta Ley;ESP/F08/1768/8060;FASE 8;CHANCADO-SULFURO;346,4039917;1;ESPERANZA
26-06-2023;PA2;C25;CAT 797 F;Sulfuro de Alta Ley;ESP/F08/1768/8060;FASE 8;STOCK_SAL_DIN;1039,211975;3;ESPERANZA
26-06-2023;PA2;C25;CAT 797 F;Sulfuro de Alta Ley;ESP/F08/1768/8060;FASE 8;STOCK-FIERROS;346,4039917;1;ESPERANZA
26-06-2023;PA2;C32;CAT 797 F;Sulfuro de Alta Ley;ESP/F08/1768/8060;FASE 8;STOCK_SAL_DIN;346,4039917;1;ESPERANZA
26-06-2023;PA2;C36;CAT 797 F;Sulfuro de Alta Ley;ESP/F08/1768/8060;FASE 8;STOCK-FIERROS;346,4039917;1;ESPERANZA
26-06-2023;PA2;C39;CAT 797 F;Sulfuro de Alta Ley;ESP/F08/1768/8060;FASE 8;STOCK_SAL_DIN;346,4039917;1;ESPERANZA
26-06-2023;PA2;C40;CAT 797 F;Sulfuro de Alta Ley;ESP/F08/1768/8060;FASE 8;STOCK_SAL_DIN;346,4039917;1;ESPERANZA
26-06-2023;PA2;C40;CAT 797 F;Sulfuro de Alta Ley;ESP/F08/1768/8060;FASE 8;STOCK-FIERROS;692,8079834;2;ESPERANZA
26-06-2023;PA2;C41;CAT 797 F;Sulfuro de Alta Ley;ESP/F08/1768/8060;FASE 8;STOCK-FIERROS;692,8079834;2;ESPERANZA
26-06-2023;PA2;C42;CAT 797 F;Sulfuro de Alta Ley;ESP/F08/1768/8060;FASE 8;STOCK-FIERROS;1039,209961;3;ESPERANZA
26-06-2023;PA2;C43;CAT 797 F;Sulfuro de Alta Ley;ESP/F08/1768/8060;FASE 8;STOCK_SAL_DIN;1039,209961;3;ESPERANZA
26-06-2023;PA2;C43;CAT 797 F;Sulfuro de Alta Ley;ESP/F08/1768/8060;FASE 8;STOCK-FIERROS;346,4039917;1;ESPERANZA
26-06-2023;PA2;C44;CAT 797 F;Sulfuro de Alta Ley;ESP/F08/1768/8060;FASE 8;CHANCADO-SULFURO;346,4039917;1;ESPERANZA
26-06-2023;PA2;C46;CAT 797 F;Sulfuro de Alta Ley;ESP/F08/1768/8060;FASE 8;CHANCADO-SULFURO;1385,615967;4;ESPERANZA
26-06-2023;PA2;C46;CAT 797 F;Sulfuro de Alta Ley;ESP/F08/1768/8060;FASE 8;STOCK_SAL_DIN;346,4039917;1;ESPERANZA
26-06-2023;PA2;C46;CAT 797 F;Sulfuro de Alta Ley;ESP/F08/1768/8060;FASE 8;STOCK-FIERROS;346,4039917;1;ESPERANZA
26-06-2023;PA2;C47;CAT 797 F;Sulfuro de Alta Ley;ESP/F08/1768/8060;FASE 8;CHANCADO-SULFURO;692,8079834;2;ESPERANZA
26-06-2023;PA2;C47;CAT 797 F;Sulfuro de Alta Ley;ESP/F08/1768/8060;FASE 8;STOCK-FIERROS;346,4039917;1;ESPERANZA
26-06-2023;PA2;C49;KOM 930 E;Sulfuro Baja Ley;ESP/F08/1752/809;FASE 8;CHANCADO-SULFURO;582;2;ESPERANZA
26-06-2023;PA2;C49;KOM 930 E;Sulfuro Baja Ley;ESP/F08/1752/809;FASE 8;STOCK_SBL1;291;1;ESPERANZA
26-06-2023;PA2;C49;KOM 930 E;Sulfuro de Alta Ley;ESP/F08/1768/8060;FASE 8;CHANCADO-SULFURO;1164;4;ESPERANZA
26-06-2023;PA2;C49;KOM 930 E;Sulfuro de Alta Ley;ESP/F08/1768/8060;FASE 8;STOCK-FIERROS;291;1;ESPERANZA
26-06-2023;PA2;C50;KOM 930 E;Sulfuro Baja Ley;ESP/F08/1752/809;FASE 8;CHANCADO-SULFURO;873;3;ESPERANZA
26-06-2023;PA2;C50;KOM 930 E;Sulfuro Baja Ley;ESP/F08/1752/809;FASE 8;STOCK_SBL1;291;1;ESPERANZA
26-06-2023;PA2;C50;KOM 930 E;Sulfuro de Alta Ley;ESP/F08/1768/8060;FASE 8;CHANCADO-SULFURO;1164;4;ESPERANZA
26-06-2023;PA2;C50;KOM 930 E;Sulfuro de Alta Ley;ESP/F08/1768/8060;FASE 8;STOCK_SAL_DIN;582;2;ESPERANZA
26-06-2023;PA2;C51;KOM 930 E;Sulfuro Baja Ley;ESP/F08/1752/809;FASE 8;CHANCADO-SULFURO;582;2;ESPERANZA
26-06-2023;PA2;C51;KOM 930 E;Sulfuro Baja Ley;ESP/F08/1752/809;FASE 8;STOCK_SBL1;582;2;ESPERANZA
26-06-2023;PA2;C51;KOM 930 E;Sulfuro de Alta Ley;ESP/F08/1768/8060;FASE 8;CHANCADO-SULFURO;582;2;ESPERANZA
26-06-2023;PA2;C51;KOM 930 E;Sulfuro de Alta Ley;ESP/F08/1768/8060;FASE 8;STOCK_SAL_DIN;582;2;ESPERANZA
26-06-2023;PA2;C51;KOM 930 E;Sulfuro de Alta Ley;ESP/F08/1768/8060;FASE 8;STOCK_SPL_DIN;291;1;ESPERANZA
26-06-2023;PA2;C52;KOM 930 E;Sulfuro Baja Ley;ESP/F08/1752/809;FASE 8;CHANCADO-SULFURO;873;3;ESPERANZA
26-06-2023;PA2;C52;KOM 930 E;Sulfuro de Alta Ley;ESP/F08/1768/8060;FASE 8;CHANCADO-SULFURO;582;2;ESPERANZA
26-06-2023;PA2;C52;KOM 930 E;Sulfuro de Alta Ley;ESP/F08/1768/8060;FASE 8;STOCK_SAL_DIN;291;1;ESPERANZA
26-06-2023;PA2;C53;KOM 930 E;Sulfuro Baja Ley;ESP/F08/1752/809;FASE 8;CHANCADO-SULFURO;291;1;ESPERANZA
26-06-2023;PA2;C53;KOM 930 E;Sulfuro Baja Ley;ESP/F08/1752/809;FASE 8;STOCK_SBL1;582;2;ESPERANZA
26-06-2023;PA2;C53;KOM 930 E;Sulfuro de Alta Ley;ESP/F08/1768/8060;FASE 8;CHANCADO-SULFURO;873;3;ESPERANZA
26-06-2023;PA2;C53;KOM 930 E;Sulfuro de Alta Ley;ESP/F08/1768/8060;FASE 8;STOCK_SAL_DIN;291;1;ESPERANZA
26-06-2023;PA2;C53;KOM 930 E;Sulfuro de Alta Ley;ESP/F08/1768/8060;FASE 8;STOCK-FIERROS;291;1;ESPERANZA
26-06-2023;PA2;C55;KOM 930 E;Sulfuro Baja Ley;ESP/F08/1752/809;FASE 8;STOCK_SBL1;291;1;ESPERANZA
26-06-2023;PA2;C55;KOM 930 E;Sulfuro de Alta Ley;ESP/F08/1768/8060;FASE 8;CHANCADO-SULFURO;873;3;ESPERANZA
26-06-2023;PA2;C55;KOM 930 E;Sulfuro de Alta Ley;ESP/F08/1768/8060;FASE 8;STOCK_SAL_DIN;582;2;ESPERANZA
26-06-2023;PA2;C56;KOM 930 E;Sulfuro Baja Ley;ESP/F08/1752/809;FASE 8;CHANCADO-SULFURO;873;3;ESPERANZA
26-06-2023;PA2;C56;KOM 930 E;Sulfuro Baja Ley;ESP/F08/1752/809;FASE 8;STOCK_SBL1;291;1;ESPERANZA
26-06-2023;PA2;C56;KOM 930 E;Sulfuro de Alta Ley;ESP/F08/1768/8060;FASE 8;CHANCADO-SULFURO;1455;5;ESPERANZA
26-06-2023;PA2;C56;KOM 930 E;Sulfuro de Alta Ley;ESP/F08/1768/8060;FASE 8;STOCK_SAL_DIN;873;3;ESPERANZA
26-06-2023;PA2;C56;KOM 930 E;Sulfuro de Alta Ley;ESP/F08/1768/8060;FASE 8;STOCK-FIERROS;291;1;ESPERANZA
26-06-2023;PA2;C57;KOM 930 E;Sulfuro Baja Ley;ESP/F08/1752/809;FASE 8;CHANCADO-SULFURO;582;2;ESPERANZA
26-06-2023;PA2;C57;KOM 930 E;Sulfuro Baja Ley;ESP/F08/1752/809;FASE 8;STOCK_SBL1;291;1;ESPERANZA
26-06-2023;PA2;C58;KOM 930 E;Sulfuro Baja Ley;ESP/F08/1752/809;FASE 8;CHANCADO-SULFURO;291;1;ESPERANZA
26-06-2023;PA2;C58;KOM 930 E;Sulfuro de Alta Ley;ESP/F08/1768/8060;FASE 8;CHANCADO-SULFURO;582;2;ESPERANZA
26-06-2023;PA2;C59;KOM 930 E;Sulfuro Baja Ley;ESP/F08/1752/809;FASE 8;CHANCADO-SULFURO;291;1;ESPERANZA
26-06-2023;PA2;C60;KOM 930 E;Sulfuro Baja Ley;ESP/F08/1752/809;FASE 8;STOCK_SBL1;291;1;ESPERANZA
26-06-2023;PA2;C60;KOM 930 E;Sulfuro de Alta Ley;ESP/F08/1768/8060;FASE 8;STOCK_SAL_DIN;291;1;ESPERANZA
26-06-2023;PA2;C60;KOM 930 E;Sulfuro de Alta Ley;ESP/F08/1768/8060;FASE 8;STOCK-FIERROS;291;1;ESPERANZA
26-06-2023;PA2;C61;KOM 930 E;Sulfuro Baja Ley;ESP/F08/1752/809;FASE 8;CHANCADO-SULFURO;1164;4;ESPERANZA
26-06-2023;PA2;C61;KOM 930 E;Sulfuro de Alta Ley;ESP/F08/1768/8060;FASE 8;CHANCADO-SULFURO;1455;5;ESPERANZA
26-06-2023;PA2;C61;KOM 930 E;Sulfuro de Alta Ley;ESP/F08/1768/8060;FASE 8;STOCK_SAL_DIN;1164;4;ESPERANZA
26-06-2023;PA2;C61;KOM 930 E;Sulfuro de Alta Ley;ESP/F08/1768/8060;FASE 8;STOCK-FIERROS;291;1;ESPERANZA
26-06-2023;PA211;C07;CAT 797 B;Lastre Oxidado;ESP/F10/2296/1060;FASE 10;BOT_MIJO;6235,27002;18;ESPERANZA
26-06-2023;PA211;C08;CAT 797 B;Lastre Oxidado;ESP/F10/2296/1060;FASE 10;BOT_MIJO;692,8079834;2;ESPERANZA
26-06-2023;PA211;C09;CAT 797 B;Lastre Oxidado;ESP/F10/2296/1060;FASE 10;BOT_MIJO;1732,02002;5;ESPERANZA
26-06-2023;PA211;C10;CAT 797 B;Lastre Oxidado;ESP/F10/2296/1060;FASE 10;BOT_MIJO;692,8079834;2;ESPERANZA
26-06-2023;PA211;C11;CAT 797 B;Lastre Oxidado;ESP/F10/2296/1060;FASE 10;BOT_MIJO;3117,638062;9;ESPERANZA
26-06-2023;PA211;C12;CAT 797 B;Lastre Oxidado;ESP/F10/2296/1060;FASE 10;BOT_MIJO;2771,22998;8;ESPERANZA
26-06-2023;PA211;C121;CAT 793 C;Lastre Oxidado;ESP/F10/2296/1060;FASE 10;BOT_MIJO;1515,052063;7;ESPERANZA
26-06-2023;PA211;C122;CAT 793 C;Lastre Oxidado;ESP/F10/2296/1060;FASE 10;BOT_MIJO;2164,365967;10;ESPERANZA
26-06-2023;PA211;C125;CAT 793 C;Lastre Oxidado;ESP/F10/2296/1060;FASE 10;BOT_MIJO;2380,80603;11;ESPERANZA
26-06-2023;PA211;C128;CAT 793 C;Lastre Oxidado;ESP/F10/2296/1060;FASE 10;BOT_MIJO;2380,796112;11;ESPERANZA
26-06-2023;PA211;C129;CAT 793 C;Lastre Oxidado;ESP/F10/2296/1060;FASE 10;BOT_MIJO;1298,619995;6;ESPERANZA
26-06-2023;PA211;C13;CAT 797 B;Lastre Oxidado;ESP/F10/2296/1060;FASE 10;BOT_MIJO;3464,043884;10;ESPERANZA
26-06-2023;PA211;C131;CAT 793 C;Lastre Oxidado;ESP/F10/2296/1060;FASE 10;BOT_MIJO;2597,235016;12;ESPERANZA
26-06-2023;PA211;C132;CAT 793 C;Lastre Oxidado;ESP/F10/2296/1060;FASE 10;BOT_MIJO;2380,802002;11;ESPERANZA
26-06-2023;PA211;C134;CAT 793 C;Lastre Oxidado;ESP/F10/2296/1060;FASE 10;BOT_MIJO;3246,550049;15;ESPERANZA
26-06-2023;PA211;C135;CAT 793 C;Lastre Oxidado;ESP/F10/2296/1060;FASE 10;BOT_MIJO;4112,296112;19;ESPERANZA
26-06-2023;PA211;C153;CAT 793 F;Lastre Oxidado;ESP/F10/2296/1060;FASE 10;BOT_MIJO;432,8720093;2;ESPERANZA
26-06-2023;PA211;C154;CAT 793 F;Lastre Oxidado;ESP/F10/2296/1060;FASE 10;BOT_MIJO;432,8729858;2;ESPERANZA
26-06-2023;PA211;C155;CAT 793 F;Lastre Oxidado;ESP/F10/2296/1060;FASE 10;BOT_MIJO;432,8729858;2;ESPERANZA
26-06-2023;PA211;C156;CAT 793 F;Lastre Oxidado;ESP/F10/2296/1060;FASE 10;BOT_MIJO;1731,489075;8;ESPERANZA
26-06-2023;PA211;C159;CAT 793 F;Lastre Oxidado;ESP/F10/2296/1060;FASE 10;BOT_MIJO;216,4360046;1;ESPERANZA
26-06-2023;PA211;C16;CAT 797 B;Lastre Oxidado;ESP/F10/2296/1060;FASE 10;BOT_MIJO;346,4039917;1;ESPERANZA
26-06-2023;PA211;C162;CAT 793 F;Lastre Oxidado;ESP/F10/2296/1060;FASE 10;BOT_MIJO;2813,676025;13;ESPERANZA
26-06-2023;PA211;C163;CAT 793 F;Lastre Oxidado;ESP/F10/2296/1060;FASE 10;BOT_MIJO;1515,056;7;ESPERANZA
26-06-2023;PA211;C19;CAT 797 F;Lastre Oxidado;ESP/F10/2296/1060;FASE 10;BOT_MIJO;692,8079834;2;ESPERANZA
26-06-2023;PA211;C21;CAT 797 F;Lastre Oxidado;ESP/F10/2296/1060;FASE 10;BOT_MIJO;346,4039917;1;ESPERANZA
26-06-2023;PA211;C22;CAT 797 F;Lastre Oxidado;ESP/F10/2296/1060;FASE 10;BOT_MIJO;692,8079834;2;ESPERANZA
26-06-2023;PA211;C24;CAT 797 F;Lastre Oxidado;ESP/F10/2296/1060;FASE 10;BOT_MIJO;346,4039917;1;ESPERANZA
26-06-2023;PA211;C34;CAT 797 F;Lastre Oxidado;ESP/F10/2296/1060;FASE 10;BOT_MIJO;1385,613953;4;ESPERANZA
26-06-2023;PA211;C38;CAT 797 F;Lastre Oxidado;ESP/F10/2296/1060;FASE 10;BOT_MIJO;1039,209961;3;ESPERANZA
26-06-2023;PA211;C39;CAT 797 F;Lastre Oxidado;ESP/F10/2296/1060;FASE 10;BOT_MIJO;346,4039917;1;ESPERANZA
26-06-2023;PA211;C44;CAT 797 F;Lastre Oxidado;ESP/F10/2296/1060;FASE 10;BOT_MIJO;2078,427979;6;ESPERANZA
26-06-2023;PA211;C46;CAT 797 F;Lastre Oxidado;ESP/F10/2296/1060;FASE 10;BOT_MIJO;346,4039917;1;ESPERANZA
26-06-2023;PA211;C47;CAT 797 F;Lastre Oxidado;ESP/F10/2296/1060;FASE 10;BOT_MIJO;1039,211975;3;ESPERANZA
26-06-2023;PA211;C50;KOM 930 E;Lastre Oxidado;ESP/F10/2296/1060;FASE 10;BOT_MIJO;291;1;ESPERANZA
26-06-2023;PA211;C56;KOM 930 E;Lastre Oxidado;ESP/F10/2296/1060;FASE 10;BOT_MIJO;291;1;ESPERANZA
26-06-2023;PA211;C59;KOM 930 E;Lastre Oxidado;ESP/F10/2296/1060;FASE 10;BOT_MIJO;2910;10;ESPERANZA
26-06-2023;PA211;C60;KOM 930 E;Lastre Oxidado;ESP/F10/2296/1060;FASE 10;BOT_MIJO;291;1;ESPERANZA
26-06-2023;PA211;C61;KOM 930 E;Lastre Oxidado;ESP/F10/2296/1060;FASE 10;BOT_MIJO;291;1;ESPERANZA
26-06-2023;PA26;C121;CAT 793 C;Lastre Oxidado;ESP/F07/2120/730;FASE 7;BOT_MIJO;216,4360046;1;ESPERANZA
26-06-2023;PA26;C132;CAT 793 C;Lastre Oxidado;ESP/F07/2120/730;FASE 7;BOT_MIJO;865,7459717;4;ESPERANZA
26-06-2023;PA26;C152;CAT 793 F;Lastre Oxidado;ESP/F07/2120/730;FASE 7;BOT_MIJO;865,7459717;4;ESPERANZA
26-06-2023;PA26;C154;CAT 793 F;Lastre Oxidado;ESP/F07/2120/730;FASE 7;BOT_MIJO;432,8720093;2;ESPERANZA
26-06-2023;PA26;C155;CAT 793 F;Lastre Oxidado;ESP/F07/2120/730;FASE 7;BOT_MIJO;216,4360046;1;ESPERANZA
26-06-2023;PA26;C163;CAT 793 F;Lastre Oxidado;ESP/F07/2120/730;FASE 7;BOT_MIJO;216,4360046;1;ESPERANZA
26-06-2023;PA26;C24;CAT 797 F;Lastre Oxidado;ESP/F07/2120/730;FASE 7;BOT_MIJO;346,4039917;1;ESPERANZA
26-06-2023;PA26;C32;CAT 797 F;Lastre Oxidado;ESP/F07/2120/730;FASE 7;BOT_MIJO;346,4039917;1;ESPERANZA
26-06-2023;PA26;C41;CAT 797 F;Lastre Oxidado;ESP/F07/2120/730;FASE 7;BOT_MIJO;346,4039917;1;ESPERANZA
26-06-2023;PA26;C52;KOM 930 E;Lastre Oxidado;ESP/F07/2120/730;FASE 7;BOT_MIJO;582;2;ESPERANZA
26-06-2023;PA26;C60;KOM 930 E;Lastre Oxidado;ESP/F07/2120/730;FASE 7;BOT_MIJO;291;1;ESPERANZA
26-06-2023;PA3;C07;CAT 797 B;Lastre Sulfurado;ESP/F07/2104/714;FASE 7;BOT_2380_INT;346,4039917;1;ESPERANZA
26-06-2023;PA3;C07;CAT 797 B;Lastre Sulfurado;ESP/F07/2104/716;FASE 7;BOT_2380_INT;346,4039917;1;ESPERANZA
26-06-2023;PA3;C08;CAT 797 B;Lastre Sulfurado;ESP/F07/2104/716;FASE 7;BOT_2380_INT;1385,619995;4;ESPERANZA
26-06-2023;PA3;C10;CAT 797 B;Lastre Sulfurado;ESP/F07/2104/714;FASE 7;BOT_2380_INT;1039,211975;3;ESPERANZA
26-06-2023;PA3;C10;CAT 797 B;Lastre Sulfurado;ESP/F07/2104/716;FASE 7;BOT_2380_INT;1732,017944;5;ESPERANZA
26-06-2023;PA3;C11;CAT 797 B;Lastre Sulfurado;ESP/F07/2104/714;FASE 7;BOT_2380_INT;692,8079834;2;ESPERANZA
26-06-2023;PA3;C11;CAT 797 B;Lastre Sulfurado;ESP/F07/2104/716;FASE 7;BOT_2380_INT;346,4039917;1;ESPERANZA
26-06-2023;PA3;C12;CAT 797 B;Lastre Sulfurado;ESP/F07/2104/714;FASE 7;BOT_2380_INT;346,4039917;1;ESPERANZA
26-06-2023;PA3;C12;CAT 797 B;Lastre Sulfurado;ESP/F07/2104/716;FASE 7;BOT_2380_INT;1732,02002;5;ESPERANZA
26-06-2023;PA3;C13;CAT 797 B;Lastre Sulfurado;ESP/F07/2104/716;FASE 7;BOT_2380_INT;1039,209961;3;ESPERANZA
26-06-2023;PA3;C15;CAT 797 B;Lastre Sulfurado;ESP/F07/2104/716;FASE 7;BOT_2380_INT;1039,211975;3;ESPERANZA
26-06-2023;PA3;C153;CAT 793 F;Lastre Sulfurado;ESP/F07/2104/716;FASE 7;BOT_2380_INT;432,8729858;2;ESPERANZA
26-06-2023;PA3;C155;CAT 793 F;Lastre Sulfurado;ESP/F07/2104/714;FASE 7;BOT_2380_INT;216,4360046;1;ESPERANZA
26-06-2023;PA3;C155;CAT 793 F;Lastre Sulfurado;ESP/F07/2104/716;FASE 7;BOT_2380_INT;432,8729858;2;ESPERANZA
26-06-2023;PA3;C156;CAT 793 F;Lastre Sulfurado;ESP/F07/2104/714;FASE 7;BOT_2380_INT;649,309021;3;ESPERANZA
26-06-2023;PA3;C16;CAT 797 B;Lastre Sulfurado;ESP/F07/2104/714;FASE 7;BOT_2380_INT;346,4039917;1;ESPERANZA
26-06-2023;PA3;C16;CAT 797 B;Lastre Sulfurado;ESP/F07/2104/716;FASE 7;BOT_2380_INT;1039,209961;3;ESPERANZA
26-06-2023;PA3;C161;CAT 793 F;Lastre Sulfurado;ESP/F07/2104/714;FASE 7;BOT_2380_INT;216,4360046;1;ESPERANZA
26-06-2023;PA3;C162;CAT 793 F;Lastre Sulfurado;ESP/F07/2104/716;FASE 7;BOT_2380_INT;216,4360046;1;ESPERANZA
26-06-2023;PA3;C17;CAT 797 F;Lastre Sulfurado;ESP/F07/2104/714;FASE 7;BOT_2380_INT;1732,017944;5;ESPERANZA
26-06-2023;PA3;C17;CAT 797 F;Lastre Sulfurado;ESP/F07/2104/716;FASE 7;BOT_2380_INT;3117,633972;9;ESPERANZA
26-06-2023;PA3;C18;CAT 797 F;Lastre Sulfurado;ESP/F07/2104/714;FASE 7;BOT_2380_INT;1385,615967;4;ESPERANZA
26-06-2023;PA3;C18;CAT 797 F;Lastre Sulfurado;ESP/F07/2104/716;FASE 7;BOT_2380_INT;2078,427979;6;ESPERANZA
26-06-2023;PA3;C19;CAT 797 F;Lastre Sulfurado;ESP/F07/2104/714;FASE 7;BOT_2380_INT;1732,017944;5;ESPERANZA
26-06-2023;PA3;C19;CAT 797 F;Lastre Sulfurado;ESP/F07/2104/716;FASE 7;BOT_2380_INT;1385,613953;4;ESPERANZA
26-06-2023;PA3;C20;CAT 797 F;Lastre Sulfurado;ESP/F07/2104/714;FASE 7;BOT_2380_INT;346,4039917;1;ESPERANZA
26-06-2023;PA3;C20;CAT 797 F;Lastre Sulfurado;ESP/F07/2104/716;FASE 7;BOT_2380_INT;1039,211975;3;ESPERANZA
26-06-2023;PA3;C21;CAT 797 F;Lastre Sulfurado;ESP/F07/2104/714;FASE 7;BOT_2380_INT;2424,823914;7;ESPERANZA
26-06-2023;PA3;C21;CAT 797 F;Lastre Sulfurado;ESP/F07/2104/716;FASE 7;BOT_2380_INT;1039,209961;3;ESPERANZA
26-06-2023;PA3;C22;CAT 797 F;Lastre Sulfurado;ESP/F07/2104/716;FASE 7;BOT_2380_INT;1385,613953;4;ESPERANZA
26-06-2023;PA3;C23;CAT 797 F;Lastre Sulfurado;ESP/F07/2104/714;FASE 7;BOT_2380_INT;1039,209961;3;ESPERANZA
26-06-2023;PA3;C23;CAT 797 F;Lastre Sulfurado;ESP/F07/2104/716;FASE 7;BOT_2380_INT;1039,209961;3;ESPERANZA
26-06-2023;PA3;C24;CAT 797 F;Lastre Sulfurado;ESP/F07/2104/714;FASE 7;BOT_2380_INT;1385,615967;4;ESPERANZA
26-06-2023;PA3;C24;CAT 797 F;Lastre Sulfurado;ESP/F07/2104/716;FASE 7;BOT_2380_INT;1732,02002;5;ESPERANZA
26-06-2023;PA3;C25;CAT 797 F;Lastre Sulfurado;ESP/F07/2104/714;FASE 7;BOT_2380_INT;1039,211975;3;ESPERANZA
26-06-2023;PA3;C25;CAT 797 F;Lastre Sulfurado;ESP/F07/2104/716;FASE 7;BOT_2380_INT;1039,209961;3;ESPERANZA
26-06-2023;PA3;C32;CAT 797 F;Lastre Sulfurado;ESP/F07/2104/714;FASE 7;BOT_2380_INT;1385,615967;4;ESPERANZA
26-06-2023;PA3;C32;CAT 797 F;Lastre Sulfurado;ESP/F07/2104/716;FASE 7;BOT_2380_INT;692,8079834;2;ESPERANZA
26-06-2023;PA3;C34;CAT 797 F;Lastre Sulfurado;ESP/F07/2104/716;FASE 7;BOT_2380_INT;1039,211975;3;ESPERANZA
26-06-2023;PA3;C36;CAT 797 F;Lastre Sulfurado;ESP/F07/2104/716;FASE 7;BOT_2380_INT;1039,209961;3;ESPERANZA
26-06-2023;PA3;C37;CAT 797 F;Lastre Sulfurado;ESP/F07/2104/714;FASE 7;BOT_2380_INT;346,4039917;1;ESPERANZA
26-06-2023;PA3;C37;CAT 797 F;Lastre Sulfurado;ESP/F07/2104/716;FASE 7;BOT_2380_INT;1385,613953;4;ESPERANZA
26-06-2023;PA3;C38;CAT 797 F;Lastre Sulfurado;ESP/F07/2104/714;FASE 7;BOT_2380_INT;1039,211975;3;ESPERANZA
26-06-2023;PA3;C39;CAT 797 F;Lastre Sulfurado;ESP/F07/2104/714;FASE 7;BOT_2380_INT;1039,211975;3;ESPERANZA
26-06-2023;PA3;C39;CAT 797 F;Lastre Sulfurado;ESP/F07/2104/716;FASE 7;BOT_2380_INT;2771,23407;8;ESPERANZA
26-06-2023;PA3;C40;CAT 797 F;Lastre Sulfurado;ESP/F07/2104/714;FASE 7;BOT_2380_INT;346,4039917;1;ESPERANZA
26-06-2023;PA3;C40;CAT 797 F;Lastre Sulfurado;ESP/F07/2104/716;FASE 7;BOT_2380_INT;346,4039917;1;ESPERANZA
26-06-2023;PA3;C41;CAT 797 F;Lastre Sulfurado;ESP/F07/2104/716;FASE 7;BOT_2380_INT;1039,211975;3;ESPERANZA
26-06-2023;PA3;C42;CAT 797 F;Lastre Sulfurado;ESP/F07/2104/714;FASE 7;BOT_2380_INT;1039,209961;3;ESPERANZA
26-06-2023;PA3;C42;CAT 797 F;Lastre Sulfurado;ESP/F07/2104/716;FASE 7;BOT_2380_INT;692,8079834;2;ESPERANZA
26-06-2023;PA3;C43;CAT 797 F;Lastre Sulfurado;ESP/F07/2104/714;FASE 7;BOT_2380_INT;692,8079834;2;ESPERANZA
26-06-2023;PA3;C43;CAT 797 F;Lastre Sulfurado;ESP/F07/2104/716;FASE 7;BOT_2380_INT;1039,209961;3;ESPERANZA
26-06-2023;PA3;C44;CAT 797 F;Lastre Sulfurado;ESP/F07/2104/714;FASE 7;BOT_2380_INT;1732,023987;5;ESPERANZA
26-06-2023;PA3;C44;CAT 797 F;Lastre Sulfurado;ESP/F07/2104/716;FASE 7;BOT_2380_INT;1385,615967;4;ESPERANZA
26-06-2023;PA3;C46;CAT 797 F;Lastre Sulfurado;ESP/F07/2104/714;FASE 7;BOT_2380_INT;1039,211975;3;ESPERANZA
26-06-2023;PA3;C46;CAT 797 F;Lastre Sulfurado;ESP/F07/2104/716;FASE 7;BOT_2380_INT;692,8079834;2;ESPERANZA
26-06-2023;PA3;C47;CAT 797 F;Lastre Sulfurado;ESP/F07/2104/714;FASE 7;BOT_2380_INT;692,8079834;2;ESPERANZA
26-06-2023;PA3;C48;CAT 797 F;Lastre Sulfurado;ESP/F07/2104/714;FASE 7;BOT_2380_INT;1039,211975;3;ESPERANZA
26-06-2023;PA3;C48;CAT 797 F;Lastre Sulfurado;ESP/F07/2104/716;FASE 7;BOT_2380_INT;2078,424011;6;ESPERANZA
26-06-2023;PA3;C49;KOM 930 E;Lastre Sulfurado;ESP/F07/2104/714;FASE 7;BOT_2380_INT;582;2;ESPERANZA
26-06-2023;PA3;C50;KOM 930 E;Lastre Sulfurado;ESP/F07/2104/714;FASE 7;BOT_2380_INT;291;1;ESPERANZA
26-06-2023;PA3;C50;KOM 930 E;Lastre Sulfurado;ESP/F07/2104/716;FASE 7;BOT_2380_INT;291;1;ESPERANZA
26-06-2023;PA3;C51;KOM 930 E;Lastre Sulfurado;ESP/F07/2104/714;FASE 7;BOT_2380_INT;582;2;ESPERANZA
26-06-2023;PA3;C52;KOM 930 E;Lastre Sulfurado;ESP/F07/2104/714;FASE 7;BOT_2380_INT;291;1;ESPERANZA
26-06-2023;PA3;C52;KOM 930 E;Lastre Sulfurado;ESP/F07/2104/716;FASE 7;BOT_2380_INT;291;1;ESPERANZA
26-06-2023;PA3;C53;KOM 930 E;Lastre Sulfurado;ESP/F07/2104/714;FASE 7;BOT_2380_INT;291;1;ESPERANZA
26-06-2023;PA3;C53;KOM 930 E;Lastre Sulfurado;ESP/F07/2104/716;FASE 7;BOT_2380_INT;291;1;ESPERANZA
26-06-2023;PA3;C55;KOM 930 E;Lastre Sulfurado;ESP/F07/2104/714;FASE 7;BOT_2380_INT;291;1;ESPERANZA
26-06-2023;PA3;C57;KOM 930 E;Lastre Sulfurado;ESP/F07/2104/714;FASE 7;BOT_2380_INT;291;1;ESPERANZA
26-06-2023;PA3;C58;KOM 930 E;Lastre Sulfurado;ESP/F07/2104/714;FASE 7;BOT_2380_INT;291;1;ESPERANZA
26-06-2023;PA4;C07;CAT 797 B;Lastre Oxidado;ESP/F10/2328/130;FASE 10;BOT_MIJO;3464,042053;10;ESPERANZA
26-06-2023;PA4;C08;CAT 797 B;Lastre Oxidado;ESP/F10/2328/130;FASE 10;BOT_CENTRAL_SUR_INF;346,4039917;1;ESPERANZA
26-06-2023;PA4;C08;CAT 797 B;Lastre Oxidado;ESP/F10/2328/130;FASE 10;BOT_MIJO;1385,613953;4;ESPERANZA
26-06-2023;PA4;C10;CAT 797 B;Lastre Oxidado;ESP/F10/2328/130;FASE 10;BOT_MIJO;692,8079834;2;ESPERANZA
26-06-2023;PA4;C10;CAT 797 B;Lastre Oxidado;ESP/F10/2328/130;FASE 10;BOT_PLATAFORMA;346,4039917;1;ESPERANZA
26-06-2023;PA4;C11;CAT 797 B;Lastre Oxidado;ESP/F10/2328/130;FASE 10;BOT_MIJO;1039,209961;3;ESPERANZA
26-06-2023;PA4;C12;CAT 797 B;Lastre Oxidado;ESP/F10/2328/130;FASE 10;BOT_MIJO;346,4039917;1;ESPERANZA
26-06-2023;PA4;C121;CAT 793 C;Lastre Oxidado;ESP/F10/2328/130;FASE 10;BOT_MIJO;432,8720093;2;ESPERANZA
26-06-2023;PA4;C122;CAT 793 C;Lastre Oxidado;ESP/F10/2328/130;FASE 10;BOT_MIJO;1082,181976;5;ESPERANZA
26-06-2023;PA4;C125;CAT 793 C;Lastre Oxidado;ESP/F10/2328/130;FASE 10;BOT_MIJO;649,3089905;3;ESPERANZA
26-06-2023;PA4;C125;CAT 793 C;Lastre Oxidado;ESP/F10/2328/130;FASE 10;BOT_PLATAFORMA;1298,619995;6;ESPERANZA
26-06-2023;PA4;C128;CAT 793 C;Lastre Oxidado;ESP/F10/2328/130;FASE 10;BOT_MIJO;432,8729858;2;ESPERANZA
26-06-2023;PA4;C128;CAT 793 C;Lastre Oxidado;ESP/F10/2328/130;FASE 10;BOT_PLATAFORMA;2597,23999;12;ESPERANZA
26-06-2023;PA4;C129;CAT 793 C;Lastre Oxidado;ESP/F10/2328/130;FASE 10;BOT_MIJO;1298,619995;6;ESPERANZA
26-06-2023;PA4;C13;CAT 797 B;Lastre Oxidado;ESP/F10/2328/130;FASE 10;BOT_MIJO;346,4039917;1;ESPERANZA
26-06-2023;PA4;C131;CAT 793 C;Lastre Oxidado;ESP/F10/2328/130;FASE 10;BOT_MIJO;649,3089905;3;ESPERANZA
26-06-2023;PA4;C131;CAT 793 C;Lastre Oxidado;ESP/F10/2328/130;FASE 10;BOT_PLATAFORMA;216,4360046;1;ESPERANZA
26-06-2023;PA4;C132;CAT 793 C;Lastre Oxidado;ESP/F10/2328/130;FASE 10;BOT_MIJO;432,8729858;2;ESPERANZA
26-06-2023;PA4;C132;CAT 793 C;Lastre Oxidado;ESP/F10/2328/130;FASE 10;BOT_PLATAFORMA;432,8729858;2;ESPERANZA
26-06-2023;PA4;C134;CAT 793 C;Lastre Oxidado;ESP/F10/2328/130;FASE 10;BOT_MIJO;865,7450256;4;ESPERANZA
26-06-2023;PA4;C135;CAT 793 C;Lastre Oxidado;ESP/F10/2328/130;FASE 10;BOT_MIJO;1082,181976;5;ESPERANZA
26-06-2023;PA4;C135;CAT 793 C;Lastre Oxidado;ESP/F10/2328/130;FASE 10;BOT_PLATAFORMA;216,4360046;1;ESPERANZA
26-06-2023;PA4;C15;CAT 797 B;Lastre Oxidado;ESP/F10/2328/130;FASE 10;BOT_MIJO;692,8079834;2;ESPERANZA
26-06-2023;PA4;C154;CAT 793 F;Lastre Oxidado;ESP/F10/2328/130;FASE 10;BOT_CENTRAL_SUR_INF;216,4360046;1;ESPERANZA
26-06-2023;PA4;C154;CAT 793 F;Lastre Oxidado;ESP/F10/2328/130;FASE 10;BOT_MIJO;432,8729858;2;ESPERANZA
26-06-2023;PA4;C155;CAT 793 F;Lastre Oxidado;ESP/F10/2328/130;FASE 10;BOT_MIJO;865,7459717;4;ESPERANZA
26-06-2023;PA4;C155;CAT 793 F;Lastre Oxidado;ESP/F10/2328/130;FASE 10;BOT_PLATAFORMA;1082,181976;5;ESPERANZA
26-06-2023;PA4;C156;CAT 793 F;Lastre Oxidado;ESP/F10/2328/130;FASE 10;BOT_MIJO;432,8729858;2;ESPERANZA
26-06-2023;PA4;C156;CAT 793 F;Lastre Oxidado;ESP/F10/2328/130;FASE 10;BOT_PLATAFORMA;216,4360046;1;ESPERANZA
26-06-2023;PA4;C16;CAT 797 B;Lastre Oxidado;ESP/F10/2328/130;FASE 10;BOT_MIJO;346,4039917;1;ESPERANZA
26-06-2023;PA4;C160;CAT 793 F;Lastre Oxidado;ESP/F10/2328/130;FASE 10;BOT_PLATAFORMA;216,4360046;1;ESPERANZA
26-06-2023;PA4;C161;CAT 793 F;Lastre Oxidado;ESP/F10/2328/130;FASE 10;BOT_MIJO;216,4360046;1;ESPERANZA
26-06-2023;PA4;C162;CAT 793 F;Lastre Oxidado;ESP/F10/2328/130;FASE 10;BOT_MIJO;216,4360046;1;ESPERANZA
26-06-2023;PA4;C163;CAT 793 F;Lastre Oxidado;ESP/F10/2328/130;FASE 10;BOT_MIJO;865,7450256;4;ESPERANZA
26-06-2023;PA4;C163;CAT 793 F;Lastre Oxidado;ESP/F10/2328/130;FASE 10;BOT_PLATAFORMA;1082,180054;5;ESPERANZA
26-06-2023;PA4;C164;CAT 793 F;Lastre Oxidado;ESP/F10/2328/130;FASE 10;BOT_MIJO;216,4360046;1;ESPERANZA
26-06-2023;PA4;C23;CAT 797 F;Lastre Oxidado;ESP/F10/2328/130;FASE 10;BOT_PLATAFORMA;346,4039917;1;ESPERANZA
26-06-2023;PA4;C38;CAT 797 F;Lastre Oxidado;ESP/F10/2328/130;FASE 10;BOT_MIJO;692,8079834;2;ESPERANZA
26-06-2023;PA4;C40;CAT 797 F;Lastre Oxidado;ESP/F10/2328/130;FASE 10;BOT_MIJO;346,4039917;1;ESPERANZA
26-06-2023;PA4;C44;CAT 797 F;Lastre Oxidado;ESP/F10/2328/130;FASE 10;BOT_MIJO;346,4039917;1;ESPERANZA
26-06-2023;PA4;C59;KOM 930 E;Lastre Oxidado;ESP/F10/2328/130;FASE 10;BOT_MIJO;582;2;ESPERANZA
26-06-2023;PA4;C59;KOM 930 E;Lastre Oxidado;ESP/F10/2328/130;FASE 10;BOT_PLATAFORMA;291;1;ESPERANZA
26-06-2023;PA4;C60;KOM 930 E;Lastre Oxidado;ESP/F10/2328/130;FASE 10;BOT_MIJO;582;2;ESPERANZA
26-06-2023;PA6;C07;CAT 797 B;Lastre Oxidado;ESP/F10/2296/1051;FASE 10;BOT_MIJO;692,8079834;2;ESPERANZA
26-06-2023;PA6;C07;CAT 797 B;Lastre Oxidado;ESP/F10/2296/1051;FASE 10;BOT_PLATAFORMA;346,4039917;1;ESPERANZA
26-06-2023;PA6;C08;CAT 797 B;Lastre Oxidado;ESP/F10/2296/1051;FASE 10;BOT_PLATAFORMA;346,4039917;1;ESPERANZA
26-06-2023;PA6;C10;CAT 797 B;Lastre Oxidado;ESP/F10/2296/1051;FASE 10;BOT_PLATAFORMA;346,4039917;1;ESPERANZA
26-06-2023;PA6;C12;CAT 797 B;Lastre Oxidado;ESP/F10/2296/1051;FASE 10;BOT_MIJO;692,8079834;2;ESPERANZA
26-06-2023;PA6;C121;CAT 793 C;Lastre Oxidado;ESP/F10/2296/1051;FASE 10;BOT_MIJO;2813,673035;13;ESPERANZA
26-06-2023;PA6;C122;CAT 793 C;Lastre Oxidado;ESP/F10/2296/1051;FASE 10;BOT_MIJO;865,7459717;4;ESPERANZA
26-06-2023;PA6;C125;CAT 793 C;Lastre Oxidado;ESP/F10/2296/1051;FASE 10;BOT_MIJO;1082,182007;5;ESPERANZA
26-06-2023;PA6;C128;CAT 793 C;Lastre Oxidado;ESP/F10/2296/1051;FASE 10;BOT_MIJO;432,8729858;2;ESPERANZA
26-06-2023;PA6;C129;CAT 793 C;Lastre Oxidado;ESP/F10/2296/1051;FASE 10;BOT_MIJO;432,8729858;2;ESPERANZA
26-06-2023;PA6;C13;CAT 797 B;Lastre Oxidado;ESP/F10/2296/1051;FASE 10;BOT_MIJO;692,8079834;2;ESPERANZA
26-06-2023;PA6;C131;CAT 793 C;Lastre Oxidado;ESP/F10/2296/1051;FASE 10;BOT_MIJO;865,7459717;4;ESPERANZA
26-06-2023;PA6;C132;CAT 793 C;Lastre Oxidado;ESP/F10/2296/1051;FASE 10;BOT_MIJO;865,7459717;4;ESPERANZA
26-06-2023;PA6;C134;CAT 793 C;Lastre Oxidado;ESP/F10/2296/1051;FASE 10;BOT_MIJO;865,7459717;4;ESPERANZA
26-06-2023;PA6;C135;CAT 793 C;Lastre Oxidado;ESP/F10/2296/1051;FASE 10;BOT_MIJO;1082,181976;5;ESPERANZA
26-06-2023;PA6;C154;CAT 793 F;Lastre Oxidado;ESP/F10/2296/1051;FASE 10;BOT_MIJO;216,4360046;1;ESPERANZA
26-06-2023;PA6;C16;CAT 797 B;Lastre Oxidado;ESP/F10/2296/1051;FASE 10;BOT_MIJO;346,4039917;1;ESPERANZA
26-06-2023;PA6;C162;CAT 793 F;Lastre Oxidado;ESP/F10/2296/1051;FASE 10;BOT_MIJO;432,8729858;2;ESPERANZA
26-06-2023;PA6;C163;CAT 793 F;Lastre Oxidado;ESP/F10/2296/1051;FASE 10;BOT_MIJO;216,4360046;1;ESPERANZA
26-06-2023;PA6;C17;CAT 797 F;Lastre Oxidado;ESP/F10/2296/1051;FASE 10;BOT_MIJO;346,4039917;1;ESPERANZA
26-06-2023;PA6;C20;CAT 797 F;Lastre Oxidado;ESP/F10/2296/1051;FASE 10;BOT_PLATAFORMA;346,4039917;1;ESPERANZA
26-06-2023;PA6;C21;CAT 797 F;Lastre Oxidado;ESP/F10/2296/1051;FASE 10;BOT_MIJO;346,4039917;1;ESPERANZA
26-06-2023;PA6;C25;CAT 797 F;Lastre Oxidado;ESP/F10/2296/1051;FASE 10;BOT_MIJO;346,4039917;1;ESPERANZA
26-06-2023;PA6;C32;CAT 797 F;Lastre Oxidado;ESP/F10/2296/1051;FASE 10;BOT_MIJO;692,8079834;2;ESPERANZA
26-06-2023;PA6;C34;CAT 797 F;Lastre Oxidado;ESP/F10/2296/1051;FASE 10;BOT_PLATAFORMA;346,4039917;1;ESPERANZA
26-06-2023;PA6;C39;CAT 797 F;Lastre Oxidado;ESP/F10/2296/1051;FASE 10;BOT_MIJO;346,4039917;1;ESPERANZA
26-06-2023;PA6;C40;CAT 797 F;Lastre Oxidado;ESP/F10/2296/1051;FASE 10;BOT_MIJO;346,4039917;1;ESPERANZA
26-06-2023;PA6;C43;CAT 797 F;Lastre Oxidado;ESP/F10/2296/1051;FASE 10;BOT_MIJO;692,8079834;2;ESPERANZA
26-06-2023;PA6;C44;CAT 797 F;Lastre Oxidado;ESP/F10/2296/1051;FASE 10;BOT_MIJO;692,8079834;2;ESPERANZA
26-06-2023;PA6;C47;CAT 797 F;Lastre Oxidado;ESP/F10/2296/1051;FASE 10;BOT_MIJO;346,4039917;1;ESPERANZA
26-06-2023;PA6;C61;KOM 930 E;Lastre Oxidado;ESP/F10/2296/1051;FASE 10;BOT_MIJO;291;1;ESPERANZA
26-06-2023;PA7;C07;CAT 797 B;Lastre Oxidado;ESP/F07/2104/7100;FASE 7;BOT_2380_INT;1732,02002;5;ESPERANZA
26-06-2023;PA7;C08;CAT 797 B;Lastre Oxidado;ESP/F07/2104/7100;FASE 7;BOT_2380_INT;2078,419922;6;ESPERANZA
26-06-2023;PA7;C09;CAT 797 B;Lastre Oxidado;ESP/F07/2104/7100;FASE 7;BOT_2380_INT;692,8079834;2;ESPERANZA
26-06-2023;PA7;C10;CAT 797 B;Lastre Oxidado;ESP/F07/2104/7100;FASE 7;BOT_2380_INT;2424,83197;7;ESPERANZA
26-06-2023;PA7;C11;CAT 797 B;Lastre Oxidado;ESP/F07/2104/7100;FASE 7;BOT_2380_INT;1732,02002;5;ESPERANZA
26-06-2023;PA7;C12;CAT 797 B;Lastre Oxidado;ESP/F07/2104/7100;FASE 7;BOT_2380_INT;4849,653992;14;ESPERANZA
26-06-2023;PA7;C128;CAT 793 C;Lastre Oxidado;ESP/F07/2104/7100;FASE 7;BOT_2380_INT;216,4360046;1;ESPERANZA
26-06-2023;PA7;C129;CAT 793 C;Lastre Oxidado;ESP/F07/2104/7100;FASE 7;BOT_2380_INT;649,309021;3;ESPERANZA
26-06-2023;PA7;C13;CAT 797 B;Lastre Oxidado;ESP/F07/2104/7100;FASE 7;BOT_2380_INT;3464,035889;10;ESPERANZA
26-06-2023;PA7;C131;CAT 793 C;Lastre Oxidado;ESP/F07/2104/7100;FASE 7;BOT_2380_INT;649,309021;3;ESPERANZA
26-06-2023;PA7;C132;CAT 793 C;Lastre Oxidado;ESP/F07/2104/7100;FASE 7;BOT_2380_INT;432,8729858;2;ESPERANZA
26-06-2023;PA7;C15;CAT 797 B;Lastre Oxidado;ESP/F07/2104/7100;FASE 7;BOT_2380_INT;1385,615967;4;ESPERANZA
26-06-2023;PA7;C152;CAT 793 F;Lastre Oxidado;ESP/F07/2104/7100;FASE 7;BOT_2380_INT;649,309021;3;ESPERANZA
26-06-2023;PA7;C153;CAT 793 F;Lastre Oxidado;ESP/F07/2104/7100;FASE 7;BOT_2380_INT;432,8720093;2;ESPERANZA
26-06-2023;PA7;C154;CAT 793 F;Lastre Oxidado;ESP/F07/2104/7100;FASE 7;BOT_2380_INT;216,4360046;1;ESPERANZA
26-06-2023;PA7;C156;CAT 793 F;Lastre Oxidado;ESP/F07/2104/7100;FASE 7;BOT_2380_INT;216,4360046;1;ESPERANZA
26-06-2023;PA7;C159;CAT 793 F;Lastre Oxidado;ESP/F07/2104/7100;FASE 7;BOT_2380_INT;216,4360046;1;ESPERANZA
26-06-2023;PA7;C16;CAT 797 B;Lastre Oxidado;ESP/F07/2104/710;FASE 7;BOT_2380_INT;3117,637939;9;ESPERANZA
26-06-2023;PA7;C161;CAT 793 F;Lastre Oxidado;ESP/F07/2104/7100;FASE 7;BOT_2380_INT;432,8729858;2;ESPERANZA
26-06-2023;PA7;C162;CAT 793 F;Lastre Oxidado;ESP/F07/2104/7100;FASE 7;BOT_2380_INT;216,4360046;1;ESPERANZA
26-06-2023;PA7;C163;CAT 793 F;Lastre Oxidado;ESP/F07/2104/7100;FASE 7;BOT_2380_INT;432,8729858;2;ESPERANZA
26-06-2023;PA7;C17;CAT 797 F;Lastre Oxidado;ESP/F07/2104/7100;FASE 7;BOT_2380_INT;2424,83197;7;ESPERANZA
26-06-2023;PA7;C18;CAT 797 F;Lastre Oxidado;ESP/F07/2104/7100;FASE 7;BOT_2380_INT;4849,653992;14;ESPERANZA
26-06-2023;PA7;C19;CAT 797 F;Lastre Oxidado;ESP/F07/2104/7100;FASE 7;BOT_2380_INT;3810,447998;11;ESPERANZA
26-06-2023;PA7;C20;CAT 797 F;Lastre Oxidado;ESP/F07/2104/7100;FASE 7;BOT_2380_INT;6928,082092;20;ESPERANZA
26-06-2023;PA7;C21;CAT 797 F;Lastre Oxidado;ESP/F07/2104/7100;FASE 7;BOT_2380_INT;2771,229919;8;ESPERANZA
26-06-2023;PA7;C21;CAT 797 F;Lastre Oxidado;ESP/F07/2104/7100;FASE 7;BOT_MIJO;346,4039917;1;ESPERANZA
26-06-2023;PA7;C22;CAT 797 F;Lastre Oxidado;ESP/F07/2104/7100;FASE 7;BOT_2380_INT;1732,023987;5;ESPERANZA
26-06-2023;PA7;C23;CAT 797 F;Lastre Oxidado;ESP/F07/2104/7100;FASE 7;BOT_2380_INT;1732,023987;5;ESPERANZA
26-06-2023;PA7;C24;CAT 797 F;Lastre Oxidado;ESP/F07/2104/7100;FASE 7;BOT_2380_INT;2424,823914;7;ESPERANZA
26-06-2023;PA7;C25;CAT 797 F;Lastre Oxidado;ESP/F07/2104/7100;FASE 7;BOT_2380_INT;3117,637939;9;ESPERANZA
26-06-2023;PA7;C32;CAT 797 F;Lastre Oxidado;ESP/F07/2104/7100;FASE 7;BOT_2380_INT;3464,033875;10;ESPERANZA
26-06-2023;PA7;C34;CAT 797 F;Lastre Oxidado;ESP/F07/2104/7100;FASE 7;BOT_2380_INT;3810,447998;11;ESPERANZA
26-06-2023;PA7;C36;CAT 797 F;Lastre Oxidado;ESP/F07/2104/7100;FASE 7;BOT_2380_INT;1039,211975;3;ESPERANZA
26-06-2023;PA7;C37;CAT 797 F;Lastre Oxidado;ESP/F07/2104/7100;FASE 7;BOT_2380_INT;3117,633972;9;ESPERANZA
26-06-2023;PA7;C38;CAT 797 F;Lastre Oxidado;ESP/F07/2104/7100;FASE 7;BOT_2380_INT;3117,639954;9;ESPERANZA
26-06-2023;PA7;C39;CAT 797 F;Lastre Oxidado;ESP/F07/2104/7100;FASE 7;BOT_2380_INT;4503,255981;13;ESPERANZA
26-06-2023;PA7;C40;CAT 797 F;Lastre Oxidado;ESP/F07/2104/7100;FASE 7;BOT_2380_INT;3464,044006;10;ESPERANZA
26-06-2023;PA7;C41;CAT 797 F;Lastre Oxidado;ESP/F07/2104/7100;FASE 7;BOT_2380_INT;3117,631897;9;ESPERANZA
26-06-2023;PA7;C42;CAT 797 F;Lastre Oxidado;ESP/F07/2104/7100;FASE 7;BOT_2380_INT;4156,843933;12;ESPERANZA
26-06-2023;PA7;C43;CAT 797 F;Lastre Oxidado;ESP/F07/2104/7100;FASE 7;BOT_2380_INT;4156,841858;12;ESPERANZA
26-06-2023;PA7;C44;CAT 797 F;Lastre Oxidado;ESP/F07/2104/7100;FASE 7;BOT_2380_INT;2078,419922;6;ESPERANZA
26-06-2023;PA7;C46;CAT 797 F;Lastre Oxidado;ESP/F07/2104/7100;FASE 7;BOT_2380_INT;2771,227905;8;ESPERANZA
26-06-2023;PA7;C47;CAT 797 F;Lastre Oxidado;ESP/F07/2104/7100;FASE 7;BOT_2380_INT;1039,209961;3;ESPERANZA
26-06-2023;PA7;C48;CAT 797 F;Lastre Oxidado;ESP/F07/2104/7100;FASE 7;BOT_2380_INT;3464,039978;10;ESPERANZA
26-06-2023;PA7;C49;KOM 930 E;Lastre Oxidado;ESP/F07/2104/7100;FASE 7;BOT_2380_INT;1746;6;ESPERANZA
26-06-2023;PA7;C50;KOM 930 E;Lastre Oxidado;ESP/F07/2104/7100;FASE 7;BOT_2380_INT;582;2;ESPERANZA
26-06-2023;PA7;C51;KOM 930 E;Lastre Oxidado;ESP/F07/2104/7100;FASE 7;BOT_2380_INT;291;1;ESPERANZA
26-06-2023;PA7;C52;KOM 930 E;Lastre Oxidado;ESP/F07/2104/7100;FASE 7;BOT_2380_INT;291;1;ESPERANZA
26-06-2023;PA7;C53;KOM 930 E;Lastre Oxidado;ESP/F07/2104/7100;FASE 7;BOT_2380_INT;1455;5;ESPERANZA
26-06-2023;PA7;C55;KOM 930 E;Lastre Oxidado;ESP/F07/2104/7100;FASE 7;BOT_2380_INT;582;2;ESPERANZA
26-06-2023;PA7;C56;KOM 930 E;Lastre Oxidado;ESP/F07/2104/7100;FASE 7;BOT_2380_INT;1164;4;ESPERANZA
26-06-2023;PA7;C58;KOM 930 E;Lastre Oxidado;ESP/F07/2104/7100;FASE 7;BOT_2380_INT;873;3;ESPERANZA
26-06-2023;PA7;C59;KOM 930 E;Lastre Oxidado;ESP/F07/2104/7100;FASE 7;BOT_2380_INT;582;2;ESPERANZA
26-06-2023;PA7;C60;KOM 930 E;Lastre Oxidado;ESP/F07/2104/7100;FASE 7;BOT_2380_INT;1164;4;ESPERANZA
26-06-2023;PA7;C61;KOM 930 E;Lastre Oxidado;ESP/F07/2104/7100;FASE 7;BOT_2380_INT;291;1;ESPERANZA
26-06-2023;PA9;C07;CAT 797 B;Lastre Oxidado;ESP/F07/2104/7100;FASE 7;BOT_2380_INT;1039,211975;3;ESPERANZA
26-06-2023;PA9;C08;CAT 797 B;Lastre Oxidado;ESP/F07/2104/7100;FASE 7;BOT_2380_INT;346,4039917;1;ESPERANZA
26-06-2023;PA9;C10;CAT 797 B;Lastre Oxidado;ESP/F07/2104/7100;FASE 7;BOT_2380_INT;1039,209961;3;ESPERANZA
26-06-2023;PA9;C12;CAT 797 B;Lastre Oxidado;ESP/F07/2104/7100;FASE 7;BOT_2380_INT;346,4039917;1;ESPERANZA
26-06-2023;PA9;C129;CAT 793 C;Lastre Oxidado;ESP/F07/2104/7100;FASE 7;BOT_2380_INT;216,4360046;1;ESPERANZA
26-06-2023;PA9;C13;CAT 797 B;Lastre Oxidado;ESP/F07/2104/7100;FASE 7;BOT_2380_INT;1385,615967;4;ESPERANZA
26-06-2023;PA9;C132;CAT 793 C;Lastre Oxidado;ESP/F07/2104/7100;FASE 7;BOT_2380_INT;216,4360046;1;ESPERANZA
26-06-2023;PA9;C15;CAT 797 B;Lastre Oxidado;ESP/F07/2104/7100;FASE 7;BOT_2380_INT;1732,017944;5;ESPERANZA
26-06-2023;PA9;C152;CAT 793 F;Lastre Oxidado;ESP/F07/2104/7100;FASE 7;BOT_2380_INT;649,3089905;3;ESPERANZA
26-06-2023;PA9;C153;CAT 793 F;Lastre Oxidado;ESP/F07/2104/7100;FASE 7;BOT_2380_INT;865,7450256;4;ESPERANZA
26-06-2023;PA9;C154;CAT 793 F;Lastre Oxidado;ESP/F07/2104/7100;FASE 7;BOT_2380_INT;649,309021;3;ESPERANZA
26-06-2023;PA9;C156;CAT 793 F;Lastre Oxidado;ESP/F07/2104/7100;FASE 7;BOT_2380_INT;432,8729858;2;ESPERANZA
26-06-2023;PA9;C16;CAT 797 B;Lastre Oxidado;ESP/F07/2104/7100;FASE 7;BOT_2380_INT;1039,211975;3;ESPERANZA
26-06-2023;PA9;C161;CAT 793 F;Lastre Oxidado;ESP/F07/2104/7100;FASE 7;BOT_2380_INT;1082,182007;5;ESPERANZA
26-06-2023;PA9;C162;CAT 793 F;Lastre Oxidado;ESP/F07/2104/7100;FASE 7;BOT_2380_INT;649,309021;3;ESPERANZA
26-06-2023;PA9;C163;CAT 793 F;Lastre Oxidado;ESP/F07/2104/7100;FASE 7;BOT_2380_INT;216,4360046;1;ESPERANZA
26-06-2023;PA9;C17;CAT 797 F;Lastre Oxidado;ESP/F07/2104/7100;FASE 7;BOT_2380_INT;1039,211975;3;ESPERANZA
26-06-2023;PA9;C18;CAT 797 F;Lastre Oxidado;ESP/F07/2104/7100;FASE 7;BOT_2380_INT;346,4039917;1;ESPERANZA
26-06-2023;PA9;C19;CAT 797 F;Lastre Oxidado;ESP/F07/2104/7100;FASE 7;BOT_2380_INT;692,8079834;2;ESPERANZA
26-06-2023;PA9;C20;CAT 797 F;Lastre Oxidado;ESP/F07/2104/7100;FASE 7;BOT_2380_INT;692,8079834;2;ESPERANZA
26-06-2023;PA9;C21;CAT 797 F;Lastre Oxidado;ESP/F07/2104/7100;FASE 7;BOT_2380_INT;1039,211975;3;ESPERANZA
26-06-2023;PA9;C22;CAT 797 F;Lastre Oxidado;ESP/F07/2104/7100;FASE 7;BOT_2380_INT;692,8079834;2;ESPERANZA
26-06-2023;PA9;C23;CAT 797 F;Lastre Oxidado;ESP/F07/2104/7100;FASE 7;BOT_2380_INT;346,4039917;1;ESPERANZA
26-06-2023;PA9;C24;CAT 797 F;Lastre Oxidado;ESP/F07/2104/7100;FASE 7;BOT_2380_INT;1039,211975;3;ESPERANZA
26-06-2023;PA9;C25;CAT 797 F;Lastre Oxidado;ESP/F07/2104/7100;FASE 7;BOT_2380_INT;692,8079834;2;ESPERANZA
26-06-2023;PA9;C32;CAT 797 F;Lastre Oxidado;ESP/F07/2104/7100;FASE 7;BOT_2380_INT;1732,017944;5;ESPERANZA
26-06-2023;PA9;C34;CAT 797 F;Lastre Oxidado;ESP/F07/2104/7100;FASE 7;BOT_2380_INT;346,4039917;1;ESPERANZA
26-06-2023;PA9;C36;CAT 797 F;Lastre Oxidado;ESP/F07/2104/7100;FASE 7;BOT_2380_INT;692,8079834;2;ESPERANZA
26-06-2023;PA9;C37;CAT 797 F;Lastre Oxidado;ESP/F07/2104/7100;FASE 7;BOT_2380_INT;1385,613953;4;ESPERANZA
26-06-2023;PA9;C38;CAT 797 F;Lastre Oxidado;ESP/F07/2104/7100;FASE 7;BOT_2380_INT;1039,211975;3;ESPERANZA
26-06-2023;PA9;C39;CAT 797 F;Lastre Oxidado;ESP/F07/2104/7100;FASE 7;BOT_2380_INT;692,8079834;2;ESPERANZA
26-06-2023;PA9;C40;CAT 797 F;Lastre Oxidado;ESP/F07/2104/7100;FASE 7;BOT_2380_INT;2078,419922;6;ESPERANZA
26-06-2023;PA9;C41;CAT 797 F;Lastre Oxidado;ESP/F07/2104/7100;FASE 7;BOT_2380_INT;2078,427979;6;ESPERANZA
26-06-2023;PA9;C42;CAT 797 F;Lastre Oxidado;ESP/F07/2104/7100;FASE 7;BOT_2380_INT;692,8079834;2;ESPERANZA
26-06-2023;PA9;C43;CAT 797 F;Lastre Oxidado;ESP/F07/2104/7100;FASE 7;BOT_2380_INT;1039,211975;3;ESPERANZA
26-06-2023;PA9;C44;CAT 797 F;Lastre Oxidado;ESP/F07/2104/7100;FASE 7;BOT_2380_INT;692,8079834;2;ESPERANZA
26-06-2023;PA9;C47;CAT 797 F;Lastre Oxidado;ESP/F07/2104/7100;FASE 7;BOT_2380_INT;1039,209961;3;ESPERANZA
26-06-2023;PA9;C48;CAT 797 F;Lastre Oxidado;ESP/F07/2104/7100;FASE 7;BOT_2380_INT;2078,42395;6;ESPERANZA
26-06-2023;PA9;C51;KOM 930 E;Lastre Oxidado;ESP/F07/2104/7100;FASE 7;BOT_2380_INT;582;2;ESPERANZA
26-06-2023;PA9;C52;KOM 930 E;Lastre Oxidado;ESP/F07/2104/7100;FASE 7;BOT_2380_INT;291;1;ESPERANZA
26-06-2023;PA9;C53;KOM 930 E;Lastre Oxidado;ESP/F07/2104/7100;FASE 7;BOT_2380_INT;582;2;ESPERANZA
26-06-2023;PA9;C55;KOM 930 E;Lastre Oxidado;ESP/F07/2104/7100;FASE 7;BOT_2380_INT;291;1;ESPERANZA
26-06-2023;PA9;C56;KOM 930 E;Lastre Oxidado;ESP/F07/2104/7100;FASE 7;BOT_2380_INT;873;3;ESPERANZA
26-06-2023;PA9;C58;KOM 930 E;Lastre Oxidado;ESP/F07/2104/7100;FASE 7;BOT_2380_INT;582;2;ESPERANZA
26-06-2023;PA9;C59;KOM 930 E;Lastre Oxidado;ESP/F07/2104/7100;FASE 7;BOT_2380_INT;582;2;ESPERANZA
26-06-2023;PA9;C60;KOM 930 E;Lastre Oxidado;ESP/F07/2104/7100;FASE 7;BOT_2380_INT;291;1;ESPERANZA
26-06-2023;PA9;C61;KOM 930 E;Lastre Oxidado;ESP/F07/2104/7100;FASE 7;BOT_2380_INT;291;1;ESPERANZA
26-06-2023;PAESPS;C980AHSESPS;Kom 980 AHS;Lastre Oxidado;ESS/F03/2216/3170;F03 ESPSUR;BOTADERO_2021;16560;46;ESPERANZA_SUR
26-06-2023;PAESPS;C980AHSESPS;Kom 980 AHS;Lastre Oxidado;ESS/F03/2216/3231;F03 ESPSUR;BOTADERO_2021;4680;13;ESPERANZA_SUR
26-06-2023;PATH01;C701;LIEBHERR 264 ;LASTRE (LAS);LLA/F01/2295/102;F01 LLA;BOT_TSS;35259;161;LLANO
26-06-2023;PATH01;C701;LIEBHERR 264 ;LASTRE (LAS);LLA/F01/2295/110;F01 LLA;BOT_TSS;23433;107;LLANO
26-06-2023;PATH01;C701;LIEBHERR 264 ;LASTRE (LAS);LLA/F01/2295/113;F01 LLA;BOT_TSS;30879;141;LLANO
26-06-2023;PATH01;C701;LIEBHERR 264 ;LASTRE (LAS);LLA/F01/2295/114;F01 LLA;BOT_TSS;14892;68;LLANO
26-06-2023;PATH01;C701;LIEBHERR 264 ;LASTRE (LAS);LLA/F02/2302.5/210;F02 LLA;BOT_TSS;2409;11;LLANO
26-06-2023;PATH01;C793OXE;CAT 793 OXE;L21;04_2376_455;FASE 04 ENC;BOT_2400_1;60940;277;ENCUENTRO
26-06-2023;PATH01;C793OXE;CAT 793 OXE;L21;04_2376_455;FASE 04 ENC;BOT_2440;76780;349;ENCUENTRO
26-06-2023;PATH01;C793OXE;CAT 793 OXE;OBR;MOD_E_REM;ENCUENTRO OXE;CHANCADO-ENCUENTRO;11660;53;ENCUENTRO
26-06-2023;PATH01;C793OXE;CAT 793 OXE;Oxido Baja Ley;OXE/F04/2152/420;FASE 04 ENC;CHANCADO-ENCUENTRO;30140;137;ENCUENTRO
26-06-2023;PATH01;C793OXE;CAT 793 OXE;Oxido Baja Ley;OXE/F04/2152/420;FASE 04 ENC;MOD E;14080;64;ENCUENTRO
26-06-2023;PATH01;C793OXE;CAT 793 OXE;Oxido Baja Ley;OXE/F04/2152/420;FASE 04 ENC;MOD F;3960;18;ENCUENTRO
26-06-2023;PATH01;C793OXE;CAT 793 OXE;OXIDO MARGINAL (OXMAR);OXE/F04/2144/417;FASE 04 ENC;STOCK _MARGINAL_ESTE;440;2;ENCUENTRO
26-06-2023;PATH01;C793OXE;CAT 793 OXE;OXIDO MARGINAL (OXMAR);OXE/F04/2152/420;FASE 04 ENC;STOCK _MARGINAL_ESTE;7040;32;ENCUENTRO