Fecha;Carguio;Camión;Flota;Material;Origen;Zona;Destino;Tonelaje;Ciclos;Rajo
27-06-2023;CF2;C07;CAT 797 B;Sulfuro Baja Ley;ESP/F08/1768/R800;FASE 8;STOCK_SME1;346,4039917;1;ESPERANZA
27-06-2023;CF2;C128;CAT 793 C;Sulfuro Planta;ESP/F08/1768/R800;FASE 8;CHANCADO-SULFURO;216,4360046;1;ESPERANZA
27-06-2023;CF2;C131;CAT 793 C;Sulfuro Baja Ley;ESP/F08/1768/R800;FASE 8;STOCK_SME1;432,8729858;2;ESPERANZA
27-06-2023;CF2;C132;CAT 793 C;Sulfuro Baja Ley;ESP/F08/1768/R800;FASE 8;STOCK_SME1;216,4360046;1;ESPERANZA
27-06-2023;CF2;C134;CAT 793 C;Sulfuro Planta;ESP/F08/1768/R800;FASE 8;CHANCADO-SULFURO;649,3089905;3;ESPERANZA
27-06-2023;CF2;C135;CAT 793 C;Sulfuro Planta;ESP/F08/1768/R800;FASE 8;CHANCADO-SULFURO;216,4360046;1;ESPERANZA
27-06-2023;CF2;C135;CAT 793 C;Sulfuro Planta;ESP/F08/1768/R800;FASE 8;STOCK_SPL_DIN;216,4360046;1;ESPERANZA
27-06-2023;CF2;C151;CAT 793 F;Sulfuro Planta;ESP/F08/1768/R800;FASE 8;CHANCADO-SULFURO;216,4360046;1;ESPERANZA
27-06-2023;CF2;C153;CAT 793 F;Sulfuro Planta;ESP/F08/1768/R800;FASE 8;CHANCADO-SULFURO;432,8729858;2;ESPERANZA
27-06-2023;CF2;C154;CAT 793 F;Sulfuro Baja Ley;ESP/F08/1768/R800;FASE 8;STOCK_SME1;216,4360046;1;ESPERANZA
27-06-2023;CF2;C155;CAT 793 F;Sulfuro Planta;ESP/F08/1768/R800;FASE 8;CHANCADO-SULFURO;216,4360046;1;ESPERANZA
27-06-2023;CF2;C155;CAT 793 F;Sulfuro Planta;ESP/F08/1768/R800;FASE 8;STOCK_SPL_DIN;216,4360046;1;ESPERANZA
27-06-2023;CF2;C156;CAT 793 F;Sulfuro Baja Ley;ESP/F08/1768/R800;FASE 8;STOCK_SME1;1082,181976;5;ESPERANZA
27-06-2023;CF2;C156;CAT 793 F;Sulfuro Planta;ESP/F08/1768/R800;FASE 8;CHANCADO-SULFURO;649,3080139;3;ESPERANZA
27-06-2023;CF2;C156;CAT 793 F;Sulfuro Planta;ESP/F08/1768/R800;FASE 8;STOCK_SPL_DIN;216,4360046;1;ESPERANZA
27-06-2023;CF2;C159;CAT 793 F;Sulfuro Planta;ESP/F08/1768/R800;FASE 8;CHANCADO-SULFURO;1082,182007;5;ESPERANZA
27-06-2023;CF2;C16;CAT 797 B;Sulfuro Baja Ley;ESP/F08/1768/R800;FASE 8;STOCK_SME1;2078,419922;6;ESPERANZA
27-06-2023;CF2;C161;CAT 793 F;Sulfuro Baja Ley;ESP/F08/1768/R800;FASE 8;STOCK_SME1;216,4360046;1;ESPERANZA
27-06-2023;CF2;C161;CAT 793 F;Sulfuro Planta;ESP/F08/1768/R800;FASE 8;CHANCADO-SULFURO;432,8720093;2;ESPERANZA
27-06-2023;CF2;C162;CAT 793 F;Sulfuro Baja Ley;ESP/F08/1768/R800;FASE 8;STOCK_SME1;216,4360046;1;ESPERANZA
27-06-2023;CF2;C162;CAT 793 F;Sulfuro Planta;ESP/F08/1768/R800;FASE 8;CHANCADO-SULFURO;649,3089905;3;ESPERANZA
27-06-2023;CF2;C162;CAT 793 F;Sulfuro Planta;ESP/F08/1768/R800;FASE 8;STOCK_SPL_DIN;432,8729858;2;ESPERANZA
27-06-2023;CF2;C163;CAT 793 F;Sulfuro Baja Ley;ESP/F08/1768/R800;FASE 8;STOCK_SME1;432,8729858;2;ESPERANZA
27-06-2023;CF2;C163;CAT 793 F;Sulfuro Planta;ESP/F08/1768/R800;FASE 8;CHANCADO-SULFURO;432,8729858;2;ESPERANZA
27-06-2023;CF2;C163;CAT 793 F;Sulfuro Planta;ESP/F08/1768/R800;FASE 8;STOCK_SPL_DIN;216,4360046;1;ESPERANZA
27-06-2023;CF2;C164;CAT 793 F;Sulfuro Planta;ESP/F08/1768/R800;FASE 8;CHANCADO-SULFURO;432,8729858;2;ESPERANZA
27-06-2023;CF2;C17;CAT 797 F;Sulfuro Baja Ley;ESP/F08/1768/R800;FASE 8;STOCK_SME1;346,4039917;1;ESPERANZA
27-06-2023;CF2;C19;CAT 797 F;Sulfuro Baja Ley;ESP/F08/1768/R800;FASE 8;STOCK_SME1;692,8079834;2;ESPERANZA
27-06-2023;CF2;C20;CAT 797 F;Sulfuro Planta;ESP/F08/1768/R800;FASE 8;CHANCADO-SULFURO;346,4039917;1;ESPERANZA
27-06-2023;CF2;C22;CAT 797 F;Sulfuro Baja Ley;ESP/F08/1768/R800;FASE 8;STOCK_SME1;346,4039917;1;ESPERANZA
27-06-2023;CF2;C22;CAT 797 F;Sulfuro Planta;ESP/F08/1768/R800;FASE 8;CHANCADO-SULFURO;1385,615967;4;ESPERANZA
27-06-2023;CF2;C23;CAT 797 F;Sulfuro Baja Ley;ESP/F08/1768/R800;FASE 8;STOCK_SBL1;346,4039917;1;ESPERANZA
27-06-2023;CF2;C34;CAT 797 F;Sulfuro Baja Ley;ESP/F08/1768/R800;FASE 8;STOCK_SME1;346,4039917;1;ESPERANZA
27-06-2023;CF2;C34;CAT 797 F;Sulfuro Planta;ESP/F08/1768/R800;FASE 8;CHANCADO-SULFURO;346,4039917;1;ESPERANZA
27-06-2023;CF2;C39;CAT 797 F;Sulfuro Baja Ley;ESP/F08/1768/R800;FASE 8;CHANCADO-SULFURO;346,4039917;1;ESPERANZA
27-06-2023;CF2;C39;CAT 797 F;Sulfuro Planta;ESP/F08/1768/R800;FASE 8;STOCK_SPL_DIN;346,4039917;1;ESPERANZA
27-06-2023;CF2;C41;CAT 797 F;Sulfuro Planta;ESP/F08/1768/R800;FASE 8;CHANCADO-SULFURO;692,8079834;2;ESPERANZA
27-06-2023;CF2;C48;CAT 797 F;Sulfuro Baja Ley;ESP/F08/1768/R800;FASE 8;STOCK_SME1;346,4039917;1;ESPERANZA
27-06-2023;CF2;C50;KOM 930 E;Sulfuro Baja Ley;ESP/F08/1768/R800;FASE 8;STOCK_SME1;582;2;ESPERANZA
27-06-2023;CF2;C51;KOM 930 E;Sulfuro Baja Ley;ESP/F08/1768/R800;FASE 8;STOCK_SME1;873;3;ESPERANZA
27-06-2023;CF2;C52;KOM 930 E;Sulfuro Baja Ley;ESP/F08/1768/R800;FASE 8;STOCK_SME1;291;1;ESPERANZA
27-06-2023;CF2;C57;KOM 930 E;Sulfuro Baja Ley;ESP/F08/1768/R800;FASE 8;STOCK_SME1;291;1;ESPERANZA
27-06-2023;CF2;C59;KOM 930 E;Sulfuro Baja Ley;ESP/F08/1768/R800;FASE 8;STOCK_SME1;291;1;ESPERANZA
27-06-2023;CF2;C60;KOM 930 E;Sulfuro Baja Ley;ESP/F08/1768/R800;FASE 8;STOCK_SME1;582;2;ESPERANZA
27-06-2023;CF2;C60;KOM 930 E;Sulfuro Planta;ESP/F08/1768/R800;FASE 8;CHANCADO-SULFURO;291;1;ESPERANZA
27-06-2023;CF2;C61;KOM 930 E;Sulfuro Baja Ley;ESP/F08/1768/R800;FASE 8;STOCK_SME1;582;2;ESPERANZA
27-06-2023;CF232;C123;CAT 793 C;Marginal;STM-02;OXIDO;CHANCADO-OXIDO;9739,63623;45;TESORO
27-06-2023;CF232;C131;CAT 793 C;Marginal;STM-02;OXIDO;CHANCADO-OXIDO;216,4360046;1;TESORO
27-06-2023;CF232;C152;CAT 793 F;Marginal;STM-02;OXIDO;CHANCADO-OXIDO;9306,766113;43;TESORO
27-06-2023;CF232;C160;CAT 793 F;Marginal;STM-02;OXIDO;CHANCADO-OXIDO;9306,76709;43;TESORO
27-06-2023;CF233;C121;CAT 793 C;Lastre Oxidado;ESP/F10/2328/130;FASE 10;BOT_PLATAFORMA;1298,619995;6;ESPERANZA
27-06-2023;CF233;C122;CAT 793 C;Lastre Oxidado;ESP/F10/2328/130;FASE 10;BOT_PLATAFORMA;432,8729858;2;ESPERANZA
27-06-2023;CF233;C125;CAT 793 C;Sulfuro de Media;STOCK_SME;ESPERANZA;CHANCADO-SULFURO;1084,800049;5;ESPERANZA
27-06-2023;CF233;C128;CAT 793 C;Sulfuro de Media;STOCK_SME;ESPERANZA;CHANCADO-SULFURO;1952,64006;9;ESPERANZA
27-06-2023;CF233;C129;CAT 793 C;Sulfuro de Media;STOCK_SME;ESPERANZA;CHANCADO-SULFURO;1735,682968;8;ESPERANZA
27-06-2023;CF233;C132;CAT 793 C;Sulfuro de Media;STOCK_SME;ESPERANZA;CHANCADO-SULFURO;216,9600067;1;ESPERANZA
27-06-2023;CF233;C134;CAT 793 C;Sulfuro de Media;STOCK_SME;ESPERANZA;CHANCADO-SULFURO;433,92099;2;ESPERANZA
27-06-2023;CF233;C135;CAT 793 C;Lastre Oxidado;ESP/F10/2328/130;FASE 10;BOT_PLATAFORMA;432,8720093;2;ESPERANZA
27-06-2023;CF233;C135;CAT 793 C;Sulfuro de Media;STOCK_SME;ESPERANZA;CHANCADO-SULFURO;1952,641037;9;ESPERANZA
27-06-2023;CF233;C153;CAT 793 F;Lastre Oxidado;ESP/F10/2328/130;FASE 10;BOT_PLATAFORMA;432,8729858;2;ESPERANZA
27-06-2023;CF233;C153;CAT 793 F;Sulfuro de Media;STOCK_SME;ESPERANZA;CHANCADO-SULFURO;433,9200134;2;ESPERANZA
27-06-2023;CF233;C154;CAT 793 F;Sulfuro de Media;STOCK_SME;ESPERANZA;CHANCADO-SULFURO;216,9600067;1;ESPERANZA
27-06-2023;CF233;C155;CAT 793 F;Lastre Oxidado;ESP/F10/2328/130;FASE 10;BOT_MIJO;216,4360046;1;ESPERANZA
27-06-2023;CF233;C155;CAT 793 F;Sulfuro de Media;STOCK_SME;ESPERANZA;CHANCADO-SULFURO;216,9600067;1;ESPERANZA
27-06-2023;CF233;C156;CAT 793 F;Sulfuro de Media;STOCK_SME;ESPERANZA;CHANCADO-SULFURO;867,8410034;4;ESPERANZA
27-06-2023;CF233;C159;CAT 793 F;Lastre Oxidado;ESP/F10/2328/130;FASE 10;BOT_PLATAFORMA;432,8729858;2;ESPERANZA
27-06-2023;CF233;C159;CAT 793 F;Sulfuro de Media;STOCK_SME;ESPERANZA;CHANCADO-SULFURO;1084,800995;5;ESPERANZA
27-06-2023;CF233;C161;CAT 793 F;Sulfuro de Media;STOCK_SME;ESPERANZA;CHANCADO-SULFURO;433,9200134;2;ESPERANZA
27-06-2023;CF233;C163;CAT 793 F;Sulfuro de Media;STOCK_SME;ESPERANZA;CHANCADO-SULFURO;216,9600067;1;ESPERANZA
27-06-2023;CF233;C164;CAT 793 F;Lastre Oxidado;ESP/F10/2328/130;FASE 10;BOT_MIJO;216,4360046;1;ESPERANZA
27-06-2023;CF233;C164;CAT 793 F;Lastre Oxidado;ESP/F10/2328/130;FASE 10;BOT_PLATAFORMA;865,7459717;4;ESPERANZA
27-06-2023;CF233;C164;CAT 793 F;Sulfuro de Media;STOCK_SME;ESPERANZA;CHANCADO-SULFURO;433,9200134;2;ESPERANZA
27-06-2023;CF234;C121;CAT 793 C;Sulfuro de Media;STOCK_SME;ESPERANZA;CHANCADO-SULFURO;867,8409882;4;ESPERANZA
27-06-2023;CF234;C122;CAT 793 C;Sulfuro de Media;STOCK_SME;ESPERANZA;CHANCADO-SULFURO;433,92099;2;ESPERANZA
27-06-2023;CF234;C125;CAT 793 C;Sulfuro de Media;STOCK_SME;ESPERANZA;CHANCADO-SULFURO;650,8809814;3;ESPERANZA
27-06-2023;CF234;C128;CAT 793 C;Sulfuro de Alta Ley;STOCK_SAL_DIN;ESPERANZA;CHANCADO-SULFURO;867,84198;4;ESPERANZA
27-06-2023;CF234;C128;CAT 793 C;Sulfuro de Media;STOCK_SME;ESPERANZA;CHANCADO-SULFURO;867,84198;4;ESPERANZA
27-06-2023;CF234;C128;CAT 793 C;Sulfuro Planta;STOCK_SPL_DIN;ESPERANZA;CHANCADO-SULFURO;1301,76001;6;ESPERANZA
27-06-2023;CF234;C129;CAT 793 C;Sulfuro de Alta Ley;STOCK_SAL_DIN;ESPERANZA;CHANCADO-SULFURO;2386,561951;11;ESPERANZA
27-06-2023;CF234;C129;CAT 793 C;Sulfuro de Media;STOCK_SME;ESPERANZA;CHANCADO-SULFURO;867,84198;4;ESPERANZA
27-06-2023;CF234;C131;CAT 793 C;Sulfuro de Alta Ley;STOCK_SAL_DIN;ESPERANZA;CHANCADO-SULFURO;433,9200134;2;ESPERANZA
27-06-2023;CF234;C131;CAT 793 C;Sulfuro Planta;STOCK_SPL_DIN;ESPERANZA;CHANCADO-SULFURO;433,92099;2;ESPERANZA
27-06-2023;CF234;C132;CAT 793 C;Sulfuro de Alta Ley;STOCK_SAL_DIN;ESPERANZA;CHANCADO-SULFURO;216,9600067;1;ESPERANZA
27-06-2023;CF234;C134;CAT 793 C;Sulfuro de Alta Ley;STOCK_SAL_DIN;ESPERANZA;CHANCADO-SULFURO;433,9200134;2;ESPERANZA
27-06-2023;CF234;C135;CAT 793 C;Sulfuro de Alta Ley;STOCK_SAL_DIN;ESPERANZA;CHANCADO-SULFURO;433,92099;2;ESPERANZA
27-06-2023;CF234;C135;CAT 793 C;Sulfuro de Media;STOCK_SME;ESPERANZA;CHANCADO-SULFURO;216,9600067;1;ESPERANZA
27-06-2023;CF234;C153;CAT 793 F;Sulfuro de Alta Ley;STOCK_SAL_DIN;ESPERANZA;CHANCADO-SULFURO;433,92099;2;ESPERANZA
27-06-2023;CF234;C154;CAT 793 F;Sulfuro de Alta Ley;STOCK_SAL_DIN;ESPERANZA;CHANCADO-SULFURO;216,9600067;1;ESPERANZA
27-06-2023;CF234;C154;CAT 793 F;Sulfuro Planta;STOCK_SPL_DIN;ESPERANZA;CHANCADO-SULFURO;216,9600067;1;ESPERANZA
27-06-2023;CF234;C155;CAT 793 F;Sulfuro de Alta Ley;STOCK_SAL_DIN;ESPERANZA;CHANCADO-SULFURO;5640,970795;26;ESPERANZA
27-06-2023;CF234;C155;CAT 793 F;Sulfuro de Media;STOCK_SME;ESPERANZA;CHANCADO-SULFURO;216,9600067;1;ESPERANZA
27-06-2023;CF234;C156;CAT 793 F;Sulfuro de Alta Ley;STOCK_SAL_DIN;ESPERANZA;CHANCADO-SULFURO;216,9600067;1;ESPERANZA
27-06-2023;CF234;C159;CAT 793 F;Sulfuro de Media;STOCK_SME;ESPERANZA;CHANCADO-SULFURO;433,9200134;2;ESPERANZA
27-06-2023;CF234;C159;CAT 793 F;Sulfuro Planta;STOCK_SPL_DIN;ESPERANZA;CHANCADO-SULFURO;216,9600067;1;ESPERANZA
27-06-2023;CF234;C161;CAT 793 F;Sulfuro de Media;STOCK_SME;ESPERANZA;CHANCADO-SULFURO;1952,641037;9;ESPERANZA
27-06-2023;CF234;C161;CAT 793 F;Sulfuro Planta;STOCK_SPL_DIN;ESPERANZA;CHANCADO-SULFURO;433,9200134;2;ESPERANZA
27-06-2023;CF234;C163;CAT 793 F;Sulfuro Planta;STOCK_SPL_DIN;ESPERANZA;CHANCADO-SULFURO;216,9600067;1;ESPERANZA
27-06-2023;CF234;C164;CAT 793 F;Sulfuro de Media;STOCK_SME;ESPERANZA;CHANCADO-SULFURO;433,92099;2;ESPERANZA
27-06-2023;CF4;C980AHSESPS;Kom 980 AHS;Lastre Oxidado;ESS/F03/2216/3170;F03 ESPSUR;BOTADERO_2021;14040;39;ESPERANZA_SUR
27-06-2023;CF4;C980AHSESPS;Kom 980 AHS;Lastre Oxidado;ESS/F03/2216/3230;F03 ESPSUR;BOTADERO_2021;21600;60;ESPERANZA_SUR
27-06-2023;PA1;C08;CAT 797 B;Lastre Oxidado;ESP/F07/2104/707;FASE 7;BOT_MIJO;346,4039917;1;ESPERANZA
27-06-2023;PA1;C09;CAT 797 B;Lastre Sulfurado;ESP/F07/2104/706;FASE 7;BOT_MIJO;1385,619995;4;ESPERANZA
27-06-2023;PA1;C10;CAT 797 B;Lastre Oxidado;ESP/F07/2104/707;FASE 7;BOT_MIJO;346,4039917;1;ESPERANZA
27-06-2023;PA1;C10;CAT 797 B;Lastre Sulfurado;ESP/F07/2104/706;FASE 7;BOT_2380_INT;346,4039917;1;ESPERANZA
27-06-2023;PA1;C11;CAT 797 B;Lastre Oxidado;ESP/F07/2104/707;FASE 7;BOT_MIJO;346,4039917;1;ESPERANZA
27-06-2023;PA1;C12;CAT 797 B;Lastre Sulfurado;ESP/F07/2104/706;FASE 7;BOT_MIJO;346,4039917;1;ESPERANZA
27-06-2023;PA1;C128;CAT 793 C;Lastre Oxidado;ESP/F07/2104/707;FASE 7;BOT_MIJO;432,8729858;2;ESPERANZA
27-06-2023;PA1;C129;CAT 793 C;Lastre Sulfurado;ESP/F07/2104/706;FASE 7;BOT_MIJO;216,4360046;1;ESPERANZA
27-06-2023;PA1;C13;CAT 797 B;Lastre Oxidado;ESP/F07/2104/707;FASE 7;BOT_MIJO;1039,209961;3;ESPERANZA
27-06-2023;PA1;C13;CAT 797 B;Lastre Sulfurado;ESP/F07/2104/706;FASE 7;BOT_MIJO;1039,209961;3;ESPERANZA
27-06-2023;PA1;C131;CAT 793 C;Lastre Sulfurado;ESP/F07/2104/706;FASE 7;BOT_MIJO;432,8720093;2;ESPERANZA
27-06-2023;PA1;C135;CAT 793 C;Lastre Sulfurado;ESP/F07/2104/706;FASE 7;BOT_MIJO;216,4360046;1;ESPERANZA
27-06-2023;PA1;C163;CAT 793 F;Lastre Sulfurado;ESP/F07/2104/706;FASE 7;BOT_MIJO;432,8729858;2;ESPERANZA
27-06-2023;PA1;C17;CAT 797 F;Lastre Sulfurado;ESP/F07/2104/706;FASE 7;BOT_MIJO;1039,211975;3;ESPERANZA
27-06-2023;PA1;C18;CAT 797 F;Lastre Sulfurado;ESP/F07/2104/706;FASE 7;BOT_MIJO;346,4039917;1;ESPERANZA
27-06-2023;PA1;C19;CAT 797 F;Lastre Sulfurado;ESP/F07/2104/706;FASE 7;BOT_MIJO;346,4039917;1;ESPERANZA
27-06-2023;PA1;C21;CAT 797 F;Lastre Oxidado;ESP/F07/2104/707;FASE 7;BOT_MIJO;346,4039917;1;ESPERANZA
27-06-2023;PA1;C21;CAT 797 F;Lastre Sulfurado;ESP/F07/2104/706;FASE 7;BOT_MIJO;1732,023987;5;ESPERANZA
27-06-2023;PA1;C22;CAT 797 F;Lastre Oxidado;ESP/F07/2104/707;FASE 7;BOT_MIJO;346,4039917;1;ESPERANZA
27-06-2023;PA1;C24;CAT 797 F;Lastre Sulfurado;ESP/F07/2104/706;FASE 7;BOT_MIJO;346,4039917;1;ESPERANZA
27-06-2023;PA1;C25;CAT 797 F;Lastre Sulfurado;ESP/F07/2104/706;FASE 7;BOT_MIJO;1039,211975;3;ESPERANZA
27-06-2023;PA1;C32;CAT 797 F;Lastre Oxidado;ESP/F07/2104/707;FASE 7;BOT_MIJO;1039,211975;3;ESPERANZA
27-06-2023;PA1;C32;CAT 797 F;Lastre Sulfurado;ESP/F07/2104/706;FASE 7;BOT_MIJO;346,4039917;1;ESPERANZA
27-06-2023;PA1;C34;CAT 797 F;Lastre Oxidado;ESP/F07/2104/707;FASE 7;BOT_MIJO;346,4039917;1;ESPERANZA
27-06-2023;PA1;C34;CAT 797 F;Lastre Sulfurado;ESP/F07/2104/706;FASE 7;BOT_MIJO;692,8079834;2;ESPERANZA
27-06-2023;PA1;C36;CAT 797 F;Lastre Sulfurado;ESP/F07/2104/706;FASE 7;BOT_MIJO;346,4039917;1;ESPERANZA
27-06-2023;PA1;C38;CAT 797 F;Lastre Sulfurado;ESP/F07/2104/706;FASE 7;BOT_MIJO;346,4039917;1;ESPERANZA
27-06-2023;PA1;C39;CAT 797 F;Lastre Sulfurado;ESP/F07/2104/706;FASE 7;BOT_MIJO;346,4039917;1;ESPERANZA
27-06-2023;PA1;C40;CAT 797 F;Lastre Sulfurado;ESP/F07/2104/706;FASE 7;BOT_MIJO;1732,023987;5;ESPERANZA
27-06-2023;PA1;C41;CAT 797 F;Lastre Sulfurado;ESP/F07/2104/706;FASE 7;BOT_MIJO;346,4039917;1;ESPERANZA
27-06-2023;PA1;C42;CAT 797 F;Lastre Sulfurado;ESP/F07/2104/706;FASE 7;BOT_MIJO;692,8079834;2;ESPERANZA
27-06-2023;PA1;C44;CAT 797 F;Lastre Sulfurado;ESP/F07/2104/706;FASE 7;BOT_MIJO;346,4039917;1;ESPERANZA
27-06-2023;PA1;C45;CAT 797 F;Lastre Sulfurado;ESP/F07/2104/706;FASE 7;BOT_MIJO;346,4039917;1;ESPERANZA
27-06-2023;PA1;C47;CAT 797 F;Lastre Sulfurado;ESP/F07/2104/706;FASE 7;BOT_MIJO;346,4039917;1;ESPERANZA
27-06-2023;PA1;C48;CAT 797 F;Lastre Sulfurado;ESP/F07/2104/706;FASE 7;BOT_MIJO;346,4039917;1;ESPERANZA
27-06-2023;PA1;C49;KOM 930 E;Lastre Sulfurado;ESP/F07/2104/706;FASE 7;BOT_MIJO;291;1;ESPERANZA
27-06-2023;PA1;C53;KOM 930 E;Lastre Sulfurado;ESP/F07/2104/706;FASE 7;BOT_MIJO;582;2;ESPERANZA
27-06-2023;PA1;C55;KOM 930 E;Lastre Sulfurado;ESP/F07/2104/706;FASE 7;BOT_MIJO;291;1;ESPERANZA
27-06-2023;PA1;C56;KOM 930 E;Lastre Sulfurado;ESP/F07/2104/706;FASE 7;BOT_MIJO;1164;4;ESPERANZA
27-06-2023;PA1;C57;KOM 930 E;Lastre Sulfurado;ESP/F07/2104/706;FASE 7;BOT_MIJO;873;3;ESPERANZA
27-06-2023;PA1;C58;KOM 930 E;Lastre Sulfurado;ESP/F07/2104/706;FASE 7;BOT_MIJO;582;2;ESPERANZA
27-06-2023;PA1;C59;KOM 930 E;Lastre Sulfurado;ESP/F07/2104/706;FASE 7;BOT_MIJO;873;3;ESPERANZA
27-06-2023;PA1;C60;KOM 930 E;Lastre Sulfurado;ESP/F07/2104/706;FASE 7;BOT_MIJO;1455;5;ESPERANZA
27-06-2023;PA1;C61;KOM 930 E;Lastre Sulfurado;ESP/F07/2104/706;FASE 7;BOT_MIJO;873;3;ESPERANZA
27-06-2023;PA10;C980AHSESPS;Kom 980 AHS;Lastre Oxidado;ESS/F03/2200/310;F03 ESPSUR;BOTADERO_2021;13320;37;ESPERANZA_SUR
27-06-2023;PA10;C980AHSESPS;Kom 980 AHS;Lastre Oxidado;ESS/F03/2216/3170;F03 ESPSUR;BOTADERO_2021;24840;69;ESPERANZA_SUR
27-06-2023;PA11;C20115ESPS;KOM 980 ESPS;Sulfuro de Media;ESS/F02/2104/208;F02 ESPSUR;CHANCADO-SULFURO;29160;81;ESPERANZA_SUR
27-06-2023;PA11;C980AHSESPS;Kom 980 AHS;Sulfuro de Media;ESS/F02/2104/208;F02 ESPSUR;STOCK_SME_ESS;72720;202;ESPERANZA_SUR
27-06-2023;PA2;C07;CAT 797 B;Sulfuro Baja Ley;ESP/F08/1752/809;FASE 8;STOCK_SME1;692,8079834;2;ESPERANZA
27-06-2023;PA2;C08;CAT 797 B;Sulfuro Baja Ley;ESP/F08/1752/809;FASE 8;CHANCADO-SULFURO;1039,211975;3;ESPERANZA
27-06-2023;PA2;C08;CAT 797 B;Sulfuro Baja Ley;ESP/F08/1752/809;FASE 8;STOCK_SME;346,4039917;1;ESPERANZA
27-06-2023;PA2;C08;CAT 797 B;Sulfuro Baja Ley;ESP/F08/1752/809;FASE 8;STOCK_SME1;1039,211975;3;ESPERANZA
27-06-2023;PA2;C09;CAT 797 B;Sulfuro Baja Ley;ESP/F08/1752/809;FASE 8;CHANCADO-SULFURO;692,8079834;2;ESPERANZA
27-06-2023;PA2;C10;CAT 797 B;Sulfuro Baja Ley;ESP/F08/1752/809;FASE 8;CHANCADO-SULFURO;346,4039917;1;ESPERANZA
27-06-2023;PA2;C11;CAT 797 B;Sulfuro Baja Ley;ESP/F08/1752/809;FASE 8;CHANCADO-SULFURO;346,4039917;1;ESPERANZA
27-06-2023;PA2;C11;CAT 797 B;Sulfuro Baja Ley;ESP/F08/1752/809;FASE 8;STOCK_SME;1385,615967;4;ESPERANZA
27-06-2023;PA2;C11;CAT 797 B;Sulfuro Baja Ley;ESP/F08/1752/809;FASE 8;STOCK_SME1;1385,615967;4;ESPERANZA
27-06-2023;PA2;C12;CAT 797 B;Sulfuro Baja Ley;ESP/F08/1752/809;FASE 8;CHANCADO-SULFURO;346,4039917;1;ESPERANZA
27-06-2023;PA2;C128;CAT 793 C;Sulfuro Baja Ley;ESP/F08/1752/809;FASE 8;CHANCADO-SULFURO;216,4360046;1;ESPERANZA
27-06-2023;PA2;C13;CAT 797 B;Sulfuro Baja Ley;ESP/F08/1752/809;FASE 8;STOCK_SME1;692,8079834;2;ESPERANZA
27-06-2023;PA2;C130;CAT 793 C;Sulfuro Baja Ley;ESP/F08/1752/809;FASE 8;CHANCADO-SULFURO;216,4360046;1;ESPERANZA
27-06-2023;PA2;C131;CAT 793 C;Sulfuro Baja Ley;ESP/F08/1752/809;FASE 8;CHANCADO-SULFURO;216,4360046;1;ESPERANZA
27-06-2023;PA2;C135;CAT 793 C;Sulfuro Baja Ley;ESP/F08/1752/809;FASE 8;CHANCADO-SULFURO;216,4360046;1;ESPERANZA
27-06-2023;PA2;C15;CAT 797 B;Sulfuro Baja Ley;ESP/F08/1752/809;FASE 8;STOCK_SME1;1732,017944;5;ESPERANZA
27-06-2023;PA2;C153;CAT 793 F;Sulfuro Baja Ley;ESP/F08/1752/809;FASE 8;STOCK_SBL1;216,4360046;1;ESPERANZA
27-06-2023;PA2;C154;CAT 793 F;Sulfuro Baja Ley;ESP/F08/1752/809;FASE 8;CHANCADO-SULFURO;1082,18103;5;ESPERANZA
27-06-2023;PA2;C154;CAT 793 F;Sulfuro Baja Ley;ESP/F08/1752/809;FASE 8;STOCK_SME;216,4360046;1;ESPERANZA
27-06-2023;PA2;C154;CAT 793 F;Sulfuro Baja Ley;ESP/F08/1752/809;FASE 8;STOCK_SME1;432,8729858;2;ESPERANZA
27-06-2023;PA2;C155;CAT 793 F;Sulfuro Baja Ley;ESP/F08/1752/809;FASE 8;CHANCADO-SULFURO;216,4360046;1;ESPERANZA
27-06-2023;PA2;C156;CAT 793 F;Sulfuro Baja Ley;ESP/F08/1752/809;FASE 8;CHANCADO-SULFURO;1298,617004;6;ESPERANZA
27-06-2023;PA2;C159;CAT 793 F;Sulfuro Baja Ley;ESP/F08/1752/809;FASE 8;CHANCADO-SULFURO;216,4360046;1;ESPERANZA
27-06-2023;PA2;C16;CAT 797 B;Sulfuro Baja Ley;ESP/F08/1752/809;FASE 8;CHANCADO-SULFURO;346,4039917;1;ESPERANZA
27-06-2023;PA2;C16;CAT 797 B;Sulfuro Baja Ley;ESP/F08/1752/809;FASE 8;STOCK_SME;346,4039917;1;ESPERANZA
27-06-2023;PA2;C161;CAT 793 F;Sulfuro Baja Ley;ESP/F08/1752/809;FASE 8;CHANCADO-SULFURO;649,309021;3;ESPERANZA
27-06-2023;PA2;C161;CAT 793 F;Sulfuro Baja Ley;ESP/F08/1752/809;FASE 8;STOCK_SME1;649,309021;3;ESPERANZA
27-06-2023;PA2;C162;CAT 793 F;Sulfuro Baja Ley;ESP/F08/1752/809;FASE 8;CHANCADO-SULFURO;1082,18103;5;ESPERANZA
27-06-2023;PA2;C162;CAT 793 F;Sulfuro Baja Ley;ESP/F08/1752/809;FASE 8;STOCK_SME;216,4360046;1;ESPERANZA
27-06-2023;PA2;C162;CAT 793 F;Sulfuro Baja Ley;ESP/F08/1752/809;FASE 8;STOCK_SME1;432,8729858;2;ESPERANZA
27-06-2023;PA2;C163;CAT 793 F;Sulfuro Baja Ley;ESP/F08/1752/809;FASE 8;CHANCADO-SULFURO;649,3089905;3;ESPERANZA
27-06-2023;PA2;C163;CAT 793 F;Sulfuro Baja Ley;ESP/F08/1752/809;FASE 8;STOCK_SME;432,8720093;2;ESPERANZA
27-06-2023;PA2;C163;CAT 793 F;Sulfuro Baja Ley;ESP/F08/1752/809;FASE 8;STOCK_SME1;432,8720093;2;ESPERANZA
27-06-2023;PA2;C164;CAT 793 F;Sulfuro Baja Ley;ESP/F08/1752/809;FASE 8;CHANCADO-SULFURO;432,8720093;2;ESPERANZA
27-06-2023;PA2;C17;CAT 797 F;Sulfuro Baja Ley;ESP/F08/1752/809;FASE 8;STOCK_SME1;692,8079834;2;ESPERANZA
27-06-2023;PA2;C18;CAT 797 F;Sulfuro Baja Ley;ESP/F08/1752/809;FASE 8;CHANCADO-SULFURO;1039,211975;3;ESPERANZA
27-06-2023;PA2;C18;CAT 797 F;Sulfuro Baja Ley;ESP/F08/1752/809;FASE 8;STOCK_SME;346,4039917;1;ESPERANZA
27-06-2023;PA2;C18;CAT 797 F;Sulfuro Baja Ley;ESP/F08/1752/809;FASE 8;STOCK_SME1;346,4039917;1;ESPERANZA
27-06-2023;PA2;C19;CAT 797 F;Sulfuro Baja Ley;ESP/F08/1752/809;FASE 8;STOCK_SME1;346,4039917;1;ESPERANZA
27-06-2023;PA2;C20;CAT 797 F;Sulfuro Baja Ley;ESP/F08/1752/809;FASE 8;STOCK_SME1;692,8079834;2;ESPERANZA
27-06-2023;PA2;C21;CAT 797 F;Sulfuro Baja Ley;ESP/F08/1752/809;FASE 8;CHANCADO-SULFURO;346,4039917;1;ESPERANZA
27-06-2023;PA2;C22;CAT 797 F;Sulfuro Baja Ley;ESP/F08/1752/809;FASE 8;CHANCADO-SULFURO;1039,211975;3;ESPERANZA
27-06-2023;PA2;C22;CAT 797 F;Sulfuro Baja Ley;ESP/F08/1752/809;FASE 8;STOCK_SBL1;346,4039917;1;ESPERANZA
27-06-2023;PA2;C22;CAT 797 F;Sulfuro Baja Ley;ESP/F08/1752/809;FASE 8;STOCK_SME1;692,8079834;2;ESPERANZA
27-06-2023;PA2;C23;CAT 797 F;Sulfuro Baja Ley;ESP/F08/1752/809;FASE 8;CHANCADO-SULFURO;692,8079834;2;ESPERANZA
27-06-2023;PA2;C23;CAT 797 F;Sulfuro Baja Ley;ESP/F08/1752/809;FASE 8;STOCK_SME;346,4039917;1;ESPERANZA
27-06-2023;PA2;C23;CAT 797 F;Sulfuro Baja Ley;ESP/F08/1752/809;FASE 8;STOCK_SME1;1039,211975;3;ESPERANZA
27-06-2023;PA2;C24;CAT 797 F;Sulfuro Baja Ley;ESP/F08/1752/809;FASE 8;STOCK_SME1;346,4039917;1;ESPERANZA
27-06-2023;PA2;C32;CAT 797 F;Sulfuro Baja Ley;ESP/F08/1752/809;FASE 8;CHANCADO-SULFURO;1039,211975;3;ESPERANZA
27-06-2023;PA2;C32;CAT 797 F;Sulfuro Baja Ley;ESP/F08/1752/809;FASE 8;STOCK_SME;346,4039917;1;ESPERANZA
27-06-2023;PA2;C34;CAT 797 F;Sulfuro Baja Ley;ESP/F08/1752/809;FASE 8;CHANCADO-SULFURO;2771,229919;8;ESPERANZA
27-06-2023;PA2;C34;CAT 797 F;Sulfuro Baja Ley;ESP/F08/1752/809;FASE 8;STOCK_SME1;346,4039917;1;ESPERANZA
27-06-2023;PA2;C36;CAT 797 F;Sulfuro Baja Ley;ESP/F08/1752/809;FASE 8;CHANCADO-SULFURO;1385,615967;4;ESPERANZA
27-06-2023;PA2;C36;CAT 797 F;Sulfuro Baja Ley;ESP/F08/1752/809;FASE 8;STOCK_SME;346,4039917;1;ESPERANZA
27-06-2023;PA2;C36;CAT 797 F;Sulfuro Baja Ley;ESP/F08/1752/809;FASE 8;STOCK_SME1;692,8079834;2;ESPERANZA
27-06-2023;PA2;C38;CAT 797 F;Sulfuro Baja Ley;ESP/F08/1752/809;FASE 8;CHANCADO-SULFURO;1039,211975;3;ESPERANZA
27-06-2023;PA2;C39;CAT 797 F;Sulfuro Baja Ley;ESP/F08/1752/809;FASE 8;CHANCADO-SULFURO;1732,019958;5;ESPERANZA
27-06-2023;PA2;C39;CAT 797 F;Sulfuro Baja Ley;ESP/F08/1752/809;FASE 8;STOCK_SME1;346,4039917;1;ESPERANZA
27-06-2023;PA2;C41;CAT 797 F;Sulfuro Baja Ley;ESP/F08/1752/809;FASE 8;CHANCADO-SULFURO;1732,019958;5;ESPERANZA
27-06-2023;PA2;C41;CAT 797 F;Sulfuro Baja Ley;ESP/F08/1752/809;FASE 8;STOCK_SME;346,4039917;1;ESPERANZA
27-06-2023;PA2;C41;CAT 797 F;Sulfuro Baja Ley;ESP/F08/1752/809;FASE 8;STOCK_SME1;346,4039917;1;ESPERANZA
27-06-2023;PA2;C42;CAT 797 F;Sulfuro Baja Ley;ESP/F08/1752/809;FASE 8;CHANCADO-SULFURO;1385,615967;4;ESPERANZA
27-06-2023;PA2;C42;CAT 797 F;Sulfuro Baja Ley;ESP/F08/1752/809;FASE 8;STOCK_SME;346,4039917;1;ESPERANZA
27-06-2023;PA2;C43;CAT 797 F;Sulfuro Baja Ley;ESP/F08/1752/809;FASE 8;CHANCADO-SULFURO;346,4039917;1;ESPERANZA
27-06-2023;PA2;C44;CAT 797 F;Sulfuro Baja Ley;ESP/F08/1752/809;FASE 8;CHANCADO-SULFURO;692,8079834;2;ESPERANZA
27-06-2023;PA2;C45;CAT 797 F;Sulfuro Baja Ley;ESP/F08/1752/809;FASE 8;CHANCADO-SULFURO;346,4039917;1;ESPERANZA
27-06-2023;PA2;C45;CAT 797 F;Sulfuro Baja Ley;ESP/F08/1752/809;FASE 8;STOCK_SME1;346,4039917;1;ESPERANZA
27-06-2023;PA2;C46;CAT 797 F;Sulfuro Baja Ley;ESP/F08/1752/809;FASE 8;CHANCADO-SULFURO;1732,019958;5;ESPERANZA
27-06-2023;PA2;C46;CAT 797 F;Sulfuro Baja Ley;ESP/F08/1752/809;FASE 8;STOCK_SME;346,4039917;1;ESPERANZA
27-06-2023;PA2;C46;CAT 797 F;Sulfuro Baja Ley;ESP/F08/1752/809;FASE 8;STOCK_SME1;1039,211975;3;ESPERANZA
27-06-2023;PA2;C47;CAT 797 F;Sulfuro Baja Ley;ESP/F08/1752/809;FASE 8;CHANCADO-SULFURO;346,4039917;1;ESPERANZA
27-06-2023;PA2;C47;CAT 797 F;Sulfuro Baja Ley;ESP/F08/1752/809;FASE 8;STOCK_SME;692,8079834;2;ESPERANZA
27-06-2023;PA2;C47;CAT 797 F;Sulfuro Baja Ley;ESP/F08/1752/809;FASE 8;STOCK_SME1;692,8079834;2;ESPERANZA
27-06-2023;PA2;C48;CAT 797 F;Sulfuro Baja Ley;ESP/F08/1752/809;FASE 8;CHANCADO-SULFURO;2078,421936;6;ESPERANZA
27-06-2023;PA2;C48;CAT 797 F;Sulfuro Baja Ley;ESP/F08/1752/809;FASE 8;STOCK_SME;346,4039917;1;ESPERANZA
27-06-2023;PA2;C48;CAT 797 F;Sulfuro Baja Ley;ESP/F08/1752/809;FASE 8;STOCK_SME1;1385,613953;4;ESPERANZA
27-06-2023;PA2;C49;KOM 930 E;Sulfuro Baja Ley;ESP/F08/1752/809;FASE 8;CHANCADO-SULFURO;2037;7;ESPERANZA
27-06-2023;PA2;C49;KOM 930 E;Sulfuro Baja Ley;ESP/F08/1752/809;FASE 8;STOCK_SBL1;291;1;ESPERANZA
27-06-2023;PA2;C49;KOM 930 E;Sulfuro Baja Ley;ESP/F08/1752/809;FASE 8;STOCK_SME;291;1;ESPERANZA
27-06-2023;PA2;C49;KOM 930 E;Sulfuro Baja Ley;ESP/F08/1752/809;FASE 8;STOCK_SME1;291;1;ESPERANZA
27-06-2023;PA2;C50;KOM 930 E;Sulfuro Baja Ley;ESP/F08/1752/809;FASE 8;CHANCADO-SULFURO;1455;5;ESPERANZA
27-06-2023;PA2;C50;KOM 930 E;Sulfuro Baja Ley;ESP/F08/1752/809;FASE 8;STOCK_SBL1;291;1;ESPERANZA
27-06-2023;PA2;C50;KOM 930 E;Sulfuro Baja Ley;ESP/F08/1752/809;FASE 8;STOCK_SME;582;2;ESPERANZA
27-06-2023;PA2;C50;KOM 930 E;Sulfuro Baja Ley;ESP/F08/1752/809;FASE 8;STOCK_SME1;582;2;ESPERANZA
27-06-2023;PA2;C51;KOM 930 E;Sulfuro Baja Ley;ESP/F08/1752/809;FASE 8;CHANCADO-SULFURO;1164;4;ESPERANZA
27-06-2023;PA2;C51;KOM 930 E;Sulfuro Baja Ley;ESP/F08/1752/809;FASE 8;STOCK_SME1;582;2;ESPERANZA
27-06-2023;PA2;C52;KOM 930 E;Sulfuro Baja Ley;ESP/F08/1752/809;FASE 8;CHANCADO-SULFURO;1455;5;ESPERANZA
27-06-2023;PA2;C52;KOM 930 E;Sulfuro Baja Ley;ESP/F08/1752/809;FASE 8;STOCK_SBL1;582;2;ESPERANZA
27-06-2023;PA2;C52;KOM 930 E;Sulfuro Baja Ley;ESP/F08/1752/809;FASE 8;STOCK_SME;291;1;ESPERANZA
27-06-2023;PA2;C53;KOM 930 E;Sulfuro Baja Ley;ESP/F08/1752/809;FASE 8;CHANCADO-SULFURO;2037;7;ESPERANZA
27-06-2023;PA2;C53;KOM 930 E;Sulfuro Baja Ley;ESP/F08/1752/809;FASE 8;STOCK_SME;291;1;ESPERANZA
27-06-2023;PA2;C54;KOM 930 E;Sulfuro Baja Ley;ESP/F08/1752/809;FASE 8;CHANCADO-SULFURO;582;2;ESPERANZA
27-06-2023;PA2;C54;KOM 930 E;Sulfuro Baja Ley;ESP/F08/1752/809;FASE 8;STOCK_SBL1;291;1;ESPERANZA
27-06-2023;PA2;C55;KOM 930 E;Sulfuro Baja Ley;ESP/F08/1752/809;FASE 8;CHANCADO-SULFURO;1164;4;ESPERANZA
27-06-2023;PA2;C55;KOM 930 E;Sulfuro Baja Ley;ESP/F08/1752/809;FASE 8;STOCK_SME;582;2;ESPERANZA
27-06-2023;PA2;C55;KOM 930 E;Sulfuro Baja Ley;ESP/F08/1752/809;FASE 8;STOCK_SME1;1164;4;ESPERANZA
27-06-2023;PA2;C56;KOM 930 E;Sulfuro Baja Ley;ESP/F08/1752/809;FASE 8;CHANCADO-SULFURO;1455;5;ESPERANZA
27-06-2023;PA2;C56;KOM 930 E;Sulfuro Baja Ley;ESP/F08/1752/809;FASE 8;STOCK_SBL1;291;1;ESPERANZA
27-06-2023;PA2;C56;KOM 930 E;Sulfuro Baja Ley;ESP/F08/1752/809;FASE 8;STOCK_SME1;873;3;ESPERANZA
27-06-2023;PA2;C57;KOM 930 E;Sulfuro Baja Ley;ESP/F08/1752/809;FASE 8;CHANCADO-SULFURO;1746;6;ESPERANZA
27-06-2023;PA2;C57;KOM 930 E;Sulfuro Baja Ley;ESP/F08/1752/809;FASE 8;STOCK_SME;291;1;ESPERANZA
27-06-2023;PA2;C57;KOM 930 E;Sulfuro Baja Ley;ESP/F08/1752/809;FASE 8;STOCK_SME1;291;1;ESPERANZA
27-06-2023;PA2;C58;KOM 930 E;Sulfuro Baja Ley;ESP/F08/1752/809;FASE 8;CHANCADO-SULFURO;873;3;ESPERANZA
27-06-2023;PA2;C59;KOM 930 E;Sulfuro Baja Ley;ESP/F08/1752/809;FASE 8;CHANCADO-SULFURO;873;3;ESPERANZA
27-06-2023;PA2;C59;KOM 930 E;Sulfuro Baja Ley;ESP/F08/1752/809;FASE 8;STOCK_SME1;291;1;ESPERANZA
27-06-2023;PA2;C60;KOM 930 E;Sulfuro Baja Ley;ESP/F08/1752/809;FASE 8;CHANCADO-SULFURO;873;3;ESPERANZA
27-06-2023;PA2;C60;KOM 930 E;Sulfuro Baja Ley;ESP/F08/1752/809;FASE 8;STOCK_SME1;291;1;ESPERANZA
27-06-2023;PA2;C61;KOM 930 E;Sulfuro Baja Ley;ESP/F08/1752/809;FASE 8;CHANCADO-SULFURO;1164;4;ESPERANZA
27-06-2023;PA2;C61;KOM 930 E;Sulfuro Baja Ley;ESP/F08/1752/809;FASE 8;STOCK_SME1;291;1;ESPERANZA
27-06-2023;PA211;C08;CAT 797 B;Lastre Oxidado;ESP/F10/2296/1060;FASE 10;BOT_MIJO;346,4039917;1;ESPERANZA
27-06-2023;PA211;C09;CAT 797 B;Lastre Oxidado;ESP/F10/2296/1060;FASE 10;BOT_MIJO;1732,02002;5;ESPERANZA
27-06-2023;PA211;C11;CAT 797 B;Lastre Oxidado;ESP/F10/2296/1060;FASE 10;BOT_MIJO;1385,619995;4;ESPERANZA
27-06-2023;PA211;C121;CAT 793 C;Lastre Oxidado;ESP/F10/2296/1060;FASE 10;BOT_MIJO;865,7459717;4;ESPERANZA
27-06-2023;PA211;C122;CAT 793 C;Lastre Oxidado;ESP/F10/2296/1060;FASE 10;BOT_MIJO;1515,060059;7;ESPERANZA
27-06-2023;PA211;C125;CAT 793 C;Lastre Oxidado;ESP/F10/2296/1060;FASE 10;BOT_MIJO;865,7450256;4;ESPERANZA
27-06-2023;PA211;C128;CAT 793 C;Lastre Oxidado;ESP/F10/2296/1060;FASE 10;BOT_MIJO;1515,054016;7;ESPERANZA
27-06-2023;PA211;C129;CAT 793 C;Lastre Oxidado;ESP/F10/2296/1060;FASE 10;BOT_MIJO;1298,618042;6;ESPERANZA
27-06-2023;PA211;C13;CAT 797 B;Lastre Oxidado;ESP/F10/2296/1060;FASE 10;BOT_MIJO;1732,019958;5;ESPERANZA
27-06-2023;PA211;C130;CAT 793 C;Lastre Oxidado;ESP/F10/2296/1060;FASE 10;BOT_MIJO;865,7459717;4;ESPERANZA
27-06-2023;PA211;C131;CAT 793 C;Lastre Oxidado;ESP/F10/2296/1060;FASE 10;BOT_MIJO;3679,429138;17;ESPERANZA
27-06-2023;PA211;C132;CAT 793 C;Lastre Oxidado;ESP/F10/2296/1060;FASE 10;BOT_MIJO;1082,180054;5;ESPERANZA
27-06-2023;PA211;C134;CAT 793 C;Lastre Oxidado;ESP/F10/2296/1060;FASE 10;BOT_MIJO;4761,600098;22;ESPERANZA
27-06-2023;PA211;C135;CAT 793 C;Lastre Oxidado;ESP/F10/2296/1060;FASE 10;BOT_MIJO;432,8720093;2;ESPERANZA
27-06-2023;PA211;C15;CAT 797 B;Lastre Oxidado;ESP/F10/2296/1060;FASE 10;BOT_MIJO;692,8079834;2;ESPERANZA
27-06-2023;PA211;C153;CAT 793 F;Lastre Oxidado;ESP/F10/2296/1060;FASE 10;BOT_MIJO;5194,469971;24;ESPERANZA
27-06-2023;PA211;C154;CAT 793 F;Lastre Oxidado;ESP/F10/2296/1060;FASE 10;BOT_MIJO;3895,85498;18;ESPERANZA
27-06-2023;PA211;C155;CAT 793 F;Lastre Oxidado;ESP/F10/2296/1060;FASE 10;BOT_MIJO;865,7449951;4;ESPERANZA
27-06-2023;PA211;C156;CAT 793 F;Lastre Oxidado;ESP/F10/2296/1060;FASE 10;BOT_MIJO;216,4360046;1;ESPERANZA
27-06-2023;PA211;C159;CAT 793 F;Lastre Oxidado;ESP/F10/2296/1060;FASE 10;BOT_MIJO;432,8729858;2;ESPERANZA
27-06-2023;PA211;C161;CAT 793 F;Lastre Oxidado;ESP/F10/2296/1060;FASE 10;BOT_MIJO;1731,48999;8;ESPERANZA
27-06-2023;PA211;C164;CAT 793 F;Lastre Oxidado;ESP/F10/2296/1060;FASE 10;BOT_MIJO;1298,616058;6;ESPERANZA
27-06-2023;PA211;C18;CAT 797 F;Lastre Oxidado;ESP/F10/2296/1060;FASE 10;BOT_MIJO;346,4039917;1;ESPERANZA
27-06-2023;PA211;C19;CAT 797 F;Lastre Oxidado;ESP/F10/2296/1060;FASE 10;BOT_MIJO;346,4039917;1;ESPERANZA
27-06-2023;PA211;C23;CAT 797 F;Lastre Oxidado;ESP/F10/2296/1060;FASE 10;BOT_MIJO;346,4039917;1;ESPERANZA
27-06-2023;PA211;C25;CAT 797 F;Lastre Oxidado;ESP/F10/2296/1060;FASE 10;BOT_MIJO;346,4039917;1;ESPERANZA
27-06-2023;PA211;C32;CAT 797 F;Lastre Oxidado;ESP/F10/2296/1060;FASE 10;BOT_MIJO;346,4039917;1;ESPERANZA
27-06-2023;PA211;C34;CAT 797 F;Lastre Oxidado;ESP/F10/2296/1060;FASE 10;BOT_MIJO;346,4039917;1;ESPERANZA
27-06-2023;PA211;C36;CAT 797 F;Lastre Oxidado;ESP/F10/2296/1060;FASE 10;BOT_MIJO;2078,424011;6;ESPERANZA
27-06-2023;PA211;C38;CAT 797 F;Lastre Oxidado;ESP/F10/2296/1060;FASE 10;BOT_MIJO;692,8079834;2;ESPERANZA
27-06-2023;PA211;C41;CAT 797 F;Lastre Oxidado;ESP/F10/2296/1060;FASE 10;BOT_MIJO;692,8079834;2;ESPERANZA
27-06-2023;PA211;C50;KOM 930 E;Lastre Oxidado;ESP/F10/2296/1060;FASE 10;BOT_MIJO;291;1;ESPERANZA
27-06-2023;PA211;C51;KOM 930 E;Lastre Oxidado;ESP/F10/2296/1060;FASE 10;BOT_MIJO;1455;5;ESPERANZA
27-06-2023;PA211;C55;KOM 930 E;Lastre Oxidado;ESP/F10/2296/1060;FASE 10;BOT_MIJO;291;1;ESPERANZA
27-06-2023;PA211;C58;KOM 930 E;Lastre Oxidado;ESP/F10/2296/1060;FASE 10;BOT_MIJO;873;3;ESPERANZA
27-06-2023;PA211;C59;KOM 930 E;Lastre Oxidado;ESP/F10/2296/1060;FASE 10;BOT_MIJO;291;1;ESPERANZA
27-06-2023;PA211;C60;KOM 930 E;Lastre Oxidado;ESP/F10/2296/1060;FASE 10;BOT_MIJO;582;2;ESPERANZA
27-06-2023;PA26;C11;CAT 797 B;Lastre Oxidado;ESP/F07/2104/722;FASE 7;BOT_MIJO;346,4039917;1;ESPERANZA
27-06-2023;PA26;C128;CAT 793 C;Lastre Oxidado;ESP/F07/2104/722;FASE 7;BOT_MIJO;1298,619995;6;ESPERANZA
27-06-2023;PA26;C129;CAT 793 C;Lastre Oxidado;ESP/F07/2104/722;FASE 7;BOT_MIJO;865,7459717;4;ESPERANZA
27-06-2023;PA26;C131;CAT 793 C;Lastre Oxidado;ESP/F07/2104/722;FASE 7;BOT_MIJO;865,7459717;4;ESPERANZA
27-06-2023;PA26;C132;CAT 793 C;Lastre Oxidado;ESP/F07/2104/722;FASE 7;BOT_MIJO;1082,180054;5;ESPERANZA
27-06-2023;PA26;C134;CAT 793 C;Lastre Oxidado;ESP/F07/2104/722;FASE 7;BOT_MIJO;649,309021;3;ESPERANZA
27-06-2023;PA26;C154;CAT 793 F;Lastre Oxidado;ESP/F07/2104/722;FASE 7;BOT_MIJO;216,4360046;1;ESPERANZA
27-06-2023;PA26;C159;CAT 793 F;Lastre Oxidado;ESP/F07/2104/722;FASE 7;BOT_MIJO;216,4360046;1;ESPERANZA
27-06-2023;PA26;C16;CAT 797 B;Lastre Oxidado;ESP/F07/2104/722;FASE 7;BOT_MIJO;692,8079834;2;ESPERANZA
27-06-2023;PA26;C163;CAT 793 F;Lastre Oxidado;ESP/F07/2104/722;FASE 7;BOT_MIJO;216,4360046;1;ESPERANZA
27-06-2023;PA26;C22;CAT 797 F;Lastre Oxidado;ESP/F07/2104/722;FASE 7;BOT_MIJO;346,4039917;1;ESPERANZA
27-06-2023;PA26;C23;CAT 797 F;Lastre Oxidado;ESP/F07/2104/722;FASE 7;BOT_MIJO;346,4039917;1;ESPERANZA
27-06-2023;PA26;C36;CAT 797 F;Lastre Oxidado;ESP/F07/2104/722;FASE 7;BOT_MIJO;346,4039917;1;ESPERANZA
27-06-2023;PA26;C39;CAT 797 F;Lastre Oxidado;ESP/F07/2104/722;FASE 7;BOT_MIJO;346,4039917;1;ESPERANZA
27-06-2023;PA26;C43;CAT 797 F;Lastre Oxidado;ESP/F07/2104/722;FASE 7;BOT_MIJO;346,4039917;1;ESPERANZA
27-06-2023;PA26;C49;KOM 930 E;Lastre Oxidado;ESP/F07/2104/722;FASE 7;BOT_MIJO;582;2;ESPERANZA
27-06-2023;PA26;C52;KOM 930 E;Lastre Oxidado;ESP/F07/2104/722;FASE 7;BOT_MIJO;582;2;ESPERANZA
27-06-2023;PA26;C54;KOM 930 E;Lastre Oxidado;ESP/F07/2104/722;FASE 7;BOT_MIJO;291;1;ESPERANZA
27-06-2023;PA26;C55;KOM 930 E;Lastre Oxidado;ESP/F07/2104/722;FASE 7;BOT_MIJO;291;1;ESPERANZA
27-06-2023;PA26;C58;KOM 930 E;Lastre Oxidado;ESP/F07/2104/722;FASE 7;BOT_MIJO;291;1;ESPERANZA
27-06-2023;PA26;C59;KOM 930 E;Lastre Oxidado;ESP/F07/2104/722;FASE 7;BOT_MIJO;291;1;ESPERANZA
27-06-2023;PA3;C07;CAT 797 B;Lastre Sulfurado;ESP/F07/2104/714;FASE 7;BOT_2380_INT;346,4039917;1;ESPERANZA
27-06-2023;PA3;C07;CAT 797 B;Lastre Sulfurado;ESP/F07/2104/715;FASE 7;BOT_2380_INT;1385,615967;4;ESPERANZA
27-06-2023;PA3;C08;CAT 797 B;Lastre Sulfurado;ESP/F07/2104/714;FASE 7;BOT_2380_INT;346,4039917;1;ESPERANZA
27-06-2023;PA3;C08;CAT 797 B;Lastre Sulfurado;ESP/F07/2104/715;FASE 7;BOT_2380_INT;1039,211975;3;ESPERANZA
27-06-2023;PA3;C09;CAT 797 B;Lastre Sulfurado;ESP/F07/2104/714;FASE 7;BOT_2380_INT;346,4039917;1;ESPERANZA
27-06-2023;PA3;C09;CAT 797 B;Lastre Sulfurado;ESP/F07/2104/715;FASE 7;BOT_2380_INT;1732,019958;5;ESPERANZA
27-06-2023;PA3;C10;CAT 797 B;Lastre Sulfurado;ESP/F07/2104/715;FASE 7;BOT_2380_INT;2078,42395;6;ESPERANZA
27-06-2023;PA3;C11;CAT 797 B;Lastre Sulfurado;ESP/F07/2104/715;FASE 7;BOT_2380_INT;346,4039917;1;ESPERANZA
27-06-2023;PA3;C12;CAT 797 B;Lastre Sulfurado;ESP/F07/2104/714;FASE 7;BOT_2380_INT;1039,209961;3;ESPERANZA
27-06-2023;PA3;C12;CAT 797 B;Lastre Sulfurado;ESP/F07/2104/715;FASE 7;BOT_2380_INT;4503,26001;13;ESPERANZA
27-06-2023;PA3;C128;CAT 793 C;Lastre Sulfurado;ESP/F07/2104/715;FASE 7;BOT_2380_INT;432,8729858;2;ESPERANZA
27-06-2023;PA3;C129;CAT 793 C;Lastre Sulfurado;ESP/F07/2104/715;FASE 7;BOT_2380_INT;649,3089905;3;ESPERANZA
27-06-2023;PA3;C13;CAT 797 B;Lastre Sulfurado;ESP/F07/2104/715;FASE 7;BOT_2380_INT;2078,42395;6;ESPERANZA
27-06-2023;PA3;C131;CAT 793 C;Lastre Sulfurado;ESP/F07/2104/715;FASE 7;BOT_2380_INT;216,4360046;1;ESPERANZA
27-06-2023;PA3;C15;CAT 797 B;Lastre Sulfurado;ESP/F07/2104/715;FASE 7;BOT_2380_INT;692,8079834;2;ESPERANZA
27-06-2023;PA3;C16;CAT 797 B;Lastre Sulfurado;ESP/F07/2104/714;FASE 7;BOT_2380_INT;346,4039917;1;ESPERANZA
27-06-2023;PA3;C16;CAT 797 B;Lastre Sulfurado;ESP/F07/2104/715;FASE 7;BOT_2380_INT;3810,445923;11;ESPERANZA
27-06-2023;PA3;C17;CAT 797 F;Lastre Sulfurado;ESP/F07/2104/714;FASE 7;BOT_2380_INT;1039,209961;3;ESPERANZA
27-06-2023;PA3;C17;CAT 797 F;Lastre Sulfurado;ESP/F07/2104/715;FASE 7;BOT_2380_INT;3464,037964;10;ESPERANZA
27-06-2023;PA3;C18;CAT 797 F;Lastre Sulfurado;ESP/F07/2104/715;FASE 7;BOT_2380_INT;346,4039917;1;ESPERANZA
27-06-2023;PA3;C19;CAT 797 F;Lastre Sulfurado;ESP/F07/2104/714;FASE 7;BOT_2380_INT;692,8079834;2;ESPERANZA
27-06-2023;PA3;C19;CAT 797 F;Lastre Sulfurado;ESP/F07/2104/715;FASE 7;BOT_2380_INT;4156,8479;12;ESPERANZA
27-06-2023;PA3;C20;CAT 797 F;Lastre Sulfurado;ESP/F07/2104/714;FASE 7;BOT_2380_INT;346,4039917;1;ESPERANZA
27-06-2023;PA3;C20;CAT 797 F;Lastre Sulfurado;ESP/F07/2104/715;FASE 7;BOT_2380_INT;1732,019958;5;ESPERANZA
27-06-2023;PA3;C21;CAT 797 F;Lastre Sulfurado;ESP/F07/2104/715;FASE 7;BOT_2380_INT;3810,451965;11;ESPERANZA
27-06-2023;PA3;C22;CAT 797 F;Lastre Sulfurado;ESP/F07/2104/715;FASE 7;BOT_2380_INT;346,4039917;1;ESPERANZA
27-06-2023;PA3;C23;CAT 797 F;Lastre Sulfurado;ESP/F07/2104/715;FASE 7;BOT_2380_INT;1039,211975;3;ESPERANZA
27-06-2023;PA3;C24;CAT 797 F;Lastre Sulfurado;ESP/F07/2104/714;FASE 7;BOT_2380_INT;346,4039917;1;ESPERANZA
27-06-2023;PA3;C24;CAT 797 F;Lastre Sulfurado;ESP/F07/2104/715;FASE 7;BOT_2380_INT;692,8079834;2;ESPERANZA
27-06-2023;PA3;C25;CAT 797 F;Lastre Sulfurado;ESP/F07/2104/714;FASE 7;BOT_2380_INT;1039,209961;3;ESPERANZA
27-06-2023;PA3;C25;CAT 797 F;Lastre Sulfurado;ESP/F07/2104/715;FASE 7;BOT_2380_INT;4503,259949;13;ESPERANZA
27-06-2023;PA3;C32;CAT 797 F;Lastre Sulfurado;ESP/F07/2104/715;FASE 7;BOT_2380_INT;3464,035889;10;ESPERANZA
27-06-2023;PA3;C34;CAT 797 F;Lastre Sulfurado;ESP/F07/2104/715;FASE 7;BOT_2380_INT;1732,023987;5;ESPERANZA
27-06-2023;PA3;C36;CAT 797 F;Lastre Sulfurado;ESP/F07/2104/715;FASE 7;BOT_2380_INT;1039,209961;3;ESPERANZA
27-06-2023;PA3;C38;CAT 797 F;Lastre Sulfurado;ESP/F07/2104/715;FASE 7;BOT_2380_INT;1039,211975;3;ESPERANZA
27-06-2023;PA3;C39;CAT 797 F;Lastre Sulfurado;ESP/F07/2104/715;FASE 7;BOT_2380_INT;692,8079834;2;ESPERANZA
27-06-2023;PA3;C40;CAT 797 F;Lastre Sulfurado;ESP/F07/2104/714;FASE 7;BOT_2380_INT;346,4039917;1;ESPERANZA
27-06-2023;PA3;C40;CAT 797 F;Lastre Sulfurado;ESP/F07/2104/715;FASE 7;BOT_2380_INT;2078,421936;6;ESPERANZA
27-06-2023;PA3;C41;CAT 797 F;Lastre Sulfurado;ESP/F07/2104/715;FASE 7;BOT_2380_INT;346,4039917;1;ESPERANZA
27-06-2023;PA3;C42;CAT 797 F;Lastre Sulfurado;ESP/F07/2104/714;FASE 7;BOT_2380_INT;346,4039917;1;ESPERANZA
27-06-2023;PA3;C42;CAT 797 F;Lastre Sulfurado;ESP/F07/2104/715;FASE 7;BOT_2380_INT;1732,017944;5;ESPERANZA
27-06-2023;PA3;C43;CAT 797 F;Lastre Sulfurado;ESP/F07/2104/715;FASE 7;BOT_2380_INT;2424,83197;7;ESPERANZA
27-06-2023;PA3;C44;CAT 797 F;Lastre Sulfurado;ESP/F07/2104/715;FASE 7;BOT_2380_INT;2424,83197;7;ESPERANZA
27-06-2023;PA3;C45;CAT 797 F;Lastre Sulfurado;ESP/F07/2104/715;FASE 7;BOT_2380_INT;1385,613953;4;ESPERANZA
27-06-2023;PA3;C46;CAT 797 F;Lastre Sulfurado;ESP/F07/2104/714;FASE 7;BOT_2380_INT;692,8079834;2;ESPERANZA
27-06-2023;PA3;C46;CAT 797 F;Lastre Sulfurado;ESP/F07/2104/715;FASE 7;BOT_2380_INT;346,4039917;1;ESPERANZA
27-06-2023;PA3;C47;CAT 797 F;Lastre Sulfurado;ESP/F07/2104/715;FASE 7;BOT_2380_INT;2424,823914;7;ESPERANZA
27-06-2023;PA3;C48;CAT 797 F;Lastre Sulfurado;ESP/F07/2104/714;FASE 7;BOT_2380_INT;346,4039917;1;ESPERANZA
27-06-2023;PA3;C48;CAT 797 F;Lastre Sulfurado;ESP/F07/2104/715;FASE 7;BOT_2380_INT;1385,615967;4;ESPERANZA
27-06-2023;PA3;C49;KOM 930 E;Lastre Sulfurado;ESP/F07/2104/715;FASE 7;BOT_2380_INT;1746;6;ESPERANZA
27-06-2023;PA3;C50;KOM 930 E;Lastre Sulfurado;ESP/F07/2104/715;FASE 7;BOT_2380_INT;1746;6;ESPERANZA
27-06-2023;PA3;C51;KOM 930 E;Lastre Sulfurado;ESP/F07/2104/715;FASE 7;BOT_2380_INT;2037;7;ESPERANZA
27-06-2023;PA3;C52;KOM 930 E;Lastre Sulfurado;ESP/F07/2104/715;FASE 7;BOT_2380_INT;2037;7;ESPERANZA
27-06-2023;PA3;C53;KOM 930 E;Lastre Sulfurado;ESP/F07/2104/715;FASE 7;BOT_2380_INT;2910;10;ESPERANZA
27-06-2023;PA3;C55;KOM 930 E;Lastre Sulfurado;ESP/F07/2104/715;FASE 7;BOT_2380_INT;582;2;ESPERANZA
27-06-2023;PA3;C56;KOM 930 E;Lastre Sulfurado;ESP/F07/2104/715;FASE 7;BOT_2380_INT;3201;11;ESPERANZA
27-06-2023;PA3;C57;KOM 930 E;Lastre Sulfurado;ESP/F07/2104/715;FASE 7;BOT_2380_INT;1164;4;ESPERANZA
27-06-2023;PA3;C58;KOM 930 E;Lastre Sulfurado;ESP/F07/2104/715;FASE 7;BOT_2380_INT;1746;6;ESPERANZA
27-06-2023;PA3;C59;KOM 930 E;Lastre Sulfurado;ESP/F07/2104/715;FASE 7;BOT_2380_INT;1746;6;ESPERANZA
27-06-2023;PA3;C60;KOM 930 E;Lastre Sulfurado;ESP/F07/2104/715;FASE 7;BOT_2380_INT;582;2;ESPERANZA
27-06-2023;PA3;C60;KOM 930 E;Lastre Sulfurado;ESP/F07/2104/715;FASE 7;BOT_MIJO;291;1;ESPERANZA
27-06-2023;PA3;C61;KOM 930 E;Lastre Sulfurado;ESP/F07/2104/715;FASE 7;BOT_2380_INT;1746;6;ESPERANZA
27-06-2023;PA4;C10;CAT 797 B;Lastre Oxidado;ESP/F10/2328/130;FASE 10;BOT_MIJO;346,4039917;1;ESPERANZA
27-06-2023;PA4;C11;CAT 797 B;Lastre Oxidado;ESP/F10/2328/130;FASE 10;BOT_PLATAFORMA;1732,02002;5;ESPERANZA
27-06-2023;PA4;C121;CAT 793 C;Lastre Oxidado;ESP/F10/2328/130;FASE 10;BOT_PLATAFORMA;1731,48999;8;ESPERANZA
27-06-2023;PA4;C121;CAT 793 C;Lastre Oxidado;ESP/F10/2328/130;FASE 10;DESCARGA_PLATAFORMA;216,4360046;1;ESPERANZA
27-06-2023;PA4;C122;CAT 793 C;Lastre Oxidado;ESP/F10/2328/130;FASE 10;BOT_MIJO;216,4360046;1;ESPERANZA
27-06-2023;PA4;C122;CAT 793 C;Lastre Oxidado;ESP/F10/2328/130;FASE 10;BOT_PLATAFORMA;1298,619995;6;ESPERANZA
27-06-2023;PA4;C125;CAT 793 C;Lastre Oxidado;ESP/F10/2328/130;FASE 10;BOT_MIJO;216,4360046;1;ESPERANZA
27-06-2023;PA4;C125;CAT 793 C;Lastre Oxidado;ESP/F10/2328/130;FASE 10;BOT_PLATAFORMA;1082,180054;5;ESPERANZA
27-06-2023;PA4;C128;CAT 793 C;Lastre Oxidado;ESP/F10/2328/130;FASE 10;BOT_PLATAFORMA;649,309021;3;ESPERANZA
27-06-2023;PA4;C129;CAT 793 C;Lastre Oxidado;ESP/F10/2328/130;FASE 10;BOT_PLATAFORMA;865,7459717;4;ESPERANZA
27-06-2023;PA4;C131;CAT 793 C;Lastre Oxidado;ESP/F10/2328/130;FASE 10;BOT_PLATAFORMA;1082,180054;5;ESPERANZA
27-06-2023;PA4;C132;CAT 793 C;Lastre Oxidado;ESP/F10/2328/130;FASE 10;BOT_PLATAFORMA;432,8729858;2;ESPERANZA
27-06-2023;PA4;C134;CAT 793 C;Lastre Oxidado;ESP/F10/2328/130;FASE 10;BOT_PLATAFORMA;216,4360046;1;ESPERANZA
27-06-2023;PA4;C135;CAT 793 C;Lastre Oxidado;ESP/F10/2328/130;FASE 10;BOT_PLATAFORMA;1298,617981;6;ESPERANZA
27-06-2023;PA4;C15;CAT 797 B;Lastre Oxidado;ESP/F10/2328/130;FASE 10;BOT_PLATAFORMA;692,8079834;2;ESPERANZA
27-06-2023;PA4;C153;CAT 793 F;Lastre Oxidado;ESP/F10/2328/130;FASE 10;BOT_PLATAFORMA;216,4360046;1;ESPERANZA
27-06-2023;PA4;C154;CAT 793 F;Lastre Oxidado;ESP/F10/2328/130;FASE 10;BOT_PLATAFORMA;432,8729858;2;ESPERANZA
27-06-2023;PA4;C154;CAT 793 F;Lastre Oxidado;ESP/F10/2328/130;FASE 10;DESCARGA_PLATAFORMA;216,4360046;1;ESPERANZA
27-06-2023;PA4;C155;CAT 793 F;Lastre Oxidado;ESP/F10/2328/130;FASE 10;BOT_PLATAFORMA;216,4360046;1;ESPERANZA
27-06-2023;PA4;C156;CAT 793 F;Lastre Oxidado;ESP/F10/2328/130;FASE 10;BOT_PLATAFORMA;1515,060059;7;ESPERANZA
27-06-2023;PA4;C159;CAT 793 F;Lastre Oxidado;ESP/F10/2328/130;FASE 10;BOT_PLATAFORMA;1731,48999;8;ESPERANZA
27-06-2023;PA4;C159;CAT 793 F;Lastre Oxidado;ESP/F10/2328/130;FASE 10;DESCARGA_PLATAFORMA;432,8729858;2;ESPERANZA
27-06-2023;PA4;C162;CAT 793 F;Lastre Oxidado;ESP/F10/2328/130;FASE 10;BOT_MIJO;216,4360046;1;ESPERANZA
27-06-2023;PA4;C162;CAT 793 F;Lastre Oxidado;ESP/F10/2328/130;FASE 10;BOT_PLATAFORMA;1082,180054;5;ESPERANZA
27-06-2023;PA4;C164;CAT 793 F;Lastre Oxidado;ESP/F10/2328/130;FASE 10;BOT_PLATAFORMA;432,8729858;2;ESPERANZA
27-06-2023;PA4;C49;KOM 930 E;Lastre Oxidado;ESP/F10/2328/130;FASE 10;BOT_PLATAFORMA;291;1;ESPERANZA
27-06-2023;PA4;C51;KOM 930 E;Lastre Oxidado;ESP/F10/2328/130;FASE 10;BOT_PLATAFORMA;291;1;ESPERANZA
27-06-2023;PA4;C55;KOM 930 E;Lastre Oxidado;ESP/F10/2328/130;FASE 10;BOT_PLATAFORMA;291;1;ESPERANZA
27-06-2023;PA4;C59;KOM 930 E;Lastre Oxidado;ESP/F10/2328/130;FASE 10;BOT_MIJO;291;1;ESPERANZA
27-06-2023;PA4;C59;KOM 930 E;Lastre Oxidado;ESP/F10/2328/130;FASE 10;BOT_PLATAFORMA;291;1;ESPERANZA
27-06-2023;PA4;C60;KOM 930 E;Lastre Oxidado;ESP/F10/2328/130;FASE 10;BOT_MIJO;291;1;ESPERANZA
27-06-2023;PA4;C60;KOM 930 E;Lastre Oxidado;ESP/F10/2328/130;FASE 10;BOT_PLATAFORMA;291;1;ESPERANZA
27-06-2023;PA6;C07;CAT 797 B;Lastre Sulfurado;ESP/F10/2244/103;FASE 10;BOT_PLATAFORMA;346,4039917;1;ESPERANZA
27-06-2023;PA6;C08;CAT 797 B;Lastre Sulfurado;ESP/F10/2244/103;FASE 10;BOT_PLATAFORMA;1732,023987;5;ESPERANZA
27-06-2023;PA6;C08;CAT 797 B;Lastre Sulfurado;ESP/F10/2244/103;FASE 10;BOT-ESTE;1039,209961;3;ESPERANZA
27-06-2023;PA6;C09;CAT 797 B;Lastre Sulfurado;ESP/F10/2244/103;FASE 10;BOT_PLATAFORMA;692,8079834;2;ESPERANZA
27-06-2023;PA6;C11;CAT 797 B;Lastre Sulfurado;ESP/F10/2244/103;FASE 10;BOT_PLATAFORMA;346,4039917;1;ESPERANZA
27-06-2023;PA6;C121;CAT 793 C;Lastre Sulfurado;ESP/F10/2244/103;FASE 10;BOT_MIJO;216,4360046;1;ESPERANZA
27-06-2023;PA6;C121;CAT 793 C;Lastre Sulfurado;ESP/F10/2244/103;FASE 10;BOT_PLATAFORMA;432,8729858;2;ESPERANZA
27-06-2023;PA6;C122;CAT 793 C;Lastre Sulfurado;ESP/F10/2244/103;FASE 10;BOT_PLATAFORMA;1298,619995;6;ESPERANZA
27-06-2023;PA6;C125;CAT 793 C;Lastre Sulfurado;ESP/F10/2244/103;FASE 10;BOT_PLATAFORMA;216,4360046;1;ESPERANZA
27-06-2023;PA6;C129;CAT 793 C;Lastre Sulfurado;ESP/F10/2244/103;FASE 10;BOT_PLATAFORMA;216,4360046;1;ESPERANZA
27-06-2023;PA6;C131;CAT 793 C;Lastre Sulfurado;ESP/F10/2244/103;FASE 10;BOT_PLATAFORMA;432,8720093;2;ESPERANZA
27-06-2023;PA6;C132;CAT 793 C;Lastre Sulfurado;ESP/F10/2244/103;FASE 10;BOT_PLATAFORMA;649,309021;3;ESPERANZA
27-06-2023;PA6;C134;CAT 793 C;Lastre Sulfurado;ESP/F10/2244/103;FASE 10;BOT_PLATAFORMA;1515,060059;7;ESPERANZA
27-06-2023;PA6;C135;CAT 793 C;Lastre Sulfurado;ESP/F10/2244/103;FASE 10;BOT_PLATAFORMA;4761,605133;22;ESPERANZA
27-06-2023;PA6;C153;CAT 793 F;Lastre Sulfurado;ESP/F10/2244/103;FASE 10;BOT_PLATAFORMA;1515,05304;7;ESPERANZA
27-06-2023;PA6;C155;CAT 793 F;Lastre Sulfurado;ESP/F10/2244/103;FASE 10;BOT_PLATAFORMA;2164,360107;10;ESPERANZA
27-06-2023;PA6;C159;CAT 793 F;Lastre Sulfurado;ESP/F10/2244/103;FASE 10;BOT_PLATAFORMA;432,8729858;2;ESPERANZA
27-06-2023;PA6;C161;CAT 793 F;Lastre Sulfurado;ESP/F10/2244/103;FASE 10;BOT_MIJO;216,4360046;1;ESPERANZA
27-06-2023;PA6;C162;CAT 793 F;Lastre Sulfurado;ESP/F10/2244/103;FASE 10;BOT_PLATAFORMA;216,4360046;1;ESPERANZA
27-06-2023;PA6;C164;CAT 793 F;Lastre Sulfurado;ESP/F10/2244/103;FASE 10;BOT_MIJO;216,4360046;1;ESPERANZA
27-06-2023;PA6;C164;CAT 793 F;Lastre Sulfurado;ESP/F10/2244/103;FASE 10;BOT_PLATAFORMA;1947,930054;9;ESPERANZA
27-06-2023;PA6;C18;CAT 797 F;Lastre Sulfurado;ESP/F10/2244/103;FASE 10;BOT_PLATAFORMA;1732,019958;5;ESPERANZA
27-06-2023;PA6;C18;CAT 797 F;Lastre Sulfurado;ESP/F10/2244/103;FASE 10;BOT-ESTE;346,4039917;1;ESPERANZA
27-06-2023;PA6;C19;CAT 797 F;Lastre Sulfurado;ESP/F10/2244/103;FASE 10;BOT_PLATAFORMA;346,4039917;1;ESPERANZA
27-06-2023;PA6;C41;CAT 797 F;Lastre Sulfurado;ESP/F10/2244/103;FASE 10;BOT_PLATAFORMA;346,4039917;1;ESPERANZA
27-06-2023;PA6;C44;CAT 797 F;Lastre Sulfurado;ESP/F10/2244/103;FASE 10;BOT_PLATAFORMA;346,4039917;1;ESPERANZA
27-06-2023;PA6;C51;KOM 930 E;Lastre Sulfurado;ESP/F10/2244/103;FASE 10;BOT_MIJO;291;1;ESPERANZA
27-06-2023;PA6;C51;KOM 930 E;Lastre Sulfurado;ESP/F10/2244/103;FASE 10;BOT_PLATAFORMA;291;1;ESPERANZA
27-06-2023;PA6;C59;KOM 930 E;Lastre Sulfurado;ESP/F10/2244/103;FASE 10;BOT_MIJO;291;1;ESPERANZA
27-06-2023;PA6;C60;KOM 930 E;Lastre Sulfurado;ESP/F10/2244/103;FASE 10;BOT_PLATAFORMA;291;1;ESPERANZA
27-06-2023;PA7;C07;CAT 797 B;Lastre Oxidado;ESP/F07/2104/7090;FASE 7;BOT_2380_INT;692,8079834;2;ESPERANZA
27-06-2023;PA7;C07;CAT 797 B;Lastre Oxidado;ESP/F07/2104/7100;FASE 7;BOT_2380_INT;346,4039917;1;ESPERANZA
27-06-2023;PA7;C07;CAT 797 B;Lastre Oxidado;ESP/F07/2104/7100;FASE 7;BOT_MIJO;1385,619995;4;ESPERANZA
27-06-2023;PA7;C08;CAT 797 B;Lastre Oxidado;ESP/F07/2104/7090;FASE 7;BOT_2380_INT;346,4039917;1;ESPERANZA
27-06-2023;PA7;C08;CAT 797 B;Lastre Oxidado;ESP/F07/2104/7100;FASE 7;BOT_MIJO;346,4039917;1;ESPERANZA
27-06-2023;PA7;C09;CAT 797 B;Lastre Oxidado;ESP/F07/2104/7090;FASE 7;BOT_2380_INT;1385,619995;4;ESPERANZA
27-06-2023;PA7;C09;CAT 797 B;Lastre Oxidado;ESP/F07/2104/7100;FASE 7;BOT_2380_INT;692,8079834;2;ESPERANZA
27-06-2023;PA7;C09;CAT 797 B;Lastre Oxidado;ESP/F07/2104/7100;FASE 7;BOT_INT_RB;346,4039917;1;ESPERANZA
27-06-2023;PA7;C10;CAT 797 B;Lastre Oxidado;ESP/F07/2104/7090;FASE 7;BOT_2380_INT;1732,023987;5;ESPERANZA
27-06-2023;PA7;C10;CAT 797 B;Lastre Oxidado;ESP/F07/2104/7100;FASE 7;BOT_2380_INT;346,4039917;1;ESPERANZA
27-06-2023;PA7;C11;CAT 797 B;Lastre Oxidado;ESP/F07/2104/7090;FASE 7;BOT_2380_INT;3117,639893;9;ESPERANZA
27-06-2023;PA7;C12;CAT 797 B;Lastre Oxidado;ESP/F07/2104/7090;FASE 7;BOT_2380_INT;4849,653992;14;ESPERANZA
27-06-2023;PA7;C12;CAT 797 B;Lastre Oxidado;ESP/F07/2104/7100;FASE 7;BOT_2380_INT;1039,209961;3;ESPERANZA
27-06-2023;PA7;C12;CAT 797 B;Lastre Oxidado;ESP/F07/2104/7100;FASE 7;BOT_MIJO;346,4039917;1;ESPERANZA
27-06-2023;PA7;C125;CAT 793 C;Lastre Oxidado;ESP/F07/2104/7100;FASE 7;BOT_2380_INT;216,4360046;1;ESPERANZA
27-06-2023;PA7;C128;CAT 793 C;Lastre Oxidado;ESP/F07/2104/7100;FASE 7;BOT_MIJO;216,4360046;1;ESPERANZA
27-06-2023;PA7;C129;CAT 793 C;Lastre Oxidado;ESP/F07/2104/7090;FASE 7;BOT_2380_INT;432,8729858;2;ESPERANZA
27-06-2023;PA7;C13;CAT 797 B;Lastre Oxidado;ESP/F07/2104/7090;FASE 7;BOT_2380_INT;2078,424011;6;ESPERANZA
27-06-2023;PA7;C13;CAT 797 B;Lastre Oxidado;ESP/F07/2104/7100;FASE 7;BOT_2380_INT;346,4039917;1;ESPERANZA
27-06-2023;PA7;C13;CAT 797 B;Lastre Oxidado;ESP/F07/2104/7100;FASE 7;BOT_MIJO;692,8079834;2;ESPERANZA
27-06-2023;PA7;C134;CAT 793 C;Lastre Oxidado;ESP/F07/2104/7100;FASE 7;BOT_MIJO;216,4360046;1;ESPERANZA
27-06-2023;PA7;C15;CAT 797 B;Lastre Oxidado;ESP/F07/2104/7090;FASE 7;BOT_2380_INT;1039,209961;3;ESPERANZA
27-06-2023;PA7;C153;CAT 793 F;Lastre Oxidado;ESP/F07/2104/7100;FASE 7;BOT_2380_INT;216,4360046;1;ESPERANZA
27-06-2023;PA7;C16;CAT 797 B;Lastre Oxidado;ESP/F07/2104/7090;FASE 7;BOT_2380_INT;692,8079834;2;ESPERANZA
27-06-2023;PA7;C16;CAT 797 B;Lastre Oxidado;ESP/F07/2104/7100;FASE 7;BOT_2380_INT;1039,209961;3;ESPERANZA
27-06-2023;PA7;C16;CAT 797 B;Lastre Oxidado;ESP/F07/2104/7100;FASE 7;BOT_MIJO;346,4039917;1;ESPERANZA
27-06-2023;PA7;C163;CAT 793 F;Lastre Oxidado;ESP/F07/2104/7100;FASE 7;BOT_2380_INT;649,3080139;3;ESPERANZA
27-06-2023;PA7;C17;CAT 797 F;Lastre Oxidado;ESP/F07/2104/7090;FASE 7;BOT_2380_INT;692,8079834;2;ESPERANZA
27-06-2023;PA7;C17;CAT 797 F;Lastre Oxidado;ESP/F07/2104/7100;FASE 7;BOT_2380_INT;1039,209961;3;ESPERANZA
27-06-2023;PA7;C17;CAT 797 F;Lastre Oxidado;ESP/F07/2104/7100;FASE 7;BOT_MIJO;346,4039917;1;ESPERANZA
27-06-2023;PA7;C18;CAT 797 F;Lastre Oxidado;ESP/F07/2104/7090;FASE 7;BOT_2380_INT;1039,209961;3;ESPERANZA
27-06-2023;PA7;C18;CAT 797 F;Lastre Oxidado;ESP/F07/2104/7100;FASE 7;BOT_2380_INT;1385,615967;4;ESPERANZA
27-06-2023;PA7;C18;CAT 797 F;Lastre Oxidado;ESP/F07/2104/7100;FASE 7;BOT_MIJO;1385,619995;4;ESPERANZA
27-06-2023;PA7;C19;CAT 797 F;Lastre Oxidado;ESP/F07/2104/7090;FASE 7;BOT_2380_INT;1039,211975;3;ESPERANZA
27-06-2023;PA7;C19;CAT 797 F;Lastre Oxidado;ESP/F07/2104/7100;FASE 7;BOT_2380_INT;692,8079834;2;ESPERANZA
27-06-2023;PA7;C19;CAT 797 F;Lastre Oxidado;ESP/F07/2104/7100;FASE 7;BOT_MIJO;346,4039917;1;ESPERANZA
27-06-2023;PA7;C20;CAT 797 F;Lastre Oxidado;ESP/F07/2104/7090;FASE 7;BOT_2380_INT;2078,419922;6;ESPERANZA
27-06-2023;PA7;C20;CAT 797 F;Lastre Oxidado;ESP/F07/2104/7100;FASE 7;BOT_2380_INT;346,4039917;1;ESPERANZA
27-06-2023;PA7;C20;CAT 797 F;Lastre Oxidado;ESP/F07/2104/7100;FASE 7;BOT_MIJO;346,4039917;1;ESPERANZA
27-06-2023;PA7;C21;CAT 797 F;Lastre Oxidado;ESP/F07/2104/7090;FASE 7;BOT_2380_INT;1732,017944;5;ESPERANZA
27-06-2023;PA7;C21;CAT 797 F;Lastre Oxidado;ESP/F07/2104/7100;FASE 7;BOT_2380_INT;692,8079834;2;ESPERANZA
27-06-2023;PA7;C21;CAT 797 F;Lastre Oxidado;ESP/F07/2104/7100;FASE 7;BOT_MIJO;1039,209961;3;ESPERANZA
27-06-2023;PA7;C22;CAT 797 F;Lastre Oxidado;ESP/F07/2104/7100;FASE 7;BOT_2380_INT;346,4039917;1;ESPERANZA
27-06-2023;PA7;C22;CAT 797 F;Lastre Oxidado;ESP/F07/2104/7100;FASE 7;BOT_MIJO;692,8079834;2;ESPERANZA
27-06-2023;PA7;C23;CAT 797 F;Lastre Oxidado;ESP/F07/2104/7090;FASE 7;BOT_2380_INT;1732,02002;5;ESPERANZA
27-06-2023;PA7;C23;CAT 797 F;Lastre Oxidado;ESP/F07/2104/7100;FASE 7;BOT_2380_INT;346,4039917;1;ESPERANZA
27-06-2023;PA7;C23;CAT 797 F;Lastre Oxidado;ESP/F07/2104/7100;FASE 7;BOT_MIJO;346,4039917;1;ESPERANZA
27-06-2023;PA7;C24;CAT 797 F;Lastre Oxidado;ESP/F07/2104/7100;FASE 7;BOT_2380_INT;1385,615967;4;ESPERANZA
27-06-2023;PA7;C24;CAT 797 F;Lastre Oxidado;ESP/F07/2104/7100;FASE 7;BOT_MIJO;1039,209961;3;ESPERANZA
27-06-2023;PA7;C25;CAT 797 F;Lastre Oxidado;ESP/F07/2104/7090;FASE 7;BOT_2380_INT;1039,211975;3;ESPERANZA
27-06-2023;PA7;C25;CAT 797 F;Lastre Oxidado;ESP/F07/2104/7100;FASE 7;BOT_2380_INT;1385,615967;4;ESPERANZA
27-06-2023;PA7;C25;CAT 797 F;Lastre Oxidado;ESP/F07/2104/7100;FASE 7;BOT_MIJO;346,4039917;1;ESPERANZA
27-06-2023;PA7;C32;CAT 797 F;Lastre Oxidado;ESP/F07/2104/7090;FASE 7;BOT_2380_INT;346,4039917;1;ESPERANZA
27-06-2023;PA7;C32;CAT 797 F;Lastre Oxidado;ESP/F07/2104/7100;FASE 7;BOT_2380_INT;2424,828003;7;ESPERANZA
27-06-2023;PA7;C32;CAT 797 F;Lastre Oxidado;ESP/F07/2104/7100;FASE 7;BOT_MIJO;346,4039917;1;ESPERANZA
27-06-2023;PA7;C34;CAT 797 F;Lastre Oxidado;ESP/F07/2104/7100;FASE 7;BOT_2380_INT;346,4039917;1;ESPERANZA
27-06-2023;PA7;C34;CAT 797 F;Lastre Oxidado;ESP/F07/2104/7100;FASE 7;BOT_MIJO;346,4039917;1;ESPERANZA
27-06-2023;PA7;C36;CAT 797 F;Lastre Oxidado;ESP/F07/2104/7100;FASE 7;BOT_2380_INT;346,4039917;1;ESPERANZA
27-06-2023;PA7;C38;CAT 797 F;Lastre Oxidado;ESP/F07/2104/7090;FASE 7;BOT_2380_INT;346,4039917;1;ESPERANZA
27-06-2023;PA7;C38;CAT 797 F;Lastre Oxidado;ESP/F07/2104/7100;FASE 7;BOT_2380_INT;1039,211975;3;ESPERANZA
27-06-2023;PA7;C39;CAT 797 F;Lastre Oxidado;ESP/F07/2104/7090;FASE 7;BOT_2380_INT;346,4039917;1;ESPERANZA
27-06-2023;PA7;C39;CAT 797 F;Lastre Oxidado;ESP/F07/2104/7100;FASE 7;BOT_2380_INT;1039,209961;3;ESPERANZA
27-06-2023;PA7;C39;CAT 797 F;Lastre Oxidado;ESP/F07/2104/7100;FASE 7;BOT_MIJO;2424,830078;7;ESPERANZA
27-06-2023;PA7;C40;CAT 797 F;Lastre Oxidado;ESP/F07/2104/7090;FASE 7;BOT_2380_INT;1385,613953;4;ESPERANZA
27-06-2023;PA7;C40;CAT 797 F;Lastre Oxidado;ESP/F07/2104/7100;FASE 7;BOT_2380_INT;2078,42395;6;ESPERANZA
27-06-2023;PA7;C40;CAT 797 F;Lastre Oxidado;ESP/F07/2104/7100;FASE 7;BOT_MIJO;346,4039917;1;ESPERANZA
27-06-2023;PA7;C41;CAT 797 F;Lastre Oxidado;ESP/F07/2104/7090;FASE 7;BOT_2380_INT;346,4039917;1;ESPERANZA
27-06-2023;PA7;C41;CAT 797 F;Lastre Oxidado;ESP/F07/2104/7100;FASE 7;BOT_2380_INT;692,8079834;2;ESPERANZA
27-06-2023;PA7;C41;CAT 797 F;Lastre Oxidado;ESP/F07/2104/7100;FASE 7;BOT_MIJO;346,4039917;1;ESPERANZA
27-06-2023;PA7;C42;CAT 797 F;Lastre Oxidado;ESP/F07/2104/7090;FASE 7;BOT_2380_INT;346,4039917;1;ESPERANZA
27-06-2023;PA7;C42;CAT 797 F;Lastre Oxidado;ESP/F07/2104/7100;FASE 7;BOT_2380_INT;3117,637939;9;ESPERANZA
27-06-2023;PA7;C42;CAT 797 F;Lastre Oxidado;ESP/F07/2104/7100;FASE 7;BOT_MIJO;346,4039917;1;ESPERANZA
27-06-2023;PA7;C43;CAT 797 F;Lastre Oxidado;ESP/F07/2104/7090;FASE 7;BOT_2380_INT;2078,424011;6;ESPERANZA
27-06-2023;PA7;C43;CAT 797 F;Lastre Oxidado;ESP/F07/2104/7100;FASE 7;BOT_2380_INT;1039,211975;3;ESPERANZA
27-06-2023;PA7;C43;CAT 797 F;Lastre Oxidado;ESP/F07/2104/7100;FASE 7;BOT_MIJO;1732,02002;5;ESPERANZA
27-06-2023;PA7;C44;CAT 797 F;Lastre Oxidado;ESP/F07/2104/7090;FASE 7;BOT_2380_INT;1385,613953;4;ESPERANZA
27-06-2023;PA7;C44;CAT 797 F;Lastre Oxidado;ESP/F07/2104/7100;FASE 7;BOT_2380_INT;1385,613953;4;ESPERANZA
27-06-2023;PA7;C44;CAT 797 F;Lastre Oxidado;ESP/F07/2104/7100;FASE 7;BOT_MIJO;346,4039917;1;ESPERANZA
27-06-2023;PA7;C45;CAT 797 F;Lastre Oxidado;ESP/F07/2104/7090;FASE 7;BOT_2380_INT;692,8079834;2;ESPERANZA
27-06-2023;PA7;C45;CAT 797 F;Lastre Oxidado;ESP/F07/2104/7100;FASE 7;BOT_2380_INT;346,4039917;1;ESPERANZA
27-06-2023;PA7;C46;CAT 797 F;Lastre Oxidado;ESP/F07/2104/7090;FASE 7;BOT_2380_INT;692,8079834;2;ESPERANZA
27-06-2023;PA7;C46;CAT 797 F;Lastre Oxidado;ESP/F07/2104/7100;FASE 7;BOT_2380_INT;692,8079834;2;ESPERANZA
27-06-2023;PA7;C47;CAT 797 F;Lastre Oxidado;ESP/F07/2104/7090;FASE 7;BOT_2380_INT;692,8079834;2;ESPERANZA
27-06-2023;PA7;C47;CAT 797 F;Lastre Oxidado;ESP/F07/2104/7100;FASE 7;BOT_2380_INT;692,8079834;2;ESPERANZA
27-06-2023;PA7;C47;CAT 797 F;Lastre Oxidado;ESP/F07/2104/7100;FASE 7;BOT_MIJO;346,4039917;1;ESPERANZA
27-06-2023;PA7;C48;CAT 797 F;Lastre Oxidado;ESP/F07/2104/7100;FASE 7;BOT_2380_INT;1039,211975;3;ESPERANZA
27-06-2023;PA7;C49;KOM 930 E;Lastre Oxidado;ESP/F07/2104/7090;FASE 7;BOT_2380_INT;582;2;ESPERANZA
27-06-2023;PA7;C49;KOM 930 E;Lastre Oxidado;ESP/F07/2104/7100;FASE 7;BOT_2380_INT;291;1;ESPERANZA
27-06-2023;PA7;C50;KOM 930 E;Lastre Oxidado;ESP/F07/2104/7100;FASE 7;BOT_2380_INT;291;1;ESPERANZA
27-06-2023;PA7;C51;KOM 930 E;Lastre Oxidado;ESP/F07/2104/7090;FASE 7;BOT_2380_INT;873;3;ESPERANZA
27-06-2023;PA7;C51;KOM 930 E;Lastre Oxidado;ESP/F07/2104/7100;FASE 7;BOT_2380_INT;1164;4;ESPERANZA
27-06-2023;PA7;C52;KOM 930 E;Lastre Oxidado;ESP/F07/2104/7090;FASE 7;BOT_2380_INT;582;2;ESPERANZA
27-06-2023;PA7;C52;KOM 930 E;Lastre Oxidado;ESP/F07/2104/7100;FASE 7;BOT_2380_INT;582;2;ESPERANZA
27-06-2023;PA7;C53;KOM 930 E;Lastre Oxidado;ESP/F07/2104/7090;FASE 7;BOT_2380_INT;873;3;ESPERANZA
27-06-2023;PA7;C53;KOM 930 E;Lastre Oxidado;ESP/F07/2104/7100;FASE 7;BOT_2380_INT;1164;4;ESPERANZA
27-06-2023;PA7;C55;KOM 930 E;Lastre Oxidado;ESP/F07/2104/7090;FASE 7;BOT_2380_INT;1746;6;ESPERANZA
27-06-2023;PA7;C55;KOM 930 E;Lastre Oxidado;ESP/F07/2104/7100;FASE 7;BOT_2380_INT;1164;4;ESPERANZA
27-06-2023;PA7;C56;KOM 930 E;Lastre Oxidado;ESP/F07/2104/7090;FASE 7;BOT_2380_INT;291;1;ESPERANZA
27-06-2023;PA7;C56;KOM 930 E;Lastre Oxidado;ESP/F07/2104/7100;FASE 7;BOT_2380_INT;582;2;ESPERANZA
27-06-2023;PA7;C57;KOM 930 E;Lastre Oxidado;ESP/F07/2104/7090;FASE 7;BOT_2380_INT;873;3;ESPERANZA
27-06-2023;PA7;C57;KOM 930 E;Lastre Oxidado;ESP/F07/2104/7100;FASE 7;BOT_2380_INT;582;2;ESPERANZA
27-06-2023;PA7;C58;KOM 930 E;Lastre Oxidado;ESP/F07/2104/7090;FASE 7;BOT_2380_INT;1164;4;ESPERANZA
27-06-2023;PA7;C58;KOM 930 E;Lastre Oxidado;ESP/F07/2104/7100;FASE 7;BOT_2380_INT;291;1;ESPERANZA
27-06-2023;PA7;C59;KOM 930 E;Lastre Oxidado;ESP/F07/2104/7090;FASE 7;BOT_2380_INT;873;3;ESPERANZA
27-06-2023;PA7;C59;KOM 930 E;Lastre Oxidado;ESP/F07/2104/7100;FASE 7;BOT_2380_INT;582;2;ESPERANZA
27-06-2023;PA7;C60;KOM 930 E;Lastre Oxidado;ESP/F07/2104/7090;FASE 7;BOT_2380_INT;2910;10;ESPERANZA
27-06-2023;PA7;C60;KOM 930 E;Lastre Oxidado;ESP/F07/2104/7100;FASE 7;BOT_2380_INT;291;1;ESPERANZA
27-06-2023;PA7;C61;KOM 930 E;Lastre Oxidado;ESP/F07/2104/7090;FASE 7;BOT_2380_INT;873;3;ESPERANZA
27-06-2023;PA7;C61;KOM 930 E;Lastre Oxidado;ESP/F07/2104/7100;FASE 7;BOT_2380_INT;291;1;ESPERANZA
27-06-2023;PA9;C08;CAT 797 B;Lastre Oxidado;ESP/F07/2104/7090;FASE 7;BOT_2380_INT;692,8079834;2;ESPERANZA
27-06-2023;PA9;C09;CAT 797 B;Lastre Oxidado;ESP/F07/2104/7090;FASE 7;BOT_2380_INT;1732,017944;5;ESPERANZA
27-06-2023;PA9;C09;CAT 797 B;Lastre Oxidado;ESP/F07/2104/7100;FASE 7;BOT_2380_INT;1385,619995;4;ESPERANZA
27-06-2023;PA9;C12;CAT 797 B;Lastre Oxidado;ESP/F07/2104/7090;FASE 7;BOT_2380_INT;1039,211975;3;ESPERANZA
27-06-2023;PA9;C12;CAT 797 B;Lastre Oxidado;ESP/F07/2104/7100;FASE 7;BOT_2380_INT;346,4039917;1;ESPERANZA
27-06-2023;PA9;C122;CAT 793 C;Lastre Oxidado;ESP/F07/2104/7090;FASE 7;BOT_2380_INT;216,4360046;1;ESPERANZA
27-06-2023;PA9;C128;CAT 793 C;Lastre Oxidado;ESP/F07/2104/7100;FASE 7;BOT_2380_INT;216,4360046;1;ESPERANZA
27-06-2023;PA9;C13;CAT 797 B;Lastre Oxidado;ESP/F07/2104/7090;FASE 7;BOT_2380_INT;1039,211975;3;ESPERANZA
27-06-2023;PA9;C131;CAT 793 C;Lastre Oxidado;ESP/F07/2104/7100;FASE 7;BOT_2380_INT;216,4360046;1;ESPERANZA
27-06-2023;PA9;C16;CAT 797 B;Lastre Oxidado;ESP/F07/2104/7090;FASE 7;BOT_2380_INT;1732,017944;5;ESPERANZA
27-06-2023;PA9;C16;CAT 797 B;Lastre Oxidado;ESP/F07/2104/7100;FASE 7;BOT_2380_INT;346,4039917;1;ESPERANZA
27-06-2023;PA9;C17;CAT 797 F;Lastre Oxidado;ESP/F07/2104/7090;FASE 7;BOT_2380_INT;346,4039917;1;ESPERANZA
27-06-2023;PA9;C17;CAT 797 F;Lastre Oxidado;ESP/F07/2104/7100;FASE 7;BOT_2380_INT;346,4039917;1;ESPERANZA
27-06-2023;PA9;C18;CAT 797 F;Lastre Oxidado;ESP/F07/2104/7100;FASE 7;BOT_2380_INT;346,4039917;1;ESPERANZA
27-06-2023;PA9;C19;CAT 797 F;Lastre Oxidado;ESP/F07/2104/7090;FASE 7;BOT_2380_INT;346,4039917;1;ESPERANZA
27-06-2023;PA9;C19;CAT 797 F;Lastre Oxidado;ESP/F07/2104/7100;FASE 7;BOT_2380_INT;692,8079834;2;ESPERANZA
27-06-2023;PA9;C20;CAT 797 F;Lastre Oxidado;ESP/F07/2104/7090;FASE 7;BOT_2380_INT;346,4039917;1;ESPERANZA
27-06-2023;PA9;C20;CAT 797 F;Lastre Oxidado;ESP/F07/2104/7100;FASE 7;BOT_2380_INT;692,8079834;2;ESPERANZA
27-06-2023;PA9;C21;CAT 797 F;Lastre Oxidado;ESP/F07/2104/7100;FASE 7;BOT_2380_INT;692,8079834;2;ESPERANZA
27-06-2023;PA9;C22;CAT 797 F;Lastre Oxidado;ESP/F07/2104/7100;FASE 7;BOT_2380_INT;346,4039917;1;ESPERANZA
27-06-2023;PA9;C23;CAT 797 F;Lastre Oxidado;ESP/F07/2104/7090;FASE 7;BOT_2380_INT;692,8079834;2;ESPERANZA
27-06-2023;PA9;C25;CAT 797 F;Lastre Oxidado;ESP/F07/2104/7090;FASE 7;BOT_2380_INT;346,4039917;1;ESPERANZA
27-06-2023;PA9;C25;CAT 797 F;Lastre Oxidado;ESP/F07/2104/7100;FASE 7;BOT_2380_INT;692,8079834;2;ESPERANZA
27-06-2023;PA9;C32;CAT 797 F;Lastre Oxidado;ESP/F07/2104/7090;FASE 7;BOT_2380_INT;1732,019958;5;ESPERANZA
27-06-2023;PA9;C38;CAT 797 F;Lastre Oxidado;ESP/F07/2104/7090;FASE 7;BOT_2380_INT;346,4039917;1;ESPERANZA
27-06-2023;PA9;C40;CAT 797 F;Lastre Oxidado;ESP/F07/2104/7090;FASE 7;BOT_2380_INT;346,4039917;1;ESPERANZA
27-06-2023;PA9;C40;CAT 797 F;Lastre Oxidado;ESP/F07/2104/7100;FASE 7;BOT_2380_INT;1039,209961;3;ESPERANZA
27-06-2023;PA9;C41;CAT 797 F;Lastre Oxidado;ESP/F07/2104/7090;FASE 7;BOT_2380_INT;692,8079834;2;ESPERANZA
27-06-2023;PA9;C42;CAT 797 F;Lastre Oxidado;ESP/F07/2104/7090;FASE 7;BOT_2380_INT;1732,019958;5;ESPERANZA
27-06-2023;PA9;C43;CAT 797 F;Lastre Oxidado;ESP/F07/2104/7090;FASE 7;BOT_2380_INT;346,4039917;1;ESPERANZA
27-06-2023;PA9;C43;CAT 797 F;Lastre Oxidado;ESP/F07/2104/7100;FASE 7;BOT_2380_INT;346,4039917;1;ESPERANZA
27-06-2023;PA9;C44;CAT 797 F;Lastre Oxidado;ESP/F07/2104/7090;FASE 7;BOT_2380_INT;1039,211975;3;ESPERANZA
27-06-2023;PA9;C44;CAT 797 F;Lastre Oxidado;ESP/F07/2104/7100;FASE 7;BOT_2380_INT;346,4039917;1;ESPERANZA
27-06-2023;PA9;C45;CAT 797 F;Lastre Oxidado;ESP/F07/2104/7090;FASE 7;BOT_2380_INT;346,4039917;1;ESPERANZA
27-06-2023;PA9;C46;CAT 797 F;Lastre Oxidado;ESP/F07/2104/7090;FASE 7;BOT_MIJO;346,4039917;1;ESPERANZA
27-06-2023;PA9;C47;CAT 797 F;Lastre Oxidado;ESP/F07/2104/7090;FASE 7;BOT_2380_INT;346,4039917;1;ESPERANZA
27-06-2023;PA9;C47;CAT 797 F;Lastre Oxidado;ESP/F07/2104/7100;FASE 7;BOT_2380_INT;1039,211975;3;ESPERANZA
27-06-2023;PA9;C48;CAT 797 F;Lastre Oxidado;ESP/F07/2104/7090;FASE 7;BOT_2380_INT;692,8079834;2;ESPERANZA
27-06-2023;PA9;C48;CAT 797 F;Lastre Oxidado;ESP/F07/2104/7090;FASE 7;BOT_MIJO;346,4039917;1;ESPERANZA
27-06-2023;PA9;C48;CAT 797 F;Lastre Oxidado;ESP/F07/2104/7100;FASE 7;BOT_2380_INT;346,4039917;1;ESPERANZA
27-06-2023;PA9;C49;KOM 930 E;Lastre Oxidado;ESP/F07/2104/7090;FASE 7;BOT_2380_INT;291;1;ESPERANZA
27-06-2023;PA9;C51;KOM 930 E;Lastre Oxidado;ESP/F07/2104/7090;FASE 7;BOT_2380_INT;291;1;ESPERANZA
27-06-2023;PA9;C52;KOM 930 E;Lastre Oxidado;ESP/F07/2104/7090;FASE 7;BOT_MIJO;291;1;ESPERANZA
27-06-2023;PA9;C53;KOM 930 E;Lastre Oxidado;ESP/F07/2104/7090;FASE 7;BOT_2380_INT;291;1;ESPERANZA
27-06-2023;PA9;C55;KOM 930 E;Lastre Oxidado;ESP/F07/2104/7090;FASE 7;BOT_2380_INT;291;1;ESPERANZA
27-06-2023;PA9;C56;KOM 930 E;Lastre Oxidado;ESP/F07/2104/7090;FASE 7;BOT_2380_INT;291;1;ESPERANZA
27-06-2023;PA9;C57;KOM 930 E;Lastre Oxidado;ESP/F07/2104/7090;FASE 7;BOT_2380_INT;582;2;ESPERANZA
27-06-2023;PA9;C58;KOM 930 E;Lastre Oxidado;ESP/F07/2104/7090;FASE 7;BOT_2380_INT;291;1;ESPERANZA
27-06-2023;PA9;C59;KOM 930 E;Lastre Oxidado;ESP/F07/2104/7090;FASE 7;BOT_2380_INT;291;1;ESPERANZA
27-06-2023;PA9;C61;KOM 930 E;Lastre Oxidado;ESP/F07/2104/7090;FASE 7;BOT_2380_INT;291;1;ESPERANZA
27-06-2023;PATH01;C701;LIEBHERR 264 ;LASTRE (LAS);LLA/F01/2295/110;F01 LLA;BOT_TSS;12264;56;LLANO
27-06-2023;PATH01;C701;LIEBHERR 264 ;LASTRE (LAS);LLA/F01/2295/111;F01 LLA;BOT_TSS;657;3;LLANO
27-06-2023;PATH01;C701;LIEBHERR 264 ;LASTRE (LAS);LLA/F01/2295/113;F01 LLA;BOT_TSS;38763;177;LLANO
27-06-2023;PATH01;C701;LIEBHERR 264 ;LASTRE (LAS);LLA/F01/2295/114;F01 LLA;BOT_TSS;47742;218;LLANO
27-06-2023;PATH01;C701;LIEBHERR 264 ;LASTRE (LAS);LLA/F02/2302.5/210;F02 LLA;BOT_TSS;8760;40;LLANO
27-06-2023;PATH01;C793OXE;CAT 793 OXE;L21;04_2376_455;FASE 04 ENC;BOT_2400_1;121880;554;ENCUENTRO
27-06-2023;PATH01;C793OXE;CAT 793 OXE;OBR;MOD_E_REM;ENCUENTRO OXE;CHANCADO-ENCUENTRO;220;1;ENCUENTRO
27-06-2023;PATH01;C793OXE;CAT 793 OXE;Oxido Baja Ley;OXE/F04/2136/416;FASE 04 ENC;MOD E;9240;42;ENCUENTRO
27-06-2023;PATH01;C793OXE;CAT 793 OXE;Oxido Baja Ley;OXE/F04/2136/4180;FASE 04 ENC;CHANCADO-ENCUENTRO;440;2;ENCUENTRO
27-06-2023;PATH01;C793OXE;CAT 793 OXE;Oxido Baja Ley;OXE/F04/2136/4180;FASE 04 ENC;MOD E;10560;48;ENCUENTRO
27-06-2023;PATH01;C793OXE;CAT 793 OXE;OXIDO BAJA LEY (OXBL);OXE/F04/2144/415;FASE 04 ENC;MOD E;2640;12;ENCUENTRO
27-06-2023;PATH01;C793OXE;CAT 793 OXE;OXIDO BAJA LEY (OXBL);OXE/F04/2144/415;FASE 04 ENC;MOD F;1320;6;ENCUENTRO
27-06-2023;PATH01;C793OXE;CAT 793 OXE;OXIDO MARGINAL (OXMAR);OXE/F04/2152/420;FASE 04 ENC;STOCK _MARGINAL_ESTE;10780;49;ENCUENTRO