Fecha;Carguio;Camión;Flota;Material;Origen;Zona;Destino;Tonelaje;Ciclos;Rajo
28-06-2023;CF2;C151;CAT 793 F;Sulfuro Planta;ESP/F08/1768/R800;FASE 8;CHANCADO-SULFURO;216,4360046;1;ESPERANZA
28-06-2023;CF2;C153;CAT 793 F;Sulfuro Planta;ESP/F08/1768/R800;FASE 8;STOCK_SPL_DIN;216,4360046;1;ESPERANZA
28-06-2023;CF2;C49;KOM 930 E;Sulfuro Planta;ESP/F08/1768/R800;FASE 8;CHANCADO-SULFURO;291;1;ESPERANZA
28-06-2023;CF2;C52;KOM 930 E;Sulfuro Planta;ESP/F08/1768/R800;FASE 8;CHANCADO-SULFURO;291;1;ESPERANZA
28-06-2023;CF2;C52;KOM 930 E;Sulfuro Planta;ESP/F08/1768/R800;FASE 8;STOCK_SPL_DIN;582;2;ESPERANZA
28-06-2023;CF2;C53;KOM 930 E;Sulfuro Planta;ESP/F08/1768/R800;FASE 8;STOCK_SPL_DIN;582;2;ESPERANZA
28-06-2023;CF2;C54;KOM 930 E;Sulfuro Planta;ESP/F08/1768/R800;FASE 8;STOCK_SPL_DIN;291;1;ESPERANZA
28-06-2023;CF2;C56;KOM 930 E;Sulfuro Planta;ESP/F08/1768/R800;FASE 8;CHANCADO-SULFURO;291;1;ESPERANZA
28-06-2023;CF2;C57;KOM 930 E;Sulfuro Planta;ESP/F08/1768/R800;FASE 8;CHANCADO-SULFURO;291;1;ESPERANZA
28-06-2023;CF2;C58;KOM 930 E;Sulfuro Planta;ESP/F08/1768/R800;FASE 8;CHANCADO-SULFURO;291;1;ESPERANZA
28-06-2023;CF2;C59;KOM 930 E;Sulfuro Planta;ESP/F08/1768/R800;FASE 8;CHANCADO-SULFURO;291;1;ESPERANZA
28-06-2023;CF2;C60;KOM 930 E;Sulfuro Planta;ESP/F08/1768/R800;FASE 8;CHANCADO-SULFURO;291;1;ESPERANZA
28-06-2023;CF2;C60;KOM 930 E;Sulfuro Planta;ESP/F08/1768/R800;FASE 8;STOCK_SPL_DIN;291;1;ESPERANZA
28-06-2023;CF2;C61;KOM 930 E;Sulfuro Planta;ESP/F08/1768/R800;FASE 8;CHANCADO-SULFURO;291;1;ESPERANZA
28-06-2023;CF231;C151;CAT 793 F;Marginal;STM-02;OXIDO;CHANCADO-OXIDO;6276,654114;29;TESORO
28-06-2023;CF231;C151;CAT 793 F;Marginal;STM-02;OXIDO;STM-02;216,4360046;1;TESORO
28-06-2023;CF231;C153;CAT 793 F;Marginal;STM-02;OXIDO;CHANCADO-OXIDO;5843,783997;27;TESORO
28-06-2023;CF231;C162;CAT 793 F;Marginal;STM-02;OXIDO;CHANCADO-OXIDO;6060,220947;28;TESORO
28-06-2023;CF231;C162;CAT 793 F;Marginal;STM-02;OXIDO;ST-SB-02-01;216,4360046;1;TESORO
28-06-2023;CF232;C121;CAT 793 C;Sulfuro Planta;ESP/F08/1768/R800;FASE 8;CHANCADO-SULFURO;1082,180054;5;ESPERANZA
28-06-2023;CF232;C122;CAT 793 C;Sulfuro Planta;ESP/F08/1768/R800;FASE 8;CHANCADO-SULFURO;865,7459717;4;ESPERANZA
28-06-2023;CF232;C125;CAT 793 C;Sulfuro Planta;ESP/F08/1768/R800;FASE 8;CHANCADO-SULFURO;649,309021;3;ESPERANZA
28-06-2023;CF232;C129;CAT 793 C;Marginal;STM-02;OXIDO;CHANCADO-OXIDO;1082,181976;5;TESORO
28-06-2023;CF232;C129;CAT 793 C;Sulfuro Planta;ESP/F08/1768/R800;FASE 8;CHANCADO-SULFURO;216,4360046;1;ESPERANZA
28-06-2023;CF232;C130;CAT 793 C;Marginal;STM-02;OXIDO;CHANCADO-OXIDO;1082,180054;5;TESORO
28-06-2023;CF232;C130;CAT 793 C;Sulfuro Planta;ESP/F08/1768/R800;FASE 8;CHANCADO-SULFURO;649,309021;3;ESPERANZA
28-06-2023;CF232;C131;CAT 793 C;Marginal;STM-02;OXIDO;CHANCADO-OXIDO;865,7459717;4;TESORO
28-06-2023;CF232;C132;CAT 793 C;Sulfuro Planta;ESP/F08/1768/R800;FASE 8;CHANCADO-SULFURO;216,4360046;1;ESPERANZA
28-06-2023;CF232;C134;CAT 793 C;Sulfuro Planta;ESP/F08/1768/R800;FASE 8;CHANCADO-SULFURO;1082,180054;5;ESPERANZA
28-06-2023;CF232;C151;CAT 793 F;Sulfuro Planta;ESP/F08/1768/R800;FASE 8;CHANCADO-SULFURO;216,4360046;1;ESPERANZA
28-06-2023;CF232;C153;CAT 793 F;Sulfuro Planta;ESP/F08/1768/R800;FASE 8;CHANCADO-SULFURO;216,4360046;1;ESPERANZA
28-06-2023;CF232;C154;CAT 793 F;Sulfuro Planta;ESP/F08/1768/R800;FASE 8;CHANCADO-SULFURO;1082,181;5;ESPERANZA
28-06-2023;CF232;C156;CAT 793 F;Sulfuro Planta;ESP/F08/1768/R800;FASE 8;CHANCADO-SULFURO;1515,05304;7;ESPERANZA
28-06-2023;CF232;C159;CAT 793 F;Sulfuro Planta;ESP/F08/1768/R800;FASE 8;CHANCADO-SULFURO;649,309021;3;ESPERANZA
28-06-2023;CF232;C161;CAT 793 F;Sulfuro Planta;ESP/F08/1768/R800;FASE 8;CHANCADO-SULFURO;865,7459717;4;ESPERANZA
28-06-2023;CF232;C162;CAT 793 F;Marginal;STM-02;OXIDO;CHANCADO-OXIDO;216,4360046;1;TESORO
28-06-2023;CF232;C163;CAT 793 F;Sulfuro Planta;ESP/F08/1768/R800;FASE 8;CHANCADO-SULFURO;649,3089905;3;ESPERANZA
28-06-2023;CF232;C164;CAT 793 F;Sulfuro Planta;ESP/F08/1768/R800;FASE 8;CHANCADO-SULFURO;216,4360046;1;ESPERANZA
28-06-2023;CF233;C121;CAT 793 C;Lastre Sulfurado;ESP/F10/2312/1290;FASE 10;BOT_CENTRAL_SUR_INF;216,4360046;1;ESPERANZA
28-06-2023;CF233;C121;CAT 793 C;Lastre Sulfurado;ESP/F10/2312/1290;FASE 10;BOT_MIJO;865,7450256;4;ESPERANZA
28-06-2023;CF233;C122;CAT 793 C;Lastre Sulfurado;ESP/F10/2312/1290;FASE 10;BOT_MIJO;216,4360046;1;ESPERANZA
28-06-2023;CF233;C123;CAT 793 C;Lastre Sulfurado;ESP/F10/2312/1290;FASE 10;BOT_MIJO;216,4360046;1;ESPERANZA
28-06-2023;CF233;C125;CAT 793 C;Lastre Oxidado;ESP/F10/2312/1180;FASE 10;BOT_MIJO;216,4360046;1;ESPERANZA
28-06-2023;CF233;C125;CAT 793 C;Lastre Sulfurado;ESP/F10/2312/1290;FASE 10;BOT_MIJO;432,8729858;2;ESPERANZA
28-06-2023;CF233;C128;CAT 793 C;Lastre Sulfurado;ESP/F10/2312/1290;FASE 10;BOT_MIJO;216,4360046;1;ESPERANZA
28-06-2023;CF233;C130;CAT 793 C;Lastre Sulfurado;ESP/F10/2312/1290;FASE 10;BOT_MIJO;216,4360046;1;ESPERANZA
28-06-2023;CF233;C131;CAT 793 C;Lastre Sulfurado;ESP/F10/2312/1290;FASE 10;BOT_MIJO;216,4360046;1;ESPERANZA
28-06-2023;CF233;C132;CAT 793 C;Lastre Sulfurado;ESP/F10/2312/1290;FASE 10;BOT_MIJO;1515,054016;7;ESPERANZA
28-06-2023;CF233;C134;CAT 793 C;Lastre Oxidado;ESP/F10/2312/1180;FASE 10;BOT_MIJO;216,4360046;1;ESPERANZA
28-06-2023;CF233;C134;CAT 793 C;Lastre Sulfurado;ESP/F10/2312/1290;FASE 10;BOT_MIJO;649,309021;3;ESPERANZA
28-06-2023;CF233;C151;CAT 793 F;Lastre Sulfurado;ESP/F10/2312/1290;FASE 10;BOT_MIJO;216,4360046;1;ESPERANZA
28-06-2023;CF233;C153;CAT 793 F;Lastre Oxidado;ESP/F10/2312/1180;FASE 10;BOT_MIJO;216,4360046;1;ESPERANZA
28-06-2023;CF233;C155;CAT 793 F;Lastre Sulfurado;ESP/F10/2312/1290;FASE 10;BOT_MIJO;1947,927063;9;ESPERANZA
28-06-2023;CF233;C159;CAT 793 F;Lastre Sulfurado;ESP/F10/2312/1290;FASE 10;BOT_MIJO;865,7450256;4;ESPERANZA
28-06-2023;CF233;C160;CAT 793 F;Lastre Sulfurado;ESP/F10/2312/1290;FASE 10;BOT_MIJO;2164,365967;10;ESPERANZA
28-06-2023;CF233;C161;CAT 793 F;Lastre Sulfurado;ESP/F10/2312/1290;FASE 10;BOT_MIJO;432,8720093;2;ESPERANZA
28-06-2023;CF233;C161;CAT 793 F;Sulfuro de Media;STOCK_SME;ESPERANZA;CHANCADO-SULFURO;216,9600067;1;ESPERANZA
28-06-2023;CF233;C162;CAT 793 F;Lastre Sulfurado;ESP/F10/2312/1290;FASE 10;BOT_MIJO;1947,926025;9;ESPERANZA
28-06-2023;CF233;C163;CAT 793 F;Lastre Sulfurado;ESP/F10/2312/1290;FASE 10;BOT_MIJO;649,3089905;3;ESPERANZA
28-06-2023;CF233;C164;CAT 793 F;Lastre Oxidado;ESP/F10/2312/1180;FASE 10;BOT_MIJO;216,4360046;1;ESPERANZA
28-06-2023;CF233;C164;CAT 793 F;Lastre Sulfurado;ESP/F10/2312/1290;FASE 10;BOT_MIJO;865,7450256;4;ESPERANZA
28-06-2023;CF233;C164;CAT 793 F;Sulfuro de Media;STOCK_SME;ESPERANZA;CHANCADO-SULFURO;216,9600067;1;ESPERANZA
28-06-2023;CF234;C121;CAT 793 C;Lastre Oxidado;ESP/F10/2328/135;FASE 10;BOT_MIJO;432,8729858;2;ESPERANZA
28-06-2023;CF234;C121;CAT 793 C;Sulfuro Planta;STOCK_SPL_DIN;ESPERANZA;CHANCADO-SULFURO;433,92099;2;ESPERANZA
28-06-2023;CF234;C125;CAT 793 C;Lastre Oxidado;ESP/F10/2312/1180;FASE 10;BOT_MIJO;216,4360046;1;ESPERANZA
28-06-2023;CF234;C125;CAT 793 C;Lastre Oxidado;ESP/F10/2328/135;FASE 10;BOT_MIJO;865,7459717;4;ESPERANZA
28-06-2023;CF234;C134;CAT 793 C;Lastre Oxidado;ESP/F10/2328/135;FASE 10;BOT_MIJO;1731,496063;8;ESPERANZA
28-06-2023;CF234;C151;CAT 793 F;Lastre Oxidado;ESP/F10/2328/135;FASE 10;BOT_MIJO;432,8729858;2;ESPERANZA
28-06-2023;CF234;C154;CAT 793 F;Lastre Oxidado;ESP/F10/2328/135;FASE 10;BOT_MIJO;216,4360046;1;ESPERANZA
28-06-2023;CF234;C155;CAT 793 F;Lastre Oxidado;ESP/F10/2312/1180;FASE 10;BOT_MIJO;216,4360046;1;ESPERANZA
28-06-2023;CF234;C155;CAT 793 F;Lastre Oxidado;ESP/F10/2328/135;FASE 10;BOT_MIJO;1515,054993;7;ESPERANZA
28-06-2023;CF234;C155;CAT 793 F;Sulfuro de Media;STOCK_SME;ESPERANZA;CHANCADO-SULFURO;216,9600067;1;ESPERANZA
28-06-2023;CF234;C161;CAT 793 F;Lastre Oxidado;ESP/F10/2328/135;FASE 10;BOT_MIJO;216,4360046;1;ESPERANZA
28-06-2023;CF234;C161;CAT 793 F;Sulfuro Planta;STOCK_SPL_DIN;ESPERANZA;CHANCADO-SULFURO;650,8809814;3;ESPERANZA
28-06-2023;CF234;C163;CAT 793 F;Lastre Oxidado;ESP/F10/2312/1180;FASE 10;BOT_MIJO;432,8729858;2;ESPERANZA
28-06-2023;CF234;C163;CAT 793 F;Lastre Oxidado;ESP/F10/2328/135;FASE 10;BOT_MIJO;649,309021;3;ESPERANZA
28-06-2023;CF234;C163;CAT 793 F;Sulfuro de Media;STOCK_SME;ESPERANZA;CHANCADO-SULFURO;1518,719971;7;ESPERANZA
28-06-2023;CF234;C164;CAT 793 F;Lastre Oxidado;ESP/F10/2328/135;FASE 10;BOT_MIJO;216,4360046;1;ESPERANZA
28-06-2023;CF234;C164;CAT 793 F;Sulfuro de Media;STOCK_SME;ESPERANZA;CHANCADO-SULFURO;1084,800049;5;ESPERANZA
28-06-2023;CF4;C980AHSESPS;Kom 980 AHS;Lastre Oxidado;ESS/F03/2216/3230;F03 ESPSUR;BOTADERO_2021;11520;32;ESPERANZA_SUR
28-06-2023;CF4;C980AHSESPS;Kom 980 AHS;Lastre Oxidado;ESS/F03/2216/3234;F03 ESPSUR;BOTADERO_2021;6840;19;ESPERANZA_SUR
28-06-2023;PA1;C07;CAT 797 B;Lastre Sulfurado;DERRAMES_F07;FASE 7;BOT_MIJO;692,8079834;2;ESPERANZA
28-06-2023;PA1;C08;CAT 797 B;Lastre Sulfurado;DERRAMES_F07;FASE 7;BOT_2380_INT;346,4039917;1;ESPERANZA
28-06-2023;PA1;C08;CAT 797 B;Lastre Sulfurado;DERRAMES_F07;FASE 7;BOT_MIJO;346,4039917;1;ESPERANZA
28-06-2023;PA1;C09;CAT 797 B;Lastre Sulfurado;DERRAMES_F07;FASE 7;BOT_2380_INT;346,4039917;1;ESPERANZA
28-06-2023;PA1;C09;CAT 797 B;Lastre Sulfurado;DERRAMES_F07;FASE 7;BOT_MIJO;692,8079834;2;ESPERANZA
28-06-2023;PA1;C10;CAT 797 B;Lastre Sulfurado;DERRAMES_F07;FASE 7;BOT_MIJO;692,8079834;2;ESPERANZA
28-06-2023;PA1;C11;CAT 797 B;Lastre Sulfurado;DERRAMES_F07;FASE 7;BOT_2380_INT;346,4039917;1;ESPERANZA
28-06-2023;PA1;C11;CAT 797 B;Lastre Sulfurado;DERRAMES_F07;FASE 7;BOT_MIJO;1039,211975;3;ESPERANZA
28-06-2023;PA1;C12;CAT 797 B;Lastre Sulfurado;DERRAMES_F07;FASE 7;BOT_MIJO;1385,615967;4;ESPERANZA
28-06-2023;PA1;C123;CAT 793 C;Lastre Sulfurado;DERRAMES_F07;FASE 7;BOT_MIJO;216,4360046;1;ESPERANZA
28-06-2023;PA1;C129;CAT 793 C;Lastre Sulfurado;DERRAMES_F07;FASE 7;BOT_MIJO;865,7459717;4;ESPERANZA
28-06-2023;PA1;C13;CAT 797 B;Lastre Sulfurado;DERRAMES_F07;FASE 7;BOT_MIJO;1385,615967;4;ESPERANZA
28-06-2023;PA1;C131;CAT 793 C;Lastre Sulfurado;DERRAMES_F07;FASE 7;BOT_2380_INT;216,4360046;1;ESPERANZA
28-06-2023;PA1;C131;CAT 793 C;Lastre Sulfurado;DERRAMES_F07;FASE 7;BOT_MIJO;1298,617981;6;ESPERANZA
28-06-2023;PA1;C14;CAT 797 B;Lastre Sulfurado;DERRAMES_F07;FASE 7;BOT_MIJO;1039,211975;3;ESPERANZA
28-06-2023;PA1;C15;CAT 797 B;Lastre Sulfurado;DERRAMES_F07;FASE 7;BOT_MIJO;346,4039917;1;ESPERANZA
28-06-2023;PA1;C16;CAT 797 B;Lastre Sulfurado;DERRAMES_F07;FASE 7;BOT_2380_INT;346,4039917;1;ESPERANZA
28-06-2023;PA1;C17;CAT 797 F;Lastre Sulfurado;DERRAMES_F07;FASE 7;BOT_MIJO;346,4039917;1;ESPERANZA
28-06-2023;PA1;C18;CAT 797 F;Lastre Sulfurado;DERRAMES_F07;FASE 7;BOT_2380_INT;692,8079834;2;ESPERANZA
28-06-2023;PA1;C18;CAT 797 F;Lastre Sulfurado;DERRAMES_F07;FASE 7;BOT_MIJO;692,8079834;2;ESPERANZA
28-06-2023;PA1;C19;CAT 797 F;Lastre Sulfurado;DERRAMES_F07;FASE 7;BOT_2380_INT;692,8079834;2;ESPERANZA
28-06-2023;PA1;C19;CAT 797 F;Lastre Sulfurado;DERRAMES_F07;FASE 7;BOT_MIJO;2424,823914;7;ESPERANZA
28-06-2023;PA1;C20;CAT 797 F;Lastre Sulfurado;DERRAMES_F07;FASE 7;BOT_2380_INT;346,4039917;1;ESPERANZA
28-06-2023;PA1;C20;CAT 797 F;Lastre Sulfurado;DERRAMES_F07;FASE 7;BOT_MIJO;1385,619995;4;ESPERANZA
28-06-2023;PA1;C22;CAT 797 F;Lastre Sulfurado;DERRAMES_F07;FASE 7;BOT_MIJO;346,4039917;1;ESPERANZA
28-06-2023;PA1;C23;CAT 797 F;Lastre Sulfurado;DERRAMES_F07;FASE 7;BOT_MIJO;1039,211975;3;ESPERANZA
28-06-2023;PA1;C24;CAT 797 F;Lastre Sulfurado;DERRAMES_F07;FASE 7;BOT_MIJO;692,8079834;2;ESPERANZA
28-06-2023;PA1;C25;CAT 797 F;Lastre Sulfurado;DERRAMES_F07;FASE 7;BOT_MIJO;1039,209961;3;ESPERANZA
28-06-2023;PA1;C32;CAT 797 F;Lastre Sulfurado;DERRAMES_F07;FASE 7;BOT_2380_INT;692,8079834;2;ESPERANZA
28-06-2023;PA1;C32;CAT 797 F;Lastre Sulfurado;DERRAMES_F07;FASE 7;BOT_MIJO;1732,017944;5;ESPERANZA
28-06-2023;PA1;C34;CAT 797 F;Lastre Sulfurado;DERRAMES_F07;FASE 7;BOT_MIJO;1385,613953;4;ESPERANZA
28-06-2023;PA1;C36;CAT 797 F;Lastre Sulfurado;DERRAMES_F07;FASE 7;BOT_2380_INT;692,8079834;2;ESPERANZA
28-06-2023;PA1;C38;CAT 797 F;Lastre Sulfurado;DERRAMES_F07;FASE 7;BOT_2380_INT;346,4039917;1;ESPERANZA
28-06-2023;PA1;C39;CAT 797 F;Lastre Sulfurado;DERRAMES_F07;FASE 7;BOT_MIJO;346,4039917;1;ESPERANZA
28-06-2023;PA1;C40;CAT 797 F;Lastre Sulfurado;DERRAMES_F07;FASE 7;BOT_MIJO;1385,613953;4;ESPERANZA
28-06-2023;PA1;C41;CAT 797 F;Lastre Sulfurado;DERRAMES_F07;FASE 7;BOT_2380_INT;1039,211975;3;ESPERANZA
28-06-2023;PA1;C42;CAT 797 F;Lastre Sulfurado;DERRAMES_F07;FASE 7;BOT_2380_INT;346,4039917;1;ESPERANZA
28-06-2023;PA1;C42;CAT 797 F;Lastre Sulfurado;DERRAMES_F07;FASE 7;BOT_MIJO;692,8079834;2;ESPERANZA
28-06-2023;PA1;C43;CAT 797 F;Lastre Sulfurado;DERRAMES_F07;FASE 7;BOT_2380_INT;692,8079834;2;ESPERANZA
28-06-2023;PA1;C43;CAT 797 F;Lastre Sulfurado;DERRAMES_F07;FASE 7;BOT_MIJO;1732,02002;5;ESPERANZA
28-06-2023;PA1;C44;CAT 797 F;Lastre Sulfurado;DERRAMES_F07;FASE 7;BOT_2380_INT;692,8079834;2;ESPERANZA
28-06-2023;PA1;C44;CAT 797 F;Lastre Sulfurado;DERRAMES_F07;FASE 7;BOT_MIJO;1385,613953;4;ESPERANZA
28-06-2023;PA1;C45;CAT 797 F;Lastre Sulfurado;DERRAMES_F07;FASE 7;BOT_MIJO;692,8079834;2;ESPERANZA
28-06-2023;PA1;C46;CAT 797 F;Lastre Sulfurado;DERRAMES_F07;FASE 7;BOT_2380_INT;1039,209961;3;ESPERANZA
28-06-2023;PA1;C47;CAT 797 F;Lastre Sulfurado;DERRAMES_F07;FASE 7;BOT_MIJO;692,8079834;2;ESPERANZA
28-06-2023;PA1;C48;CAT 797 F;Lastre Sulfurado;DERRAMES_F07;FASE 7;BOT_2380_INT;346,4039917;1;ESPERANZA
28-06-2023;PA1;C48;CAT 797 F;Lastre Sulfurado;DERRAMES_F07;FASE 7;BOT_MIJO;346,4039917;1;ESPERANZA
28-06-2023;PA1;C53;KOM 930 E;Lastre Sulfurado;DERRAMES_F07;FASE 7;BOT_MIJO;291;1;ESPERANZA
28-06-2023;PA1;C57;KOM 930 E;Lastre Sulfurado;DERRAMES_F07;FASE 7;BOT_MIJO;582;2;ESPERANZA
28-06-2023;PA10;C980AHSESPS;Kom 980 AHS;Lastre Oxidado;ESS/F03/2216/3170;F03 ESPSUR;BOTADERO_2021;47520;132;ESPERANZA_SUR
28-06-2023;PA10;C980AHSESPS;Kom 980 AHS;Lastre Oxidado;ESS/F03/2216/3234;F03 ESPSUR;BOTADERO_2021;2160;6;ESPERANZA_SUR
28-06-2023;PA11;C20115ESPS;KOM 980 ESPS;Sulfuro de Media;ESS/F02/2104/207;F02 ESPSUR;CHANCADO-SULFURO;6480;18;ESPERANZA_SUR
28-06-2023;PA11;C20115ESPS;KOM 980 ESPS;Sulfuro de Media;ESS/F02/2104/208;F02 ESPSUR;CHANCADO-SULFURO;30960;86;ESPERANZA_SUR
28-06-2023;PA11;C980AHSESPS;Kom 980 AHS;Sulfuro de Media;ESS/F02/2104/207;F02 ESPSUR;STOCK_SME_ESS;2880;8;ESPERANZA_SUR
28-06-2023;PA11;C980AHSESPS;Kom 980 AHS;Sulfuro de Media;ESS/F02/2104/208;F02 ESPSUR;STOCK_SME_ESS;54000;150;ESPERANZA_SUR
28-06-2023;PA2;C07;CAT 797 B;Sulfuro de Media;ESP/F08/1752/809;FASE 8;CHANCADO-SULFURO;346,4039917;1;ESPERANZA
28-06-2023;PA2;C121;CAT 793 C;Sulfuro de Media;ESP/F08/1752/809;FASE 8;CHANCADO-SULFURO;649,3089905;3;ESPERANZA
28-06-2023;PA2;C122;CAT 793 C;Sulfuro de Media;ESP/F08/1752/809;FASE 8;CHANCADO-SULFURO;432,8720093;2;ESPERANZA
28-06-2023;PA2;C129;CAT 793 C;Sulfuro de Media;ESP/F08/1752/809;FASE 8;CHANCADO-SULFURO;649,3089905;3;ESPERANZA
28-06-2023;PA2;C130;CAT 793 C;Sulfuro de Media;ESP/F08/1752/809;FASE 8;CHANCADO-SULFURO;216,4360046;1;ESPERANZA
28-06-2023;PA2;C131;CAT 793 C;Sulfuro de Media;ESP/F08/1752/809;FASE 8;CHANCADO-SULFURO;1298,618042;6;ESPERANZA
28-06-2023;PA2;C132;CAT 793 C;Sulfuro Baja Ley;ESP/F08/1752/809;FASE 8;CHANCADO-SULFURO;1515,054993;7;ESPERANZA
28-06-2023;PA2;C14;CAT 797 B;Sulfuro de Media;ESP/F08/1752/809;FASE 8;CHANCADO-SULFURO;346,4039917;1;ESPERANZA
28-06-2023;PA2;C153;CAT 793 F;Sulfuro Baja Ley;ESP/F08/1752/809;FASE 8;CHANCADO-SULFURO;432,8729858;2;ESPERANZA
28-06-2023;PA2;C153;CAT 793 F;Sulfuro Baja Ley;ESP/F08/1752/809;FASE 8;STOCK_SBL1;216,4360046;1;ESPERANZA
28-06-2023;PA2;C154;CAT 793 F;Sulfuro Baja Ley;ESP/F08/1752/809;FASE 8;CHANCADO-SULFURO;432,8729858;2;ESPERANZA
28-06-2023;PA2;C154;CAT 793 F;Sulfuro Baja Ley;ESP/F08/1752/809;FASE 8;STOCK_SBL1;216,4360046;1;ESPERANZA
28-06-2023;PA2;C156;CAT 793 F;Sulfuro de Media;ESP/F08/1752/809;FASE 8;CHANCADO-SULFURO;649,3089905;3;ESPERANZA
28-06-2023;PA2;C159;CAT 793 F;Sulfuro Baja Ley;ESP/F08/1752/809;FASE 8;CHANCADO-SULFURO;216,4360046;1;ESPERANZA
28-06-2023;PA2;C161;CAT 793 F;Sulfuro de Media;ESP/F08/1752/809;FASE 8;CHANCADO-SULFURO;432,8729858;2;ESPERANZA
28-06-2023;PA2;C163;CAT 793 F;Sulfuro de Media;ESP/F08/1752/809;FASE 8;CHANCADO-SULFURO;216,4360046;1;ESPERANZA
28-06-2023;PA2;C164;CAT 793 F;Sulfuro Baja Ley;ESP/F08/1752/809;FASE 8;CHANCADO-SULFURO;216,4360046;1;ESPERANZA
28-06-2023;PA2;C19;CAT 797 F;Sulfuro de Media;ESP/F08/1752/809;FASE 8;CHANCADO-SULFURO;346,4039917;1;ESPERANZA
28-06-2023;PA2;C24;CAT 797 F;Sulfuro Baja Ley;ESP/F08/1752/809;FASE 8;CHANCADO-SULFURO;2078,424011;6;ESPERANZA
28-06-2023;PA2;C24;CAT 797 F;Sulfuro de Media;ESP/F08/1752/809;FASE 8;CHANCADO-SULFURO;346,4039917;1;ESPERANZA
28-06-2023;PA2;C25;CAT 797 F;Sulfuro de Media;ESP/F08/1752/809;FASE 8;CHANCADO-SULFURO;346,4039917;1;ESPERANZA
28-06-2023;PA2;C34;CAT 797 F;Sulfuro de Media;ESP/F08/1752/809;FASE 8;CHANCADO-SULFURO;346,4039917;1;ESPERANZA
28-06-2023;PA2;C36;CAT 797 F;Sulfuro Baja Ley;ESP/F08/1752/809;FASE 8;CHANCADO-SULFURO;2078,424011;6;ESPERANZA
28-06-2023;PA2;C36;CAT 797 F;Sulfuro Baja Ley;ESP/F08/1752/809;FASE 8;STOCK_SBL1;346,4039917;1;ESPERANZA
28-06-2023;PA2;C36;CAT 797 F;Sulfuro de Media;ESP/F08/1752/809;FASE 8;CHANCADO-SULFURO;692,8079834;2;ESPERANZA
28-06-2023;PA2;C38;CAT 797 F;Sulfuro de Media;ESP/F08/1752/809;FASE 8;CHANCADO-SULFURO;692,8079834;2;ESPERANZA
28-06-2023;PA2;C40;CAT 797 F;Sulfuro Baja Ley;ESP/F08/1752/809;FASE 8;STOCK_SBL1;346,4039917;1;ESPERANZA
28-06-2023;PA2;C40;CAT 797 F;Sulfuro de Media;ESP/F08/1752/809;FASE 8;CHANCADO-SULFURO;692,8079834;2;ESPERANZA
28-06-2023;PA2;C41;CAT 797 F;Sulfuro Baja Ley;ESP/F08/1752/809;FASE 8;CHANCADO-SULFURO;692,8079834;2;ESPERANZA
28-06-2023;PA2;C41;CAT 797 F;Sulfuro Baja Ley;ESP/F08/1752/809;FASE 8;STOCK_SBL1;692,8079834;2;ESPERANZA
28-06-2023;PA2;C47;CAT 797 F;Sulfuro Baja Ley;ESP/F08/1752/809;FASE 8;CHANCADO-SULFURO;346,4039917;1;ESPERANZA
28-06-2023;PA2;C47;CAT 797 F;Sulfuro de Media;ESP/F08/1752/809;FASE 8;STOCK_SME;346,4039917;1;ESPERANZA
28-06-2023;PA2;C48;CAT 797 F;Sulfuro de Media;ESP/F08/1752/809;FASE 8;CHANCADO-SULFURO;346,4039917;1;ESPERANZA
28-06-2023;PA2;C49;KOM 930 E;Sulfuro Baja Ley;ESP/F08/1752/809;FASE 8;CHANCADO-SULFURO;873;3;ESPERANZA
28-06-2023;PA2;C49;KOM 930 E;Sulfuro Baja Ley;ESP/F08/1752/809;FASE 8;STOCK_SBL1;1455;5;ESPERANZA
28-06-2023;PA2;C49;KOM 930 E;Sulfuro de Media;ESP/F08/1752/809;FASE 8;CHANCADO-SULFURO;2328;8;ESPERANZA
28-06-2023;PA2;C50;KOM 930 E;Sulfuro Baja Ley;ESP/F08/1752/809;FASE 8;CHANCADO-SULFURO;1455;5;ESPERANZA
28-06-2023;PA2;C50;KOM 930 E;Sulfuro Baja Ley;ESP/F08/1752/809;FASE 8;STOCK_SME1;291;1;ESPERANZA
28-06-2023;PA2;C50;KOM 930 E;Sulfuro de Media;ESP/F08/1752/809;FASE 8;CHANCADO-SULFURO;1746;6;ESPERANZA
28-06-2023;PA2;C50;KOM 930 E;Sulfuro de Media;ESP/F08/1752/809;FASE 8;STOCK_SME;582;2;ESPERANZA
28-06-2023;PA2;C51;KOM 930 E;Sulfuro Baja Ley;ESP/F08/1752/809;FASE 8;CHANCADO-SULFURO;1164;4;ESPERANZA
28-06-2023;PA2;C51;KOM 930 E;Sulfuro Baja Ley;ESP/F08/1752/809;FASE 8;STOCK_SBL1;873;3;ESPERANZA
28-06-2023;PA2;C51;KOM 930 E;Sulfuro Baja Ley;ESP/F08/1752/809;FASE 8;STOCK_SME1;291;1;ESPERANZA
28-06-2023;PA2;C51;KOM 930 E;Sulfuro de Media;ESP/F08/1752/809;FASE 8;CHANCADO-SULFURO;582;2;ESPERANZA
28-06-2023;PA2;C52;KOM 930 E;Sulfuro Baja Ley;ESP/F08/1752/809;FASE 8;CHANCADO-SULFURO;582;2;ESPERANZA
28-06-2023;PA2;C52;KOM 930 E;Sulfuro Baja Ley;ESP/F08/1752/809;FASE 8;STOCK_SBL1;291;1;ESPERANZA
28-06-2023;PA2;C52;KOM 930 E;Sulfuro de Media;ESP/F08/1752/809;FASE 8;CHANCADO-SULFURO;1746;6;ESPERANZA
28-06-2023;PA2;C53;KOM 930 E;Sulfuro Baja Ley;ESP/F08/1752/809;FASE 8;CHANCADO-SULFURO;873;3;ESPERANZA
28-06-2023;PA2;C53;KOM 930 E;Sulfuro Baja Ley;ESP/F08/1752/809;FASE 8;STOCK_SBL1;873;3;ESPERANZA
28-06-2023;PA2;C53;KOM 930 E;Sulfuro de Media;ESP/F08/1752/809;FASE 8;CHANCADO-SULFURO;2328;8;ESPERANZA
28-06-2023;PA2;C54;KOM 930 E;Sulfuro Baja Ley;ESP/F08/1752/809;FASE 8;CHANCADO-SULFURO;291;1;ESPERANZA
28-06-2023;PA2;C54;KOM 930 E;Sulfuro Baja Ley;ESP/F08/1752/809;FASE 8;STOCK_SBL1;291;1;ESPERANZA
28-06-2023;PA2;C54;KOM 930 E;Sulfuro de Media;ESP/F08/1752/809;FASE 8;CHANCADO-SULFURO;1455;5;ESPERANZA
28-06-2023;PA2;C55;KOM 930 E;Sulfuro Baja Ley;ESP/F08/1752/809;FASE 8;CHANCADO-SULFURO;291;1;ESPERANZA
28-06-2023;PA2;C55;KOM 930 E;Sulfuro de Media;ESP/F08/1752/809;FASE 8;CHANCADO-SULFURO;1746;6;ESPERANZA
28-06-2023;PA2;C55;KOM 930 E;Sulfuro de Media;ESP/F08/1752/809;FASE 8;STOCK_SME;582;2;ESPERANZA
28-06-2023;PA2;C56;KOM 930 E;Sulfuro Baja Ley;ESP/F08/1752/809;FASE 8;CHANCADO-SULFURO;1164;4;ESPERANZA
28-06-2023;PA2;C56;KOM 930 E;Sulfuro Baja Ley;ESP/F08/1752/809;FASE 8;STOCK_SBL1;582;2;ESPERANZA
28-06-2023;PA2;C56;KOM 930 E;Sulfuro de Media;ESP/F08/1752/809;FASE 8;CHANCADO-SULFURO;2037;7;ESPERANZA
28-06-2023;PA2;C56;KOM 930 E;Sulfuro de Media;ESP/F08/1752/809;FASE 8;STOCK_SME;582;2;ESPERANZA
28-06-2023;PA2;C57;KOM 930 E;Sulfuro Baja Ley;ESP/F08/1752/809;FASE 8;CHANCADO-SULFURO;582;2;ESPERANZA
28-06-2023;PA2;C57;KOM 930 E;Sulfuro Baja Ley;ESP/F08/1752/809;FASE 8;STOCK_SBL1;873;3;ESPERANZA
28-06-2023;PA2;C57;KOM 930 E;Sulfuro de Media;ESP/F08/1752/809;FASE 8;CHANCADO-SULFURO;2619;9;ESPERANZA
28-06-2023;PA2;C58;KOM 930 E;Sulfuro Baja Ley;ESP/F08/1752/809;FASE 8;CHANCADO-SULFURO;1746;6;ESPERANZA
28-06-2023;PA2;C58;KOM 930 E;Sulfuro Baja Ley;ESP/F08/1752/809;FASE 8;STOCK_SME1;291;1;ESPERANZA
28-06-2023;PA2;C58;KOM 930 E;Sulfuro de Media;ESP/F08/1752/809;FASE 8;CHANCADO-SULFURO;2619;9;ESPERANZA
28-06-2023;PA2;C59;KOM 930 E;Sulfuro Baja Ley;ESP/F08/1752/809;FASE 8;CHANCADO-SULFURO;1455;5;ESPERANZA
28-06-2023;PA2;C59;KOM 930 E;Sulfuro de Media;ESP/F08/1752/809;FASE 8;CHANCADO-SULFURO;2328;8;ESPERANZA
28-06-2023;PA2;C59;KOM 930 E;Sulfuro de Media;ESP/F08/1752/809;FASE 8;STOCK_SME;291;1;ESPERANZA
28-06-2023;PA2;C60;KOM 930 E;Sulfuro Baja Ley;ESP/F08/1752/809;FASE 8;CHANCADO-SULFURO;1164;4;ESPERANZA
28-06-2023;PA2;C60;KOM 930 E;Sulfuro de Media;ESP/F08/1752/809;FASE 8;CHANCADO-SULFURO;1455;5;ESPERANZA
28-06-2023;PA2;C61;KOM 930 E;Sulfuro Baja Ley;ESP/F08/1752/809;FASE 8;CHANCADO-SULFURO;1164;4;ESPERANZA
28-06-2023;PA2;C61;KOM 930 E;Sulfuro de Media;ESP/F08/1752/809;FASE 8;CHANCADO-SULFURO;1164;4;ESPERANZA
28-06-2023;PA2;C61;KOM 930 E;Sulfuro de Media;ESP/F08/1752/809;FASE 8;STOCK_SME;291;1;ESPERANZA
28-06-2023;PA211;C11;CAT 797 B;Lastre Oxidado;ESP/F10/2296/1060;FASE 10;BOT_MIJO;1732,02002;5;ESPERANZA
28-06-2023;PA211;C121;CAT 793 C;Lastre Oxidado;ESP/F10/2296/1060;FASE 10;BOT_MIJO;1298,618011;6;ESPERANZA
28-06-2023;PA211;C122;CAT 793 C;Lastre Oxidado;ESP/F10/2296/1060;FASE 10;BOT_MIJO;216,4360046;1;ESPERANZA
28-06-2023;PA211;C123;CAT 793 C;Lastre Oxidado;ESP/F10/2296/1060;FASE 10;BOT_INT_RB;216,4360046;1;ESPERANZA
28-06-2023;PA211;C123;CAT 793 C;Lastre Oxidado;ESP/F10/2296/1060;FASE 10;BOT_MIJO;1731,489044;8;ESPERANZA
28-06-2023;PA211;C125;CAT 793 C;Lastre Oxidado;ESP/F10/2296/1060;FASE 10;BOT_INT_RB;216,4360046;1;ESPERANZA
28-06-2023;PA211;C125;CAT 793 C;Lastre Oxidado;ESP/F10/2296/1060;FASE 10;BOT_MIJO;1731,492981;8;ESPERANZA
28-06-2023;PA211;C125;CAT 793 C;Lastre Oxidado;ESP/F10/2296/1060;FASE 10;BOT_RAMPA_SUPERIOR;216,4360046;1;ESPERANZA
28-06-2023;PA211;C128;CAT 793 C;Lastre Oxidado;ESP/F10/2296/1060;FASE 10;BOT_MIJO;2380,798981;11;ESPERANZA
28-06-2023;PA211;C130;CAT 793 C;Lastre Oxidado;ESP/F10/2296/1060;FASE 10;BOT_MIJO;649,3089905;3;ESPERANZA
28-06-2023;PA211;C132;CAT 793 C;Lastre Oxidado;ESP/F10/2296/1060;FASE 10;BOT_INT_RB;216,4360046;1;ESPERANZA
28-06-2023;PA211;C132;CAT 793 C;Lastre Oxidado;ESP/F10/2296/1060;FASE 10;BOT_MIJO;3679,421967;17;ESPERANZA
28-06-2023;PA211;C132;CAT 793 C;Lastre Oxidado;ESP/F10/2296/1060;FASE 10;BOT_RAMPA_SUPERIOR;216,4360046;1;ESPERANZA
28-06-2023;PA211;C134;CAT 793 C;Lastre Oxidado;ESP/F10/2296/1060;FASE 10;BOT_MIJO;2164,369049;10;ESPERANZA
28-06-2023;PA211;C135;CAT 793 C;Lastre Oxidado;ESP/F10/2296/1060;FASE 10;BOT_MIJO;1731,492004;8;ESPERANZA
28-06-2023;PA211;C153;CAT 793 F;Lastre Oxidado;ESP/F10/2296/1060;FASE 10;BOT_MIJO;216,4360046;1;ESPERANZA
28-06-2023;PA211;C154;CAT 793 F;Lastre Oxidado;ESP/F10/2296/1060;FASE 10;BOT_MIJO;216,4360046;1;ESPERANZA
28-06-2023;PA211;C155;CAT 793 F;Lastre Oxidado;ESP/F10/2296/1060;FASE 10;BOT_MIJO;4545,16507;21;ESPERANZA
28-06-2023;PA211;C156;CAT 793 F;Lastre Oxidado;ESP/F10/2296/1060;FASE 10;BOT_MIJO;216,4360046;1;ESPERANZA
28-06-2023;PA211;C159;CAT 793 F;Lastre Oxidado;ESP/F10/2296/1060;FASE 10;BOT_INT_RB;216,4360046;1;ESPERANZA
28-06-2023;PA211;C159;CAT 793 F;Lastre Oxidado;ESP/F10/2296/1060;FASE 10;BOT_MIJO;216,4360046;1;ESPERANZA
28-06-2023;PA211;C160;CAT 793 F;Lastre Oxidado;ESP/F10/2296/1060;FASE 10;BOT_INT_RB;216,4360046;1;ESPERANZA
28-06-2023;PA211;C160;CAT 793 F;Lastre Oxidado;ESP/F10/2296/1060;FASE 10;BOT_MIJO;5843,781952;27;ESPERANZA
28-06-2023;PA211;C161;CAT 793 F;Lastre Oxidado;ESP/F10/2296/1060;FASE 10;BOT_INT_RB;216,4360046;1;ESPERANZA
28-06-2023;PA211;C161;CAT 793 F;Lastre Oxidado;ESP/F10/2296/1060;FASE 10;BOT_MIJO;865,7450256;4;ESPERANZA
28-06-2023;PA211;C162;CAT 793 F;Lastre Oxidado;ESP/F10/2296/1060;FASE 10;BOT_MIJO;1515,054016;7;ESPERANZA
28-06-2023;PA211;C163;CAT 793 F;Lastre Oxidado;ESP/F10/2296/1060;FASE 10;BOT_MIJO;3030,112061;14;ESPERANZA
28-06-2023;PA211;C164;CAT 793 F;Lastre Oxidado;ESP/F10/2296/1060;FASE 10;BOT_INT_RB;216,4360046;1;ESPERANZA
28-06-2023;PA211;C164;CAT 793 F;Lastre Oxidado;ESP/F10/2296/1060;FASE 10;BOT_MIJO;3895,858002;18;ESPERANZA
28-06-2023;PA211;C19;CAT 797 F;Lastre Oxidado;ESP/F10/2296/1060;FASE 10;BOT_MIJO;346,4039917;1;ESPERANZA
28-06-2023;PA211;C22;CAT 797 F;Lastre Oxidado;ESP/F10/2296/1060;FASE 10;BOT_MIJO;346,4039917;1;ESPERANZA
28-06-2023;PA211;C23;CAT 797 F;Lastre Oxidado;ESP/F10/2296/1060;FASE 10;BOT_MIJO;1385,619995;4;ESPERANZA
28-06-2023;PA211;C36;CAT 797 F;Lastre Oxidado;ESP/F10/2296/1060;FASE 10;BOT_MIJO;692,8079834;2;ESPERANZA
28-06-2023;PA211;C41;CAT 797 F;Lastre Oxidado;ESP/F10/2296/1060;FASE 10;BOT_MIJO;346,4039917;1;ESPERANZA
28-06-2023;PA211;C43;CAT 797 F;Lastre Oxidado;ESP/F10/2296/1060;FASE 10;BOT_MIJO;346,4039917;1;ESPERANZA
28-06-2023;PA211;C49;KOM 930 E;Lastre Oxidado;ESP/F10/2296/1060;FASE 10;BOT_MIJO;2037;7;ESPERANZA
28-06-2023;PA211;C50;KOM 930 E;Lastre Oxidado;ESP/F10/2296/1060;FASE 10;BOT_MIJO;1746;6;ESPERANZA
28-06-2023;PA211;C51;KOM 930 E;Lastre Oxidado;ESP/F10/2296/1060;FASE 10;BOT_MIJO;291;1;ESPERANZA
28-06-2023;PA211;C52;KOM 930 E;Lastre Oxidado;ESP/F10/2296/1060;FASE 10;BOT_MIJO;291;1;ESPERANZA
28-06-2023;PA211;C53;KOM 930 E;Lastre Oxidado;ESP/F10/2296/1060;FASE 10;BOT_MIJO;2328;8;ESPERANZA
28-06-2023;PA211;C54;KOM 930 E;Lastre Oxidado;ESP/F10/2296/1060;FASE 10;BOT_MIJO;582;2;ESPERANZA
28-06-2023;PA211;C55;KOM 930 E;Lastre Oxidado;ESP/F10/2296/1060;FASE 10;BOT_MIJO;873;3;ESPERANZA
28-06-2023;PA211;C56;KOM 930 E;Lastre Oxidado;ESP/F10/2296/1060;FASE 10;BOT_MIJO;1164;4;ESPERANZA
28-06-2023;PA211;C57;KOM 930 E;Lastre Oxidado;ESP/F10/2296/1060;FASE 10;BOT_MIJO;2328;8;ESPERANZA
28-06-2023;PA211;C60;KOM 930 E;Lastre Oxidado;ESP/F10/2296/1060;FASE 10;BOT_MIJO;1746;6;ESPERANZA
28-06-2023;PA211;C61;KOM 930 E;Lastre Oxidado;ESP/F10/2296/1060;FASE 10;BOT_MIJO;582;2;ESPERANZA
28-06-2023;PA26;C121;CAT 793 C;Lastre Oxidado;DERRAMES_F07;FASE 7;BOT_MIJO;649,309021;3;ESPERANZA
28-06-2023;PA26;C125;CAT 793 C;Lastre Oxidado;DERRAMES_F07;FASE 7;BOT_MIJO;865,7459717;4;ESPERANZA
28-06-2023;PA26;C128;CAT 793 C;Lastre Oxidado;DERRAMES_F07;FASE 7;BOT_MIJO;432,8729858;2;ESPERANZA
28-06-2023;PA26;C130;CAT 793 C;Lastre Oxidado;DERRAMES_F07;FASE 7;BOT_MIJO;432,8729858;2;ESPERANZA
28-06-2023;PA26;C153;CAT 793 F;Lastre Oxidado;DERRAMES_F07;FASE 7;BOT_MIJO;432,8720093;2;ESPERANZA
28-06-2023;PA26;C154;CAT 793 F;Lastre Oxidado;DERRAMES_F07;FASE 7;BOT_MIJO;432,8729858;2;ESPERANZA
28-06-2023;PA26;C156;CAT 793 F;Lastre Oxidado;DERRAMES_F07;FASE 7;BOT_MIJO;649,309021;3;ESPERANZA
28-06-2023;PA26;C159;CAT 793 F;Lastre Oxidado;DERRAMES_F07;FASE 7;BOT_MIJO;1515,056;7;ESPERANZA
28-06-2023;PA26;C160;CAT 793 F;Lastre Oxidado;DERRAMES_F07;FASE 7;BOT_MIJO;216,4360046;1;ESPERANZA
28-06-2023;PA26;C34;CAT 797 F;Lastre Oxidado;DERRAMES_F07;FASE 7;BOT_MIJO;346,4039917;1;ESPERANZA
28-06-2023;PA26;C38;CAT 797 F;Lastre Oxidado;DERRAMES_F07;FASE 7;BOT_MIJO;346,4039917;1;ESPERANZA
28-06-2023;PA26;C43;CAT 797 F;Lastre Oxidado;DERRAMES_F07;FASE 7;BOT_MIJO;346,4039917;1;ESPERANZA
28-06-2023;PA26;C46;CAT 797 F;Lastre Oxidado;DERRAMES_F07;FASE 7;BOT_MIJO;346,4039917;1;ESPERANZA
28-06-2023;PA26;C50;KOM 930 E;Lastre Oxidado;DERRAMES_F07;FASE 7;BOT_MIJO;291;1;ESPERANZA
28-06-2023;PA26;C54;KOM 930 E;Lastre Oxidado;DERRAMES_F07;FASE 7;BOT_MIJO;2037;7;ESPERANZA
28-06-2023;PA26;C55;KOM 930 E;Lastre Oxidado;DERRAMES_F07;FASE 7;BOT_MIJO;291;1;ESPERANZA
28-06-2023;PA26;C58;KOM 930 E;Lastre Oxidado;DERRAMES_F07;FASE 7;BOT_MIJO;1164;4;ESPERANZA
28-06-2023;PA26;C59;KOM 930 E;Lastre Oxidado;DERRAMES_F07;FASE 7;BOT_MIJO;1455;5;ESPERANZA
28-06-2023;PA26;C60;KOM 930 E;Lastre Oxidado;DERRAMES_F07;FASE 7;BOT_MIJO;2619;9;ESPERANZA
28-06-2023;PA26;C61;KOM 930 E;Lastre Oxidado;DERRAMES_F07;FASE 7;BOT_MIJO;2619;9;ESPERANZA
28-06-2023;PA3;C07;CAT 797 B;Lastre Sulfurado;ESP/F07/2104/715;FASE 7;BOT_2380_INT;2424,823914;7;ESPERANZA
28-06-2023;PA3;C08;CAT 797 B;Lastre Sulfurado;ESP/F07/2104/715;FASE 7;BOT_2380_INT;3810,444031;11;ESPERANZA
28-06-2023;PA3;C09;CAT 797 B;Lastre Sulfurado;ESP/F07/2104/715;FASE 7;BOT_2380_INT;1732,017944;5;ESPERANZA
28-06-2023;PA3;C10;CAT 797 B;Lastre Sulfurado;ESP/F07/2104/715;FASE 7;BOT_2380_INT;1385,615967;4;ESPERANZA
28-06-2023;PA3;C11;CAT 797 B;Lastre Sulfurado;ESP/F07/2104/715;FASE 7;BOT_2380_INT;1039,211975;3;ESPERANZA
28-06-2023;PA3;C12;CAT 797 B;Lastre Sulfurado;ESP/F07/2104/715;FASE 7;BOT_2380_INT;3464,035889;10;ESPERANZA
28-06-2023;PA3;C122;CAT 793 C;Lastre Sulfurado;ESP/F07/2104/715;FASE 7;BOT_2380_INT;865,7450256;4;ESPERANZA
28-06-2023;PA3;C123;CAT 793 C;Lastre Sulfurado;ESP/F07/2104/715;FASE 7;BOT_2380_INT;216,4360046;1;ESPERANZA
28-06-2023;PA3;C123;CAT 793 C;Lastre Sulfurado;ESP/F07/2104/715;FASE 7;BOT_MIJO;216,4360046;1;ESPERANZA
28-06-2023;PA3;C129;CAT 793 C;Lastre Sulfurado;ESP/F07/2104/715;FASE 7;BOT_2380_INT;432,8720093;2;ESPERANZA
28-06-2023;PA3;C13;CAT 797 B;Lastre Sulfurado;ESP/F07/2104/715;FASE 7;BOT_2380_INT;2078,427979;6;ESPERANZA
28-06-2023;PA3;C130;CAT 793 C;Lastre Sulfurado;ESP/F07/2104/715;FASE 7;BOT_2380_INT;216,4360046;1;ESPERANZA
28-06-2023;PA3;C131;CAT 793 C;Lastre Sulfurado;ESP/F07/2104/715;FASE 7;BOT_2380_INT;432,8729858;2;ESPERANZA
28-06-2023;PA3;C14;CAT 797 B;Lastre Sulfurado;ESP/F07/2104/715;FASE 7;BOT_2380_INT;1732,023987;5;ESPERANZA
28-06-2023;PA3;C15;CAT 797 B;Lastre Sulfurado;ESP/F07/2104/715;FASE 7;BOT_2380_INT;2078,419922;6;ESPERANZA
28-06-2023;PA3;C156;CAT 793 F;Lastre Sulfurado;ESP/F07/2104/715;FASE 7;BOT_2380_INT;216,4360046;1;ESPERANZA
28-06-2023;PA3;C16;CAT 797 B;Lastre Sulfurado;ESP/F07/2104/715;FASE 7;BOT_2380_INT;2078,419922;6;ESPERANZA
28-06-2023;PA3;C160;CAT 793 F;Lastre Sulfurado;ESP/F07/2104/715;FASE 7;BOT_2380_INT;865,7459717;4;ESPERANZA
28-06-2023;PA3;C17;CAT 797 F;Lastre Sulfurado;ESP/F07/2104/715;FASE 7;BOT_2380_INT;1732,017944;5;ESPERANZA
28-06-2023;PA3;C18;CAT 797 F;Lastre Sulfurado;ESP/F07/2104/715;FASE 7;BOT_2380_INT;2771,235962;8;ESPERANZA
28-06-2023;PA3;C19;CAT 797 F;Lastre Sulfurado;ESP/F07/2104/715;FASE 7;BOT_2380_INT;2424,829956;7;ESPERANZA
28-06-2023;PA3;C20;CAT 797 F;Lastre Sulfurado;ESP/F07/2104/715;FASE 7;BOT_2380_INT;3810,441956;11;ESPERANZA
28-06-2023;PA3;C21;CAT 797 F;Lastre Sulfurado;ESP/F07/2104/715;FASE 7;BOT_2380_INT;2424,823914;7;ESPERANZA
28-06-2023;PA3;C22;CAT 797 F;Lastre Sulfurado;ESP/F07/2104/715;FASE 7;BOT_2380_INT;692,8079834;2;ESPERANZA
28-06-2023;PA3;C23;CAT 797 F;Lastre Sulfurado;ESP/F07/2104/715;FASE 7;BOT_2380_INT;2424,828003;7;ESPERANZA
28-06-2023;PA3;C24;CAT 797 F;Lastre Sulfurado;ESP/F07/2104/715;FASE 7;BOT_2380_INT;1385,619995;4;ESPERANZA
28-06-2023;PA3;C25;CAT 797 F;Lastre Sulfurado;ESP/F07/2104/715;FASE 7;BOT_2380_INT;1732,019958;5;ESPERANZA
28-06-2023;PA3;C32;CAT 797 F;Lastre Sulfurado;ESP/F07/2104/715;FASE 7;BOT_2380_INT;3810,444031;11;ESPERANZA
28-06-2023;PA3;C34;CAT 797 F;Lastre Sulfurado;ESP/F07/2104/715;FASE 7;BOT_2380_INT;2078,427979;6;ESPERANZA
28-06-2023;PA3;C36;CAT 797 F;Lastre Sulfurado;ESP/F07/2104/715;FASE 7;BOT_2380_INT;1732,02002;5;ESPERANZA
28-06-2023;PA3;C39;CAT 797 F;Lastre Sulfurado;ESP/F07/2104/715;FASE 7;BOT_2380_INT;4849,662048;14;ESPERANZA
28-06-2023;PA3;C40;CAT 797 F;Lastre Sulfurado;ESP/F07/2104/715;FASE 7;BOT_2380_INT;1732,023987;5;ESPERANZA
28-06-2023;PA3;C41;CAT 797 F;Lastre Sulfurado;ESP/F07/2104/715;FASE 7;BOT_2380_INT;692,8079834;2;ESPERANZA
28-06-2023;PA3;C42;CAT 797 F;Lastre Sulfurado;ESP/F07/2104/715;FASE 7;BOT_2380_INT;3117,637939;9;ESPERANZA
28-06-2023;PA3;C42;CAT 797 F;Lastre Sulfurado;ESP/F07/2104/715;FASE 7;BOT_MIJO;346,4039917;1;ESPERANZA
28-06-2023;PA3;C43;CAT 797 F;Lastre Sulfurado;ESP/F07/2104/715;FASE 7;BOT_2380_INT;1732,017944;5;ESPERANZA
28-06-2023;PA3;C44;CAT 797 F;Lastre Sulfurado;ESP/F07/2104/715;FASE 7;BOT_2380_INT;2078,419922;6;ESPERANZA
28-06-2023;PA3;C45;CAT 797 F;Lastre Sulfurado;ESP/F07/2104/715;FASE 7;BOT_2380_INT;4156,8479;12;ESPERANZA
28-06-2023;PA3;C46;CAT 797 F;Lastre Sulfurado;ESP/F07/2104/715;FASE 7;BOT_2380_INT;3810,446045;11;ESPERANZA
28-06-2023;PA3;C47;CAT 797 F;Lastre Sulfurado;ESP/F07/2104/715;FASE 7;BOT_2380_INT;2424,828003;7;ESPERANZA
28-06-2023;PA3;C48;CAT 797 F;Lastre Sulfurado;ESP/F07/2104/715;FASE 7;BOT_2380_INT;2424,829956;7;ESPERANZA
28-06-2023;PA3;C60;KOM 930 E;Lastre Sulfurado;ESP/F07/2104/715;FASE 7;BOT_2380_INT;291;1;ESPERANZA
28-06-2023;PA6;C11;CAT 797 B;Lastre Sulfurado;ESP/F10/2244/103;FASE 10;BOT_MIJO;1732,023987;5;ESPERANZA
28-06-2023;PA6;C121;CAT 793 C;Lastre Sulfurado;ESP/F10/2244/103;FASE 10;BOT_MIJO;1082,182007;5;ESPERANZA
28-06-2023;PA6;C123;CAT 793 C;Lastre Sulfurado;ESP/F10/2244/103;FASE 10;BOT_MIJO;649,3089905;3;ESPERANZA
28-06-2023;PA6;C125;CAT 793 C;Lastre Sulfurado;ESP/F10/2244/103;FASE 10;BOT_MIJO;1515,054962;7;ESPERANZA
28-06-2023;PA6;C128;CAT 793 C;Lastre Sulfurado;ESP/F10/2244/103;FASE 10;BOT_MIJO;1515,05304;7;ESPERANZA
28-06-2023;PA6;C130;CAT 793 C;Lastre Sulfurado;ESP/F10/2244/103;FASE 10;BOT_MIJO;1082,181976;5;ESPERANZA
28-06-2023;PA6;C132;CAT 793 C;Lastre Sulfurado;ESP/F10/2244/103;FASE 10;BOT_MIJO;649,3089905;3;ESPERANZA
28-06-2023;PA6;C134;CAT 793 C;Lastre Sulfurado;ESP/F10/2244/103;FASE 10;BOT_MIJO;1082,180054;5;ESPERANZA
28-06-2023;PA6;C135;CAT 793 C;Lastre Sulfurado;ESP/F10/2244/103;FASE 10;BOT_MIJO;1298,619995;6;ESPERANZA
28-06-2023;PA6;C151;CAT 793 F;Lastre Sulfurado;ESP/F10/2244/103;FASE 10;BOT_MIJO;865,7459717;4;ESPERANZA
28-06-2023;PA6;C155;CAT 793 F;Lastre Sulfurado;ESP/F10/2244/103;FASE 10;BOT_MIJO;1082,182007;5;ESPERANZA
28-06-2023;PA6;C159;CAT 793 F;Lastre Sulfurado;ESP/F10/2244/103;FASE 10;BOT_MIJO;865,7459717;4;ESPERANZA
28-06-2023;PA6;C160;CAT 793 F;Lastre Sulfurado;ESP/F10/2244/103;FASE 10;BOT_MIJO;216,4360046;1;ESPERANZA
28-06-2023;PA6;C161;CAT 793 F;Lastre Sulfurado;ESP/F10/2244/103;FASE 10;BOT_MIJO;216,4360046;1;ESPERANZA
28-06-2023;PA6;C162;CAT 793 F;Lastre Sulfurado;ESP/F10/2244/103;FASE 10;BOT_MIJO;649,309021;3;ESPERANZA
28-06-2023;PA6;C163;CAT 793 F;Lastre Sulfurado;ESP/F10/2244/103;FASE 10;BOT_MIJO;1082,182007;5;ESPERANZA
28-06-2023;PA6;C164;CAT 793 F;Lastre Sulfurado;ESP/F10/2244/103;FASE 10;BOT_MIJO;649,309021;3;ESPERANZA
28-06-2023;PA6;C19;CAT 797 F;Lastre Sulfurado;ESP/F10/2244/103;FASE 10;BOT_MIJO;346,4039917;1;ESPERANZA
28-06-2023;PA6;C22;CAT 797 F;Lastre Sulfurado;ESP/F10/2244/103;FASE 10;BOT_MIJO;346,4039917;1;ESPERANZA
28-06-2023;PA6;C23;CAT 797 F;Lastre Sulfurado;ESP/F10/2244/103;FASE 10;BOT_MIJO;1039,211975;3;ESPERANZA
28-06-2023;PA6;C40;CAT 797 F;Lastre Sulfurado;ESP/F10/2244/103;FASE 10;BOT_MIJO;346,4039917;1;ESPERANZA
28-06-2023;PA6;C50;KOM 930 E;Lastre Sulfurado;ESP/F10/2244/103;FASE 10;BOT_MIJO;582;2;ESPERANZA
28-06-2023;PA6;C51;KOM 930 E;Lastre Sulfurado;ESP/F10/2244/103;FASE 10;BOT_MIJO;291;1;ESPERANZA
28-06-2023;PA6;C52;KOM 930 E;Lastre Sulfurado;ESP/F10/2244/103;FASE 10;BOT_MIJO;291;1;ESPERANZA
28-06-2023;PA6;C53;KOM 930 E;Lastre Sulfurado;ESP/F10/2244/103;FASE 10;BOT_MIJO;291;1;ESPERANZA
28-06-2023;PA6;C55;KOM 930 E;Lastre Sulfurado;ESP/F10/2244/103;FASE 10;BOT_MIJO;291;1;ESPERANZA
28-06-2023;PA6;C56;KOM 930 E;Lastre Sulfurado;ESP/F10/2244/103;FASE 10;BOT_MIJO;873;3;ESPERANZA
28-06-2023;PA6;C57;KOM 930 E;Lastre Sulfurado;ESP/F10/2244/103;FASE 10;BOT_MIJO;291;1;ESPERANZA
28-06-2023;PA6;C60;KOM 930 E;Lastre Sulfurado;ESP/F10/2244/103;FASE 10;BOT_MIJO;291;1;ESPERANZA
28-06-2023;PA7;C07;CAT 797 B;Lastre Oxidado;ESP/F07/2104/7090;FASE 7;BOT_2380_INT;3117,631897;9;ESPERANZA
28-06-2023;PA7;C08;CAT 797 B;Lastre Oxidado;ESP/F07/2104/7090;FASE 7;BOT_2380_INT;2771,227905;8;ESPERANZA
28-06-2023;PA7;C09;CAT 797 B;Lastre Oxidado;ESP/F07/2104/7090;FASE 7;BOT_2380_INT;1039,209961;3;ESPERANZA
28-06-2023;PA7;C10;CAT 797 B;Lastre Oxidado;ESP/F07/2104/7090;FASE 7;BOT_2380_INT;2078,421936;6;ESPERANZA
28-06-2023;PA7;C11;CAT 797 B;Lastre Oxidado;ESP/F07/2104/7090;FASE 7;BOT_2380_INT;3117,638062;9;ESPERANZA
28-06-2023;PA7;C12;CAT 797 B;Lastre Oxidado;ESP/F07/2104/7090;FASE 7;BOT_2380_INT;2078,419922;6;ESPERANZA
28-06-2023;PA7;C122;CAT 793 C;Lastre Oxidado;ESP/F07/2104/7090;FASE 7;BOT_2380_INT;649,309021;3;ESPERANZA
28-06-2023;PA7;C123;CAT 793 C;Lastre Oxidado;ESP/F07/2104/7090;FASE 7;BOT_2380_INT;216,4360046;1;ESPERANZA
28-06-2023;PA7;C129;CAT 793 C;Lastre Oxidado;ESP/F07/2104/7090;FASE 7;BOT_2380_INT;649,309021;3;ESPERANZA
28-06-2023;PA7;C13;CAT 797 B;Lastre Oxidado;ESP/F07/2104/7090;FASE 7;BOT_2380_INT;3464,039917;10;ESPERANZA
28-06-2023;PA7;C131;CAT 793 C;Lastre Oxidado;ESP/F07/2104/7090;FASE 7;BOT_2380_INT;432,8729858;2;ESPERANZA
28-06-2023;PA7;C14;CAT 797 B;Lastre Oxidado;ESP/F07/2104/7090;FASE 7;BOT_2380_INT;1732,017944;5;ESPERANZA
28-06-2023;PA7;C15;CAT 797 B;Lastre Oxidado;ESP/F07/2104/7090;FASE 7;BOT_2380_INT;2771,22998;8;ESPERANZA
28-06-2023;PA7;C154;CAT 793 F;Lastre Oxidado;ESP/F07/2104/7090;FASE 7;BOT_2380_INT;216,4360046;1;ESPERANZA
28-06-2023;PA7;C156;CAT 793 F;Lastre Oxidado;ESP/F07/2104/7090;FASE 7;BOT_2380_INT;216,4360046;1;ESPERANZA
28-06-2023;PA7;C16;CAT 797 B;Lastre Oxidado;ESP/F07/2104/7090;FASE 7;BOT_2380_INT;1732,02002;5;ESPERANZA
28-06-2023;PA7;C163;CAT 793 F;Lastre Oxidado;ESP/F07/2104/7090;FASE 7;BOT_2380_INT;216,4360046;1;ESPERANZA
28-06-2023;PA7;C18;CAT 797 F;Lastre Oxidado;ESP/F07/2104/7090;FASE 7;BOT_2380_INT;3810,443909;11;ESPERANZA
28-06-2023;PA7;C19;CAT 797 F;Lastre Oxidado;ESP/F07/2104/7090;FASE 7;BOT_2380_INT;1385,613953;4;ESPERANZA
28-06-2023;PA7;C20;CAT 797 F;Lastre Oxidado;ESP/F07/2104/7090;FASE 7;BOT_2380_INT;2424,828003;7;ESPERANZA
28-06-2023;PA7;C21;CAT 797 F;Lastre Oxidado;ESP/F07/2104/7090;FASE 7;BOT_2380_INT;1039,209961;3;ESPERANZA
28-06-2023;PA7;C22;CAT 797 F;Lastre Oxidado;ESP/F07/2104/7090;FASE 7;BOT_2380_INT;346,4039917;1;ESPERANZA
28-06-2023;PA7;C23;CAT 797 F;Lastre Oxidado;ESP/F07/2104/7090;FASE 7;BOT_2380_INT;1039,211975;3;ESPERANZA
28-06-2023;PA7;C24;CAT 797 F;Lastre Oxidado;ESP/F07/2104/7090;FASE 7;BOT_2380_INT;1039,209961;3;ESPERANZA
28-06-2023;PA7;C25;CAT 797 F;Lastre Oxidado;ESP/F07/2104/7090;FASE 7;BOT_2380_INT;346,4039917;1;ESPERANZA
28-06-2023;PA7;C32;CAT 797 F;Lastre Oxidado;ESP/F07/2104/7090;FASE 7;BOT_2380_INT;1039,211975;3;ESPERANZA
28-06-2023;PA7;C34;CAT 797 F;Lastre Oxidado;ESP/F07/2104/7090;FASE 7;BOT_2380_INT;3464,037903;10;ESPERANZA
28-06-2023;PA7;C36;CAT 797 F;Lastre Oxidado;ESP/F07/2104/7090;FASE 7;BOT_2380_INT;1039,209961;3;ESPERANZA
28-06-2023;PA7;C38;CAT 797 F;Lastre Oxidado;ESP/F07/2104/7090;FASE 7;BOT_2380_INT;1039,209961;3;ESPERANZA
28-06-2023;PA7;C39;CAT 797 F;Lastre Oxidado;ESP/F07/2104/7090;FASE 7;BOT_2380_INT;4156,8479;12;ESPERANZA
28-06-2023;PA7;C40;CAT 797 F;Lastre Oxidado;ESP/F07/2104/7090;FASE 7;BOT_2380_INT;1039,211975;3;ESPERANZA
28-06-2023;PA7;C41;CAT 797 F;Lastre Oxidado;ESP/F07/2104/7090;FASE 7;BOT_2380_INT;692,8079834;2;ESPERANZA
28-06-2023;PA7;C42;CAT 797 F;Lastre Oxidado;ESP/F07/2104/7090;FASE 7;BOT_2380_INT;2771,231995;8;ESPERANZA
28-06-2023;PA7;C43;CAT 797 F;Lastre Oxidado;ESP/F07/2104/7090;FASE 7;BOT_2380_INT;3464,039917;10;ESPERANZA
28-06-2023;PA7;C44;CAT 797 F;Lastre Oxidado;ESP/F07/2104/7090;FASE 7;BOT_2380_INT;3464,035889;10;ESPERANZA
28-06-2023;PA7;C45;CAT 797 F;Lastre Oxidado;ESP/F07/2104/7090;FASE 7;BOT_2380_INT;2771,227905;8;ESPERANZA
28-06-2023;PA7;C46;CAT 797 F;Lastre Oxidado;ESP/F07/2104/7090;FASE 7;BOT_2380_INT;2771,233948;8;ESPERANZA
28-06-2023;PA7;C47;CAT 797 F;Lastre Oxidado;ESP/F07/2104/7090;FASE 7;BOT_2380_INT;2771,23999;8;ESPERANZA
28-06-2023;PA7;C48;CAT 797 F;Lastre Oxidado;ESP/F07/2104/7090;FASE 7;BOT_2380_INT;3810,450073;11;ESPERANZA
28-06-2023;PA7;C60;KOM 930 E;Lastre Oxidado;ESP/F07/2104/7090;FASE 7;BOT_2380_INT;291;1;ESPERANZA
28-06-2023;PA7;C61;KOM 930 E;Lastre Oxidado;ESP/F07/2104/7090;FASE 7;BOT_2380_INT;291;1;ESPERANZA
28-06-2023;PA9;C07;CAT 797 B;Lastre Oxidado;ESP/F07/2104/7090;FASE 7;BOT_2380_INT;1039,211975;3;ESPERANZA
28-06-2023;PA9;C08;CAT 797 B;Lastre Oxidado;ESP/F07/2104/7090;FASE 7;BOT_2380_INT;1039,211975;3;ESPERANZA
28-06-2023;PA9;C09;CAT 797 B;Lastre Oxidado;ESP/F07/2104/7090;FASE 7;BOT_2380_INT;692,8079834;2;ESPERANZA
28-06-2023;PA9;C10;CAT 797 B;Lastre Oxidado;ESP/F07/2104/7090;FASE 7;BOT_2380_INT;692,8079834;2;ESPERANZA
28-06-2023;PA9;C11;CAT 797 B;Lastre Oxidado;ESP/F07/2104/7090;FASE 7;BOT_2380_INT;692,8079834;2;ESPERANZA
28-06-2023;PA9;C12;CAT 797 B;Lastre Oxidado;ESP/F07/2104/7090;FASE 7;BOT_2380_INT;1039,211975;3;ESPERANZA
28-06-2023;PA9;C13;CAT 797 B;Lastre Oxidado;ESP/F07/2104/7090;FASE 7;BOT_2380_INT;692,8079834;2;ESPERANZA
28-06-2023;PA9;C131;CAT 793 C;Lastre Oxidado;ESP/F07/2104/7090;FASE 7;BOT_2380_INT;649,3089905;3;ESPERANZA
28-06-2023;PA9;C14;CAT 797 B;Lastre Oxidado;ESP/F07/2104/7090;FASE 7;BOT_2380_INT;692,8079834;2;ESPERANZA
28-06-2023;PA9;C14;CAT 797 B;Lastre Sulfurado;ESP/F07/2104/701;FASE 7;BOT_2380_INT;346,4039917;1;ESPERANZA
28-06-2023;PA9;C154;CAT 793 F;Lastre Oxidado;ESP/F07/2104/7090;FASE 7;BOT_2380_INT;216,4360046;1;ESPERANZA
28-06-2023;PA9;C156;CAT 793 F;Lastre Oxidado;ESP/F07/2104/7090;FASE 7;BOT_2380_INT;865,7459717;4;ESPERANZA
28-06-2023;PA9;C159;CAT 793 F;Lastre Oxidado;ESP/F07/2104/7090;FASE 7;BOT_2380_INT;216,4360046;1;ESPERANZA
28-06-2023;PA9;C16;CAT 797 B;Lastre Oxidado;ESP/F07/2104/7090;FASE 7;BOT_2380_INT;1039,209961;3;ESPERANZA
28-06-2023;PA9;C163;CAT 793 F;Lastre Oxidado;ESP/F07/2104/7090;FASE 7;BOT_2380_INT;216,4360046;1;ESPERANZA
28-06-2023;PA9;C18;CAT 797 F;Lastre Oxidado;ESP/F07/2104/7090;FASE 7;BOT_2380_INT;2078,421936;6;ESPERANZA
28-06-2023;PA9;C19;CAT 797 F;Lastre Oxidado;ESP/F07/2104/7090;FASE 7;BOT_2380_INT;692,8079834;2;ESPERANZA
28-06-2023;PA9;C20;CAT 797 F;Lastre Oxidado;ESP/F07/2104/7090;FASE 7;BOT_2380_INT;1039,211975;3;ESPERANZA
28-06-2023;PA9;C21;CAT 797 F;Lastre Oxidado;ESP/F07/2104/7090;FASE 7;BOT_2380_INT;1039,209961;3;ESPERANZA
28-06-2023;PA9;C22;CAT 797 F;Lastre Oxidado;ESP/F07/2104/7090;FASE 7;BOT_2380_INT;692,8079834;2;ESPERANZA
28-06-2023;PA9;C23;CAT 797 F;Lastre Oxidado;ESP/F07/2104/7090;FASE 7;BOT_2380_INT;1732,019958;5;ESPERANZA
28-06-2023;PA9;C24;CAT 797 F;Lastre Oxidado;ESP/F07/2104/7090;FASE 7;BOT_2380_INT;346,4039917;1;ESPERANZA
28-06-2023;PA9;C25;CAT 797 F;Lastre Oxidado;ESP/F07/2104/7090;FASE 7;BOT_2380_INT;346,4039917;1;ESPERANZA
28-06-2023;PA9;C32;CAT 797 F;Lastre Oxidado;ESP/F07/2104/7090;FASE 7;BOT_2380_INT;1039,209961;3;ESPERANZA
28-06-2023;PA9;C34;CAT 797 F;Lastre Oxidado;ESP/F07/2104/7090;FASE 7;BOT_2380_INT;346,4039917;1;ESPERANZA
28-06-2023;PA9;C36;CAT 797 F;Lastre Oxidado;ESP/F07/2104/7090;FASE 7;BOT_2380_INT;346,4039917;1;ESPERANZA
28-06-2023;PA9;C39;CAT 797 F;Lastre Oxidado;ESP/F07/2104/7090;FASE 7;BOT_2380_INT;692,8079834;2;ESPERANZA
28-06-2023;PA9;C40;CAT 797 F;Lastre Oxidado;ESP/F07/2104/7090;FASE 7;BOT_2380_INT;1039,211975;3;ESPERANZA
28-06-2023;PA9;C40;CAT 797 F;Lastre Sulfurado;ESP/F07/2104/701;FASE 7;BOT_2380_INT;346,4039917;1;ESPERANZA
28-06-2023;PA9;C42;CAT 797 F;Lastre Oxidado;ESP/F07/2104/7090;FASE 7;BOT_2380_INT;1039,211975;3;ESPERANZA
28-06-2023;PA9;C43;CAT 797 F;Lastre Oxidado;ESP/F07/2104/7090;FASE 7;BOT_2380_INT;346,4039917;1;ESPERANZA
28-06-2023;PA9;C44;CAT 797 F;Lastre Oxidado;ESP/F07/2104/7090;FASE 7;BOT_2380_INT;346,4039917;1;ESPERANZA
28-06-2023;PA9;C45;CAT 797 F;Lastre Oxidado;ESP/F07/2104/7090;FASE 7;BOT_2380_INT;1039,211975;3;ESPERANZA
28-06-2023;PA9;C46;CAT 797 F;Lastre Oxidado;ESP/F07/2104/7090;FASE 7;BOT_2380_INT;1039,211975;3;ESPERANZA
28-06-2023;PA9;C47;CAT 797 F;Lastre Oxidado;ESP/F07/2104/7090;FASE 7;BOT_2380_INT;346,4039917;1;ESPERANZA
28-06-2023;PA9;C47;CAT 797 F;Lastre Oxidado;ESP/F07/2104/7090;FASE 7;BOT_MIJO;346,4039917;1;ESPERANZA
28-06-2023;PA9;C48;CAT 797 F;Lastre Oxidado;ESP/F07/2104/7090;FASE 7;BOT_2380_INT;692,8079834;2;ESPERANZA
28-06-2023;PAESPS;C980AHSESPS;Kom 980 AHS;Lastre Oxidado;ESS/F03/2216/3170;F03 ESPSUR;BOTADERO_2021;2160;6;ESPERANZA_SUR
28-06-2023;PATH01;C701;LIEBHERR 264 ;LASTRE (LAS);LLA/F01/2295/110;F01 LLA;BOT_TSS;5694;26;LLANO
28-06-2023;PATH01;C701;LIEBHERR 264 ;LASTRE (LAS);LLA/F01/2295/114;F01 LLA;BOT_TSS;33507;153;LLANO
28-06-2023;PATH01;C701;LIEBHERR 264 ;LASTRE (LAS);LLA/F02/2302.5/215;F02 LLA;BOT_TSS;15549;71;LLANO
28-06-2023;PATH01;C702;LIEBHERR 264 ;LASTRE (LAS);LLA/F01/2295/113;F01 LLA;BOT_TSS;6132;28;LLANO
28-06-2023;PATH01;C702;LIEBHERR 264 ;LASTRE (LAS);LLA/F02/2302.5/2090;F02 LLA;BOT_TSS;219;1;LLANO
28-06-2023;PATH01;C702;LIEBHERR 264 ;LASTRE (LAS);LLA/F02/2302.5/2091;F02 LLA;BOT_TSS;1095;5;LLANO
28-06-2023;PATH01;C702;LIEBHERR 264 ;LASTRE (LAS);LLA/F02/2302.5/213;F02 LLA;BOT_TSS;1095;5;LLANO
28-06-2023;PATH01;C702;LIEBHERR 264 ;LASTRE (LAS);LLA/F02/2302.5/215;F02 LLA;BOT_TSS;10731;49;LLANO
28-06-2023;PATH01;C793OXE;CAT 793 OXE;OXIDO MARGINAL (OXMAR);OXE/F04/2144/417;FASE 04 ENC;STOCK _MARGINAL_ESTE;660;3;ENCUENTRO
28-06-2023;PATH01;C930OXE;KOM 930OXE;L21;04_2376_455;FASE 04 ENC;BOT.2420;124120;428;ENCUENTRO
28-06-2023;PATH01;C930OXE;KOM 930OXE;Oxido Baja Ley;OXE/F04/2136/416;FASE 04 ENC;MOD E;25230;87;ENCUENTRO
28-06-2023;PATH01;C930OXE;KOM 930OXE;Oxido Baja Ley;OXE/F04/2136/416;FASE 04 ENC;MOD F;3190;11;ENCUENTRO
28-06-2023;PATH01;C930OXE;KOM 930OXE;Oxido Baja Ley;OXE/F04/2136/416;FASE 04 ENC;STOCK_ INCHANCABLE;580;2;ENCUENTRO